"channel","beat","sample","rr_pre_ms","rr_post_ms","prematurity","compensatory","morph_corr","is_pvc"
1,1,58,NA,816.6666666667,NA,NA,0.6116333149,FALSE
1,2,352,816.6666666667,1038.8888888889,0.8776119403,0.9970149254,0.9909311639,FALSE
1,3,726,1038.8888888889,1002.7777777778,1.1164179104,1.0970149254,0.9899248432,FALSE
1,4,1087,1002.7777777778,1005.5555555556,1.0776119403,1.0791044776,0.9906666554,FALSE
1,5,1449,1005.5555555556,1061.1111111111,1.0805970149,1.1104477612,0.9921628187,FALSE
1,6,1831,1061.1111111111,1022.2222222222,1.1402985075,1.1194029851,0.979804747,FALSE
1,7,2199,1022.2222222222,1036.1111111111,1.0985074627,1.1059701493,0.9924669278,FALSE
1,8,2572,1036.1111111111,966.6666666667,1.1134328358,1.076119403,0.9910091498,FALSE
1,9,2920,966.6666666667,875,1.0388059701,0.9895522388,0.9878761567,FALSE
1,10,3235,875,936.1111111111,0.9402985075,0.9731343284,0.9932848013,FALSE
1,11,3572,936.1111111111,1000,1.0059701493,1.0402985075,0.9939013085,FALSE
1,12,3932,1000,975,1.0746268657,1.0611940299,0.9974402167,FALSE
1,13,4283,975,919.4444444444,1.047761194,1.0179104478,0.9945136756,FALSE
1,14,4614,919.4444444444,927.7777777778,0.9880597015,0.9925373134,0.9872163788,FALSE
1,15,4948,927.7777777778,855.5555555556,0.9970149254,0.9582089552,0.9825178494,FALSE
1,16,5256,855.5555555556,841.6666666667,0.9194029851,0.9119402985,0.9952603945,FALSE
1,17,5559,841.6666666667,847.2222222222,0.9044776119,0.9074626866,0.9894994155,FALSE
1,18,5864,847.2222222222,866.6666666667,0.9104477612,0.9208955224,0.9957360564,FALSE
1,19,6176,866.6666666667,825,0.9313432836,0.9089552239,0.9855174945,FALSE
1,20,6473,825,791.6666666667,0.8865671642,0.8686567164,0.9939856011,FALSE
1,21,6758,791.6666666667,800,0.8507462687,0.8552238806,0.9959659554,FALSE
1,22,7046,800,808.3333333333,0.8597014925,0.8641791045,0.9923943035,FALSE
1,23,7337,808.3333333333,775,0.8686567164,0.8507462687,0.9877792807,FALSE
1,24,7616,775,783.3333333333,0.8328358209,0.8373134328,0.9734207468,FALSE
1,25,7898,783.3333333333,794.4444444444,0.8417910448,0.847761194,0.9912320474,FALSE
1,26,8184,794.4444444444,811.1111111111,0.8537313433,0.8626865672,0.9851784052,FALSE
1,27,8476,811.1111111111,786.1111111111,0.871641791,0.8582089552,0.9789586406,FALSE
1,28,8759,786.1111111111,741.6666666667,0.8447761194,0.8208955224,0.989440225,FALSE
1,29,9026,741.6666666667,686.1111111111,0.7970149254,0.7671641791,0.9922774659,FALSE
1,30,9273,686.1111111111,680.5555555556,0.7373134328,0.7343283582,0.9801478523,FALSE
1,31,9518,680.5555555556,700,0.7313432836,0.7417910448,0.9803621001,FALSE
1,32,9770,700,750,0.752238806,0.7791044776,0.9880421066,FALSE
1,33,10040,750,766.6666666667,0.8059701493,0.8149253731,0.9938123677,FALSE
1,34,10316,766.6666666667,744.4444444444,0.823880597,0.8119402985,0.9959934886,FALSE
1,35,10584,744.4444444444,838.8888888889,0.8,0.8507462687,0.9968504754,FALSE
1,36,10886,838.8888888889,1000,0.9014925373,0.9880597015,0.996524175,FALSE
1,37,11246,1000,955.5555555556,1.0746268657,1.0507462687,0.9958686323,FALSE
1,38,11590,955.5555555556,961.1111111111,1.0268656716,1.0298507463,0.9968555922,FALSE
1,39,11936,961.1111111111,977.7777777778,1.0328358209,1.0417910448,0.9955718647,FALSE
1,40,12288,977.7777777778,1008.3333333333,1.0507462687,1.0671641791,0.9983659145,FALSE
1,41,12651,1008.3333333333,975,1.0835820896,1.0656716418,0.9879261065,FALSE
1,42,13002,975,883.3333333333,1.047761194,0.9985074627,0.9772693338,FALSE
1,43,13320,883.3333333333,827.7777777778,0.9492537313,0.9194029851,0.9864440491,FALSE
1,44,13618,827.7777777778,836.1111111111,0.8895522388,0.8940298507,0.995111573,FALSE
1,45,13919,836.1111111111,861.1111111111,0.8985074627,0.9119402985,0.9945481353,FALSE
1,46,14229,861.1111111111,936.1111111111,0.9253731343,0.9656716418,0.9889593377,FALSE
1,47,14566,936.1111111111,938.8888888889,1.0059701493,1.0074626866,0.9838384583,FALSE
1,48,14904,938.8888888889,911.1111111111,1.0089552239,0.9940298507,0.9940985218,FALSE
1,49,15232,911.1111111111,916.6666666667,0.9791044776,0.9820895522,0.9959624712,FALSE
1,50,15562,916.6666666667,941.6666666667,0.9850746269,0.9985074627,0.9861366099,FALSE
1,51,15901,941.6666666667,958.3333333333,1.0119402985,1.0208955224,0.9940498736,FALSE
1,52,16246,958.3333333333,1000,1.0298507463,1.052238806,0.9950635144,FALSE
1,53,16606,1000,1091.6666666667,1.0746268657,1.123880597,0.9812504385,FALSE
1,54,16999,1091.6666666667,991.6666666667,1.1731343284,1.1194029851,0.9897970142,FALSE
1,55,17356,991.6666666667,961.1111111111,1.0656716418,1.0492537313,0.98397256,FALSE
1,56,17702,961.1111111111,902.7777777778,1.0328358209,1.0014925373,0.9960124007,FALSE
1,57,18027,902.7777777778,852.7777777778,0.9701492537,0.9432835821,0.995297156,FALSE
1,58,18334,852.7777777778,863.8888888889,0.9164179104,0.9223880597,0.9857909578,FALSE
1,59,18645,863.8888888889,888.8888888889,0.928358209,0.9417910448,0.9895440276,FALSE
1,60,18965,888.8888888889,863.8888888889,0.9552238806,0.9417910448,0.9821770742,FALSE
1,61,19276,863.8888888889,844.4444444444,0.928358209,0.9179104478,0.9874796738,FALSE
1,62,19580,844.4444444444,805.5555555556,0.9074626866,0.8865671642,0.9916294994,FALSE
1,63,19870,805.5555555556,741.6666666667,0.8656716418,0.8313432836,0.9948149654,FALSE
1,64,20137,741.6666666667,750,0.7970149254,0.8014925373,0.9841817243,FALSE
1,65,20407,750,791.6666666667,0.8059701493,0.828358209,0.9871623683,FALSE
1,66,20692,791.6666666667,825,0.8507462687,0.8686567164,0.9830930675,FALSE
1,67,20989,825,863.8888888889,0.8865671642,0.9074626866,0.969099604,FALSE
1,68,21300,863.8888888889,936.1111111111,0.928358209,0.9671641791,0.965324308,FALSE
1,69,21637,936.1111111111,1033.3333333333,1.0059701493,1.0582089552,0.956430357,FALSE
1,70,22009,1033.3333333333,988.8888888889,1.1104477612,1.0865671642,0.9877801212,FALSE
1,71,22365,988.8888888889,905.5555555556,1.0626865672,1.0179104478,0.9893850869,FALSE
1,72,22691,905.5555555556,905.5555555556,0.9731343284,0.9731343284,0.988001247,FALSE
1,73,23017,905.5555555556,966.6666666667,0.9731343284,1.0059701493,0.9860963818,FALSE
1,74,23365,966.6666666667,986.1111111111,1.0388059701,1.0492537313,0.987735756,FALSE
1,75,23720,986.1111111111,913.8888888889,1.0597014925,1.0208955224,0.9908024631,FALSE
1,76,24049,913.8888888889,872.2222222222,0.9820895522,0.9597014925,0.9935282671,FALSE
1,77,24363,872.2222222222,894.4444444444,0.9373134328,0.9492537313,0.9977682648,FALSE
1,78,24685,894.4444444444,905.5555555556,0.9611940299,0.9671641791,0.9963792024,FALSE
1,79,25011,905.5555555556,911.1111111111,0.9731343284,0.976119403,0.998019314,FALSE
1,80,25339,911.1111111111,994.4444444444,0.9791044776,1.023880597,0.9951959491,FALSE
1,81,25697,994.4444444444,1033.3333333333,1.0686567164,1.0895522388,0.9706926781,FALSE
1,82,26069,1033.3333333333,1016.6666666667,1.1104477612,1.1014925373,0.9863858977,FALSE
1,83,26435,1016.6666666667,980.5555555556,1.0925373134,1.0731343284,0.9984905332,FALSE
1,84,26788,980.5555555556,975,1.0537313433,1.0507462687,0.9960570284,FALSE
1,85,27139,975,925,1.047761194,1.0208955224,0.9975378353,FALSE
1,86,27472,925,941.6666666667,0.9940298507,1.0029850746,0.9963729037,FALSE
1,87,27811,941.6666666667,975,1.0119402985,1.0298507463,0.994363098,FALSE
1,88,28162,975,941.6666666667,1.047761194,1.0298507463,0.9948965473,FALSE
1,89,28501,941.6666666667,836.1111111111,1.0119402985,0.9552238806,0.9903205195,FALSE
1,90,28802,836.1111111111,844.4444444444,0.8985074627,0.9029850746,0.9872584199,FALSE
1,91,29106,844.4444444444,841.6666666667,0.9074626866,0.9059701493,0.9837740354,FALSE
1,92,29409,841.6666666667,844.4444444444,0.9044776119,0.9059701493,0.9933090826,FALSE
1,93,29713,844.4444444444,866.6666666667,0.9074626866,0.9194029851,0.996109444,FALSE
1,94,30025,866.6666666667,861.1111111111,0.9313432836,0.928358209,0.9864329678,FALSE
1,95,30335,861.1111111111,822.2222222222,0.9253731343,0.9044776119,0.9981681624,FALSE
1,96,30631,822.2222222222,808.3333333333,0.8835820896,0.876119403,0.9895003048,FALSE
1,97,30922,808.3333333333,747.2222222222,0.8686567164,0.8358208955,0.9912555438,FALSE
1,98,31191,747.2222222222,755.5555555556,0.8029850746,0.8074626866,0.9857641007,FALSE
1,99,31463,755.5555555556,736.1111111111,0.8119402985,0.8014925373,0.9901875645,FALSE
1,100,31728,736.1111111111,797.2222222222,0.7910447761,0.823880597,0.9713870562,FALSE
1,101,32015,797.2222222222,894.4444444444,0.8567164179,0.9089552239,0.9936944466,FALSE
1,102,32337,894.4444444444,922.2222222222,0.9611940299,0.976119403,0.9949678811,FALSE
1,103,32669,922.2222222222,552.7777777778,0.9910447761,0.7925373134,0.9849830876,FALSE
1,104,32868,552.7777777778,483.3333333333,0.5940298507,0.5567164179,0.8265308352,TRUE
1,105,33042,483.3333333333,1211.1111111111,0.5194029851,0.9104477612,0.6779084476,TRUE
1,106,33478,1211.1111111111,488.8888888889,1.3014925373,0.9134328358,0.9690421915,FALSE
1,107,33654,488.8888888889,466.6666666667,0.5253731343,0.5134328358,0.8057885658,TRUE
1,108,33822,466.6666666667,1347.2222222222,0.5014925373,0.9746268657,0.7561292228,TRUE
1,109,34307,1347.2222222222,1000,1.447761194,1.2611940299,0.9640584604,FALSE
1,110,34667,1000,530.5555555556,1.0746268657,0.8223880597,0.9914511208,FALSE
1,111,34858,530.5555555556,1177.7777777778,0.5701492537,0.9179104478,0.7891703291,TRUE
1,112,35282,1177.7777777778,519.4444444444,1.2656716418,0.9119402985,0.9895498592,FALSE
1,113,35469,519.4444444444,463.8888888889,0.5582089552,0.528358209,0.8055079208,TRUE
1,114,35636,463.8888888889,1297.2222222222,0.4985074627,0.9462686567,0.7291109782,TRUE
1,115,36103,1297.2222222222,519.4444444444,1.3940298507,0.976119403,0.9787320843,FALSE
1,116,36290,519.4444444444,1300,0.5582089552,0.9776119403,0.7411167339,TRUE
1,117,36758,1300,536.1111111111,1.3970149254,0.9865671642,0.993105176,FALSE
1,118,36951,536.1111111111,475,0.576119403,0.5432835821,0.7934996773,TRUE
1,119,37122,475,1280.5555555556,0.5104477612,0.9432835821,0.7421801945,TRUE
1,120,37583,1280.5555555556,919.4444444444,1.376119403,1.1820895522,0.9844775479,FALSE
1,121,37914,919.4444444444,497.2222222222,0.9880597015,0.7611940299,0.9977844024,FALSE
1,122,38093,497.2222222222,480.5555555556,0.5343283582,0.5253731343,0.767919896,TRUE
1,123,38266,480.5555555556,1363.8888888889,0.5164179104,0.9910447761,0.7617767379,TRUE
1,124,38757,1363.8888888889,505.5555555556,1.4656716418,1.0044776119,0.9909064084,FALSE
1,125,38939,505.5555555556,488.8888888889,0.5432835821,0.5343283582,0.7633758321,TRUE
1,126,39115,488.8888888889,1325,0.5253731343,0.9746268657,0.6301803422,TRUE
1,127,39592,1325,866.6666666667,1.423880597,1.1776119403,0.9717706409,FALSE
1,128,39904,866.6666666667,758.3333333333,0.9313432836,0.8731343284,0.9930144925,FALSE
1,129,40177,758.3333333333,213.8888888889,0.8149253731,0.5223880597,0.1559934518,TRUE
1,130,40254,213.8888888889,1283.3333333333,0.2298507463,0.8044776119,0.7417610317,TRUE
1,131,40716,1283.3333333333,883.3333333333,1.3791044776,1.1641791045,0.9963508081,FALSE
1,132,41034,883.3333333333,777.7777777778,0.9492537313,0.8925373134,0.9934206391,FALSE
1,133,41314,777.7777777778,225,0.8358208955,0.5388059701,0.1030594194,TRUE
1,134,41395,225,1230.5555555556,0.2417910448,0.7820895522,0.7531944674,TRUE
1,135,41838,1230.5555555556,463.8888888889,1.3223880597,0.9104477612,0.9985710955,FALSE
1,136,42005,463.8888888889,1211.1111111111,0.4985074627,0.9,0.8423176525,TRUE
1,137,42441,1211.1111111111,513.8888888889,1.3014925373,0.9268656716,0.9944913193,FALSE
1,138,42626,513.8888888889,480.5555555556,0.552238806,0.5343283582,0.7940824024,TRUE
1,139,42799,480.5555555556,1325,0.5164179104,0.9701492537,0.6965565391,TRUE
1,140,43276,1325,511.1111111111,1.423880597,0.9865671642,0.9903204394,FALSE
1,141,43460,511.1111111111,1241.6666666667,0.5492537313,0.9417910448,0.7381196114,TRUE
1,142,43907,1241.6666666667,744.4444444444,1.3343283582,1.0671641791,0.993050491,FALSE
1,143,44175,744.4444444444,925,0.8,0.8970149254,0.3456447788,TRUE
1,144,44508,925,513.8888888889,0.9940298507,0.7731343284,0.9957101051,FALSE
1,145,44693,513.8888888889,486.1111111111,0.552238806,0.5373134328,0.8156450952,TRUE
1,146,44868,486.1111111111,1344.4444444444,0.5223880597,0.9835820896,0.7832028329,TRUE
1,147,45352,1344.4444444444,761.1111111111,1.4447761194,1.1313432836,0.9861324507,FALSE
1,148,45626,761.1111111111,975,0.8179104478,0.9328358209,0.0026785942,TRUE
1,149,45977,975,750,1.047761194,0.9268656716,0.9916509368,FALSE
1,150,46247,750,205.5555555556,0.8059701493,0.5134328358,0.236418859,TRUE
1,151,46321,205.5555555556,1272.2222222222,0.2208955224,0.7940298507,0.7073792954,TRUE
1,152,46779,1272.2222222222,500,1.3671641791,0.952238806,0.9971680933,FALSE
1,153,46959,500,1263.8888888889,0.5373134328,0.947761194,0.8062032265,TRUE
1,154,47414,1263.8888888889,536.1111111111,1.3582089552,0.9671641791,0.9957415859,FALSE
1,155,47607,536.1111111111,483.3333333333,0.576119403,0.547761194,0.7204184446,TRUE
1,156,47781,483.3333333333,1238.8888888889,0.5194029851,0.9253731343,0.8313456592,TRUE
1,157,48227,1238.8888888889,488.8888888889,1.3313432836,0.928358209,0.9939662839,FALSE
1,158,48403,488.8888888889,455.5555555556,0.5253731343,0.5074626866,0.7567984804,TRUE
1,159,48567,455.5555555556,1233.3333333333,0.4895522388,0.9074626866,0.7466539056,TRUE
1,160,49011,1233.3333333333,752.7777777778,1.3253731343,1.0671641791,0.9903507015,FALSE
1,161,49282,752.7777777778,255.5555555556,0.8089552239,0.5417910448,0.0710345075,TRUE
1,162,49374,255.5555555556,1286.1111111111,0.2746268657,0.828358209,0.7812318446,TRUE
1,163,49837,1286.1111111111,519.4444444444,1.3820895522,0.9701492537,0.994440118,FALSE
1,164,50024,519.4444444444,1116.6666666667,0.5582089552,0.8791044776,0.8449119726,TRUE
1,165,50426,1116.6666666667,747.2222222222,1.2,1.0014925373,0.9936708702,FALSE
1,166,50695,747.2222222222,219.4444444444,0.8029850746,0.5194029851,0.2961567523,TRUE
1,167,50774,219.4444444444,1219.4444444444,0.2358208955,0.7731343284,0.7720204331,TRUE
1,168,51213,1219.4444444444,522.2222222222,1.3104477612,0.9358208955,0.9969942938,FALSE
1,169,51401,522.2222222222,1250,0.5611940299,0.952238806,0.7185280696,TRUE
1,170,51851,1250,772.2222222222,1.3432835821,1.0865671642,0.9969573282,FALSE
1,171,52129,772.2222222222,233.3333333333,0.8298507463,0.5402985075,0.1830898568,TRUE
1,172,52213,233.3333333333,1250,0.2507462687,0.7970149254,0.7601185474,TRUE
1,173,52663,1250,733.3333333333,1.3432835821,1.0656716418,0.9906266872,FALSE
1,174,52927,733.3333333333,972.2222222222,0.7880597015,0.9164179104,0.4389518766,TRUE
1,175,53277,972.2222222222,838.8888888889,1.0447761194,0.9731343284,0.9944503666,FALSE
1,176,53579,838.8888888889,822.2222222222,0.9014925373,0.8925373134,0.9978353506,FALSE
1,177,53875,822.2222222222,808.3333333333,0.8835820896,0.876119403,0.9944992975,FALSE
1,178,54166,808.3333333333,244.4444444444,0.8686567164,0.5656716418,0.0724036052,FALSE
1,179,54254,244.4444444444,1286.1111111111,0.2626865672,0.8223880597,0.8030439165,TRUE
1,180,54717,1286.1111111111,477.7777777778,1.3820895522,0.947761194,0.9955254709,FALSE
1,181,54889,477.7777777778,483.3333333333,0.5134328358,0.5164179104,0.8831546852,TRUE
1,182,55063,483.3333333333,1380.5555555556,0.5194029851,1.0014925373,0.7189981152,TRUE
1,183,55560,1380.5555555556,522.2222222222,1.4835820896,1.0223880597,0.9930769298,FALSE
1,184,55748,522.2222222222,1333.3333333333,0.5611940299,0.9970149254,0.8393994834,TRUE
1,185,56228,1333.3333333333,891.6666666667,1.4328358209,1.1955223881,0.9910523444,FALSE
1,186,56549,891.6666666667,813.8888888889,0.9582089552,0.9164179104,0.9949108172,FALSE
1,187,56842,813.8888888889,927.7777777778,0.8746268657,0.9358208955,0.9523888914,FALSE
1,188,57176,927.7777777778,888.8888888889,0.9970149254,0.976119403,0.9778927135,FALSE
1,189,57496,888.8888888889,780.5555555556,0.9552238806,0.8970149254,0.9958730495,FALSE
1,190,57777,780.5555555556,266.6666666667,0.8388059701,0.5626865672,0.0003298421,TRUE
1,191,57873,266.6666666667,1313.8888888889,0.2865671642,0.8492537313,0.738083459,TRUE
1,192,58346,1313.8888888889,525,1.4119402985,0.9880597015,0.9879784036,FALSE
1,193,58535,525,1272.2222222222,0.5641791045,0.9656716418,0.8602705644,TRUE
1,194,58993,1272.2222222222,491.6666666667,1.3671641791,0.947761194,0.9936937277,FALSE
1,195,59170,491.6666666667,447.2222222222,0.528358209,0.5044776119,0.793160733,TRUE
1,196,59331,447.2222222222,1219.4444444444,0.4805970149,0.8955223881,0.7655640667,TRUE
1,197,59770,1219.4444444444,513.8888888889,1.3104477612,0.9313432836,0.9740953289,FALSE
1,198,59955,513.8888888889,1330.5555555556,0.552238806,0.9910447761,0.8152668774,TRUE
1,199,60434,1330.5555555556,566.6666666667,1.4298507463,1.0194029851,0.9820649141,FALSE
1,200,60638,566.6666666667,1236.1111111111,0.6089552239,0.9686567164,0.7391818975,TRUE
1,201,61083,1236.1111111111,538.8888888889,1.328358209,0.9537313433,0.9788762874,FALSE
1,202,61277,538.8888888889,1261.1111111111,0.5791044776,0.9671641791,0.7489333127,TRUE
1,203,61731,1261.1111111111,1025,1.3552238806,1.228358209,0.9944568637,FALSE
1,204,62100,1025,1080.5555555556,1.1014925373,1.1313432836,0.9968252868,FALSE
1,205,62489,1080.5555555556,930.5555555556,1.1611940299,1.0805970149,0.9836826459,FALSE
1,206,62824,930.5555555556,847.2222222222,1,0.9552238806,0.9921085873,FALSE
1,207,63129,847.2222222222,1030.5555555556,0.9104477612,1.0089552239,0.9800165783,FALSE
1,208,63500,1030.5555555556,533.3333333333,1.1074626866,0.8402985075,0.9872911386,FALSE
1,209,63692,533.3333333333,475,0.5731343284,0.5417910448,0.8201053191,TRUE
1,210,63863,475,730.5555555556,0.5104477612,0.647761194,0.7640401184,TRUE
1,211,64126,730.5555555556,1230.5555555556,0.7850746269,1.0537313433,0.1612421391,TRUE
1,212,64569,1230.5555555556,550,1.3223880597,0.9567164179,0.9792700918,FALSE
1,213,64767,550,1447.2222222222,0.5910447761,1.0731343284,0.8322981222,TRUE
1,214,65288,1447.2222222222,1158.3333333333,1.5552238806,1.4,0.9928323752,FALSE
1,215,65705,1158.3333333333,1111.1111111111,1.2447761194,1.2194029851,0.9636775097,FALSE
1,216,66105,1111.1111111111,1061.1111111111,1.1940298507,1.1671641791,0.9839221327,FALSE
1,217,66487,1061.1111111111,1111.1111111111,1.1402985075,1.1671641791,0.9908110317,FALSE
1,218,66887,1111.1111111111,1155.5555555556,1.1940298507,1.2179104478,0.9940881304,FALSE
1,219,67303,1155.5555555556,1111.1111111111,1.2417910448,1.2179104478,0.9937662797,FALSE
1,220,67703,1111.1111111111,1091.6666666667,1.1940298507,1.1835820896,0.9968847893,FALSE
1,221,68096,1091.6666666667,1025,1.1731343284,1.1373134328,0.995817888,FALSE
1,222,68465,1025,1127.7777777778,1.1014925373,1.1567164179,0.9977362979,FALSE
1,223,68871,1127.7777777778,1113.8888888889,1.2119402985,1.2044776119,0.9944670368,FALSE
1,224,69272,1113.8888888889,1013.8888888889,1.1970149254,1.1432835821,0.9739486577,FALSE
1,225,69637,1013.8888888889,913.8888888889,1.0895522388,1.0358208955,0.9939953614,FALSE
1,226,69966,913.8888888889,877.7777777778,0.9820895522,0.9626865672,0.9958020821,FALSE
1,227,70282,877.7777777778,938.8888888889,0.9432835821,0.976119403,0.9982010502,FALSE
1,228,70620,938.8888888889,1055.5555555556,1.0089552239,1.071641791,0.995562067,FALSE
1,229,71000,1055.5555555556,1136.1111111111,1.1343283582,1.1776119403,0.9907914225,FALSE
1,230,71409,1136.1111111111,1133.3333333333,1.2208955224,1.2194029851,0.980432723,FALSE
1,231,71817,1133.3333333333,1047.2222222222,1.2179104478,1.171641791,0.9892037391,FALSE
1,232,72194,1047.2222222222,1019.4444444444,1.1253731343,1.1104477612,0.9950300453,FALSE
1,233,72561,1019.4444444444,1072.2222222222,1.0955223881,1.123880597,0.9810258244,FALSE
1,234,72947,1072.2222222222,1086.1111111111,1.152238806,1.1597014925,0.9829598443,FALSE
1,235,73338,1086.1111111111,1091.6666666667,1.1671641791,1.1701492537,0.9851857145,FALSE
1,236,73731,1091.6666666667,991.6666666667,1.1731343284,1.1194029851,0.9962662369,FALSE
1,237,74088,991.6666666667,891.6666666667,1.0656716418,1.0119402985,0.9919881467,FALSE
1,238,74409,891.6666666667,930.5555555556,0.9582089552,0.9791044776,0.9896563944,FALSE
1,239,74744,930.5555555556,1100,1,1.0910447761,0.9827082978,FALSE
1,240,75140,1100,1044.4444444444,1.1820895522,1.152238806,0.9934685132,FALSE
1,241,75516,1044.4444444444,1091.6666666667,1.1223880597,1.147761194,0.9911242939,FALSE
1,242,75909,1091.6666666667,1055.5555555556,1.1731343284,1.1537313433,0.9850493767,FALSE
1,243,76289,1055.5555555556,1063.8888888889,1.1343283582,1.1388059701,0.9801476783,FALSE
1,244,76672,1063.8888888889,980.5555555556,1.1432835821,1.0985074627,0.9777391607,FALSE
1,245,77025,980.5555555556,1047.2222222222,1.0537313433,1.0895522388,0.9938997105,FALSE
1,246,77402,1047.2222222222,1027.7777777778,1.1253731343,1.1149253731,0.9884552181,FALSE
1,247,77772,1027.7777777778,1072.2222222222,1.1044776119,1.128358209,0.9914187318,FALSE
1,248,78158,1072.2222222222,955.5555555556,1.152238806,1.0895522388,0.9687222412,FALSE
1,249,78502,955.5555555556,988.8888888889,1.0268656716,1.0447761194,0.9723603045,FALSE
1,250,78858,988.8888888889,1122.2222222222,1.0626865672,1.1343283582,0.9910099264,FALSE
1,251,79262,1122.2222222222,1080.5555555556,1.2059701493,1.1835820896,0.9945145024,FALSE
1,252,79651,1080.5555555556,1063.8888888889,1.1611940299,1.152238806,0.9928298825,FALSE
1,253,80034,1063.8888888889,947.2222222222,1.1432835821,1.0805970149,0.9923594776,FALSE
1,254,80375,947.2222222222,866.6666666667,1.0179104478,0.9746268657,0.9952273598,FALSE
1,255,80687,866.6666666667,927.7777777778,0.9313432836,0.9641791045,0.992769594,FALSE
1,256,81021,927.7777777778,1030.5555555556,0.9970149254,1.052238806,0.9760958729,FALSE
1,257,81392,1030.5555555556,1150,1.1074626866,1.171641791,0.981758764,FALSE
1,258,81806,1150,1136.1111111111,1.2358208955,1.228358209,0.9914034126,FALSE
1,259,82215,1136.1111111111,1033.3333333333,1.2208955224,1.1656716418,0.9892198874,FALSE
1,260,82587,1033.3333333333,997.2222222222,1.1104477612,1.0910447761,0.9865106689,FALSE
1,261,82946,997.2222222222,1005.5555555556,1.071641791,1.076119403,0.9738017847,FALSE
1,262,83308,1005.5555555556,991.6666666667,1.0805970149,1.0731343284,0.9907357337,FALSE
1,263,83665,991.6666666667,1030.5555555556,1.0656716418,1.0865671642,0.9922501757,FALSE
1,264,84036,1030.5555555556,1113.8888888889,1.1074626866,1.152238806,0.9950142692,FALSE
1,265,84437,1113.8888888889,1113.8888888889,1.1970149254,1.1970149254,0.9875233016,FALSE
1,266,84838,1113.8888888889,1044.4444444444,1.1970149254,1.1597014925,0.9835039195,FALSE
1,267,85214,1044.4444444444,1075,1.1223880597,1.1388059701,0.9919102743,FALSE
1,268,85601,1075,1144.4444444444,1.1552238806,1.1925373134,0.9952029208,FALSE
1,269,86013,1144.4444444444,1025,1.2298507463,1.1656716418,0.9553912688,FALSE
1,270,86382,1025,1041.6666666667,1.1014925373,1.1104477612,0.9907528763,FALSE
1,271,86757,1041.6666666667,1047.2222222222,1.1194029851,1.1223880597,0.9846968278,FALSE
1,272,87134,1047.2222222222,1038.8888888889,1.1253731343,1.1208955224,0.9663479156,FALSE
1,273,87508,1038.8888888889,1061.1111111111,1.1164179104,1.128358209,0.9900535303,FALSE
1,274,87890,1061.1111111111,1138.8888888889,1.1402985075,1.1820895522,0.9945275024,FALSE
1,275,88300,1138.8888888889,1144.4444444444,1.223880597,1.2268656716,0.9873527689,FALSE
1,276,88712,1144.4444444444,1072.2222222222,1.2298507463,1.1910447761,0.9941010309,FALSE
1,277,89098,1072.2222222222,927.7777777778,1.152238806,1.0746268657,0.9861079754,FALSE
1,278,89432,927.7777777778,863.8888888889,0.9970149254,0.9626865672,0.9879782666,FALSE
1,279,89743,863.8888888889,875,0.928358209,0.9343283582,0.9888525701,FALSE
1,280,90058,875,947.2222222222,0.9402985075,0.9791044776,0.9882063035,FALSE
1,281,90399,947.2222222222,1052.7777777778,1.0179104478,1.0746268657,0.9847384261,FALSE
1,282,90778,1052.7777777778,991.6666666667,1.1313432836,1.0985074627,0.9915913647,FALSE
1,283,91135,991.6666666667,891.6666666667,1.0656716418,1.0119402985,0.9809614402,FALSE
1,284,91456,891.6666666667,830.5555555556,0.9582089552,0.9253731343,0.9910757334,FALSE
1,285,91755,830.5555555556,811.1111111111,0.8925373134,0.8820895522,0.9792358103,FALSE
1,286,92047,811.1111111111,830.5555555556,0.871641791,0.8820895522,0.9908566837,FALSE
1,287,92346,830.5555555556,872.2222222222,0.8925373134,0.9149253731,0.9955988011,FALSE
1,288,92660,872.2222222222,988.8888888889,0.9373134328,1,0.9902964467,FALSE
1,289,93016,988.8888888889,1052.7777777778,1.0626865672,1.0970149254,0.9941326493,FALSE
1,290,93395,1052.7777777778,886.1111111111,1.1313432836,1.0417910448,0.9745937008,FALSE
1,291,93714,886.1111111111,891.6666666667,0.952238806,0.9552238806,0.9938088912,FALSE
1,292,94035,891.6666666667,950,0.9582089552,0.9895522388,0.9936745367,FALSE
1,293,94377,950,947.2222222222,1.0208955224,1.0194029851,0.9759254807,FALSE
1,294,94718,947.2222222222,902.7777777778,1.0179104478,0.9940298507,0.9832244658,FALSE
1,295,95043,902.7777777778,941.6666666667,0.9701492537,0.9910447761,0.9861460453,FALSE
1,296,95382,941.6666666667,933.3333333333,1.0119402985,1.0074626866,0.9836102092,FALSE
1,297,95718,933.3333333333,522.2222222222,1.0029850746,0.7820895522,0.9797318236,FALSE
1,298,95906,522.2222222222,1194.4444444444,0.5611940299,0.9223880597,0.7879406371,TRUE
1,299,96336,1194.4444444444,911.1111111111,1.2835820896,1.1313432836,0.9874215668,FALSE
1,300,96664,911.1111111111,961.1111111111,0.9791044776,1.0059701493,0.9923183056,FALSE
1,301,97010,961.1111111111,894.4444444444,1.0328358209,0.9970149254,0.9935339555,FALSE
1,302,97332,894.4444444444,800,0.9611940299,0.9104477612,0.9968289174,FALSE
1,303,97620,800,805.5555555556,0.8597014925,0.8626865672,0.9710310527,FALSE
1,304,97910,805.5555555556,855.5555555556,0.8656716418,0.8925373134,0.9946073632,FALSE
1,305,98218,855.5555555556,822.2222222222,0.9194029851,0.9014925373,0.99346371,FALSE
1,306,98514,822.2222222222,850,0.8835820896,0.8985074627,0.989466188,FALSE
1,307,98820,850,875,0.9134328358,0.9268656716,0.9739091286,FALSE
1,308,99135,875,936.1111111111,0.9402985075,0.9731343284,0.9802152585,FALSE
1,309,99472,936.1111111111,933.3333333333,1.0059701493,1.0044776119,0.992142106,FALSE
1,310,99808,933.3333333333,863.8888888889,1.0029850746,0.9656716418,0.9817032027,FALSE
1,311,100119,863.8888888889,900,0.928358209,0.947761194,0.9942910905,FALSE
1,312,100443,900,958.3333333333,0.9671641791,0.9985074627,0.9921251371,FALSE
1,313,100788,958.3333333333,1005.5555555556,1.0298507463,1.0552238806,0.9405669927,FALSE
1,314,101150,1005.5555555556,1025,1.0805970149,1.0910447761,0.9886497413,FALSE
1,315,101519,1025,1013.8888888889,1.1014925373,1.0955223881,0.9816370873,FALSE
1,316,101884,1013.8888888889,961.1111111111,1.0895522388,1.0611940299,0.9935238488,FALSE
1,317,102230,961.1111111111,913.8888888889,1.0328358209,1.0074626866,0.9935756659,FALSE
1,318,102559,913.8888888889,975,0.9820895522,1.0149253731,0.9617576307,FALSE
1,319,102910,975,1086.1111111111,1.047761194,1.1074626866,0.9791978336,FALSE
1,320,103301,1086.1111111111,1019.4444444444,1.1671641791,1.1313432836,0.9673205558,FALSE
1,321,103668,1019.4444444444,1041.6666666667,1.0955223881,1.1074626866,0.9865597023,FALSE
1,322,104043,1041.6666666667,1019.4444444444,1.1194029851,1.1074626866,0.9842630354,FALSE
1,323,104410,1019.4444444444,1022.2222222222,1.0955223881,1.0970149254,0.9852270126,FALSE
1,324,104778,1022.2222222222,961.1111111111,1.0985074627,1.0656716418,0.9636648937,FALSE
1,325,105124,961.1111111111,1052.7777777778,1.0328358209,1.0820895522,0.9892270718,FALSE
1,326,105503,1052.7777777778,1100,1.1313432836,1.1567164179,0.9622201075,FALSE
1,327,105899,1100,1080.5555555556,1.1820895522,1.171641791,0.9906736182,FALSE
1,328,106288,1080.5555555556,955.5555555556,1.1611940299,1.0940298507,0.9742608088,FALSE
1,329,106632,955.5555555556,961.1111111111,1.0268656716,1.0298507463,0.9970786977,FALSE
1,330,106978,961.1111111111,1080.5555555556,1.0328358209,1.0970149254,0.9915885368,FALSE
1,331,107367,1080.5555555556,1138.8888888889,1.1611940299,1.1925373134,0.9841648471,FALSE
1,332,107777,1138.8888888889,1050,1.223880597,1.176119403,0.9895917634,FALSE
1,333,108155,1050,1063.8888888889,1.128358209,1.1358208955,0.9859432835,FALSE
1,334,108538,1063.8888888889,1066.6666666667,1.1432835821,1.1447761194,0.9921437561,FALSE
1,335,108922,1066.6666666667,1022.2222222222,1.1462686567,1.1223880597,0.9889821719,FALSE
1,336,109290,1022.2222222222,1052.7777777778,1.0985074627,1.1149253731,0.9876438322,FALSE
1,337,109669,1052.7777777778,1097.2222222222,1.1313432836,1.1552238806,0.9779736016,FALSE
1,338,110064,1097.2222222222,1025,1.1791044776,1.1402985075,0.9618636441,FALSE
1,339,110433,1025,988.8888888889,1.1014925373,1.0820895522,0.9930488951,FALSE
1,340,110789,988.8888888889,966.6666666667,1.0626865672,1.0507462687,0.9885316021,FALSE
1,341,111137,966.6666666667,927.7777777778,1.0388059701,1.0179104478,0.9923392926,FALSE
1,342,111471,927.7777777778,1008.3333333333,0.9970149254,1.0402985075,0.997068314,FALSE
1,343,111834,1008.3333333333,1094.4444444444,1.0835820896,1.1298507463,0.9888956023,FALSE
1,344,112228,1094.4444444444,1077.7777777778,1.176119403,1.1671641791,0.9895481763,FALSE
1,345,112616,1077.7777777778,944.4444444444,1.1582089552,1.0865671642,0.9730900652,FALSE
1,346,112956,944.4444444444,969.4444444444,1.0149253731,1.028358209,0.982407953,FALSE
1,347,113305,969.4444444444,1022.2222222222,1.0417910448,1.0701492537,0.9628876778,FALSE
1,348,113673,1022.2222222222,1075,1.0985074627,1.1268656716,0.9944338349,FALSE
1,349,114060,1075,955.5555555556,1.1552238806,1.0910447761,0.9945367702,FALSE
1,350,114404,955.5555555556,930.5555555556,1.0268656716,1.0134328358,0.9808402987,FALSE
1,351,114739,930.5555555556,955.5555555556,1,1.0134328358,0.9894008722,FALSE
1,352,115083,955.5555555556,961.1111111111,1.0268656716,1.0298507463,0.9898449921,FALSE
1,353,115429,961.1111111111,933.3333333333,1.0328358209,1.0179104478,0.9886943085,FALSE
1,354,115765,933.3333333333,991.6666666667,1.0029850746,1.0343283582,0.992939963,FALSE
1,355,116122,991.6666666667,1138.8888888889,1.0656716418,1.1447761194,0.9719876774,FALSE
1,356,116532,1138.8888888889,1050,1.223880597,1.176119403,0.9635912064,FALSE
1,357,116910,1050,1027.7777777778,1.128358209,1.1164179104,0.9916688725,FALSE
1,358,117280,1027.7777777778,1036.1111111111,1.1044776119,1.1089552239,0.9924835459,FALSE
1,359,117653,1036.1111111111,938.8888888889,1.1134328358,1.0611940299,0.9933418883,FALSE
1,360,117991,938.8888888889,1036.1111111111,1.0089552239,1.0611940299,0.9932122835,FALSE
1,361,118364,1036.1111111111,1097.2222222222,1.1134328358,1.1462686567,0.9786974317,FALSE
1,362,118759,1097.2222222222,1061.1111111111,1.1791044776,1.1597014925,0.9669409485,FALSE
1,363,119141,1061.1111111111,958.3333333333,1.1402985075,1.0850746269,0.9858325922,FALSE
1,364,119486,958.3333333333,1013.8888888889,1.0298507463,1.0597014925,0.9916274949,FALSE
1,365,119851,1013.8888888889,1036.1111111111,1.0895522388,1.1014925373,0.9895481612,FALSE
1,366,120224,1036.1111111111,1055.5555555556,1.1134328358,1.123880597,0.9862780851,FALSE
1,367,120604,1055.5555555556,1116.6666666667,1.1343283582,1.1671641791,0.9932079812,FALSE
1,368,121006,1116.6666666667,1102.7777777778,1.2,1.1925373134,0.9788823744,FALSE
1,369,121403,1102.7777777778,1019.4444444444,1.1850746269,1.1402985075,0.9903865236,FALSE
1,370,121770,1019.4444444444,969.4444444444,1.0955223881,1.0686567164,0.9686595267,FALSE
1,371,122119,969.4444444444,980.5555555556,1.0417910448,1.047761194,0.9543894935,FALSE
1,372,122472,980.5555555556,941.6666666667,1.0537313433,1.0328358209,0.9866626721,FALSE
1,373,122811,941.6666666667,911.1111111111,1.0119402985,0.9955223881,0.9865230447,FALSE
1,374,123139,911.1111111111,961.1111111111,0.9791044776,1.0059701493,0.9841823098,FALSE
1,375,123485,961.1111111111,1108.3333333333,1.0328358209,1.1119402985,0.982988002,FALSE
1,376,123884,1108.3333333333,1013.8888888889,1.1910447761,1.1402985075,0.9897885001,FALSE
1,377,124249,1013.8888888889,1102.7777777778,1.0895522388,1.1373134328,0.9925402036,FALSE
1,378,124646,1102.7777777778,1075,1.1850746269,1.1701492537,0.9920398406,FALSE
1,379,125033,1075,1066.6666666667,1.1552238806,1.1507462687,0.98685799,FALSE
1,380,125417,1066.6666666667,1033.3333333333,1.1462686567,1.128358209,0.9854670122,FALSE
1,381,125789,1033.3333333333,908.3333333333,1.1104477612,1.0432835821,0.9857528,FALSE
1,382,126116,908.3333333333,933.3333333333,0.976119403,0.9895522388,0.960115084,FALSE
1,383,126452,933.3333333333,1002.7777777778,1.0029850746,1.0402985075,0.9446786601,FALSE
1,384,126813,1002.7777777778,988.8888888889,1.0776119403,1.0701492537,0.9886890355,FALSE
1,385,127169,988.8888888889,1100,1.0626865672,1.1223880597,0.9892847836,FALSE
1,386,127565,1100,1086.1111111111,1.1820895522,1.1746268657,0.979060319,FALSE
1,387,127956,1086.1111111111,986.1111111111,1.1671641791,1.1134328358,0.9915327581,FALSE
1,388,128311,986.1111111111,1019.4444444444,1.0597014925,1.0776119403,0.9894490215,FALSE
1,389,128678,1019.4444444444,1033.3333333333,1.0955223881,1.1029850746,0.9820709103,FALSE
1,390,129050,1033.3333333333,1105.5555555556,1.1104477612,1.1492537313,0.9886948074,FALSE
1,391,129448,1105.5555555556,1033.3333333333,1.1880597015,1.1492537313,0.9611514134,FALSE
1,392,129820,1033.3333333333,1013.8888888889,1.1104477612,1.1,0.9778799466,FALSE
1,393,130185,1013.8888888889,986.1111111111,1.0895522388,1.0746268657,0.9867153232,FALSE
1,394,130540,986.1111111111,925,1.0597014925,1.0268656716,0.9819858597,FALSE
1,395,130873,925,1002.7777777778,0.9940298507,1.0358208955,0.9813292339,FALSE
1,396,131234,1002.7777777778,1108.3333333333,1.0776119403,1.1343283582,0.9802791765,FALSE
1,397,131633,1108.3333333333,1055.5555555556,1.1910447761,1.1626865672,0.9924900983,FALSE
1,398,132013,1055.5555555556,1027.7777777778,1.1343283582,1.1194029851,0.9923091263,FALSE
1,399,132383,1027.7777777778,944.4444444444,1.1044776119,1.0597014925,0.973870993,FALSE
1,400,132723,944.4444444444,988.8888888889,1.0149253731,1.0388059701,0.9905862593,FALSE
1,401,133079,988.8888888889,1077.7777777778,1.0626865672,1.1104477612,0.9750747808,FALSE
1,402,133467,1077.7777777778,1025,1.1582089552,1.1298507463,0.9892052142,FALSE
1,403,133836,1025,1033.3333333333,1.1014925373,1.1059701493,0.992980432,FALSE
1,404,134208,1033.3333333333,1005.5555555556,1.1104477612,1.0955223881,0.9894966955,FALSE
1,405,134570,1005.5555555556,930.5555555556,1.0805970149,1.0402985075,0.991809286,FALSE
1,406,134905,930.5555555556,963.8888888889,1,1.0179104478,0.988650153,FALSE
1,407,135252,963.8888888889,1013.8888888889,1.0358208955,1.0626865672,0.9740045283,FALSE
1,408,135617,1013.8888888889,1002.7777777778,1.0895522388,1.0835820896,0.9941668513,FALSE
1,409,135978,1002.7777777778,1047.2222222222,1.0776119403,1.1014925373,0.9641823064,FALSE
1,410,136355,1047.2222222222,1025,1.1253731343,1.1134328358,0.9880434348,FALSE
1,411,136724,1025,930.5555555556,1.1014925373,1.0507462687,0.9606099035,FALSE
1,412,137059,930.5555555556,966.6666666667,1,1.0194029851,0.9776925756,FALSE
1,413,137407,966.6666666667,975,1.0388059701,1.0432835821,0.9951751439,FALSE
1,414,137758,975,952.7777777778,1.047761194,1.0358208955,0.9774753147,FALSE
1,415,138101,952.7777777778,1002.7777777778,1.023880597,1.0507462687,0.9968017249,FALSE
1,416,138462,1002.7777777778,991.6666666667,1.0776119403,1.071641791,0.9878879743,FALSE
1,417,138819,991.6666666667,986.1111111111,1.0656716418,1.0626865672,0.9736707515,FALSE
1,418,139174,986.1111111111,991.6666666667,1.0597014925,1.0626865672,0.9920239683,FALSE
1,419,139531,991.6666666667,958.3333333333,1.0656716418,1.047761194,0.991265242,FALSE
1,420,139876,958.3333333333,1005.5555555556,1.0298507463,1.0552238806,0.9732495062,FALSE
1,421,140238,1005.5555555556,933.3333333333,1.0805970149,1.0417910448,0.9824711587,FALSE
1,422,140574,933.3333333333,963.8888888889,1.0029850746,1.0194029851,0.9850446323,FALSE
1,423,140921,963.8888888889,994.4444444444,1.0358208955,1.052238806,0.9683285789,FALSE
1,424,141279,994.4444444444,1002.7777777778,1.0686567164,1.0731343284,0.9924916394,FALSE
1,425,141640,1002.7777777778,930.5555555556,1.0776119403,1.0388059701,0.9853901414,FALSE
1,426,141975,930.5555555556,1005.5555555556,1,1.0402985075,0.9764171947,FALSE
1,427,142337,1005.5555555556,1047.2222222222,1.0805970149,1.1029850746,0.989103805,FALSE
1,428,142714,1047.2222222222,991.6666666667,1.1253731343,1.0955223881,0.9876552007,FALSE
1,429,143071,991.6666666667,908.3333333333,1.0656716418,1.0208955224,0.9921619094,FALSE
1,430,143398,908.3333333333,863.8888888889,0.976119403,0.952238806,0.9763682338,FALSE
1,431,143709,863.8888888889,908.3333333333,0.928358209,0.952238806,0.9851902741,FALSE
1,432,144036,908.3333333333,888.8888888889,0.976119403,0.9656716418,0.9787116259,FALSE
1,433,144356,888.8888888889,902.7777777778,0.9552238806,0.9626865672,0.9878224852,FALSE
1,434,144681,902.7777777778,858.3333333333,0.9701492537,0.9462686567,0.9751915091,FALSE
1,435,144990,858.3333333333,908.3333333333,0.9223880597,0.9492537313,0.9854738078,FALSE
1,436,145317,908.3333333333,1030.5555555556,0.976119403,1.0417910448,0.9788433653,FALSE
1,437,145688,1030.5555555556,1050,1.1074626866,1.1179104478,0.9884145855,FALSE
1,438,146066,1050,1077.7777777778,1.128358209,1.1432835821,0.972334296,FALSE
1,439,146454,1077.7777777778,1030.5555555556,1.1582089552,1.1328358209,0.9783860486,FALSE
1,440,146825,1030.5555555556,1025,1.1074626866,1.1044776119,0.9835729547,FALSE
1,441,147194,1025,958.3333333333,1.1014925373,1.0656716418,0.9859021222,FALSE
1,442,147539,958.3333333333,930.5555555556,1.0298507463,1.0149253731,0.951567688,FALSE
1,443,147874,930.5555555556,886.1111111111,1,0.976119403,0.9914345705,FALSE
1,444,148193,886.1111111111,913.8888888889,0.952238806,0.9671641791,0.9925924177,FALSE
1,445,148522,913.8888888889,1019.4444444444,0.9820895522,1.0388059701,0.9712480012,FALSE
1,446,148889,1019.4444444444,1150,1.0955223881,1.1656716418,0.95883697,FALSE
1,447,149303,1150,1069.4444444444,1.2358208955,1.1925373134,0.9904164736,FALSE
1,448,149688,1069.4444444444,961.1111111111,1.1492537313,1.0910447761,0.9780698361,FALSE
1,449,150034,961.1111111111,980.5555555556,1.0328358209,1.0432835821,0.9782987328,FALSE
1,450,150387,980.5555555556,1094.4444444444,1.0537313433,1.1149253731,0.9911151637,FALSE
1,451,150781,1094.4444444444,1108.3333333333,1.176119403,1.1835820896,0.989172486,FALSE
1,452,151180,1108.3333333333,1097.2222222222,1.1910447761,1.1850746269,0.9892992453,FALSE
1,453,151575,1097.2222222222,991.6666666667,1.1791044776,1.1223880597,0.9918013077,FALSE
1,454,151932,991.6666666667,991.6666666667,1.0656716418,1.0656716418,0.9057719455,FALSE
1,455,152289,991.6666666667,1047.2222222222,1.0656716418,1.0955223881,0.989811161,FALSE
1,456,152666,1047.2222222222,1077.7777777778,1.1253731343,1.1417910448,0.9892209053,FALSE
1,457,153054,1077.7777777778,1050,1.1582089552,1.1432835821,0.988664405,FALSE
1,458,153432,1050,986.1111111111,1.128358209,1.0940298507,0.9768040857,FALSE
1,459,153787,986.1111111111,841.6666666667,1.0597014925,0.9820895522,0.9938778842,FALSE
1,460,154090,841.6666666667,811.1111111111,0.9044776119,0.8880597015,0.9822476655,FALSE
1,461,154382,811.1111111111,841.6666666667,0.871641791,0.8880597015,0.9868183458,FALSE
1,462,154685,841.6666666667,894.4444444444,0.9044776119,0.9328358209,0.9899349817,FALSE
1,463,155007,894.4444444444,872.2222222222,0.9611940299,0.9492537313,0.991313238,FALSE
1,464,155321,872.2222222222,872.2222222222,0.9373134328,0.9373134328,0.9881619773,FALSE
1,465,155635,872.2222222222,852.7777777778,0.9373134328,0.9268656716,0.9907355439,FALSE
1,466,155942,852.7777777778,797.2222222222,0.9164179104,0.8865671642,0.9777646892,FALSE
1,467,156229,797.2222222222,752.7777777778,0.8567164179,0.8328358209,0.9895325309,FALSE
1,468,156500,752.7777777778,761.1111111111,0.8089552239,0.8134328358,0.9913640955,FALSE
1,469,156774,761.1111111111,777.7777777778,0.8179104478,0.8268656716,0.9834025912,FALSE
1,470,157054,777.7777777778,797.2222222222,0.8358208955,0.8462686567,0.9750222746,FALSE
1,471,157341,797.2222222222,769.4444444444,0.8567164179,0.8417910448,0.9947590635,FALSE
1,472,157618,769.4444444444,775,0.8268656716,0.8298507463,0.9891438887,FALSE
1,473,157897,775,763.8888888889,0.8328358209,0.8268656716,0.9837210752,FALSE
1,474,158172,763.8888888889,730.5555555556,0.8208955224,0.8029850746,0.9877619724,FALSE
1,475,158435,730.5555555556,713.8888888889,0.7850746269,0.776119403,0.9798514679,FALSE
1,476,158692,713.8888888889,686.1111111111,0.7671641791,0.752238806,0.9826814081,FALSE
1,477,158939,686.1111111111,733.3333333333,0.7373134328,0.7626865672,0.9890513375,FALSE
1,478,159203,733.3333333333,783.3333333333,0.7880597015,0.8149253731,0.9967861768,FALSE
1,479,159485,783.3333333333,836.1111111111,0.8417910448,0.8701492537,0.9868926484,FALSE
1,480,159786,836.1111111111,936.1111111111,0.8985074627,0.952238806,0.9922712046,FALSE
1,481,160123,936.1111111111,1000,1.0059701493,1.0402985075,0.9936715115,FALSE
1,482,160483,1000,480.5555555556,1.0746268657,0.7955223881,0.9932155609,FALSE
1,483,160656,480.5555555556,1166.6666666667,0.5164179104,0.8850746269,0.795141054,TRUE
1,484,161076,1166.6666666667,947.2222222222,1.2537313433,1.1358208955,0.9812109074,FALSE
1,485,161417,947.2222222222,927.7777777778,1.0179104478,1.0074626866,0.9892319997,FALSE
1,486,161751,927.7777777778,905.5555555556,0.9970149254,0.9850746269,0.9952219636,FALSE
1,487,162077,905.5555555556,969.4444444444,0.9731343284,1.0074626866,0.9936922579,FALSE
1,488,162426,969.4444444444,983.3333333333,1.0417910448,1.0492537313,0.9864205609,FALSE
1,489,162780,983.3333333333,491.6666666667,1.0567164179,0.7925373134,0.983929395,FALSE
1,490,162957,491.6666666667,1147.2222222222,0.528358209,0.8805970149,0.8064307023,TRUE
1,491,163370,1147.2222222222,941.6666666667,1.2328358209,1.1223880597,0.9885797186,FALSE
1,492,163709,941.6666666667,1002.7777777778,1.0119402985,1.0447761194,0.9856019834,FALSE
1,493,164070,1002.7777777778,961.1111111111,1.0776119403,1.0552238806,0.9926249974,FALSE
1,494,164416,961.1111111111,891.6666666667,1.0328358209,0.9955223881,0.9920471576,FALSE
1,495,164737,891.6666666667,905.5555555556,0.9582089552,0.9656716418,0.9904344664,FALSE
1,496,165063,905.5555555556,947.2222222222,0.9731343284,0.9955223881,0.9846889778,FALSE
1,497,165404,947.2222222222,975,1.0179104478,1.0328358209,0.9844569162,FALSE
1,498,165755,975,961.1111111111,1.047761194,1.0402985075,0.9808550449,FALSE
1,499,166101,961.1111111111,888.8888888889,1.0328358209,0.9940298507,0.9939871761,FALSE
1,500,166421,888.8888888889,847.2222222222,0.9552238806,0.9328358209,0.9910715026,FALSE
1,501,166726,847.2222222222,844.4444444444,0.9104477612,0.9089552239,0.991527329,FALSE
1,502,167030,844.4444444444,922.2222222222,0.9074626866,0.9492537313,0.9843840996,FALSE
1,503,167362,922.2222222222,930.5555555556,0.9910447761,0.9955223881,0.9837768869,FALSE
1,504,167697,930.5555555556,955.5555555556,1,1.0134328358,0.9939661226,FALSE
1,505,168041,955.5555555556,1002.7777777778,1.0268656716,1.052238806,0.993402734,FALSE
1,506,168402,1002.7777777778,1025,1.0776119403,1.0895522388,0.9947136187,FALSE
1,507,168771,1025,947.2222222222,1.1014925373,1.0597014925,0.9936475408,FALSE
1,508,169112,947.2222222222,905.5555555556,1.0179104478,0.9955223881,0.9718647283,FALSE
1,509,169438,905.5555555556,888.8888888889,0.9731343284,0.9641791045,0.9830657501,FALSE
1,510,169758,888.8888888889,927.7777777778,0.9552238806,0.976119403,0.9908963868,FALSE
1,511,170092,927.7777777778,1041.6666666667,0.9970149254,1.0582089552,0.9939860511,FALSE
1,512,170467,1041.6666666667,997.2222222222,1.1194029851,1.0955223881,0.9955005814,FALSE
1,513,170826,997.2222222222,922.2222222222,1.071641791,1.0313432836,0.9955402636,FALSE
1,514,171158,922.2222222222,908.3333333333,0.9910447761,0.9835820896,0.9647257703,FALSE
1,515,171485,908.3333333333,961.1111111111,0.976119403,1.0044776119,0.9935689922,FALSE
1,516,171831,961.1111111111,1027.7777777778,1.0328358209,1.0686567164,0.9889588992,FALSE
1,517,172201,1027.7777777778,1008.3333333333,1.1044776119,1.0940298507,0.9770361766,FALSE
1,518,172564,1008.3333333333,961.1111111111,1.0835820896,1.0582089552,0.9968945969,FALSE
1,519,172910,961.1111111111,969.4444444444,1.0328358209,1.0373134328,0.9939640784,FALSE
1,520,173259,969.4444444444,947.2222222222,1.0417910448,1.0298507463,0.9923437893,FALSE
1,521,173600,947.2222222222,888.8888888889,1.0179104478,0.9865671642,0.9902110996,FALSE
1,522,173920,888.8888888889,875,0.9552238806,0.947761194,0.9855943504,FALSE
1,523,174235,875,900,0.9402985075,0.9537313433,0.9936174689,FALSE
1,524,174559,900,916.6666666667,0.9671641791,0.976119403,0.9924882915,FALSE
1,525,174889,916.6666666667,830.5555555556,0.9850746269,0.9388059701,0.9956109973,FALSE
1,526,175188,830.5555555556,841.6666666667,0.8925373134,0.8985074627,0.9911382587,FALSE
1,527,175491,841.6666666667,811.1111111111,0.9044776119,0.8880597015,0.9929053381,FALSE
1,528,175783,811.1111111111,800,0.871641791,0.8656716418,0.9697571646,FALSE
1,529,176071,800,869.4444444444,0.8597014925,0.8970149254,0.9842925494,FALSE
1,530,176384,869.4444444444,880.5555555556,0.9343283582,0.9402985075,0.9949171446,FALSE
1,531,176701,880.5555555556,877.7777777778,0.9462686567,0.9447761194,0.9965823742,FALSE
1,532,177017,877.7777777778,872.2222222222,0.9432835821,0.9402985075,0.9964663128,FALSE
1,533,177331,872.2222222222,797.2222222222,0.9373134328,0.8970149254,0.995980099,FALSE
1,534,177618,797.2222222222,752.7777777778,0.8567164179,0.8328358209,0.9957369669,FALSE
1,535,177889,752.7777777778,827.7777777778,0.8089552239,0.8492537313,0.993209795,FALSE
1,536,178187,827.7777777778,858.3333333333,0.8895522388,0.9059701493,0.9940899444,FALSE
1,537,178496,858.3333333333,938.8888888889,0.9223880597,0.9656716418,0.9951565725,FALSE
1,538,178834,938.8888888889,958.3333333333,1.0089552239,1.0194029851,0.9947354972,FALSE
1,539,179179,958.3333333333,900,1.0298507463,0.9985074627,0.9968755129,FALSE
1,540,179503,900,855.5555555556,0.9671641791,0.9432835821,0.9957775383,FALSE
1,541,179811,855.5555555556,866.6666666667,0.9194029851,0.9253731343,0.9914480723,FALSE
1,542,180123,866.6666666667,888.8888888889,0.9313432836,0.9432835821,0.9882292743,FALSE
1,543,180443,888.8888888889,941.6666666667,0.9552238806,0.9835820896,0.9961227388,FALSE
1,544,180782,941.6666666667,1002.7777777778,1.0119402985,1.0447761194,0.996054574,FALSE
1,545,181143,1002.7777777778,997.2222222222,1.0776119403,1.0746268657,0.9947814373,FALSE
1,546,181502,997.2222222222,916.6666666667,1.071641791,1.028358209,0.9984895707,FALSE
1,547,181832,916.6666666667,875,0.9850746269,0.9626865672,0.9970431714,FALSE
1,548,182147,875,886.1111111111,0.9402985075,0.9462686567,0.9919691025,FALSE
1,549,182466,886.1111111111,886.1111111111,0.952238806,0.952238806,0.9918711904,FALSE
1,550,182785,886.1111111111,888.8888888889,0.952238806,0.9537313433,0.9991075912,FALSE
1,551,183105,888.8888888889,919.4444444444,0.9552238806,0.971641791,0.9798041519,FALSE
1,552,183436,919.4444444444,950,0.9880597015,1.0044776119,0.9955069822,FALSE
1,553,183778,950,944.4444444444,1.0208955224,1.0179104478,0.9792414619,FALSE
1,554,184118,944.4444444444,872.2222222222,1.0149253731,0.976119403,0.9903259092,FALSE
1,555,184432,872.2222222222,891.6666666667,0.9373134328,0.947761194,0.9968366722,FALSE
1,556,184753,891.6666666667,941.6666666667,0.9582089552,0.9850746269,0.9910736951,FALSE
1,557,185092,941.6666666667,1005.5555555556,1.0119402985,1.0462686567,0.9912775992,FALSE
1,558,185454,1005.5555555556,980.5555555556,1.0805970149,1.0671641791,0.9892987938,FALSE
1,559,185807,980.5555555556,950,1.0537313433,1.0373134328,0.9906319932,FALSE
1,560,186149,950,961.1111111111,1.0208955224,1.0268656716,0.9927780604,FALSE
1,561,186495,961.1111111111,911.1111111111,1.0328358209,1.0059701493,0.959402897,FALSE
1,562,186823,911.1111111111,905.5555555556,0.9791044776,0.976119403,0.9916748328,FALSE
1,563,187149,905.5555555556,1000,0.9731343284,1.023880597,0.9898736932,FALSE
1,564,187509,1000,952.7777777778,1.0746268657,1.0492537313,0.9890158584,FALSE
1,565,187852,952.7777777778,994.4444444444,1.023880597,1.0462686567,0.971955255,FALSE
1,566,188210,994.4444444444,947.2222222222,1.0686567164,1.0432835821,0.9902591777,FALSE
1,567,188551,947.2222222222,891.6666666667,1.0179104478,0.9880597015,0.9920888351,FALSE
1,568,188872,891.6666666667,908.3333333333,0.9582089552,0.9671641791,0.9970978567,FALSE
1,569,189199,908.3333333333,877.7777777778,0.976119403,0.9597014925,0.9910915275,FALSE
1,570,189515,877.7777777778,891.6666666667,0.9432835821,0.9507462687,0.984707815,FALSE
1,571,189836,891.6666666667,880.5555555556,0.9582089552,0.952238806,0.9858206124,FALSE
1,572,190153,880.5555555556,913.8888888889,0.9462686567,0.9641791045,0.9961216684,FALSE
1,573,190482,913.8888888889,850,0.9820895522,0.947761194,0.9965663714,FALSE
1,574,190788,850,886.1111111111,0.9134328358,0.9328358209,0.9963817194,FALSE
1,575,191107,886.1111111111,958.3333333333,0.952238806,0.9910447761,0.9824582181,FALSE
1,576,191452,958.3333333333,1011.1111111111,1.0298507463,1.0582089552,0.9977644745,FALSE
1,577,191816,1011.1111111111,1016.6666666667,1.0865671642,1.0895522388,0.9841893357,FALSE
1,578,192182,1016.6666666667,1022.2222222222,1.0925373134,1.0955223881,0.9958718933,FALSE
1,579,192550,1022.2222222222,986.1111111111,1.0985074627,1.0791044776,0.9879455591,FALSE
1,580,192905,986.1111111111,911.1111111111,1.0597014925,1.0194029851,0.9956885609,FALSE
1,581,193233,911.1111111111,927.7777777778,0.9791044776,0.9880597015,0.9990145322,FALSE
1,582,193567,927.7777777778,961.1111111111,0.9970149254,1.0149253731,0.9974840406,FALSE
1,583,193913,961.1111111111,955.5555555556,1.0328358209,1.0298507463,0.9914382565,FALSE
1,584,194257,955.5555555556,972.2222222222,1.0268656716,1.0358208955,0.9937114002,FALSE
1,585,194607,972.2222222222,972.2222222222,1.0447761194,1.0447761194,0.9919317493,FALSE
1,586,194957,972.2222222222,902.7777777778,1.0447761194,1.0074626866,0.9978951896,FALSE
1,587,195282,902.7777777778,897.2222222222,0.9701492537,0.9671641791,0.9982213246,FALSE
1,588,195605,897.2222222222,997.2222222222,0.9641791045,1.0179104478,0.9974059178,FALSE
1,589,195964,997.2222222222,1000,1.071641791,1.0731343284,0.9958229294,FALSE
1,590,196324,1000,1008.3333333333,1.0746268657,1.0791044776,0.9948316251,FALSE
1,591,196687,1008.3333333333,1011.1111111111,1.0835820896,1.0850746269,0.9887273718,FALSE
1,592,197051,1011.1111111111,969.4444444444,1.0865671642,1.0641791045,0.9968481651,FALSE
1,593,197400,969.4444444444,933.3333333333,1.0417910448,1.0223880597,0.9966187185,FALSE
1,594,197736,933.3333333333,927.7777777778,1.0029850746,1,0.9966085453,FALSE
1,595,198070,927.7777777778,952.7777777778,0.9970149254,1.0104477612,0.9990016885,FALSE
1,596,198413,952.7777777778,975,1.023880597,1.0358208955,0.9791272839,FALSE
1,597,198764,975,1033.3333333333,1.047761194,1.0791044776,0.9979059061,FALSE
1,598,199136,1033.3333333333,969.4444444444,1.1104477612,1.076119403,0.9976688462,FALSE
1,599,199485,969.4444444444,886.1111111111,1.0417910448,0.9970149254,0.9948874954,FALSE
1,600,199804,886.1111111111,930.5555555556,0.952238806,0.976119403,0.9970781537,FALSE
1,601,200139,930.5555555556,994.4444444444,1,1.0343283582,0.9967710946,FALSE
1,602,200497,994.4444444444,1000,1.0686567164,1.071641791,0.9845142192,FALSE
1,603,200857,1000,1000,1.0746268657,1.0746268657,0.9849976141,FALSE
1,604,201217,1000,922.2222222222,1.0746268657,1.0328358209,0.9957826599,FALSE
1,605,201549,922.2222222222,863.8888888889,0.9910447761,0.9597014925,0.9918072089,FALSE
1,606,201860,863.8888888889,855.5555555556,0.928358209,0.923880597,0.9829809263,FALSE
1,607,202168,855.5555555556,869.4444444444,0.9194029851,0.9268656716,0.9894022238,FALSE
1,608,202481,869.4444444444,830.5555555556,0.9343283582,0.9134328358,0.9847711393,FALSE
1,609,202780,830.5555555556,847.2222222222,0.8925373134,0.9014925373,0.9886956796,FALSE
1,610,203085,847.2222222222,844.4444444444,0.9104477612,0.9089552239,0.9939099811,FALSE
1,611,203389,844.4444444444,819.4444444444,0.9074626866,0.8940298507,0.9855950109,FALSE
1,612,203684,819.4444444444,800,0.8805970149,0.8701492537,0.9755557615,FALSE
1,613,203972,800,816.6666666667,0.8597014925,0.8686567164,0.9876783993,FALSE
1,614,204266,816.6666666667,869.4444444444,0.8776119403,0.9059701493,0.9793855895,FALSE
1,615,204579,869.4444444444,941.6666666667,0.9343283582,0.9731343284,0.9916098722,FALSE
1,616,204918,941.6666666667,1047.2222222222,1.0119402985,1.0686567164,0.9958693135,FALSE
1,617,205295,1047.2222222222,1033.3333333333,1.1253731343,1.1179104478,0.9848801226,FALSE
1,618,205667,1033.3333333333,955.5555555556,1.1104477612,1.0686567164,0.9878808744,FALSE
1,619,206011,955.5555555556,972.2222222222,1.0268656716,1.0358208955,0.9838687458,FALSE
1,620,206361,972.2222222222,952.7777777778,1.0447761194,1.0343283582,0.9840553453,FALSE
1,621,206704,952.7777777778,1011.1111111111,1.023880597,1.0552238806,0.9905190369,FALSE
1,622,207068,1011.1111111111,1094.4444444444,1.0865671642,1.1313432836,0.9912349023,FALSE
1,623,207462,1094.4444444444,1030.5555555556,1.176119403,1.1417910448,0.9959917728,FALSE
1,624,207833,1030.5555555556,972.2222222222,1.1074626866,1.076119403,0.988525573,FALSE
1,625,208183,972.2222222222,969.4444444444,1.0447761194,1.0432835821,0.9916768776,FALSE
1,626,208532,969.4444444444,994.4444444444,1.0417910448,1.0552238806,0.9878604095,FALSE
1,627,208890,994.4444444444,1002.7777777778,1.0686567164,1.0731343284,0.9925805589,FALSE
1,628,209251,1002.7777777778,1011.1111111111,1.0776119403,1.0820895522,0.9959620549,FALSE
1,629,209615,1011.1111111111,991.6666666667,1.0865671642,1.076119403,0.9957790791,FALSE
1,630,209972,991.6666666667,927.7777777778,1.0656716418,1.0313432836,0.9940825377,FALSE
1,631,210306,927.7777777778,936.1111111111,0.9970149254,1.0014925373,0.9890792177,FALSE
1,632,210643,936.1111111111,963.8888888889,1.0059701493,1.0208955224,0.9784522165,FALSE
1,633,210990,963.8888888889,1013.8888888889,1.0358208955,1.0626865672,0.9925764367,FALSE
1,634,211355,1013.8888888889,1002.7777777778,1.0895522388,1.0835820896,0.9919304949,FALSE
1,635,211716,1002.7777777778,1013.8888888889,1.0776119403,1.0835820896,0.9925766023,FALSE
1,636,212081,1013.8888888889,947.2222222222,1.0895522388,1.0537313433,0.9960043866,FALSE
1,637,212422,947.2222222222,930.5555555556,1.0179104478,1.0089552239,0.9927351903,FALSE
1,638,212757,930.5555555556,997.2222222222,1,1.0358208955,0.9891921136,FALSE
1,639,213116,997.2222222222,997.2222222222,1.071641791,1.071641791,0.9944603583,FALSE
1,640,213475,997.2222222222,983.3333333333,1.071641791,1.0641791045,0.9931354459,FALSE
1,641,213829,983.3333333333,991.6666666667,1.0567164179,1.0611940299,0.9948396163,FALSE
1,642,214186,991.6666666667,941.6666666667,1.0656716418,1.0388059701,0.9927970658,FALSE
1,643,214525,941.6666666667,813.8888888889,1.0119402985,0.9432835821,0.990575871,FALSE
1,644,214818,813.8888888889,872.2222222222,0.8746268657,0.9059701493,0.9828590816,FALSE
1,645,215132,872.2222222222,963.8888888889,0.9373134328,0.9865671642,0.9952028644,FALSE
1,646,215479,963.8888888889,1011.1111111111,1.0358208955,1.0611940299,0.9959484756,FALSE
1,647,215843,1011.1111111111,1008.3333333333,1.0865671642,1.0850746269,0.992138972,FALSE
1,648,216206,1008.3333333333,916.6666666667,1.0835820896,1.0343283582,0.9855798851,FALSE
1,649,216536,916.6666666667,875,0.9850746269,0.9626865672,0.9852300008,FALSE
1,650,216851,875,861.1111111111,0.9402985075,0.9328358209,0.979200379,FALSE
1,651,217161,861.1111111111,908.3333333333,0.9253731343,0.9507462687,0.985052611,FALSE
1,652,217488,908.3333333333,905.5555555556,0.976119403,0.9746268657,0.9970548102,FALSE
1,653,217814,905.5555555556,897.2222222222,0.9731343284,0.9686567164,0.9950116436,FALSE
1,654,218137,897.2222222222,911.1111111111,0.9641791045,0.971641791,0.9876044676,FALSE
1,655,218465,911.1111111111,913.8888888889,0.9791044776,0.9805970149,0.9938484842,FALSE
1,656,218794,913.8888888889,916.6666666667,0.9820895522,0.9835820896,0.991584716,FALSE
1,657,219124,916.6666666667,908.3333333333,0.9850746269,0.9805970149,0.9927690478,FALSE
1,658,219451,908.3333333333,944.4444444444,0.976119403,0.9955223881,0.9812027613,FALSE
1,659,219791,944.4444444444,980.5555555556,1.0149253731,1.0343283582,0.9862431903,FALSE
1,660,220144,980.5555555556,1041.6666666667,1.0537313433,1.0865671642,0.9932161366,FALSE
1,661,220519,1041.6666666667,997.2222222222,1.1194029851,1.0955223881,0.9972328802,FALSE
1,662,220878,997.2222222222,966.6666666667,1.071641791,1.0552238806,0.99366997,FALSE
1,663,221226,966.6666666667,1033.3333333333,1.0388059701,1.0746268657,0.9864239487,FALSE
1,664,221598,1033.3333333333,1094.4444444444,1.1104477612,1.1432835821,0.9924815053,FALSE
1,665,221992,1094.4444444444,1113.8888888889,1.176119403,1.1865671642,0.9954509896,FALSE
1,666,222393,1113.8888888889,1058.3333333333,1.1970149254,1.1671641791,0.996393301,FALSE
1,667,222774,1058.3333333333,1016.6666666667,1.1373134328,1.1149253731,0.9962385996,FALSE
1,668,223140,1016.6666666667,994.4444444444,1.0925373134,1.0805970149,0.9860054049,FALSE
1,669,223498,994.4444444444,963.8888888889,1.0686567164,1.052238806,0.9934440384,FALSE
1,670,223845,963.8888888889,1000,1.0358208955,1.0552238806,0.9884951537,FALSE
1,671,224205,1000,1000,1.0746268657,1.0746268657,0.9966521142,FALSE
1,672,224565,1000,927.7777777778,1.0746268657,1.0358208955,0.9978436873,FALSE
1,673,224899,927.7777777778,919.4444444444,0.9970149254,0.9925373134,0.9977202291,FALSE
1,674,225230,919.4444444444,888.8888888889,0.9880597015,0.971641791,0.9878676417,FALSE
1,675,225550,888.8888888889,855.5555555556,0.9552238806,0.9373134328,0.9954494349,FALSE
1,676,225858,855.5555555556,883.3333333333,0.9194029851,0.9343283582,0.9908533617,FALSE
1,677,226176,883.3333333333,891.6666666667,0.9492537313,0.9537313433,0.9656970376,FALSE
1,678,226497,891.6666666667,902.7777777778,0.9582089552,0.9641791045,0.9810261859,FALSE
1,679,226822,902.7777777778,858.3333333333,0.9701492537,0.9462686567,0.9951656125,FALSE
1,680,227131,858.3333333333,805.5555555556,0.9223880597,0.8940298507,0.9963415607,FALSE
1,681,227421,805.5555555556,827.7777777778,0.8656716418,0.8776119403,0.9940131887,FALSE
1,682,227719,827.7777777778,822.2222222222,0.8895522388,0.8865671642,0.9595203311,FALSE
1,683,228015,822.2222222222,900,0.8835820896,0.9253731343,0.9764041301,FALSE
1,684,228339,900,941.6666666667,0.9671641791,0.9895522388,0.9658978988,FALSE
1,685,228678,941.6666666667,911.1111111111,1.0119402985,0.9955223881,0.9723885765,FALSE
1,686,229006,911.1111111111,908.3333333333,0.9791044776,0.9776119403,0.9863464813,FALSE
1,687,229333,908.3333333333,936.1111111111,0.976119403,0.9910447761,0.9829766656,FALSE
1,688,229670,936.1111111111,883.3333333333,1.0059701493,0.9776119403,0.9887394768,FALSE
1,689,229988,883.3333333333,833.3333333333,0.9492537313,0.9223880597,0.9874269641,FALSE
1,690,230288,833.3333333333,852.7777777778,0.8955223881,0.9059701493,0.968700818,FALSE
1,691,230595,852.7777777778,922.2222222222,0.9164179104,0.9537313433,0.969509691,FALSE
1,692,230927,922.2222222222,944.4444444444,0.9910447761,1.0029850746,0.9845882398,FALSE
1,693,231267,944.4444444444,958.3333333333,1.0149253731,1.0223880597,0.9882510598,FALSE
1,694,231612,958.3333333333,925,1.0298507463,1.0119402985,0.971876857,FALSE
1,695,231945,925,838.8888888889,0.9940298507,0.947761194,0.9894366519,FALSE
1,696,232247,838.8888888889,886.1111111111,0.9014925373,0.9268656716,0.9812813938,FALSE
1,697,232566,886.1111111111,958.3333333333,0.952238806,0.9910447761,0.9765498612,FALSE
1,698,232911,958.3333333333,969.4444444444,1.0298507463,1.0358208955,0.9894091617,FALSE
1,699,233260,969.4444444444,936.1111111111,1.0417910448,1.023880597,0.9903204318,FALSE
1,700,233597,936.1111111111,902.7777777778,1.0059701493,0.9880597015,0.9944355251,FALSE
1,701,233922,902.7777777778,894.4444444444,0.9701492537,0.9656716418,0.9788338082,FALSE
1,702,234244,894.4444444444,905.5555555556,0.9611940299,0.9671641791,0.9973481424,FALSE
1,703,234570,905.5555555556,897.2222222222,0.9731343284,0.9686567164,0.9948694273,FALSE
1,704,234893,897.2222222222,936.1111111111,0.9641791045,0.9850746269,0.9879828093,FALSE
1,705,235230,936.1111111111,966.6666666667,1.0059701493,1.0223880597,0.9809802339,FALSE
1,706,235578,966.6666666667,991.6666666667,1.0388059701,1.052238806,0.9956359004,FALSE
1,707,235935,991.6666666667,927.7777777778,1.0656716418,1.0313432836,0.9982446782,FALSE
1,708,236269,927.7777777778,905.5555555556,0.9970149254,0.9850746269,0.9966522369,FALSE
1,709,236595,905.5555555556,877.7777777778,0.9731343284,0.9582089552,0.9963351748,FALSE
1,710,236911,877.7777777778,908.3333333333,0.9432835821,0.9597014925,0.9933184784,FALSE
1,711,237238,908.3333333333,958.3333333333,0.976119403,1.0029850746,0.9891547994,FALSE
1,712,237583,958.3333333333,977.7777777778,1.0298507463,1.0402985075,0.9980262096,FALSE
1,713,237935,977.7777777778,863.8888888889,1.0507462687,0.9895522388,0.9817246526,FALSE
1,714,238246,863.8888888889,891.6666666667,0.928358209,0.9432835821,0.9896144627,FALSE
1,715,238567,891.6666666667,919.4444444444,0.9582089552,0.9731343284,0.9962770641,FALSE
1,716,238898,919.4444444444,997.2222222222,0.9880597015,1.0298507463,0.9968033113,FALSE
1,717,239257,997.2222222222,1002.7777777778,1.071641791,1.0746268657,0.993245834,FALSE
1,718,239618,1002.7777777778,952.7777777778,1.0776119403,1.0507462687,0.9843252823,FALSE
1,719,239961,952.7777777778,888.8888888889,1.023880597,0.9895522388,0.9979643521,FALSE
1,720,240281,888.8888888889,819.4444444444,0.9552238806,0.9179104478,0.9836591549,FALSE
1,721,240576,819.4444444444,800,0.8805970149,0.8701492537,0.9798997234,FALSE
1,722,240864,800,855.5555555556,0.8597014925,0.8895522388,0.9954517906,FALSE
1,723,241172,855.5555555556,955.5555555556,0.9194029851,0.9731343284,0.9961956103,FALSE
1,724,241516,955.5555555556,977.7777777778,1.0268656716,1.0388059701,0.9918119587,FALSE
1,725,241868,977.7777777778,1013.8888888889,1.0507462687,1.0701492537,0.9826978407,FALSE
1,726,242233,1013.8888888889,1016.6666666667,1.0895522388,1.0910447761,0.9952946213,FALSE
1,727,242599,1016.6666666667,1008.3333333333,1.0925373134,1.0880597015,0.9902149237,FALSE
1,728,242962,1008.3333333333,955.5555555556,1.0835820896,1.0552238806,0.9858811452,FALSE
1,729,243306,955.5555555556,991.6666666667,1.0268656716,1.0462686567,0.9921789533,FALSE
1,730,243663,991.6666666667,1000,1.0656716418,1.0701492537,0.9953441267,FALSE
1,731,244023,1000,930.5555555556,1.0746268657,1.0373134328,0.9784642232,FALSE
1,732,244358,930.5555555556,947.2222222222,1,1.0089552239,0.9792749685,FALSE
1,733,244699,947.2222222222,922.2222222222,1.0179104478,1.0044776119,0.9940744563,FALSE
1,734,245031,922.2222222222,938.8888888889,0.9910447761,1,0.9913364981,FALSE
1,735,245369,938.8888888889,988.8888888889,1.0089552239,1.0358208955,0.9708401695,FALSE
1,736,245725,988.8888888889,969.4444444444,1.0626865672,1.052238806,0.9685745118,FALSE
1,737,246074,969.4444444444,950,1.0417910448,1.0313432836,0.9906374865,FALSE
1,738,246416,950,927.7777777778,1.0208955224,1.0089552239,0.9872195924,FALSE
1,739,246750,927.7777777778,825,0.9970149254,0.9417910448,0.975356011,FALSE
1,740,247047,825,813.8888888889,0.8865671642,0.8805970149,0.9879296453,FALSE
1,741,247340,813.8888888889,830.5555555556,0.8746268657,0.8835820896,0.967946601,FALSE
1,742,247639,830.5555555556,872.2222222222,0.8925373134,0.9149253731,0.990296726,FALSE
1,743,247953,872.2222222222,847.2222222222,0.9373134328,0.923880597,0.9940991603,FALSE
1,744,248258,847.2222222222,852.7777777778,0.9104477612,0.9134328358,0.9952745421,FALSE
1,745,248565,852.7777777778,827.7777777778,0.9164179104,0.9029850746,0.9940031024,FALSE
1,746,248863,827.7777777778,833.3333333333,0.8895522388,0.8925373134,0.9962579632,FALSE
1,747,249163,833.3333333333,819.4444444444,0.8955223881,0.8880597015,0.9783347672,FALSE
1,748,249458,819.4444444444,794.4444444444,0.8805970149,0.8671641791,0.9951908758,FALSE
1,749,249744,794.4444444444,836.1111111111,0.8537313433,0.876119403,0.9964635545,FALSE
1,750,250045,836.1111111111,858.3333333333,0.8985074627,0.9104477612,0.9887071222,FALSE
1,751,250354,858.3333333333,833.3333333333,0.9223880597,0.9089552239,0.9969793464,FALSE
1,752,250654,833.3333333333,850,0.8955223881,0.9044776119,0.9807335872,FALSE
1,753,250960,850,769.4444444444,0.9134328358,0.8701492537,0.9957540883,FALSE
1,754,251237,769.4444444444,786.1111111111,0.8268656716,0.8358208955,0.9921064075,FALSE
1,755,251520,786.1111111111,816.6666666667,0.8447761194,0.8611940299,0.9848428447,FALSE
1,756,251814,816.6666666667,850,0.8776119403,0.8955223881,0.9938477692,FALSE
1,757,252120,850,988.8888888889,0.9134328358,0.9880597015,0.972525882,FALSE
1,758,252476,988.8888888889,983.3333333333,1.0626865672,1.0597014925,0.9960700583,FALSE
1,759,252830,983.3333333333,925,1.0567164179,1.0253731343,0.987480677,FALSE
1,760,253163,925,861.1111111111,0.9940298507,0.9597014925,0.9920531204,FALSE
1,761,253473,861.1111111111,805.5555555556,0.9253731343,0.8955223881,0.9958259158,FALSE
1,762,253763,805.5555555556,841.6666666667,0.8656716418,0.8850746269,0.9961882541,FALSE
1,763,254066,841.6666666667,813.8888888889,0.9044776119,0.8895522388,0.9780747219,FALSE
1,764,254359,813.8888888889,866.6666666667,0.8746268657,0.9029850746,0.9957397429,FALSE
1,765,254671,866.6666666667,905.5555555556,0.9313432836,0.952238806,0.9926606453,FALSE
1,766,254997,905.5555555556,863.8888888889,0.9731343284,0.9507462687,0.9948977068,FALSE
1,767,255308,863.8888888889,855.5555555556,0.928358209,0.923880597,0.9925824368,FALSE
1,768,255616,855.5555555556,844.4444444444,0.9194029851,0.9134328358,0.9902041162,FALSE
1,769,255920,844.4444444444,766.6666666667,0.9074626866,0.8656716418,0.9895800515,FALSE
1,770,256196,766.6666666667,872.2222222222,0.823880597,0.8805970149,0.3854917197,TRUE
1,771,256510,872.2222222222,838.8888888889,0.9373134328,0.9194029851,0.9809115066,FALSE
1,772,256812,838.8888888889,838.8888888889,0.9014925373,0.9014925373,0.986316586,FALSE
1,773,257114,838.8888888889,808.3333333333,0.9014925373,0.8850746269,0.9934860179,FALSE
1,774,257405,808.3333333333,500,0.8686567164,0.7029850746,0.9911541458,FALSE
1,775,257585,500,1041.6666666667,0.5373134328,0.828358209,0.7890225698,TRUE
1,776,257960,1041.6666666667,750,1.1194029851,0.9626865672,0.9863498371,FALSE
1,777,258230,750,844.4444444444,0.8059701493,0.8567164179,0.2578014065,TRUE
1,778,258534,844.4444444444,508.3333333333,0.9074626866,0.7268656716,0.9942775516,FALSE
1,779,258717,508.3333333333,1144.4444444444,0.5462686567,0.8880597015,0.7417225772,TRUE
1,780,259129,1144.4444444444,805.5555555556,1.2298507463,1.047761194,0.989636388,FALSE
1,781,259419,805.5555555556,505.5555555556,0.8656716418,0.7044776119,0.9970960557,FALSE
1,782,259601,505.5555555556,1086.1111111111,0.5432835821,0.8552238806,0.8210788741,TRUE
1,783,259992,1086.1111111111,488.8888888889,1.1671641791,0.8462686567,0.9921955338,FALSE
1,784,260168,488.8888888889,1191.6666666667,0.5253731343,0.9029850746,0.7526095697,TRUE
1,785,260597,1191.6666666667,811.1111111111,1.2805970149,1.076119403,0.9946575059,FALSE
1,786,260889,811.1111111111,811.1111111111,0.871641791,0.871641791,0.9941729319,FALSE
1,787,261181,811.1111111111,833.3333333333,0.871641791,0.8835820896,0.9957677908,FALSE
1,788,261481,833.3333333333,519.4444444444,0.8955223881,0.7268656716,0.9914928599,FALSE
1,789,261668,519.4444444444,1052.7777777778,0.5582089552,0.8447761194,0.7786872334,TRUE
1,790,262047,1052.7777777778,744.4444444444,1.1313432836,0.9656716418,0.9869919904,FALSE
1,791,262315,744.4444444444,730.5555555556,0.8,0.7925373134,0.9898114114,FALSE
1,792,262578,730.5555555556,727.7777777778,0.7850746269,0.7835820896,0.9926207105,FALSE
1,793,262840,727.7777777778,213.8888888889,0.7820895522,0.5059701493,0.1594127126,TRUE
1,794,262917,213.8888888889,1219.4444444444,0.2298507463,0.7701492537,0.708882496,TRUE
1,795,263356,1219.4444444444,808.3333333333,1.3104477612,1.0895522388,0.9910498032,FALSE
1,796,263647,808.3333333333,747.2222222222,0.8686567164,0.8358208955,0.9933303624,FALSE
1,797,263916,747.2222222222,825,0.8029850746,0.8447761194,0.2527451204,TRUE
1,798,264213,825,483.3333333333,0.8865671642,0.7029850746,0.9827203671,FALSE
1,799,264387,483.3333333333,1036.1111111111,0.5194029851,0.8164179104,0.7613547965,TRUE
1,800,264760,1036.1111111111,783.3333333333,1.1134328358,0.9776119403,0.9943872522,FALSE
1,801,265042,783.3333333333,819.4444444444,0.8417910448,0.8611940299,0.9954968538,FALSE
1,802,265337,819.4444444444,775,0.8805970149,0.8567164179,0.9909079767,FALSE
1,803,265616,775,880.5555555556,0.8328358209,0.8895522388,0.1582483388,TRUE
1,804,265933,880.5555555556,775,0.9462686567,0.8895522388,0.9960554286,FALSE
1,805,266212,775,741.6666666667,0.8328358209,0.8149253731,0.9970131693,FALSE
1,806,266479,741.6666666667,211.1111111111,0.7970149254,0.5119402985,0.3218369696,TRUE
1,807,266555,211.1111111111,1069.4444444444,0.2268656716,0.6880597015,0.7391518702,TRUE
1,808,266940,1069.4444444444,713.8888888889,1.1492537313,0.9582089552,0.9848191437,FALSE
1,809,267197,713.8888888889,825,0.7671641791,0.8268656716,0.3756806911,TRUE
1,810,267494,825,744.4444444444,0.8865671642,0.8432835821,0.9952097825,FALSE
1,811,267762,744.4444444444,758.3333333333,0.8,0.8074626866,0.9930192118,FALSE
1,812,268035,758.3333333333,255.5555555556,0.8149253731,0.5447761194,0.0528792737,TRUE
1,813,268127,255.5555555556,1058.3333333333,0.2746268657,0.7059701493,0.6706748816,TRUE
1,814,268508,1058.3333333333,675,1.1373134328,0.9313432836,0.9947329185,FALSE
1,815,268751,675,702.7777777778,0.7253731343,0.7402985075,0.6291031905,TRUE
1,816,269004,702.7777777778,733.3333333333,0.7552238806,0.771641791,0.9896494687,FALSE
1,817,269268,733.3333333333,722.2222222222,0.7880597015,0.7820895522,0.1743127842,TRUE
1,818,269528,722.2222222222,738.8888888889,0.776119403,0.7850746269,0.9786784849,FALSE
1,819,269794,738.8888888889,694.4444444444,0.7940298507,0.7701492537,0.0254882242,TRUE
1,820,270044,694.4444444444,711.1111111111,0.7462686567,0.7552238806,0.9813474177,FALSE
1,821,270300,711.1111111111,688.8888888889,0.7641791045,0.752238806,0.3703845369,TRUE
1,822,270548,688.8888888889,688.8888888889,0.7402985075,0.7402985075,0.9944323075,FALSE
1,823,270796,688.8888888889,644.4444444444,0.7402985075,0.7164179104,0.586605769,TRUE
1,824,271028,644.4444444444,455.5555555556,0.6925373134,0.5910447761,0.9950722198,FALSE
1,825,271192,455.5555555556,900,0.4895522388,0.728358209,0.8389885776,TRUE
1,826,271516,900,480.5555555556,0.9671641791,0.7417910448,0.9942986462,FALSE
1,827,271689,480.5555555556,994.4444444444,0.5164179104,0.7925373134,0.7877334127,TRUE
1,828,272047,994.4444444444,480.5555555556,1.0686567164,0.7925373134,0.9810505447,FALSE
1,829,272220,480.5555555556,1002.7777777778,0.5164179104,0.7970149254,0.8115854624,TRUE
1,830,272581,1002.7777777778,469.4444444444,1.0776119403,0.7910447761,0.9963510946,FALSE
1,831,272750,469.4444444444,922.2222222222,0.5044776119,0.747761194,0.8214888531,TRUE
1,832,273082,922.2222222222,444.4444444444,0.9910447761,0.7343283582,0.9776994934,FALSE
1,833,273242,444.4444444444,975,0.4776119403,0.7626865672,0.8390419098,TRUE
1,834,273593,975,483.3333333333,1.047761194,0.7835820896,0.9969243869,FALSE
1,835,273767,483.3333333333,1019.4444444444,0.5194029851,0.8074626866,0.795669314,TRUE
1,836,274134,1019.4444444444,497.2222222222,1.0955223881,0.8149253731,0.9674523343,FALSE
1,837,274313,497.2222222222,1033.3333333333,0.5343283582,0.8223880597,0.8107603593,TRUE
1,838,274685,1033.3333333333,461.1111111111,1.1104477612,0.8029850746,0.9933600153,FALSE
1,839,274851,461.1111111111,947.2222222222,0.4955223881,0.7567164179,0.8438127648,TRUE
1,840,275192,947.2222222222,472.2222222222,1.0179104478,0.7626865672,0.9968984849,FALSE
1,841,275362,472.2222222222,905.5555555556,0.5074626866,0.7402985075,0.8724448771,TRUE
1,842,275688,905.5555555556,733.3333333333,0.9731343284,0.8805970149,0.979118159,FALSE
1,843,275952,733.3333333333,702.7777777778,0.7880597015,0.771641791,0.3711780119,TRUE
1,844,276205,702.7777777778,488.8888888889,0.7552238806,0.6402985075,0.9969944289,FALSE
1,845,276381,488.8888888889,941.6666666667,0.5253731343,0.7686567164,0.8301432456,TRUE
1,846,276720,941.6666666667,494.4444444444,1.0119402985,0.771641791,0.9906967425,FALSE
1,847,276898,494.4444444444,913.8888888889,0.5313432836,0.7567164179,0.8246090748,TRUE
1,848,277227,913.8888888889,455.5555555556,0.9820895522,0.7358208955,0.9964332158,FALSE
1,849,277391,455.5555555556,916.6666666667,0.4895522388,0.7373134328,0.8405160287,TRUE
1,850,277721,916.6666666667,452.7777777778,0.9850746269,0.7358208955,0.986897554,FALSE
1,851,277884,452.7777777778,972.2222222222,0.4865671642,0.7656716418,0.8475361374,TRUE
1,852,278234,972.2222222222,497.2222222222,1.0447761194,0.7895522388,0.9955634942,FALSE
1,853,278413,497.2222222222,994.4444444444,0.5343283582,0.8014925373,0.7637395297,TRUE
1,854,278771,994.4444444444,477.7777777778,1.0686567164,0.7910447761,0.9965866727,FALSE
1,855,278943,477.7777777778,911.1111111111,0.5134328358,0.7462686567,0.8527873434,TRUE
1,856,279271,911.1111111111,444.4444444444,0.9791044776,0.728358209,0.9979990976,FALSE
1,857,279431,444.4444444444,861.1111111111,0.4776119403,0.7014925373,0.8566306165,TRUE
1,858,279741,861.1111111111,444.4444444444,0.9253731343,0.7014925373,0.9953851681,FALSE
1,859,279901,444.4444444444,911.1111111111,0.4776119403,0.728358209,0.9002065516,FALSE
1,860,280229,911.1111111111,483.3333333333,0.9791044776,0.7492537313,0.9898978433,FALSE
1,861,280403,483.3333333333,905.5555555556,0.5194029851,0.7462686567,0.8335790105,TRUE
1,862,280729,905.5555555556,480.5555555556,0.9731343284,0.7447761194,0.9751834049,FALSE
1,863,280902,480.5555555556,897.2222222222,0.5164179104,0.7402985075,0.8033631381,TRUE
1,864,281225,897.2222222222,458.3333333333,0.9641791045,0.728358209,0.9863190409,FALSE
1,865,281390,458.3333333333,886.1111111111,0.4925373134,0.7223880597,0.8785516315,TRUE
1,866,281709,886.1111111111,438.8888888889,0.952238806,0.7119402985,0.9917684329,FALSE
1,867,281867,438.8888888889,938.8888888889,0.471641791,0.7402985075,0.8435301527,TRUE
1,868,282205,938.8888888889,436.1111111111,1.0089552239,0.7388059701,0.9559267232,FALSE
1,869,282362,436.1111111111,980.5555555556,0.4686567164,0.7611940299,0.8421726956,TRUE
1,870,282715,980.5555555556,475,1.0537313433,0.7820895522,0.9873264098,FALSE
1,871,282886,475,955.5555555556,0.5104477612,0.7686567164,0.6953660585,TRUE
1,872,283230,955.5555555556,480.5555555556,1.0268656716,0.771641791,0.99616298,FALSE
1,873,283403,480.5555555556,866.6666666667,0.5164179104,0.723880597,0.8832362331,TRUE
1,874,283715,866.6666666667,438.8888888889,0.9313432836,0.7014925373,0.9952990069,FALSE
1,875,283873,438.8888888889,863.8888888889,0.471641791,0.7,0.8684970381,TRUE
1,876,284184,863.8888888889,472.2222222222,0.928358209,0.7179104478,0.9971077182,FALSE
1,877,284354,472.2222222222,938.8888888889,0.5074626866,0.7582089552,0.8565439032,TRUE
1,878,284692,938.8888888889,475,1.0089552239,0.7597014925,0.990820846,FALSE
1,879,284863,475,938.8888888889,0.5104477612,0.7597014925,0.87970786,TRUE
1,880,285201,938.8888888889,458.3333333333,1.0089552239,0.7507462687,0.9964934618,FALSE
1,881,285366,458.3333333333,913.8888888889,0.4925373134,0.7373134328,0.825073904,TRUE
1,882,285695,913.8888888889,427.7777777778,0.9820895522,0.7208955224,0.9945354376,FALSE
1,883,285849,427.7777777778,891.6666666667,0.4597014925,0.7089552239,0.8939798715,TRUE
1,884,286170,891.6666666667,450,0.9582089552,0.7208955224,0.9678348683,FALSE
1,885,286332,450,922.2222222222,0.4835820896,0.7373134328,0.8854466522,TRUE
1,886,286664,922.2222222222,461.1111111111,0.9910447761,0.7432835821,0.9950177851,FALSE
1,887,286830,461.1111111111,983.3333333333,0.4955223881,0.776119403,0.8735437537,TRUE
1,888,287184,983.3333333333,475,1.0567164179,0.7835820896,0.9894178336,FALSE
1,889,287355,475,1019.4444444444,0.5104477612,0.8029850746,0.88255771,TRUE
1,890,287722,1019.4444444444,447.2222222222,1.0955223881,0.7880597015,0.9754045089,FALSE
1,891,287883,447.2222222222,966.6666666667,0.4805970149,0.7597014925,0.8425215534,TRUE
1,892,288231,966.6666666667,441.6666666667,1.0388059701,0.7567164179,0.9903096911,FALSE
1,893,288390,441.6666666667,988.8888888889,0.4746268657,0.7686567164,0.8926885697,TRUE
1,894,288746,988.8888888889,472.2222222222,1.0626865672,0.7850746269,0.9882943544,FALSE
1,895,288916,472.2222222222,1061.1111111111,0.5074626866,0.823880597,0.8401020872,TRUE
1,896,289298,1061.1111111111,497.2222222222,1.1402985075,0.8373134328,0.9964354101,FALSE
1,897,289477,497.2222222222,983.3333333333,0.5343283582,0.7955223881,0.8291915706,TRUE
1,898,289831,983.3333333333,461.1111111111,1.0567164179,0.776119403,0.9936390958,FALSE
1,899,289997,461.1111111111,897.2222222222,0.4955223881,0.7298507463,0.8788895269,TRUE
1,900,290320,897.2222222222,466.6666666667,0.9641791045,0.7328358209,0.9785316069,FALSE
1,901,290488,466.6666666667,916.6666666667,0.5014925373,0.7432835821,0.8773145275,TRUE
1,902,290818,916.6666666667,488.8888888889,0.9850746269,0.7552238806,0.9888994231,FALSE
1,903,290994,488.8888888889,938.8888888889,0.5253731343,0.7671641791,0.8453183442,TRUE
1,904,291332,938.8888888889,494.4444444444,1.0089552239,0.7701492537,0.9925348552,FALSE
1,905,291510,494.4444444444,930.5555555556,0.5313432836,0.7656716418,0.857161738,TRUE
1,906,291845,930.5555555556,475,1,0.7552238806,0.9884027906,FALSE
1,907,292016,475,894.4444444444,0.5104477612,0.7358208955,0.9483788933,FALSE
1,908,292338,894.4444444444,463.8888888889,0.9611940299,0.7298507463,0.976189322,FALSE
1,909,292505,463.8888888889,922.2222222222,0.4985074627,0.7447761194,0.9100582771,FALSE
1,910,292837,922.2222222222,463.8888888889,0.9910447761,0.7447761194,0.9741417466,FALSE
1,911,293004,463.8888888889,1005.5555555556,0.4985074627,0.7895522388,0.9314044255,FALSE
1,912,293366,1005.5555555556,480.5555555556,1.0805970149,0.7985074627,0.9949420419,FALSE
1,913,293539,480.5555555556,1066.6666666667,0.5164179104,0.8313432836,0.8301198779,TRUE
1,914,293923,1066.6666666667,483.3333333333,1.1462686567,0.8328358209,0.9745066188,FALSE
1,915,294097,483.3333333333,963.8888888889,0.5194029851,0.7776119403,0.6999374966,TRUE
1,916,294444,963.8888888889,705.5555555556,1.0358208955,0.8970149254,0.9872266678,FALSE
1,917,294698,705.5555555556,700,0.7582089552,0.7552238806,0.5642250642,TRUE
1,918,294950,700,1436.1111111111,0.752238806,1.147761194,0.9787043765,FALSE
1,919,295467,1436.1111111111,555.5555555556,1.5432835821,1.0701492537,0.9951574593,FALSE
1,920,295667,555.5555555556,944.4444444444,0.5970149254,0.8059701493,0.7909111109,TRUE
1,921,296007,944.4444444444,494.4444444444,1.0149253731,0.7731343284,0.9788144004,FALSE
1,922,296185,494.4444444444,972.2222222222,0.5313432836,0.7880597015,0.8586788307,TRUE
1,923,296535,972.2222222222,463.8888888889,1.0447761194,0.771641791,0.989761459,FALSE
1,924,296702,463.8888888889,983.3333333333,0.4985074627,0.7776119403,0.8871105464,TRUE
1,925,297056,983.3333333333,466.6666666667,1.0567164179,0.7791044776,0.9765201385,FALSE
1,926,297224,466.6666666667,1080.5555555556,0.5014925373,0.8313432836,0.8625245285,TRUE
1,927,297613,1080.5555555556,491.6666666667,1.1611940299,0.8447761194,0.9909540927,FALSE
1,928,297790,491.6666666667,1161.1111111111,0.528358209,0.8880597015,0.8762115983,TRUE
1,929,298208,1161.1111111111,494.4444444444,1.247761194,0.8895522388,0.9775958887,FALSE
1,930,298386,494.4444444444,1133.3333333333,0.5313432836,0.8746268657,0.8552158557,TRUE
1,931,298794,1133.3333333333,463.8888888889,1.2179104478,0.8582089552,0.9896807463,FALSE
1,932,298961,463.8888888889,1127.7777777778,0.4985074627,0.8552238806,0.8654021854,TRUE
1,933,299367,1127.7777777778,480.5555555556,1.2119402985,0.8641791045,0.9852834833,FALSE
1,934,299540,480.5555555556,1269.4444444444,0.5164179104,0.9402985075,0.8732576885,TRUE
1,935,299997,1269.4444444444,508.3333333333,1.3641791045,0.9552238806,0.9952040946,FALSE
1,936,300180,508.3333333333,1197.2222222222,0.5462686567,0.9164179104,0.8357678069,TRUE
1,937,300611,1197.2222222222,488.8888888889,1.2865671642,0.9059701493,0.9945810405,FALSE
1,938,300787,488.8888888889,1183.3333333333,0.5253731343,0.8985074627,0.8576248154,TRUE
1,939,301213,1183.3333333333,486.1111111111,1.271641791,0.8970149254,0.9906692923,FALSE
1,940,301388,486.1111111111,1222.2222222222,0.5223880597,0.9179104478,0.8952988493,TRUE
1,941,301828,1222.2222222222,505.5555555556,1.3134328358,0.928358209,0.989424079,FALSE
1,942,302010,505.5555555556,1202.7777777778,0.5432835821,0.9179104478,0.8567408681,TRUE
1,943,302443,1202.7777777778,527.7777777778,1.2925373134,0.9298507463,0.9967736305,FALSE
1,944,302633,527.7777777778,1113.8888888889,0.5671641791,0.8820895522,0.8774892663,TRUE
1,945,303034,1113.8888888889,491.6666666667,1.1970149254,0.8626865672,0.9747300291,FALSE
1,946,303211,491.6666666667,1016.6666666667,0.528358209,0.8104477612,0.7922537711,TRUE
1,947,303577,1016.6666666667,488.8888888889,1.0925373134,0.8089552239,0.988726245,FALSE
1,948,303753,488.8888888889,1130.5555555556,0.5253731343,0.8701492537,0.828502222,TRUE
1,949,304160,1130.5555555556,511.1111111111,1.2149253731,0.8820895522,0.9926567908,FALSE
1,950,304344,511.1111111111,1222.2222222222,0.5492537313,0.9313432836,0.84785252,TRUE
1,951,304784,1222.2222222222,511.1111111111,1.3134328358,0.9313432836,0.9726223293,FALSE
1,952,304968,511.1111111111,1144.4444444444,0.5492537313,0.8895522388,0.8483000517,TRUE
1,953,305380,1144.4444444444,472.2222222222,1.2298507463,0.8686567164,0.9857483501,FALSE
1,954,305550,472.2222222222,1177.7777777778,0.5074626866,0.8865671642,0.8472312331,TRUE
1,955,305974,1177.7777777778,527.7777777778,1.2656716418,0.9164179104,0.994697379,FALSE
1,956,306164,527.7777777778,1211.1111111111,0.5671641791,0.9343283582,0.8086356411,TRUE
1,957,306600,1211.1111111111,536.1111111111,1.3014925373,0.9388059701,0.9860760243,FALSE
1,958,306793,536.1111111111,1100,0.576119403,0.8791044776,0.75248248,TRUE
1,959,307189,1100,747.2222222222,1.1820895522,0.9925373134,0.9905097839,FALSE
1,960,307458,747.2222222222,816.6666666667,0.8029850746,0.8402985075,0.2297653205,TRUE
1,961,307752,816.6666666667,500,0.8776119403,0.7074626866,0.9886902351,FALSE
1,962,307932,500,1147.2222222222,0.5373134328,0.8850746269,0.9023939075,FALSE
1,963,308345,1147.2222222222,516.6666666667,1.2328358209,0.8940298507,0.9875518142,FALSE
1,964,308531,516.6666666667,1200,0.5552238806,0.9223880597,0.8488109615,TRUE
1,965,308963,1200,538.8888888889,1.2895522388,0.9343283582,0.9886727011,FALSE
1,966,309157,538.8888888889,1147.2222222222,0.5791044776,0.9059701493,0.8162627267,TRUE
1,967,309570,1147.2222222222,480.5555555556,1.2328358209,0.8746268657,0.9846392636,FALSE
1,968,309743,480.5555555556,1091.6666666667,0.5164179104,0.8447761194,0.8611190559,TRUE
1,969,310136,1091.6666666667,1630.5555555556,1.1731343284,1.4626865672,0.9842940265,FALSE
1,970,310723,1630.5555555556,547.2222222222,1.752238806,1.1701492537,0.9779667714,FALSE
1,971,310920,547.2222222222,1094.4444444444,0.5880597015,0.8820895522,0.8358104862,TRUE
1,972,311314,1094.4444444444,511.1111111111,1.176119403,0.8626865672,0.9628986683,FALSE
1,973,311498,511.1111111111,1041.6666666667,0.5492537313,0.8343283582,0.8943577011,TRUE
1,974,311873,1041.6666666667,744.4444444444,1.1194029851,0.9597014925,0.9940830954,FALSE
1,975,312141,744.4444444444,197.2222222222,0.8,0.5059701493,0.3189803701,TRUE
1,976,312212,197.2222222222,1186.1111111111,0.2119402985,0.7432835821,0.6545881332,TRUE
1,977,312639,1186.1111111111,494.4444444444,1.2746268657,0.9029850746,0.9921945456,FALSE
1,978,312817,494.4444444444,1111.1111111111,0.5313432836,0.8626865672,0.8474863201,TRUE
1,979,313217,1111.1111111111,505.5555555556,1.1940298507,0.8686567164,0.9896257604,FALSE
1,980,313399,505.5555555556,505.5555555556,0.5432835821,0.5432835821,0.8554031203,TRUE
1,981,313581,505.5555555556,1150,0.5432835821,0.8895522388,0.6672478926,TRUE
1,982,313995,1150,683.3333333333,1.2358208955,0.9850746269,0.9912213062,FALSE
1,983,314241,683.3333333333,850,0.7343283582,0.823880597,0.5280586448,TRUE
1,984,314547,850,488.8888888889,0.9134328358,0.7194029851,0.9944944733,FALSE
1,985,314723,488.8888888889,1094.4444444444,0.5253731343,0.8507462687,0.8339001492,TRUE
1,986,315117,1094.4444444444,766.6666666667,1.176119403,1,0.9786642677,FALSE
1,987,315393,766.6666666667,833.3333333333,0.823880597,0.8597014925,0.1678843687,TRUE
1,988,315693,833.3333333333,738.8888888889,0.8955223881,0.8447761194,0.9940673681,FALSE
1,989,315959,738.8888888889,730.5555555556,0.7940298507,0.7895522388,0.2150355249,TRUE
1,990,316222,730.5555555556,472.2222222222,0.7850746269,0.6462686567,0.9953582937,FALSE
1,991,316392,472.2222222222,997.2222222222,0.5074626866,0.7895522388,0.8279480298,TRUE
1,992,316751,997.2222222222,502.7777777778,1.071641791,0.8059701493,0.9937089738,FALSE
1,993,316932,502.7777777778,1066.6666666667,0.5402985075,0.8432835821,0.7888602067,TRUE
1,994,317316,1066.6666666667,491.6666666667,1.1462686567,0.8373134328,0.9884492255,FALSE
1,995,317493,491.6666666667,1061.1111111111,0.528358209,0.8343283582,0.8191667201,TRUE
1,996,317875,1061.1111111111,486.1111111111,1.1402985075,0.8313432836,0.9938658657,FALSE
1,997,318050,486.1111111111,1075,0.5223880597,0.8388059701,0.8140095817,TRUE
1,998,318437,1075,480.5555555556,1.1552238806,0.8358208955,0.9930932148,FALSE
1,999,318610,480.5555555556,1080.5555555556,0.5164179104,0.8388059701,0.8741616959,TRUE
1,1000,318999,1080.5555555556,494.4444444444,1.1611940299,0.8462686567,0.9746648073,FALSE
1,1001,319177,494.4444444444,1130.5555555556,0.5313432836,0.8731343284,0.809668071,TRUE
1,1002,319584,1130.5555555556,763.8888888889,1.2149253731,1.0179104478,0.9800646208,FALSE
1,1003,319859,763.8888888889,852.7777777778,0.8208955224,0.8686567164,0.2117770861,TRUE
1,1004,320166,852.7777777778,494.4444444444,0.9164179104,0.723880597,0.9990317379,FALSE
1,1005,320344,494.4444444444,963.8888888889,0.5313432836,0.7835820896,0.8244823143,TRUE
1,1006,320691,963.8888888889,722.2222222222,1.0358208955,0.9059701493,0.9724558646,FALSE
1,1007,320951,722.2222222222,783.3333333333,0.776119403,0.8089552239,0.9942921574,FALSE
1,1008,321233,783.3333333333,250,0.8417910448,0.5552238806,0.0758320496,TRUE
1,1009,321323,250,1213.8888888889,0.2686567164,0.7865671642,0.7197935491,TRUE
1,1010,321760,1213.8888888889,733.3333333333,1.3044776119,1.0462686567,0.9794896319,FALSE
1,1011,322024,733.3333333333,855.5555555556,0.7880597015,0.8537313433,0.6039993369,TRUE
1,1012,322332,855.5555555556,719.4444444444,0.9194029851,0.8462686567,0.9893271426,FALSE
1,1013,322591,719.4444444444,819.4444444444,0.7731343284,0.8268656716,0.1663216629,TRUE
1,1014,322886,819.4444444444,494.4444444444,0.8805970149,0.7059701493,0.9977924875,FALSE
1,1015,323064,494.4444444444,1138.8888888889,0.5313432836,0.8776119403,0.839095738,TRUE
1,1016,323474,1138.8888888889,775,1.223880597,1.028358209,0.9976828248,FALSE
1,1017,323753,775,875,0.8328358209,0.8865671642,0.0160826218,TRUE
1,1018,324068,875,786.1111111111,0.9402985075,0.8925373134,0.9977512444,FALSE
1,1019,324351,786.1111111111,738.8888888889,0.8447761194,0.8194029851,0.9725889235,FALSE
1,1020,324617,738.8888888889,727.7777777778,0.7940298507,0.7880597015,0.9884491625,FALSE
1,1021,324879,727.7777777778,752.7777777778,0.7820895522,0.7955223881,0.9741996435,FALSE
1,1022,325150,752.7777777778,200,0.8089552239,0.5119402985,0.4910282748,TRUE
1,1023,325222,200,1116.6666666667,0.2149253731,0.7074626866,0.5285694031,TRUE
1,1024,325624,1116.6666666667,797.2222222222,1.2,1.028358209,0.9878202261,FALSE
1,1025,325911,797.2222222222,780.5555555556,0.8567164179,0.847761194,0.9952493925,FALSE
1,1026,326192,780.5555555556,755.5555555556,0.8388059701,0.8253731343,0.991088454,FALSE
1,1027,326464,755.5555555556,752.7777777778,0.8119402985,0.8104477612,0.9934650408,FALSE
1,1028,326735,752.7777777778,811.1111111111,0.8089552239,0.8402985075,0.5509395718,TRUE
1,1029,327027,811.1111111111,486.1111111111,0.871641791,0.6970149254,0.9842475737,FALSE
1,1030,327202,486.1111111111,1050,0.5223880597,0.8253731343,0.8575318648,TRUE
1,1031,327580,1050,605.5555555556,1.128358209,0.8895522388,0.9858960702,FALSE
1,1032,327798,605.5555555556,1002.7777777778,0.6507462687,0.8641791045,0.8840886735,TRUE
1,1033,328159,1002.7777777778,777.7777777778,1.0776119403,0.9567164179,0.9627556183,FALSE
1,1034,328439,777.7777777778,505.5555555556,0.8358208955,0.6895522388,0.9954421245,FALSE
1,1035,328621,505.5555555556,475,0.5432835821,0.5268656716,0.7796100595,TRUE
1,1036,328792,475,1161.1111111111,0.5104477612,0.8791044776,0.8456911734,TRUE
1,1037,329210,1161.1111111111,725,1.247761194,1.0134328358,0.981333166,FALSE
1,1038,329471,725,825,0.7791044776,0.8328358209,0.4747694494,TRUE
1,1039,329768,825,1672.2222222222,0.8865671642,1.3417910448,0.9867437954,FALSE
1,1040,330370,1672.2222222222,783.3333333333,1.7970149254,1.3194029851,0.9921984117,FALSE
1,1041,330652,783.3333333333,819.4444444444,0.8417910448,0.8611940299,0.9864462965,FALSE
1,1042,330947,819.4444444444,819.4444444444,0.8805970149,0.8805970149,0.9870819945,FALSE
1,1043,331242,819.4444444444,861.1111111111,0.8805970149,0.9029850746,0.9907589833,FALSE
1,1044,331552,861.1111111111,738.8888888889,0.9253731343,0.8597014925,0.9830906923,FALSE
1,1045,331818,738.8888888889,991.6666666667,0.7940298507,0.9298507463,0.279478124,TRUE
1,1046,332175,991.6666666667,947.2222222222,1.0656716418,1.0417910448,0.9952277248,FALSE
1,1047,332516,947.2222222222,897.2222222222,1.0179104478,0.9910447761,0.9926824281,FALSE
1,1048,332839,897.2222222222,905.5555555556,0.9641791045,0.9686567164,0.9840855497,FALSE
1,1049,333165,905.5555555556,977.7777777778,0.9731343284,1.0119402985,0.9939795935,FALSE
1,1050,333517,977.7777777778,891.6666666667,1.0507462687,1.0044776119,0.9844814569,FALSE
1,1051,333838,891.6666666667,916.6666666667,0.9582089552,0.971641791,0.9845053889,FALSE
1,1052,334168,916.6666666667,969.4444444444,0.9850746269,1.0134328358,0.9867602309,FALSE
1,1053,334517,969.4444444444,938.8888888889,1.0417910448,1.0253731343,0.993684285,FALSE
1,1054,334855,938.8888888889,897.2222222222,1.0089552239,0.9865671642,0.9964154804,FALSE
1,1055,335178,897.2222222222,888.8888888889,0.9641791045,0.9597014925,0.987599986,FALSE
1,1056,335498,888.8888888889,833.3333333333,0.9552238806,0.9253731343,0.9829833442,FALSE
1,1057,335798,833.3333333333,861.1111111111,0.8955223881,0.9104477612,0.9910179317,FALSE
1,1058,336108,861.1111111111,877.7777777778,0.9253731343,0.9343283582,0.9937011026,FALSE
1,1059,336424,877.7777777778,911.1111111111,0.9432835821,0.9611940299,0.9856217749,FALSE
1,1060,336752,911.1111111111,877.7777777778,0.9791044776,0.9611940299,0.9846244224,FALSE
1,1061,337068,877.7777777778,819.4444444444,0.9432835821,0.9119402985,0.9556375928,FALSE
1,1062,337363,819.4444444444,813.8888888889,0.8805970149,0.8776119403,0.9881138811,FALSE
1,1063,337656,813.8888888889,811.1111111111,0.8746268657,0.8731343284,0.9925831108,FALSE
1,1064,337948,811.1111111111,802.7777777778,0.871641791,0.8671641791,0.9948946646,FALSE
1,1065,338237,802.7777777778,877.7777777778,0.8626865672,0.9029850746,0.9902908294,FALSE
1,1066,338553,877.7777777778,894.4444444444,0.9432835821,0.952238806,0.9787000945,FALSE
1,1067,338875,894.4444444444,866.6666666667,0.9611940299,0.9462686567,0.995306711,FALSE
1,1068,339187,866.6666666667,886.1111111111,0.9313432836,0.9417910448,0.9909694068,FALSE
1,1069,339506,886.1111111111,872.2222222222,0.952238806,0.9447761194,0.9881623345,FALSE
1,1070,339820,872.2222222222,841.6666666667,0.9373134328,0.9208955224,0.9936197179,FALSE
1,1071,340123,841.6666666667,875,0.9044776119,0.9223880597,0.988726412,FALSE
1,1072,340438,875,955.5555555556,0.9402985075,0.9835820896,0.9866293233,FALSE
1,1073,340782,955.5555555556,927.7777777778,1.0268656716,1.0119402985,0.9943947146,FALSE
1,1074,341116,927.7777777778,950,0.9970149254,1.0089552239,0.9946731927,FALSE
1,1075,341458,950,950,1.0208955224,1.0208955224,0.987479692,FALSE
1,1076,341800,950,863.8888888889,1.0208955224,0.9746268657,0.9961283662,FALSE
1,1077,342111,863.8888888889,888.8888888889,0.928358209,0.9417910448,0.9873093176,FALSE
1,1078,342431,888.8888888889,952.7777777778,0.9552238806,0.9895522388,0.9876327337,FALSE
1,1079,342774,952.7777777778,936.1111111111,1.023880597,1.0149253731,0.9954508558,FALSE
1,1080,343111,936.1111111111,941.6666666667,1.0059701493,1.0089552239,0.9950680124,FALSE
1,1081,343450,941.6666666667,897.2222222222,1.0119402985,0.9880597015,0.9967889618,FALSE
1,1082,343773,897.2222222222,877.7777777778,0.9641791045,0.9537313433,0.9947162523,FALSE
1,1083,344089,877.7777777778,886.1111111111,0.9432835821,0.947761194,0.9881896181,FALSE
1,1084,344408,886.1111111111,825,0.952238806,0.9194029851,0.9717491331,FALSE
1,1085,344705,825,886.1111111111,0.8865671642,0.9194029851,0.9734348706,FALSE
1,1086,345024,886.1111111111,930.5555555556,0.952238806,0.976119403,0.9805196274,FALSE
1,1087,345359,930.5555555556,905.5555555556,1,0.9865671642,0.9844451647,FALSE
1,1088,345685,905.5555555556,911.1111111111,0.9731343284,0.976119403,0.9935638002,FALSE
1,1089,346013,911.1111111111,863.8888888889,0.9791044776,0.9537313433,0.9831689016,FALSE
1,1090,346324,863.8888888889,813.8888888889,0.928358209,0.9014925373,0.9682442584,FALSE
1,1091,346617,813.8888888889,788.8888888889,0.8746268657,0.8611940299,0.9790349761,FALSE
1,1092,346901,788.8888888889,747.2222222222,0.847761194,0.8253731343,0.9888672804,FALSE
1,1093,347170,747.2222222222,802.7777777778,0.8029850746,0.8328358209,0.9903035485,FALSE
1,1094,347459,802.7777777778,819.4444444444,0.8626865672,0.871641791,0.9731884108,FALSE
1,1095,347754,819.4444444444,563.8888888889,0.8805970149,0.7432835821,0.9895740386,FALSE
1,1096,347957,563.8888888889,447.2222222222,0.6059701493,0.5432835821,0.9139337129,FALSE
1,1097,348118,447.2222222222,1102.7777777778,0.4805970149,0.8328358209,0.6567179246,TRUE
1,1098,348515,1102.7777777778,500,1.1850746269,0.8611940299,0.9849269237,FALSE
1,1099,348695,500,983.3333333333,0.5373134328,0.7970149254,0.7608949043,TRUE
1,1100,349049,983.3333333333,586.1111111111,1.0567164179,0.8432835821,0.9921515719,FALSE
1,1101,349260,586.1111111111,916.6666666667,0.6298507463,0.8074626866,0.5075344497,TRUE
1,1102,349590,916.6666666667,508.3333333333,0.9850746269,0.7656716418,0.9976935459,FALSE
1,1103,349773,508.3333333333,977.7777777778,0.5462686567,0.7985074627,0.7305473831,TRUE
1,1104,350125,977.7777777778,513.8888888889,1.0507462687,0.8014925373,0.9960559787,FALSE
1,1105,350310,513.8888888889,969.4444444444,0.552238806,0.7970149254,0.6899619488,TRUE
1,1106,350659,969.4444444444,683.3333333333,1.0417910448,0.8880597015,0.9808801025,FALSE
1,1107,350905,683.3333333333,497.2222222222,0.7343283582,0.6343283582,0.9804093019,FALSE
1,1108,351084,497.2222222222,447.2222222222,0.5343283582,0.5074626866,0.8013000509,TRUE
1,1109,351245,447.2222222222,1136.1111111111,0.4805970149,0.8507462687,0.6959032384,TRUE
1,1110,351654,1136.1111111111,516.6666666667,1.2208955224,0.8880597015,0.9945570324,FALSE
1,1111,351840,516.6666666667,1122.2222222222,0.5552238806,0.8805970149,0.724865021,TRUE
1,1112,352244,1122.2222222222,755.5555555556,1.2059701493,1.0089552239,0.9988496725,FALSE
1,1113,352516,755.5555555556,738.8888888889,0.8119402985,0.8029850746,0.9792036804,FALSE
1,1114,352782,738.8888888889,486.1111111111,0.7940298507,0.6582089552,0.9873315581,FALSE
1,1115,352957,486.1111111111,1638.8888888889,0.5223880597,1.1417910448,0.7887266316,TRUE
1,1116,353547,1638.8888888889,1694.4444444444,1.7611940299,1.7910447761,0.9917315598,FALSE
1,1117,354157,1694.4444444444,1644.4444444444,1.8208955224,1.7940298507,0.9831379056,FALSE
1,1118,354749,1644.4444444444,736.1111111111,1.7671641791,1.2791044776,0.9977975733,FALSE
1,1119,355014,736.1111111111,725,0.7910447761,0.7850746269,0.992161192,FALSE
1,1120,355275,725,733.3333333333,0.7791044776,0.7835820896,0.9963126022,FALSE
1,1121,355539,733.3333333333,755.5555555556,0.7880597015,0.8,0.9897741387,FALSE
1,1122,355811,755.5555555556,844.4444444444,0.8119402985,0.8597014925,0.992739916,FALSE
1,1123,356115,844.4444444444,861.1111111111,0.9074626866,0.9164179104,0.9893045062,FALSE
1,1124,356425,861.1111111111,775,0.9253731343,0.8791044776,0.9767118941,FALSE
1,1125,356704,775,863.8888888889,0.8328358209,0.8805970149,0.1803198735,TRUE
1,1126,357015,863.8888888889,797.2222222222,0.928358209,0.8925373134,0.9832397616,FALSE
1,1127,357302,797.2222222222,755.5555555556,0.8567164179,0.8343283582,0.9945459314,FALSE
1,1128,357574,755.5555555556,838.8888888889,0.8119402985,0.8567164179,0.9774243591,FALSE
1,1129,357876,838.8888888889,938.8888888889,0.9014925373,0.9552238806,0.9660342996,FALSE
1,1130,358214,938.8888888889,797.2222222222,1.0089552239,0.9328358209,0.9772809661,FALSE
1,1131,358501,797.2222222222,916.6666666667,0.8567164179,0.9208955224,0.2238534909,FALSE
1,1132,358831,916.6666666667,847.2222222222,0.9850746269,0.947761194,0.9693578753,FALSE
1,1133,359136,847.2222222222,786.1111111111,0.9104477612,0.8776119403,0.9941015727,FALSE
1,1134,359419,786.1111111111,763.8888888889,0.8447761194,0.8328358209,0.9936200035,FALSE
1,1135,359694,763.8888888889,213.8888888889,0.8208955224,0.5253731343,0.1419168914,TRUE
1,1136,359771,213.8888888889,1200,0.2298507463,0.7597014925,0.8681300046,TRUE
1,1137,360203,1200,763.8888888889,1.2895522388,1.0552238806,0.9835068154,FALSE
1,1138,360478,763.8888888889,944.4444444444,0.8208955224,0.9179104478,0.1138272479,TRUE
1,1139,360818,944.4444444444,822.2222222222,1.0149253731,0.9492537313,0.9924986287,FALSE
1,1140,361114,822.2222222222,758.3333333333,0.8835820896,0.8492537313,0.9932711747,FALSE
1,1141,361387,758.3333333333,744.4444444444,0.8149253731,0.8074626866,0.9969613297,FALSE
1,1142,361655,744.4444444444,186.1111111111,0.8,0.5,0.2552377331,TRUE
1,1143,361722,186.1111111111,1177.7777777778,0.2,0.7328358209,0.8324816807,TRUE
1,1144,362146,1177.7777777778,752.7777777778,1.2656716418,1.0373134328,0.9956751834,FALSE
1,1145,362417,752.7777777778,1005.5555555556,0.8089552239,0.9447761194,0.0655948936,TRUE
1,1146,362779,1005.5555555556,830.5555555556,1.0805970149,0.9865671642,0.9967788036,FALSE
1,1147,363078,830.5555555556,800,0.8925373134,0.876119403,0.9882308917,FALSE
1,1148,363366,800,783.3333333333,0.8597014925,0.8507462687,0.9981697267,FALSE
1,1149,363648,783.3333333333,766.6666666667,0.8417910448,0.8328358209,0.9926302481,FALSE
1,1150,363924,766.6666666667,766.6666666667,0.823880597,0.823880597,0.9714005708,FALSE
1,1151,364200,766.6666666667,786.1111111111,0.823880597,0.8343283582,0.989572834,FALSE
1,1152,364483,786.1111111111,852.7777777778,0.8447761194,0.8805970149,0.9821340244,FALSE
1,1153,364790,852.7777777778,819.4444444444,0.9164179104,0.8985074627,0.9951131114,FALSE
1,1154,365085,819.4444444444,811.1111111111,0.8805970149,0.876119403,0.9925800187,FALSE
1,1155,365377,811.1111111111,833.3333333333,0.871641791,0.8835820896,0.9962330263,FALSE
1,1156,365677,833.3333333333,813.8888888889,0.8955223881,0.8850746269,0.9985200876,FALSE
1,1157,365970,813.8888888889,769.4444444444,0.8746268657,0.8507462687,0.9990570351,FALSE
1,1158,366247,769.4444444444,763.8888888889,0.8268656716,0.823880597,0.9865652186,FALSE
1,1159,366522,763.8888888889,819.4444444444,0.8208955224,0.8507462687,0.9908998345,FALSE
1,1160,366817,819.4444444444,875,0.8805970149,0.9104477612,0.982518035,FALSE
1,1161,367132,875,866.6666666667,0.9402985075,0.9358208955,0.996424674,FALSE
1,1162,367444,866.6666666667,805.5555555556,0.9313432836,0.8985074627,0.9951227616,FALSE
1,1163,367734,805.5555555556,786.1111111111,0.8656716418,0.8552238806,0.9933250383,FALSE
1,1164,368017,786.1111111111,794.4444444444,0.8447761194,0.8492537313,0.9943253327,FALSE
1,1165,368303,794.4444444444,811.1111111111,0.8537313433,0.8626865672,0.9973935256,FALSE
1,1166,368595,811.1111111111,838.8888888889,0.871641791,0.8865671642,0.9966884598,FALSE
1,1167,368897,838.8888888889,852.7777777778,0.9014925373,0.9089552239,0.9966564929,FALSE
1,1168,369204,852.7777777778,838.8888888889,0.9164179104,0.9089552239,0.9935808482,FALSE
1,1169,369506,838.8888888889,802.7777777778,0.9014925373,0.8820895522,0.997822443,FALSE
1,1170,369795,802.7777777778,822.2222222222,0.8626865672,0.8731343284,0.9906754051,FALSE
1,1171,370091,822.2222222222,858.3333333333,0.8835820896,0.9029850746,0.9958891521,FALSE
1,1172,370400,858.3333333333,850,0.9223880597,0.9179104478,0.9955261115,FALSE
1,1173,370706,850,875,0.9134328358,0.9268656716,0.9932519355,FALSE
1,1174,371021,875,911.1111111111,0.9402985075,0.9597014925,0.9882225831,FALSE
1,1175,371349,911.1111111111,883.3333333333,0.9791044776,0.9641791045,0.9969658055,FALSE
1,1176,371667,883.3333333333,905.5555555556,0.9492537313,0.9611940299,0.9865972772,FALSE
1,1177,371993,905.5555555556,869.4444444444,0.9731343284,0.9537313433,0.9739444493,FALSE
1,1178,372306,869.4444444444,805.5555555556,0.9343283582,0.9,0.9908336403,FALSE
1,1179,372596,805.5555555556,908.3333333333,0.8656716418,0.9208955224,0.9905248421,FALSE
1,1180,372923,908.3333333333,991.6666666667,0.976119403,1.0208955224,0.9929668453,FALSE
1,1181,373280,991.6666666667,969.4444444444,1.0656716418,1.0537313433,0.9964756033,FALSE
1,1182,373629,969.4444444444,869.4444444444,1.0417910448,0.9880597015,0.9943271437,FALSE
1,1183,373942,869.4444444444,847.2222222222,0.9343283582,0.9223880597,0.9872746622,FALSE
1,1184,374247,847.2222222222,780.5555555556,0.9104477612,0.8746268657,0.9945004302,FALSE
1,1185,374528,780.5555555556,805.5555555556,0.8388059701,0.852238806,0.9910785289,FALSE
1,1186,374818,805.5555555556,872.2222222222,0.8656716418,0.9014925373,0.9932637354,FALSE
1,1187,375132,872.2222222222,952.7777777778,0.9373134328,0.9805970149,0.9952283894,FALSE
1,1188,375475,952.7777777778,913.8888888889,1.023880597,1.0029850746,0.9747222571,FALSE
1,1189,375804,913.8888888889,997.2222222222,0.9820895522,1.0268656716,0.997890262,FALSE
1,1190,376163,997.2222222222,988.8888888889,1.071641791,1.0671641791,0.9959380593,FALSE
1,1191,376519,988.8888888889,902.7777777778,1.0626865672,1.0164179104,0.9863810093,FALSE
1,1192,376844,902.7777777778,963.8888888889,0.9701492537,1.0029850746,0.9780678032,FALSE
1,1193,377191,963.8888888889,1000,1.0358208955,1.0552238806,0.9863056193,FALSE
1,1194,377551,1000,608.3333333333,1.0746268657,0.8641791045,0.9929701397,FALSE
1,1195,377770,608.3333333333,1327.7777777778,0.6537313433,1.0402985075,0.7644753637,TRUE
1,1196,378248,1327.7777777778,775,1.4268656716,1.1298507463,0.9576496133,FALSE
1,1197,378527,775,919.4444444444,0.8328358209,0.9104477612,0.0024410328,TRUE
1,1198,378858,919.4444444444,827.7777777778,0.9880597015,0.9388059701,0.9637826646,FALSE
1,1199,379156,827.7777777778,830.5555555556,0.8895522388,0.8910447761,0.9911316286,FALSE
1,1200,379455,830.5555555556,936.1111111111,0.8925373134,0.9492537313,0.9957122079,FALSE
1,1201,379792,936.1111111111,547.2222222222,1.0059701493,0.7970149254,0.9858404317,FALSE
1,1202,379989,547.2222222222,491.6666666667,0.5880597015,0.5582089552,0.8382126647,TRUE
1,1203,380166,491.6666666667,1280.5555555556,0.528358209,0.952238806,0.5641586043,TRUE
1,1204,380627,1280.5555555556,491.6666666667,1.376119403,0.952238806,0.9813216536,FALSE
1,1205,380804,491.6666666667,1227.7777777778,0.528358209,0.923880597,0.8101830784,TRUE
1,1206,381246,1227.7777777778,491.6666666667,1.3194029851,0.923880597,0.9864219737,FALSE
1,1207,381423,491.6666666667,458.3333333333,0.528358209,0.5104477612,0.7846614591,TRUE
1,1208,381588,458.3333333333,1300,0.4925373134,0.9447761194,0.7113412768,TRUE
1,1209,382056,1300,777.7777777778,1.3970149254,1.1164179104,0.9908655353,FALSE
1,1210,382336,777.7777777778,1077.7777777778,0.8358208955,0.9970149254,-0.0831864797,TRUE
1,1211,382724,1077.7777777778,497.2222222222,1.1582089552,0.8462686567,0.9765742765,FALSE
1,1212,382903,497.2222222222,1177.7777777778,0.5343283582,0.9,0.8959377662,TRUE
1,1213,383327,1177.7777777778,505.5555555556,1.2656716418,0.9044776119,0.9883218622,FALSE
1,1214,383509,505.5555555556,1263.8888888889,0.5432835821,0.9507462687,0.8918544499,TRUE
1,1215,383964,1263.8888888889,527.7777777778,1.3582089552,0.9626865672,0.9870132508,FALSE
1,1216,384154,527.7777777778,1386.1111111111,0.5671641791,1.028358209,0.848249989,TRUE
1,1217,384653,1386.1111111111,505.5555555556,1.4895522388,1.0164179104,0.9943434667,FALSE
1,1218,384835,505.5555555556,1250,0.5432835821,0.9432835821,0.8462233618,TRUE
1,1219,385285,1250,505.5555555556,1.3432835821,0.9432835821,0.9726351387,FALSE
1,1220,385467,505.5555555556,1280.5555555556,0.5432835821,0.9597014925,0.883022715,TRUE
1,1221,385928,1280.5555555556,505.5555555556,1.376119403,0.9597014925,0.9906488082,FALSE
1,1222,386110,505.5555555556,1388.8888888889,0.5432835821,1.0179104478,0.8983846804,TRUE
1,1223,386610,1388.8888888889,519.4444444444,1.4925373134,1.0253731343,0.9953782619,FALSE
1,1224,386797,519.4444444444,1341.6666666667,0.5582089552,1,0.8493048649,TRUE
1,1225,387280,1341.6666666667,494.4444444444,1.4417910448,0.9865671642,0.9885690164,FALSE
1,1226,387458,494.4444444444,1255.5555555556,0.5313432836,0.9402985075,0.8664537045,TRUE
1,1227,387910,1255.5555555556,763.8888888889,1.3492537313,1.0850746269,0.9790003351,FALSE
1,1228,388185,763.8888888889,1136.1111111111,0.8208955224,1.0208955224,-0.0416701021,TRUE
1,1229,388594,1136.1111111111,550,1.2208955224,0.9059701493,0.9847840319,FALSE
1,1230,388792,550,1283.3333333333,0.5910447761,0.9850746269,0.8240511194,TRUE
1,1231,389254,1283.3333333333,961.1111111111,1.3791044776,1.2059701493,0.9905153303,FALSE
1,1232,389600,961.1111111111,891.6666666667,1.0328358209,0.9955223881,0.9918929768,FALSE
1,1233,389921,891.6666666667,522.2222222222,0.9582089552,0.7597014925,0.9900143195,FALSE
1,1234,390109,522.2222222222,483.3333333333,0.5611940299,0.5402985075,0.7815555525,TRUE
1,1235,390283,483.3333333333,1383.3333333333,0.5194029851,1.0029850746,0.5790394242,TRUE
1,1236,390781,1383.3333333333,769.4444444444,1.4865671642,1.1567164179,0.9904994897,FALSE
1,1237,391058,769.4444444444,1111.1111111111,0.8268656716,1.0104477612,-0.0109067754,TRUE
1,1238,391458,1111.1111111111,544.4444444444,1.1940298507,0.8895522388,0.9964557839,FALSE
1,1239,391654,544.4444444444,450,0.5850746269,0.5343283582,0.762388382,TRUE
1,1240,391816,450,1227.7777777778,0.4835820896,0.9014925373,0.5681673435,TRUE
1,1241,392258,1227.7777777778,755.5555555556,1.3194029851,1.0656716418,0.9840482831,FALSE
1,1242,392530,755.5555555556,1063.8888888889,0.8119402985,0.9776119403,0.0019830152,TRUE
1,1243,392913,1063.8888888889,552.7777777778,1.1432835821,0.8686567164,0.9854455743,FALSE
1,1244,393112,552.7777777778,1283.3333333333,0.5940298507,0.9865671642,0.7316043139,TRUE
1,1245,393574,1283.3333333333,913.8888888889,1.3791044776,1.1805970149,0.9842642711,FALSE
1,1246,393903,913.8888888889,750,0.9820895522,0.8940298507,0.9716902682,FALSE
1,1247,394173,750,983.3333333333,0.8059701493,0.9313432836,0.2847737326,TRUE
1,1248,394527,983.3333333333,950,1.0567164179,1.0388059701,0.9823787479,FALSE
1,1249,394869,950,572.2222222222,1.0208955224,0.8179104478,0.9949813296,FALSE
1,1250,395075,572.2222222222,494.4444444444,0.6149253731,0.5731343284,0.7461302381,TRUE
1,1251,395253,494.4444444444,1286.1111111111,0.5313432836,0.9567164179,0.5410017478,TRUE
1,1252,395716,1286.1111111111,761.1111111111,1.3820895522,1.1,0.9928797091,FALSE
1,1253,395990,761.1111111111,986.1111111111,0.8179104478,0.9388059701,0.0334519233,TRUE
1,1254,396345,986.1111111111,511.1111111111,1.0597014925,0.8044776119,0.9814379737,FALSE
1,1255,396529,511.1111111111,1247.2222222222,0.5492537313,0.9447761194,0.8390510152,TRUE
1,1256,396978,1247.2222222222,541.6666666667,1.3402985075,0.9611940299,0.9991071698,FALSE
1,1257,397173,541.6666666667,1325,0.5820895522,1.0029850746,0.7168177579,TRUE
1,1258,397650,1325,963.8888888889,1.423880597,1.2298507463,0.9888847428,FALSE
1,1259,397997,963.8888888889,758.3333333333,1.0358208955,0.9253731343,0.9936927762,FALSE
1,1260,398270,758.3333333333,225,0.8149253731,0.528358209,0.4055986353,TRUE
1,1261,398351,225,1291.6666666667,0.2417910448,0.8149253731,0.5808249848,TRUE
1,1262,398816,1291.6666666667,763.8888888889,1.3880597015,1.1044776119,0.9941919245,FALSE
1,1263,399091,763.8888888889,1119.4444444444,0.8208955224,1.0119402985,0.0742208954,TRUE
1,1264,399494,1119.4444444444,1044.4444444444,1.2029850746,1.1626865672,0.9946223111,FALSE
1,1265,399870,1044.4444444444,947.2222222222,1.1223880597,1.0701492537,0.9821435698,FALSE
1,1266,400211,947.2222222222,988.8888888889,1.0179104478,1.0402985075,0.9880869167,FALSE
1,1267,400567,988.8888888889,783.3333333333,1.0626865672,0.952238806,0.9943543038,FALSE
1,1268,400849,783.3333333333,1075,0.8417910448,0.9985074627,0.1015035442,TRUE
1,1269,401236,1075,1075,1.1552238806,1.1552238806,0.9891425979,FALSE
1,1270,401623,1075,997.2222222222,1.1552238806,1.1134328358,0.98756245,FALSE
1,1271,401982,997.2222222222,1047.2222222222,1.071641791,1.0985074627,0.9891854875,FALSE
1,1272,402359,1047.2222222222,791.6666666667,1.1253731343,0.9880597015,0.9952640759,FALSE
1,1273,402644,791.6666666667,1000,0.8507462687,0.9626865672,0.3064347195,FALSE
1,1274,403004,1000,975,1.0746268657,1.0611940299,0.9808072765,FALSE
1,1275,403355,975,833.3333333333,1.047761194,0.971641791,0.9904643863,FALSE
1,1276,403655,833.3333333333,283.3333333333,0.8955223881,0.6,-0.0675872635,FALSE
1,1277,403757,283.3333333333,1338.8888888889,0.3044776119,0.871641791,0.8715782945,TRUE
1,1278,404239,1338.8888888889,777.7777777778,1.4388059701,1.1373134328,0.9938182557,FALSE
1,1279,404519,777.7777777778,988.8888888889,0.8358208955,0.9492537313,0.0187593847,TRUE
1,1280,404875,988.8888888889,513.8888888889,1.0626865672,0.8074626866,0.9895062641,FALSE
1,1281,405060,513.8888888889,1247.2222222222,0.552238806,0.9462686567,0.7368790613,TRUE
1,1282,405509,1247.2222222222,613.8888888889,1.3402985075,1,0.9870598328,FALSE
1,1283,405730,613.8888888889,1297.2222222222,0.6597014925,1.0268656716,0.7067474832,TRUE
1,1284,406197,1297.2222222222,947.2222222222,1.3940298507,1.2059701493,0.995486645,FALSE
1,1285,406538,947.2222222222,541.6666666667,1.0179104478,0.8,0.9931834105,FALSE
1,1286,406733,541.6666666667,494.4444444444,0.5820895522,0.5567164179,0.7555523134,TRUE
1,1287,406911,494.4444444444,1219.4444444444,0.5313432836,0.9208955224,0.6979501432,TRUE
1,1288,407350,1219.4444444444,505.5555555556,1.3104477612,0.9268656716,0.998106428,FALSE
1,1289,407532,505.5555555556,1286.1111111111,0.5432835821,0.9626865672,0.7356206279,TRUE
1,1290,407995,1286.1111111111,925,1.3820895522,1.1880597015,0.9972956627,FALSE
1,1291,408328,925,544.4444444444,0.9940298507,0.7895522388,0.995117436,FALSE
1,1292,408524,544.4444444444,497.2222222222,0.5850746269,0.5597014925,0.7638782129,TRUE
1,1293,408703,497.2222222222,1211.1111111111,0.5343283582,0.9179104478,0.6498196552,TRUE
1,1294,409139,1211.1111111111,480.5555555556,1.3014925373,0.9089552239,0.9944761197,FALSE
1,1295,409312,480.5555555556,1244.4444444444,0.5164179104,0.9268656716,0.8025359445,TRUE
1,1296,409760,1244.4444444444,536.1111111111,1.3373134328,0.9567164179,0.9863501203,FALSE
1,1297,409953,536.1111111111,1275,0.576119403,0.9731343284,0.8015226003,TRUE
1,1298,410412,1275,530.5555555556,1.3701492537,0.9701492537,0.9961855036,FALSE
1,1299,410603,530.5555555556,1238.8888888889,0.5701492537,0.9507462687,0.8434074548,TRUE
1,1300,411049,1238.8888888889,500,1.3313432836,0.9343283582,0.996458598,FALSE
1,1301,411229,500,1166.6666666667,0.5373134328,0.8955223881,0.8561479584,TRUE
1,1302,411649,1166.6666666667,505.5555555556,1.2537313433,0.8985074627,0.9831196596,FALSE
1,1303,411831,505.5555555556,1238.8888888889,0.5432835821,0.9373134328,0.8424270742,TRUE
1,1304,412277,1238.8888888889,533.3333333333,1.3313432836,0.952238806,0.9912085499,FALSE
1,1305,412469,533.3333333333,1302.7777777778,0.5731343284,0.9865671642,0.8471460612,TRUE
1,1306,412938,1302.7777777778,500,1.4,0.9686567164,0.9935181149,FALSE
1,1307,413118,500,1188.8888888889,0.5373134328,0.9074626866,0.851515924,TRUE
1,1308,413546,1188.8888888889,494.4444444444,1.2776119403,0.9044776119,0.9720078632,FALSE
1,1309,413724,494.4444444444,1272.2222222222,0.5313432836,0.9492537313,0.8746212856,TRUE
1,1310,414182,1272.2222222222,536.1111111111,1.3671641791,0.971641791,0.9960583886,FALSE
1,1311,414375,536.1111111111,1333.3333333333,0.576119403,1.0044776119,0.8176693603,TRUE
1,1312,414855,1333.3333333333,525,1.4328358209,0.9985074627,0.9908211111,FALSE
1,1313,415044,525,1241.6666666667,0.5641791045,0.9492537313,0.8718026953,TRUE
1,1314,415491,1241.6666666667,497.2222222222,1.3343283582,0.9343283582,0.9878640748,FALSE
1,1315,415670,497.2222222222,1266.6666666667,0.5343283582,0.947761194,0.8481535222,TRUE
1,1316,416126,1266.6666666667,541.6666666667,1.3611940299,0.971641791,0.9970715334,FALSE
1,1317,416321,541.6666666667,1286.1111111111,0.5820895522,0.9820895522,0.8428076706,TRUE
1,1318,416784,1286.1111111111,538.8888888889,1.3820895522,0.9805970149,0.9948849903,FALSE
1,1319,416978,538.8888888889,1266.6666666667,0.5791044776,0.9701492537,0.8218147421,TRUE
1,1320,417434,1266.6666666667,505.5555555556,1.3611940299,0.952238806,0.9936064191,FALSE
1,1321,417616,505.5555555556,1225,0.5432835821,0.9298507463,0.8587551862,TRUE
1,1322,418057,1225,497.2222222222,1.3164179104,0.9253731343,0.9853826744,FALSE
1,1323,418236,497.2222222222,1294.4444444444,0.5343283582,0.9626865672,0.8712445752,TRUE
1,1324,418702,1294.4444444444,552.7777777778,1.3910447761,0.9925373134,0.9914017543,FALSE
1,1325,418901,552.7777777778,1302.7777777778,0.5940298507,0.9970149254,0.8278958489,TRUE
1,1326,419370,1302.7777777778,505.5555555556,1.4,0.971641791,0.9960145353,FALSE
1,1327,419552,505.5555555556,1236.1111111111,0.5432835821,0.9358208955,0.8725970627,TRUE
1,1328,419997,1236.1111111111,486.1111111111,1.328358209,0.9253731343,0.9954828902,FALSE
1,1329,420172,486.1111111111,1255.5555555556,0.5223880597,0.9358208955,0.8583150049,TRUE
1,1330,420624,1255.5555555556,541.6666666667,1.3492537313,0.9656716418,0.9934026098,FALSE
1,1331,420819,541.6666666667,1313.8888888889,0.5820895522,0.9970149254,0.8296633544,TRUE
1,1332,421292,1313.8888888889,511.1111111111,1.4119402985,0.9805970149,0.9977228888,FALSE
1,1333,421476,511.1111111111,1255.5555555556,0.5492537313,0.9492537313,0.8680546881,TRUE
1,1334,421928,1255.5555555556,502.7777777778,1.3492537313,0.9447761194,0.9866770542,FALSE
1,1335,422109,502.7777777778,1200,0.5402985075,0.9149253731,0.8581149085,TRUE
1,1336,422541,1200,497.2222222222,1.2895522388,0.9119402985,0.9840415788,FALSE
1,1337,422720,497.2222222222,1330.5555555556,0.5343283582,0.9820895522,0.8201249323,TRUE
1,1338,423199,1330.5555555556,519.4444444444,1.4298507463,0.9940298507,0.9867384683,FALSE
1,1339,423386,519.4444444444,1280.5555555556,0.5582089552,0.9671641791,0.8451335919,TRUE
1,1340,423847,1280.5555555556,511.1111111111,1.376119403,0.9626865672,0.9959468551,FALSE
1,1341,424031,511.1111111111,1233.3333333333,0.5492537313,0.9373134328,0.8950279557,TRUE
1,1342,424475,1233.3333333333,497.2222222222,1.3253731343,0.9298507463,0.9759605019,FALSE
1,1343,424654,497.2222222222,1341.6666666667,0.5343283582,0.9880597015,0.8499397818,TRUE
1,1344,425137,1341.6666666667,536.1111111111,1.4417910448,1.0089552239,0.9884476466,FALSE
1,1345,425330,536.1111111111,1311.1111111111,0.576119403,0.9925373134,0.8098458372,TRUE
1,1346,425802,1311.1111111111,505.5555555556,1.4089552239,0.976119403,0.9893878421,FALSE
1,1347,425984,505.5555555556,1200,0.5432835821,0.9164179104,0.8734290652,TRUE
1,1348,426416,1200,505.5555555556,1.2895522388,0.9164179104,0.9936131473,FALSE
1,1349,426598,505.5555555556,1230.5555555556,0.5432835821,0.9328358209,0.8621458363,TRUE
1,1350,427041,1230.5555555556,541.6666666667,1.3223880597,0.952238806,0.9909095143,FALSE
1,1351,427236,541.6666666667,1244.4444444444,0.5820895522,0.9597014925,0.7892890596,TRUE
1,1352,427684,1244.4444444444,963.8888888889,1.3373134328,1.1865671642,0.9797242404,FALSE
1,1353,428031,963.8888888889,961.1111111111,1.0358208955,1.0343283582,0.9940981696,FALSE
1,1354,428377,961.1111111111,530.5555555556,1.0328358209,0.8014925373,0.9773666177,FALSE
1,1355,428568,530.5555555556,1194.4444444444,0.5701492537,0.9268656716,0.8040641608,TRUE
1,1356,428998,1194.4444444444,936.1111111111,1.2835820896,1.1447761194,0.9859303245,FALSE
1,1357,429335,936.1111111111,991.6666666667,1.0059701493,1.0358208955,0.9941116721,FALSE
1,1358,429692,991.6666666667,952.7777777778,1.0656716418,1.0447761194,0.9962438107,FALSE
1,1359,430035,952.7777777778,555.5555555556,1.023880597,0.8104477612,0.9841298611,FALSE
1,1360,430235,555.5555555556,1230.5555555556,0.5970149254,0.9597014925,0.8293066357,TRUE
1,1361,430678,1230.5555555556,961.1111111111,1.3223880597,1.1776119403,0.9897751899,FALSE
1,1362,431024,961.1111111111,963.8888888889,1.0328358209,1.0343283582,0.990697961,FALSE
1,1363,431371,963.8888888889,1000,1.0358208955,1.0552238806,0.9928576431,FALSE
1,1364,431731,1000,1008.3333333333,1.0746268657,1.0791044776,0.9853364551,FALSE
1,1365,432094,1008.3333333333,991.6666666667,1.0835820896,1.0746268657,0.9932707448,FALSE
1,1366,432451,991.6666666667,955.5555555556,1.0656716418,1.0462686567,0.9879170006,FALSE
1,1367,432795,955.5555555556,1008.3333333333,1.0268656716,1.0552238806,0.9866609089,FALSE
1,1368,433158,1008.3333333333,544.4444444444,1.0835820896,0.8343283582,0.9888353621,FALSE
1,1369,433354,544.4444444444,1316.6666666667,0.5850746269,1,0.8238194287,TRUE
1,1370,433828,1316.6666666667,1113.8888888889,1.4149253731,1.3059701493,0.9916962844,FALSE
1,1371,434229,1113.8888888889,1038.8888888889,1.1970149254,1.1567164179,0.9944805396,FALSE
1,1372,434603,1038.8888888889,1016.6666666667,1.1164179104,1.1044776119,0.9836348254,FALSE
1,1373,434969,1016.6666666667,1016.6666666667,1.0925373134,1.0925373134,0.9781670606,FALSE
1,1374,435335,1016.6666666667,533.3333333333,1.0925373134,0.8328358209,0.9844996081,FALSE
1,1375,435527,533.3333333333,1338.8888888889,0.5731343284,1.0059701493,0.8332278229,TRUE
1,1376,436009,1338.8888888889,1072.2222222222,1.4388059701,1.2955223881,0.9953572761,FALSE
1,1377,436395,1072.2222222222,563.8888888889,1.152238806,0.8791044776,0.9929824651,FALSE
1,1378,436598,563.8888888889,1272.2222222222,0.6059701493,0.9865671642,0.7962137359,TRUE
1,1379,437056,1272.2222222222,1030.5555555556,1.3671641791,1.2373134328,0.9928118907,FALSE
1,1380,437427,1030.5555555556,530.5555555556,1.1074626866,0.8388059701,0.9954826904,FALSE
1,1381,437618,530.5555555556,1316.6666666667,0.5701492537,0.9925373134,0.8205306074,TRUE
1,1382,438092,1316.6666666667,569.4444444444,1.4149253731,1.0134328358,0.9874981371,FALSE
1,1383,438297,569.4444444444,3088.8888888889,0.6119402985,1.9656716418,0.7927560586,TRUE
1,1384,439409,3088.8888888889,522.2222222222,3.3194029851,1.9402985075,0.9958520605,FALSE
1,1385,439597,522.2222222222,1813.8888888889,0.5611940299,1.2552238806,0.7978648675,TRUE
1,1386,440250,1813.8888888889,550,1.9492537313,1.2701492537,0.9733688587,FALSE
1,1387,440448,550,1336.1111111111,0.5910447761,1.0134328358,0.7633892123,TRUE
1,1388,440929,1336.1111111111,519.4444444444,1.4358208955,0.9970149254,0.9781269147,FALSE
1,1389,441116,519.4444444444,1261.1111111111,0.5582089552,0.9567164179,0.7573740954,TRUE
1,1390,441570,1261.1111111111,500,1.3552238806,0.9462686567,0.9866805147,FALSE
1,1391,441750,500,1266.6666666667,0.5373134328,0.9492537313,0.786015614,TRUE
1,1392,442206,1266.6666666667,544.4444444444,1.3611940299,0.9731343284,0.9758736503,FALSE
1,1393,442402,544.4444444444,1336.1111111111,0.5850746269,1.0104477612,0.8042707303,TRUE
1,1394,442883,1336.1111111111,525,1.4358208955,1,0.9869928734,FALSE
1,1395,443072,525,1291.6666666667,0.5641791045,0.976119403,0.7786175057,TRUE
1,1396,443537,1291.6666666667,500,1.3880597015,0.9626865672,0.9852193918,FALSE
1,1397,443717,500,1241.6666666667,0.5373134328,0.9358208955,0.8236615313,TRUE
1,1398,444164,1241.6666666667,527.7777777778,1.3343283582,0.9507462687,0.9740918235,FALSE
1,1399,444354,527.7777777778,1305.5555555556,0.5671641791,0.9850746269,0.7397318842,TRUE
1,1400,444824,1305.5555555556,1011.1111111111,1.4029850746,1.2447761194,0.9806643371,FALSE
1,1401,445188,1011.1111111111,552.7777777778,1.0865671642,0.8402985075,0.9662489066,FALSE
1,1402,445387,552.7777777778,1197.2222222222,0.5940298507,0.9402985075,0.7737535222,TRUE
1,1403,445818,1197.2222222222,505.5555555556,1.2865671642,0.9149253731,0.9964717797,FALSE
1,1404,446000,505.5555555556,1244.4444444444,0.5432835821,0.9402985075,0.7783998486,TRUE
1,1405,446448,1244.4444444444,566.6666666667,1.3373134328,0.9731343284,0.9839675163,FALSE
1,1406,446652,566.6666666667,1205.5555555556,0.6089552239,0.952238806,0.8095277856,TRUE
1,1407,447086,1205.5555555556,558.3333333333,1.2955223881,0.947761194,0.9934827593,FALSE
1,1408,447287,558.3333333333,1091.6666666667,0.6,0.8865671642,0.8172810725,TRUE
1,1409,447680,1091.6666666667,519.4444444444,1.1731343284,0.8656716418,0.9884323918,FALSE
1,1410,447867,519.4444444444,1191.6666666667,0.5582089552,0.9194029851,0.7861287273,TRUE
1,1411,448296,1191.6666666667,919.4444444444,1.2805970149,1.1343283582,0.9899521984,FALSE
1,1412,448627,919.4444444444,547.2222222222,0.9880597015,0.7880597015,0.9871741627,FALSE
1,1413,448824,547.2222222222,1291.6666666667,0.5880597015,0.9880597015,0.789109936,TRUE
1,1414,449289,1291.6666666667,577.7777777778,1.3880597015,1.0044776119,0.9778474773,FALSE
1,1415,449497,577.7777777778,1291.6666666667,0.6208955224,1.0044776119,0.8025858497,TRUE
1,1416,449962,1291.6666666667,500,1.3880597015,0.9626865672,0.9960499379,FALSE
1,1417,450142,500,1194.4444444444,0.5373134328,0.9104477612,0.8015239855,TRUE
1,1418,450572,1194.4444444444,527.7777777778,1.2835820896,0.9253731343,0.9929305648,FALSE
1,1419,450762,527.7777777778,1313.8888888889,0.5671641791,0.9895522388,0.7894202037,TRUE
1,1420,451235,1313.8888888889,994.4444444444,1.4119402985,1.2402985075,0.983593112,FALSE
1,1421,451593,994.4444444444,552.7777777778,1.0686567164,0.8313432836,0.9508592736,FALSE
1,1422,451792,552.7777777778,1238.8888888889,0.5940298507,0.9626865672,0.7904085641,TRUE
1,1423,452238,1238.8888888889,966.6666666667,1.3313432836,1.1850746269,0.989175188,FALSE
1,1424,452586,966.6666666667,533.3333333333,1.0388059701,0.8059701493,0.9868946053,FALSE
1,1425,452778,533.3333333333,1350,0.5731343284,1.0119402985,0.8423485361,TRUE
1,1426,453264,1350,547.2222222222,1.4507462687,1.0194029851,0.9917666462,FALSE
1,1427,453461,547.2222222222,1372.2222222222,0.5880597015,1.0313432836,0.8530106634,TRUE
1,1428,453955,1372.2222222222,538.8888888889,1.4746268657,1.0268656716,0.9941506145,FALSE
1,1429,454149,538.8888888889,1269.4444444444,0.5791044776,0.971641791,0.8634636168,TRUE
1,1430,454606,1269.4444444444,525,1.3641791045,0.9641791045,0.9958899677,FALSE
1,1431,454795,525,1319.4444444444,0.5641791045,0.9910447761,0.8697561011,TRUE
1,1432,455270,1319.4444444444,566.6666666667,1.4179104478,1.0134328358,0.9895203419,FALSE
1,1433,455474,566.6666666667,1350,0.6089552239,1.0298507463,0.7936908152,TRUE
1,1434,455960,1350,547.2222222222,1.4507462687,1.0194029851,0.991464018,FALSE
1,1435,456157,547.2222222222,1252.7777777778,0.5880597015,0.9671641791,0.899664662,TRUE
1,1436,456608,1252.7777777778,508.3333333333,1.3462686567,0.9462686567,0.978913715,FALSE
1,1437,456791,508.3333333333,1294.4444444444,0.5462686567,0.9686567164,0.8677090218,TRUE
1,1438,457257,1294.4444444444,569.4444444444,1.3910447761,1.0014925373,0.9695855812,FALSE
1,1439,457462,569.4444444444,1330.5555555556,0.6119402985,1.0208955224,0.8340723482,TRUE
1,1440,457941,1330.5555555556,547.2222222222,1.4298507463,1.0089552239,0.991523503,FALSE
1,1441,458138,547.2222222222,1288.8888888889,0.5880597015,0.9865671642,0.9172472587,FALSE
1,1442,458602,1288.8888888889,511.1111111111,1.3850746269,0.9671641791,0.9844797382,FALSE
1,1443,458786,511.1111111111,1202.7777777778,0.5492537313,0.9208955224,0.7880261239,TRUE
1,1444,459219,1202.7777777778,905.5555555556,1.2925373134,1.1328358209,0.9907750422,FALSE
1,1445,459545,905.5555555556,975,0.9731343284,1.0104477612,0.995886316,FALSE
1,1446,459896,975,561.1111111111,1.047761194,0.8253731343,0.9907677204,FALSE
1,1447,460098,561.1111111111,1350,0.6029850746,1.0268656716,0.7970476232,TRUE
1,1448,460584,1350,977.7777777778,1.4507462687,1.2507462687,0.9912737597,FALSE
1,1449,460936,977.7777777778,933.3333333333,1.0507462687,1.0268656716,0.985737531,FALSE
1,1450,461272,933.3333333333,1044.4444444444,1.0029850746,1.0626865672,0.9902890388,FALSE
1,1451,461648,1044.4444444444,1133.3333333333,1.1223880597,1.1701492537,0.9926227243,FALSE
1,1452,462056,1133.3333333333,1061.1111111111,1.2179104478,1.1791044776,0.9926395909,FALSE
1,1453,462438,1061.1111111111,1080.5555555556,1.1402985075,1.1507462687,0.993823121,FALSE
1,1454,462827,1080.5555555556,1066.6666666667,1.1611940299,1.1537313433,0.9905645984,FALSE
1,1455,463211,1066.6666666667,1066.6666666667,1.1462686567,1.1462686567,0.9812151088,FALSE
1,1456,463595,1066.6666666667,1030.5555555556,1.1462686567,1.1268656716,0.9907502258,FALSE
1,1457,463966,1030.5555555556,1091.6666666667,1.1074626866,1.1402985075,0.9919617206,FALSE
1,1458,464359,1091.6666666667,1097.2222222222,1.1731343284,1.176119403,0.994757965,FALSE
1,1459,464754,1097.2222222222,1061.1111111111,1.1791044776,1.1597014925,0.9829000655,FALSE
1,1460,465136,1061.1111111111,1027.7777777778,1.1402985075,1.1223880597,0.9840756523,FALSE
1,1461,465506,1027.7777777778,1041.6666666667,1.1044776119,1.1119402985,0.9851599153,FALSE
1,1462,465881,1041.6666666667,1152.7777777778,1.1194029851,1.1791044776,0.986808298,FALSE
1,1463,466296,1152.7777777778,1127.7777777778,1.2388059701,1.2253731343,0.9970527713,FALSE
1,1464,466702,1127.7777777778,1072.2222222222,1.2119402985,1.1820895522,0.9916847226,FALSE
1,1465,467088,1072.2222222222,1013.8888888889,1.152238806,1.1208955224,0.9914630604,FALSE
1,1466,467453,1013.8888888889,1088.8888888889,1.0895522388,1.1298507463,0.9962472029,FALSE
1,1467,467845,1088.8888888889,1122.2222222222,1.1701492537,1.1880597015,0.9929324729,FALSE
1,1468,468249,1122.2222222222,1047.2222222222,1.2059701493,1.1656716418,0.9945407643,FALSE
1,1469,468626,1047.2222222222,1072.2222222222,1.1253731343,1.1388059701,0.9948934952,FALSE
1,1470,469012,1072.2222222222,1022.2222222222,1.152238806,1.1253731343,0.9959070575,FALSE
1,1471,469380,1022.2222222222,1052.7777777778,1.0985074627,1.1149253731,0.9926163533,FALSE
1,1472,469759,1052.7777777778,1061.1111111111,1.1313432836,1.1358208955,0.9863318243,FALSE
1,1473,470141,1061.1111111111,1066.6666666667,1.1402985075,1.1432835821,0.9891151474,FALSE
1,1474,470525,1066.6666666667,1108.3333333333,1.1462686567,1.1686567164,0.9921049586,FALSE
1,1475,470924,1108.3333333333,991.6666666667,1.1910447761,1.128358209,0.9933258904,FALSE
1,1476,471281,991.6666666667,975,1.0656716418,1.0567164179,0.9942916984,FALSE
1,1477,471632,975,1072.2222222222,1.047761194,1.1,0.9915053516,FALSE
1,1478,472018,1072.2222222222,1077.7777777778,1.152238806,1.1552238806,0.9905035837,FALSE
1,1479,472406,1077.7777777778,1033.3333333333,1.1582089552,1.1343283582,0.9943561181,FALSE
1,1480,472778,1033.3333333333,1066.6666666667,1.1104477612,1.128358209,0.9938597602,FALSE
1,1481,473162,1066.6666666667,1019.4444444444,1.1462686567,1.1208955224,0.9911392674,FALSE
1,1482,473529,1019.4444444444,1013.8888888889,1.0955223881,1.0925373134,0.994449542,FALSE
1,1483,473894,1013.8888888889,961.1111111111,1.0895522388,1.0611940299,0.9798460197,FALSE
1,1484,474240,961.1111111111,991.6666666667,1.0328358209,1.0492537313,0.9960426199,FALSE
1,1485,474597,991.6666666667,1086.1111111111,1.0656716418,1.1164179104,0.9874328489,FALSE
1,1486,474988,1086.1111111111,1161.1111111111,1.1671641791,1.2074626866,0.9927387974,FALSE
1,1487,475406,1161.1111111111,1130.5555555556,1.247761194,1.2313432836,0.9939266039,FALSE
1,1488,475813,1130.5555555556,1105.5555555556,1.2149253731,1.2014925373,0.98739967,FALSE
1,1489,476211,1105.5555555556,1108.3333333333,1.1880597015,1.1895522388,0.9952335525,FALSE
1,1490,476610,1108.3333333333,1116.6666666667,1.1910447761,1.1955223881,0.995507118,FALSE
1,1491,477012,1116.6666666667,1125,1.2,1.2044776119,0.9940008616,FALSE
1,1492,477417,1125,1094.4444444444,1.2089552239,1.1925373134,0.9671594191,FALSE
1,1493,477811,1094.4444444444,1044.4444444444,1.176119403,1.1492537313,0.9903012664,FALSE
1,1494,478187,1044.4444444444,1008.3333333333,1.1223880597,1.1029850746,0.9903555413,FALSE
1,1495,478550,1008.3333333333,1105.5555555556,1.0835820896,1.1358208955,0.9892795359,FALSE
1,1496,478948,1105.5555555556,1119.4444444444,1.1880597015,1.1955223881,0.9824041384,FALSE
1,1497,479351,1119.4444444444,1086.1111111111,1.2029850746,1.1850746269,0.9956984743,FALSE
1,1498,479742,1086.1111111111,1155.5555555556,1.1671641791,1.2044776119,0.9906262307,FALSE
1,1499,480158,1155.5555555556,1022.2222222222,1.2417910448,1.1701492537,0.9820440472,FALSE
1,1500,480526,1022.2222222222,1016.6666666667,1.0985074627,1.0955223881,0.9832492615,FALSE
1,1501,480892,1016.6666666667,1075,1.0925373134,1.123880597,0.9949380004,FALSE
1,1502,481279,1075,1127.7777777778,1.1552238806,1.1835820896,0.9947940547,FALSE
1,1503,481685,1127.7777777778,1155.5555555556,1.2119402985,1.2268656716,0.9761727627,FALSE
1,1504,482101,1155.5555555556,1013.8888888889,1.2417910448,1.1656716418,0.9946141071,FALSE
1,1505,482466,1013.8888888889,1086.1111111111,1.0895522388,1.128358209,0.993979149,FALSE
1,1506,482857,1086.1111111111,1086.1111111111,1.1671641791,1.1671641791,0.9899193266,FALSE
1,1507,483248,1086.1111111111,1136.1111111111,1.1671641791,1.1940298507,0.9903909377,FALSE
1,1508,483657,1136.1111111111,1022.2222222222,1.2208955224,1.1597014925,0.9655836471,FALSE
1,1509,484025,1022.2222222222,1008.3333333333,1.0985074627,1.0910447761,0.9774018912,FALSE
1,1510,484388,1008.3333333333,1019.4444444444,1.0835820896,1.0895522388,0.9892472441,FALSE
1,1511,484755,1019.4444444444,1000,1.0955223881,1.0850746269,0.9915826947,FALSE
1,1512,485115,1000,936.1111111111,1.0746268657,1.0402985075,0.9870982007,FALSE
1,1513,485452,936.1111111111,1008.3333333333,1.0059701493,1.0447761194,0.9733182037,FALSE
1,1514,485815,1008.3333333333,1077.7777777778,1.0835820896,1.1208955224,0.974630737,FALSE
1,1515,486203,1077.7777777778,1036.1111111111,1.1582089552,1.1358208955,0.9673009846,FALSE
1,1516,486576,1036.1111111111,961.1111111111,1.1134328358,1.0731343284,0.9869921554,FALSE
1,1517,486922,961.1111111111,1000,1.0328358209,1.0537313433,0.9891325065,FALSE
1,1518,487282,1000,975,1.0746268657,1.0611940299,0.9864929013,FALSE
1,1519,487633,975,1122.2222222222,1.047761194,1.1268656716,0.9836078478,FALSE
1,1520,488037,1122.2222222222,1022.2222222222,1.2059701493,1.152238806,0.9868002235,FALSE
1,1521,488405,1022.2222222222,1036.1111111111,1.0985074627,1.1059701493,0.9911841626,FALSE
1,1522,488778,1036.1111111111,1058.3333333333,1.1134328358,1.1253731343,0.9942384677,FALSE
1,1523,489159,1058.3333333333,991.6666666667,1.1373134328,1.1014925373,0.9712222815,FALSE
1,1524,489516,991.6666666667,1077.7777777778,1.0656716418,1.1119402985,0.9966821495,FALSE
1,1525,489904,1077.7777777778,1094.4444444444,1.1582089552,1.1671641791,0.9898521349,FALSE
1,1526,490298,1094.4444444444,1002.7777777778,1.176119403,1.1268656716,0.9889608682,FALSE
1,1527,490659,1002.7777777778,969.4444444444,1.0776119403,1.0597014925,0.9949299162,FALSE
1,1528,491008,969.4444444444,994.4444444444,1.0417910448,1.0552238806,0.9878623001,FALSE
1,1529,491366,994.4444444444,1000,1.0686567164,1.071641791,0.9895510375,FALSE
1,1530,491726,1000,1055.5555555556,1.0746268657,1.1044776119,0.9977399643,FALSE
1,1531,492106,1055.5555555556,1091.6666666667,1.1343283582,1.1537313433,0.979653777,FALSE
1,1532,492499,1091.6666666667,1063.8888888889,1.1731343284,1.1582089552,0.9906150268,FALSE
1,1533,492882,1063.8888888889,1002.7777777778,1.1432835821,1.1104477612,0.9855251321,FALSE
1,1534,493243,1002.7777777778,941.6666666667,1.0776119403,1.0447761194,0.9891722583,FALSE
1,1535,493582,941.6666666667,969.4444444444,1.0119402985,1.0268656716,0.9950073104,FALSE
1,1536,493931,969.4444444444,1000,1.0417910448,1.0582089552,0.9955420652,FALSE
1,1537,494291,1000,1041.6666666667,1.0746268657,1.0970149254,0.9957825419,FALSE
1,1538,494666,1041.6666666667,1083.3333333333,1.1194029851,1.1417910448,0.9945529544,FALSE
1,1539,495056,1083.3333333333,991.6666666667,1.1641791045,1.1149253731,0.996667629,FALSE
1,1540,495413,991.6666666667,1000,1.0656716418,1.0701492537,0.9909624799,FALSE
1,1541,495773,1000,1055.5555555556,1.0746268657,1.1044776119,0.9868130124,FALSE
1,1542,496153,1055.5555555556,1069.4444444444,1.1343283582,1.1417910448,0.9914977915,FALSE
1,1543,496538,1069.4444444444,1088.8888888889,1.1492537313,1.1597014925,0.99616257,FALSE
1,1544,496930,1088.8888888889,1066.6666666667,1.1701492537,1.1582089552,0.9958045499,FALSE
1,1545,497314,1066.6666666667,994.4444444444,1.1462686567,1.1074626866,0.9848635251,FALSE
1,1546,497672,994.4444444444,955.5555555556,1.0686567164,1.047761194,0.9858993935,FALSE
1,1547,498016,955.5555555556,941.6666666667,1.0268656716,1.0194029851,0.981761714,FALSE
1,1548,498355,941.6666666667,988.8888888889,1.0119402985,1.0373134328,0.9946327399,FALSE
1,1549,498711,988.8888888889,983.3333333333,1.0626865672,1.0597014925,0.9917123217,FALSE
1,1550,499065,983.3333333333,1016.6666666667,1.0567164179,1.0746268657,0.9900989837,FALSE
1,1551,499431,1016.6666666667,1008.3333333333,1.0925373134,1.0880597015,0.9928616002,FALSE
1,1552,499794,1008.3333333333,944.4444444444,1.0835820896,1.0492537313,0.9947376415,FALSE
1,1553,500134,944.4444444444,1013.8888888889,1.0149253731,1.052238806,0.9707359757,FALSE
1,1554,500499,1013.8888888889,1100,1.0895522388,1.1358208955,0.9941037351,FALSE
1,1555,500895,1100,1041.6666666667,1.1820895522,1.1507462687,0.9832101935,FALSE
1,1556,501270,1041.6666666667,1050,1.1194029851,1.123880597,0.9933822709,FALSE
1,1557,501648,1050,1000,1.128358209,1.1014925373,0.9953864781,FALSE
1,1558,502008,1000,958.3333333333,1.0746268657,1.052238806,0.9910998108,FALSE
1,1559,502353,958.3333333333,1025,1.0298507463,1.0656716418,0.9868807589,FALSE
1,1560,502722,1025,1113.8888888889,1.1014925373,1.1492537313,0.9923281573,FALSE
1,1561,503123,1113.8888888889,1116.6666666667,1.1970149254,1.1985074627,0.9945240046,FALSE
1,1562,503525,1116.6666666667,1097.2222222222,1.2,1.1895522388,0.9930017873,FALSE
1,1563,503920,1097.2222222222,1041.6666666667,1.1791044776,1.1492537313,0.9881853643,FALSE
1,1564,504295,1041.6666666667,1130.5555555556,1.1194029851,1.1671641791,0.9941012032,FALSE
1,1565,504702,1130.5555555556,1133.3333333333,1.2149253731,1.2164179104,0.9897870612,FALSE
1,1566,505110,1133.3333333333,1136.1111111111,1.2179104478,1.2194029851,0.9949972939,FALSE
1,1567,505519,1136.1111111111,1102.7777777778,1.2208955224,1.2029850746,0.9891257522,FALSE
1,1568,505916,1102.7777777778,1022.2222222222,1.1850746269,1.1417910448,0.9901640984,FALSE
1,1569,506284,1022.2222222222,1038.8888888889,1.0985074627,1.1074626866,0.9847462963,FALSE
1,1570,506658,1038.8888888889,1061.1111111111,1.1164179104,1.128358209,0.9691873684,FALSE
1,1571,507040,1061.1111111111,1108.3333333333,1.1402985075,1.1656716418,0.9949167938,FALSE
1,1572,507439,1108.3333333333,1172.2222222222,1.1910447761,1.2253731343,0.9775975609,FALSE
1,1573,507861,1172.2222222222,1061.1111111111,1.2597014925,1.2,0.9894202121,FALSE
1,1574,508243,1061.1111111111,1086.1111111111,1.1402985075,1.1537313433,0.9907674867,FALSE
1,1575,508634,1086.1111111111,1066.6666666667,1.1671641791,1.1567164179,0.9846335871,FALSE
1,1576,509018,1066.6666666667,1105.5555555556,1.1462686567,1.1671641791,0.993436071,FALSE
1,1577,509416,1105.5555555556,1150,1.1880597015,1.2119402985,0.9939670397,FALSE
1,1578,509830,1150,1080.5555555556,1.2358208955,1.1985074627,0.9928233177,FALSE
1,1579,510219,1080.5555555556,1069.4444444444,1.1611940299,1.1552238806,0.9935030868,FALSE
1,1580,510604,1069.4444444444,975,1.1492537313,1.0985074627,0.9925905198,FALSE
1,1581,510955,975,1094.4444444444,1.047761194,1.1119402985,0.9926361117,FALSE
1,1582,511349,1094.4444444444,1113.8888888889,1.176119403,1.1865671642,0.9807264273,FALSE
1,1583,511750,1113.8888888889,1047.2222222222,1.1970149254,1.1611940299,0.9949536803,FALSE
1,1584,512127,1047.2222222222,966.6666666667,1.1253731343,1.0820895522,0.9931055024,FALSE
1,1585,512475,966.6666666667,872.2222222222,1.0388059701,0.9880597015,0.9800342809,FALSE
1,1586,512789,872.2222222222,863.8888888889,0.9373134328,0.9328358209,0.9870434539,FALSE
1,1587,513100,863.8888888889,841.6666666667,0.928358209,0.9164179104,0.9633770533,FALSE
1,1588,513403,841.6666666667,886.1111111111,0.9044776119,0.928358209,0.9967183231,FALSE
1,1589,513722,886.1111111111,877.7777777778,0.952238806,0.947761194,0.9949947595,FALSE
1,1590,514038,877.7777777778,833.3333333333,0.9432835821,0.9194029851,0.9909053458,FALSE
1,1591,514338,833.3333333333,830.5555555556,0.8955223881,0.8940298507,0.9894417928,FALSE
1,1592,514637,830.5555555556,813.8888888889,0.8925373134,0.8835820896,0.9896530575,FALSE
1,1593,514930,813.8888888889,836.1111111111,0.8746268657,0.8865671642,0.9714147174,FALSE
1,1594,515231,836.1111111111,838.8888888889,0.8985074627,0.9,0.9811326585,FALSE
1,1595,515533,838.8888888889,863.8888888889,0.9014925373,0.9149253731,0.9762157461,FALSE
1,1596,515844,863.8888888889,841.6666666667,0.928358209,0.9164179104,0.9970991339,FALSE
1,1597,516147,841.6666666667,852.7777777778,0.9044776119,0.9104477612,0.9911775426,FALSE
1,1598,516454,852.7777777778,908.3333333333,0.9164179104,0.9462686567,0.9966108106,FALSE
1,1599,516781,908.3333333333,516.6666666667,0.976119403,0.7656716418,0.9873543672,FALSE
1,1600,516967,516.6666666667,1186.1111111111,0.5552238806,0.9149253731,0.7314558376,TRUE
1,1601,517394,1186.1111111111,875,1.2746268657,1.1074626866,0.9874726617,FALSE
1,1602,517709,875,538.8888888889,0.9402985075,0.7597014925,0.9875468516,FALSE
1,1603,517903,538.8888888889,1283.3333333333,0.5791044776,0.9791044776,0.7477503499,TRUE
1,1604,518365,1283.3333333333,966.6666666667,1.3791044776,1.2089552239,0.978898705,FALSE
1,1605,518713,966.6666666667,522.2222222222,1.0388059701,0.8,0.9922671144,FALSE
1,1606,518901,522.2222222222,1188.8888888889,0.5611940299,0.9194029851,0.7403182813,TRUE
1,1607,519329,1188.8888888889,513.8888888889,1.2776119403,0.9149253731,0.9759477156,FALSE
1,1608,519514,513.8888888889,1211.1111111111,0.552238806,0.9268656716,0.6435055619,TRUE
1,1609,519950,1211.1111111111,802.7777777778,1.3014925373,1.0820895522,0.9952074888,FALSE
1,1610,520239,802.7777777778,983.3333333333,0.8626865672,0.9597014925,-0.1411154457,FALSE
1,1611,520593,983.3333333333,530.5555555556,1.0567164179,0.8134328358,0.9980143377,FALSE
1,1612,520784,530.5555555556,1741.6666666667,0.5701492537,1.2208955224,0.7323959038,TRUE
1,1613,521411,1741.6666666667,475,1.871641791,1.1910447761,0.9921888661,FALSE
1,1614,521582,475,1269.4444444444,0.5104477612,0.9373134328,0.7336628892,TRUE
1,1615,522039,1269.4444444444,511.1111111111,1.3641791045,0.9567164179,0.9987792181,FALSE
1,1616,522223,511.1111111111,1305.5555555556,0.5492537313,0.976119403,0.7099035351,TRUE
1,1617,522693,1305.5555555556,538.8888888889,1.4029850746,0.9910447761,0.9975772297,FALSE
1,1618,522887,538.8888888889,1261.1111111111,0.5791044776,0.9671641791,0.6885461127,TRUE
1,1619,523341,1261.1111111111,475,1.3552238806,0.9328358209,0.9925873651,FALSE
1,1620,523512,475,1169.4444444444,0.5104477612,0.8835820896,0.7154212917,TRUE
1,1621,523933,1169.4444444444,494.4444444444,1.2567164179,0.8940298507,0.9964008596,FALSE
1,1622,524111,494.4444444444,1344.4444444444,0.5313432836,0.9880597015,0.6988290809,TRUE
1,1623,524595,1344.4444444444,547.2222222222,1.4447761194,1.0164179104,0.9886074403,FALSE
1,1624,524792,547.2222222222,1283.3333333333,0.5880597015,0.9835820896,0.8279806373,TRUE
1,1625,525254,1283.3333333333,508.3333333333,1.3791044776,0.9626865672,0.9898194413,FALSE
1,1626,525437,508.3333333333,1247.2222222222,0.5462686567,0.9432835821,0.8290462528,TRUE
1,1627,525886,1247.2222222222,486.1111111111,1.3402985075,0.9313432836,0.9947223133,FALSE
1,1628,526061,486.1111111111,1269.4444444444,0.5223880597,0.9432835821,0.8448506641,TRUE
1,1629,526518,1269.4444444444,533.3333333333,1.3641791045,0.9686567164,0.9851157023,FALSE
1,1630,526710,533.3333333333,1308.3333333333,0.5731343284,0.9895522388,0.8219310503,TRUE
1,1631,527181,1308.3333333333,530.5555555556,1.4059701493,0.9880597015,0.9862292167,FALSE
1,1632,527372,530.5555555556,1188.8888888889,0.5701492537,0.923880597,0.8031276437,TRUE
1,1633,527800,1188.8888888889,486.1111111111,1.2776119403,0.9,0.9662523006,FALSE
1,1634,527975,486.1111111111,1133.3333333333,0.5223880597,0.8701492537,0.8057843764,TRUE
1,1635,528383,1133.3333333333,502.7777777778,1.2179104478,0.8791044776,0.9856918266,FALSE
1,1636,528564,502.7777777778,1266.6666666667,0.5402985075,0.9507462687,0.7923652164,TRUE
1,1637,529020,1266.6666666667,527.7777777778,1.3611940299,0.9641791045,0.9851188153,FALSE
1,1638,529210,527.7777777778,1288.8888888889,0.5671641791,0.976119403,0.8285273965,TRUE
1,1639,529674,1288.8888888889,483.3333333333,1.3850746269,0.952238806,0.9517644623,FALSE
1,1640,529848,483.3333333333,1216.6666666667,0.5194029851,0.9134328358,0.8175855013,TRUE
1,1641,530286,1216.6666666667,486.1111111111,1.3074626866,0.9149253731,0.988096687,FALSE
1,1642,530461,486.1111111111,1286.1111111111,0.5223880597,0.952238806,0.8266445187,TRUE
1,1643,530924,1286.1111111111,533.3333333333,1.3820895522,0.9776119403,0.9889090345,FALSE
1,1644,531116,533.3333333333,1322.2222222222,0.5731343284,0.9970149254,0.8123583942,TRUE
1,1645,531592,1322.2222222222,522.2222222222,1.4208955224,0.9910447761,0.9821792736,FALSE
1,1646,531780,522.2222222222,1233.3333333333,0.5611940299,0.9432835821,0.8002570446,TRUE
1,1647,532224,1233.3333333333,483.3333333333,1.3253731343,0.9223880597,0.9964742302,FALSE
1,1648,532398,483.3333333333,1147.2222222222,0.5194029851,0.876119403,0.8327861935,TRUE
1,1649,532811,1147.2222222222,519.4444444444,1.2328358209,0.8955223881,0.9940840374,FALSE
1,1650,532998,519.4444444444,1250,0.5582089552,0.9507462687,0.7192441041,TRUE
1,1651,533448,1250,522.2222222222,1.3432835821,0.952238806,0.9872669168,FALSE
1,1652,533636,522.2222222222,1211.1111111111,0.5611940299,0.9313432836,0.7895073953,TRUE
1,1653,534072,1211.1111111111,486.1111111111,1.3014925373,0.9119402985,0.9972331235,FALSE
1,1654,534247,486.1111111111,1080.5555555556,0.5223880597,0.8417910448,0.8356784804,TRUE
1,1655,534636,1080.5555555556,500,1.1611940299,0.8492537313,0.9751429348,FALSE
1,1656,534816,500,1230.5555555556,0.5373134328,0.9298507463,0.7040985128,TRUE
1,1657,535259,1230.5555555556,508.3333333333,1.3223880597,0.9343283582,0.9864044017,FALSE
1,1658,535442,508.3333333333,1283.3333333333,0.5462686567,0.9626865672,0.8192585321,TRUE
1,1659,535904,1283.3333333333,511.1111111111,1.3791044776,0.9641791045,0.9931847527,FALSE
1,1660,536088,511.1111111111,1200,0.5492537313,0.9194029851,0.8462667956,TRUE
1,1661,536520,1200,744.4444444444,1.2895522388,1.0447761194,0.9937551819,FALSE
1,1662,536788,744.4444444444,1033.3333333333,0.8,0.9552238806,0.1894293981,TRUE
1,1663,537160,1033.3333333333,758.3333333333,1.1104477612,0.9626865672,0.9964962085,FALSE
1,1664,537433,758.3333333333,1086.1111111111,0.8149253731,0.9910447761,0.0208125973,TRUE
1,1665,537824,1086.1111111111,536.1111111111,1.1671641791,0.871641791,0.9921096718,FALSE
1,1666,538017,536.1111111111,1225,0.576119403,0.9462686567,0.7468177923,TRUE
1,1667,538458,1225,500,1.3164179104,0.9268656716,0.99677539,FALSE
1,1668,538638,500,1188.8888888889,0.5373134328,0.9074626866,0.8175827673,TRUE
1,1669,539066,1188.8888888889,741.6666666667,1.2776119403,1.0373134328,0.9973134725,FALSE
1,1670,539333,741.6666666667,1030.5555555556,0.7970149254,0.952238806,0.0102911639,TRUE
1,1671,539704,1030.5555555556,927.7777777778,1.1074626866,1.052238806,0.9979817171,FALSE
1,1672,540038,927.7777777778,786.1111111111,0.9970149254,0.9208955224,0.9955870057,FALSE
1,1673,540321,786.1111111111,280.5555555556,0.8447761194,0.5731343284,0.0096319432,TRUE
1,1674,540422,280.5555555556,1247.2222222222,0.3014925373,0.8208955224,0.6813774222,TRUE
1,1675,540871,1247.2222222222,730.5555555556,1.3402985075,1.0626865672,0.9897245802,FALSE
1,1676,541134,730.5555555556,991.6666666667,0.7850746269,0.9253731343,0.4737192993,TRUE
1,1677,541491,991.6666666667,891.6666666667,1.0656716418,1.0119402985,0.9904778408,FALSE
1,1678,541812,891.6666666667,797.2222222222,0.9582089552,0.9074626866,0.9824679819,FALSE
1,1679,542099,797.2222222222,258.3333333333,0.8567164179,0.5671641791,-0.0506907351,FALSE
1,1680,542192,258.3333333333,1305.5555555556,0.2776119403,0.8402985075,0.7304155126,TRUE
1,1681,542662,1305.5555555556,730.5555555556,1.4029850746,1.0940298507,0.9939392288,FALSE
1,1682,542925,730.5555555556,975,0.7850746269,0.9164179104,0.3788797613,TRUE
1,1683,543276,975,733.3333333333,1.047761194,0.9179104478,0.9742197117,FALSE
1,1684,543540,733.3333333333,1019.4444444444,0.7880597015,0.9417910448,0.2312602844,TRUE
1,1685,543907,1019.4444444444,569.4444444444,1.0955223881,0.8537313433,0.9873279303,FALSE
1,1686,544112,569.4444444444,1280.5555555556,0.6119402985,0.9940298507,0.6898740304,TRUE
1,1687,544573,1280.5555555556,761.1111111111,1.376119403,1.0970149254,0.9847331368,FALSE
1,1688,544847,761.1111111111,972.2222222222,0.8179104478,0.9313432836,0.1975411212,TRUE
1,1689,545197,972.2222222222,491.6666666667,1.0447761194,0.7865671642,0.9847437734,FALSE
1,1690,545374,491.6666666667,1155.5555555556,0.528358209,0.8850746269,0.8167112772,TRUE
1,1691,545790,1155.5555555556,544.4444444444,1.2417910448,0.9134328358,0.990117634,FALSE
1,1692,545986,544.4444444444,497.2222222222,0.5850746269,0.5597014925,0.7851974519,TRUE
1,1693,546165,497.2222222222,1297.2222222222,0.5343283582,0.9641791045,0.7700028539,TRUE
1,1694,546632,1297.2222222222,505.5555555556,1.3940298507,0.9686567164,0.9962410887,FALSE
1,1695,546814,505.5555555556,1266.6666666667,0.5432835821,0.952238806,0.7547621597,TRUE
1,1696,547270,1266.6666666667,483.3333333333,1.3611940299,0.9402985075,0.9727347912,FALSE
1,1697,547444,483.3333333333,1166.6666666667,0.5194029851,0.8865671642,0.8693959308,TRUE
1,1698,547864,1166.6666666667,500,1.2537313433,0.8955223881,0.9949020845,FALSE
1,1699,548044,500,1288.8888888889,0.5373134328,0.9611940299,0.7545871428,TRUE
1,1700,548508,1288.8888888889,525,1.3850746269,0.9746268657,0.986352693,FALSE
1,1701,548697,525,1216.6666666667,0.5641791045,0.9358208955,0.8569498904,TRUE
1,1702,549135,1216.6666666667,497.2222222222,1.3074626866,0.9208955224,0.9863698687,FALSE
1,1703,549314,497.2222222222,1180.5555555556,0.5343283582,0.9014925373,0.8923941999,TRUE
1,1704,549739,1180.5555555556,488.8888888889,1.2686567164,0.8970149254,0.9871682849,FALSE
1,1705,549915,488.8888888889,1230.5555555556,0.5253731343,0.923880597,0.8705110148,TRUE
1,1706,550358,1230.5555555556,536.1111111111,1.3223880597,0.9492537313,0.995195453,FALSE
1,1707,550551,536.1111111111,1233.3333333333,0.576119403,0.9507462687,0.8645827524,TRUE
1,1708,550995,1233.3333333333,516.6666666667,1.3253731343,0.9402985075,0.9843381727,FALSE
1,1709,551181,516.6666666667,1161.1111111111,0.5552238806,0.9014925373,0.8417575632,TRUE
1,1710,551599,1161.1111111111,488.8888888889,1.247761194,0.8865671642,0.9839437785,FALSE
1,1711,551775,488.8888888889,1175,0.5253731343,0.8940298507,0.8808814414,TRUE
1,1712,552198,1175,511.1111111111,1.2626865672,0.9059701493,0.9863446943,FALSE
1,1713,552382,511.1111111111,1272.2222222222,0.5492537313,0.9582089552,0.739001503,TRUE
1,1714,552840,1272.2222222222,538.8888888889,1.3671641791,0.9731343284,0.9977622314,FALSE
1,1715,553034,538.8888888889,1277.7777777778,0.5791044776,0.976119403,0.8501264995,TRUE
1,1716,553494,1277.7777777778,511.1111111111,1.3731343284,0.9611940299,0.9912069822,FALSE
1,1717,553678,511.1111111111,1216.6666666667,0.5492537313,0.928358209,0.7457123769,TRUE
1,1718,554116,1216.6666666667,508.3333333333,1.3074626866,0.9268656716,0.9889222533,FALSE
1,1719,554299,508.3333333333,1280.5555555556,0.5462686567,0.9611940299,0.8293433315,TRUE
1,1720,554760,1280.5555555556,541.6666666667,1.376119403,0.9791044776,0.9842206525,FALSE
1,1721,554955,541.6666666667,1311.1111111111,0.5820895522,0.9955223881,0.8552229396,TRUE
1,1722,555427,1311.1111111111,519.4444444444,1.4089552239,0.9835820896,0.9927884556,FALSE
1,1723,555614,519.4444444444,1172.2222222222,0.5582089552,0.9089552239,0.8585820179,TRUE
1,1724,556036,1172.2222222222,508.3333333333,1.2597014925,0.9029850746,0.9914149815,FALSE
1,1725,556219,508.3333333333,1277.7777777778,0.5462686567,0.9597014925,0.9100577443,FALSE
1,1726,556679,1277.7777777778,522.2222222222,1.3731343284,0.9671641791,0.9956738496,FALSE
1,1727,556867,522.2222222222,1308.3333333333,0.5611940299,0.9835820896,0.7548986876,TRUE
1,1728,557338,1308.3333333333,527.7777777778,1.4059701493,0.9865671642,0.994221528,FALSE
1,1729,557528,527.7777777778,1238.8888888889,0.5671641791,0.9492537313,0.8858748347,TRUE
1,1730,557974,1238.8888888889,777.7777777778,1.3313432836,1.0835820896,0.979841785,FALSE
1,1731,558254,777.7777777778,947.2222222222,0.8358208955,0.9268656716,0.0731455805,TRUE
1,1732,558595,947.2222222222,505.5555555556,1.0179104478,0.7805970149,0.9847548475,FALSE
1,1733,558777,505.5555555556,1313.8888888889,0.5432835821,0.9776119403,0.7978190687,TRUE
1,1734,559250,1313.8888888889,558.3333333333,1.4119402985,1.0059701493,0.9959821713,FALSE
1,1735,559451,558.3333333333,1316.6666666667,0.6,1.0074626866,0.7201963147,TRUE
1,1736,559925,1316.6666666667,502.7777777778,1.4149253731,0.9776119403,0.9884904115,FALSE
1,1737,560106,502.7777777778,483.3333333333,0.5402985075,0.5298507463,0.7522419193,TRUE
1,1738,560280,483.3333333333,1252.7777777778,0.5194029851,0.9328358209,0.5637244773,TRUE
1,1739,560731,1252.7777777778,525,1.3462686567,0.9552238806,0.9940341803,FALSE
1,1740,560920,525,1286.1111111111,0.5641791045,0.9731343284,0.8793152485,TRUE
1,1741,561383,1286.1111111111,552.7777777778,1.3820895522,0.9880597015,0.9982284073,FALSE
1,1742,561582,552.7777777778,497.2222222222,0.5940298507,0.5641791045,0.8038266303,TRUE
1,1743,561761,497.2222222222,1308.3333333333,0.5343283582,0.9701492537,0.7956676832,TRUE
1,1744,562232,1308.3333333333,497.2222222222,1.4059701493,0.9701492537,0.9937724698,FALSE
1,1745,562411,497.2222222222,1305.5555555556,0.5343283582,0.9686567164,0.8786994511,TRUE
1,1746,562881,1305.5555555556,513.8888888889,1.4029850746,0.9776119403,0.9934697374,FALSE
1,1747,563066,513.8888888889,494.4444444444,0.552238806,0.5417910448,0.795273215,TRUE
1,1748,563244,494.4444444444,1433.3333333333,0.5313432836,1.0358208955,0.7953129283,TRUE
1,1749,563760,1433.3333333333,1075,1.5402985075,1.347761194,0.991908423,FALSE
1,1750,564147,1075,975,1.1552238806,1.1014925373,0.9940055726,FALSE
1,1751,564498,975,527.7777777778,1.047761194,0.8074626866,0.9858131436,FALSE
1,1752,564688,527.7777777778,458.3333333333,0.5671641791,0.5298507463,0.8396062162,TRUE
1,1753,564853,458.3333333333,1352.7777777778,0.4925373134,0.9731343284,0.7849599939,TRUE
1,1754,565340,1352.7777777778,1158.3333333333,1.4537313433,1.3492537313,0.9968052452,FALSE
1,1755,565757,1158.3333333333,563.8888888889,1.2447761194,0.9253731343,0.9930715967,FALSE
1,1756,565960,563.8888888889,505.5555555556,0.6059701493,0.5746268657,0.8740755697,TRUE
1,1757,566142,505.5555555556,1330.5555555556,0.5432835821,0.9865671642,0.5519945094,TRUE
1,1758,566621,1330.5555555556,494.4444444444,1.4298507463,0.9805970149,0.9955844898,FALSE
1,1759,566799,494.4444444444,472.2222222222,0.5313432836,0.5194029851,0.7583666853,TRUE
1,1760,566969,472.2222222222,1358.3333333333,0.5074626866,0.9835820896,0.7196761364,TRUE
1,1761,567458,1358.3333333333,1091.6666666667,1.4597014925,1.3164179104,0.9987316177,FALSE
1,1762,567851,1091.6666666667,966.6666666667,1.1731343284,1.1059701493,0.9830034174,FALSE
1,1763,568199,966.6666666667,1013.8888888889,1.0388059701,1.0641791045,0.9785540659,FALSE
1,1764,568564,1013.8888888889,786.1111111111,1.0895522388,0.9671641791,0.9906714086,FALSE
1,1765,568847,786.1111111111,230.5555555556,0.8447761194,0.5462686567,0.1456304412,TRUE
1,1766,568930,230.5555555556,1286.1111111111,0.247761194,0.8149253731,0.8232190193,TRUE
1,1767,569393,1286.1111111111,1097.2222222222,1.3820895522,1.2805970149,0.9846311129,FALSE
1,1768,569788,1097.2222222222,1138.8888888889,1.1791044776,1.2014925373,0.9896784095,FALSE
1,1769,570198,1138.8888888889,1102.7777777778,1.223880597,1.2044776119,0.9856827486,FALSE
1,1770,570595,1102.7777777778,1063.8888888889,1.1850746269,1.1641791045,0.9930468723,FALSE
1,1771,570978,1063.8888888889,1150,1.1432835821,1.1895522388,0.9844573552,FALSE
1,1772,571392,1150,1052.7777777778,1.2358208955,1.1835820896,0.988064989,FALSE
1,1773,571771,1052.7777777778,994.4444444444,1.1313432836,1.1,0.9930037163,FALSE
1,1774,572129,994.4444444444,1022.2222222222,1.0686567164,1.0835820896,0.9610060369,FALSE
1,1775,572497,1022.2222222222,1116.6666666667,1.0985074627,1.1492537313,0.9867357109,FALSE
1,1776,572899,1116.6666666667,1005.5555555556,1.2,1.1402985075,0.9798216199,FALSE
1,1777,573261,1005.5555555556,1083.3333333333,1.0805970149,1.1223880597,0.9907680423,FALSE
1,1778,573651,1083.3333333333,1166.6666666667,1.1641791045,1.2089552239,0.9872476161,FALSE
1,1779,574071,1166.6666666667,1136.1111111111,1.2537313433,1.2373134328,0.9841347224,FALSE
1,1780,574480,1136.1111111111,1152.7777777778,1.2208955224,1.2298507463,0.9868465597,FALSE
1,1781,574895,1152.7777777778,1158.3333333333,1.2388059701,1.2417910448,0.9788058289,FALSE
1,1782,575312,1158.3333333333,1183.3333333333,1.2447761194,1.2582089552,0.9951652126,FALSE
1,1783,575738,1183.3333333333,1244.4444444444,1.271641791,1.3044776119,0.9953923456,FALSE
1,1784,576186,1244.4444444444,1202.7777777778,1.3373134328,1.3149253731,0.9811903411,FALSE
1,1785,576619,1202.7777777778,1225,1.2925373134,1.3044776119,0.9818388287,FALSE
1,1786,577060,1225,1108.3333333333,1.3164179104,1.2537313433,0.9899547619,FALSE
1,1787,577459,1108.3333333333,1113.8888888889,1.1910447761,1.1940298507,0.9943754332,FALSE
1,1788,577860,1113.8888888889,1061.1111111111,1.1970149254,1.1686567164,0.9865064235,FALSE
1,1789,578242,1061.1111111111,1155.5555555556,1.1402985075,1.1910447761,0.98333136,FALSE
1,1790,578658,1155.5555555556,1238.8888888889,1.2417910448,1.2865671642,0.9750892201,FALSE
1,1791,579104,1238.8888888889,1183.3333333333,1.3313432836,1.3014925373,0.9916915397,FALSE
1,1792,579530,1183.3333333333,955.5555555556,1.271641791,1.1492537313,0.9973741156,FALSE
1,1793,579874,955.5555555556,983.3333333333,1.0268656716,1.0417910448,0.9980938819,FALSE
1,1794,580228,983.3333333333,1047.2222222222,1.0567164179,1.0910447761,0.99473656,FALSE
1,1795,580605,1047.2222222222,966.6666666667,1.1253731343,1.0820895522,0.9805108341,FALSE
1,1796,580953,966.6666666667,944.4444444444,1.0388059701,1.0268656716,0.9978535381,FALSE
1,1797,581293,944.4444444444,586.1111111111,1.0149253731,0.8223880597,0.9953985883,FALSE
1,1798,581504,586.1111111111,497.2222222222,0.6298507463,0.5820895522,0.7847577944,TRUE
1,1799,581683,497.2222222222,1255.5555555556,0.5343283582,0.9417910448,0.6754190595,TRUE
1,1800,582135,1255.5555555556,961.1111111111,1.3492537313,1.1910447761,0.9871326605,FALSE
1,1801,582481,961.1111111111,988.8888888889,1.0328358209,1.047761194,0.9922069468,FALSE
1,1802,582837,988.8888888889,963.8888888889,1.0626865672,1.0492537313,0.9939720749,FALSE
1,1803,583184,963.8888888889,575,1.0358208955,0.8268656716,0.9952376135,FALSE
1,1804,583391,575,505.5555555556,0.6179104478,0.5805970149,0.8158686194,TRUE
1,1805,583573,505.5555555556,1369.4444444444,0.5432835821,1.0074626866,0.6142520888,TRUE
1,1806,584066,1369.4444444444,1097.2222222222,1.471641791,1.3253731343,0.9885734298,FALSE
1,1807,584461,1097.2222222222,1125,1.1791044776,1.1940298507,0.9929437529,FALSE
1,1808,584866,1125,577.7777777778,1.2089552239,0.9149253731,0.9952389911,FALSE
1,1809,585074,577.7777777778,516.6666666667,0.6208955224,0.5880597015,0.7894030685,TRUE
1,1810,585260,516.6666666667,1441.6666666667,0.5552238806,1.052238806,0.567415435,TRUE
1,1811,585779,1441.6666666667,1130.5555555556,1.5492537313,1.3820895522,0.9924208051,FALSE
1,1812,586186,1130.5555555556,530.5555555556,1.2149253731,0.8925373134,0.9845473477,FALSE
1,1813,586377,530.5555555556,472.2222222222,0.5701492537,0.5388059701,0.8087928511,TRUE
1,1814,586547,472.2222222222,1461.1111111111,0.5074626866,1.0388059701,0.6329919669,TRUE
1,1815,587073,1461.1111111111,1216.6666666667,1.5701492537,1.4388059701,0.9913127712,FALSE
1,1816,587511,1216.6666666667,563.8888888889,1.3074626866,0.9567164179,0.9902833419,FALSE
1,1817,587714,563.8888888889,500,0.6059701493,0.571641791,0.8023705989,TRUE
1,1818,587894,500,1394.4444444444,0.5373134328,1.0179104478,0.6607489332,TRUE
1,1819,588396,1394.4444444444,1213.8888888889,1.4985074627,1.4014925373,0.9816772485,FALSE
1,1820,588833,1213.8888888889,530.5555555556,1.3044776119,0.9373134328,0.9887575798,FALSE
1,1821,589024,530.5555555556,508.3333333333,0.5701492537,0.5582089552,0.8319404573,TRUE
1,1822,589207,508.3333333333,1533.3333333333,0.5462686567,1.0970149254,0.5664183781,TRUE
1,1823,589759,1533.3333333333,527.7777777778,1.647761194,1.1074626866,0.9932748558,FALSE
1,1824,589949,527.7777777778,488.8888888889,0.5671641791,0.5462686567,0.7862284619,TRUE
1,1825,590125,488.8888888889,1372.2222222222,0.5253731343,1,0.6537732211,TRUE
1,1826,590619,1372.2222222222,1122.2222222222,1.4746268657,1.3402985075,0.9888350494,FALSE
1,1827,591023,1122.2222222222,536.1111111111,1.2059701493,0.8910447761,0.9912420916,FALSE
1,1828,591216,536.1111111111,491.6666666667,0.576119403,0.552238806,0.8066135445,TRUE
1,1829,591393,491.6666666667,1483.3333333333,0.528358209,1.0611940299,0.6630461703,TRUE
1,1830,591927,1483.3333333333,1183.3333333333,1.5940298507,1.4328358209,0.9932524024,FALSE
1,1831,592353,1183.3333333333,525,1.271641791,0.9179104478,0.9960622705,FALSE
1,1832,592542,525,466.6666666667,0.5641791045,0.5328358209,0.8193084314,TRUE
1,1833,592710,466.6666666667,1402.7777777778,0.5014925373,1.0044776119,0.6893697164,TRUE
1,1834,593215,1402.7777777778,1202.7777777778,1.5074626866,1.4,0.993896315,FALSE
1,1835,593648,1202.7777777778,561.1111111111,1.2925373134,0.947761194,0.9947072564,FALSE
1,1836,593850,561.1111111111,497.2222222222,0.6029850746,0.5686567164,0.7957744762,TRUE
1,1837,594029,497.2222222222,1450,0.5343283582,1.0462686567,0.6138427906,TRUE
1,1838,594551,1450,1155.5555555556,1.5582089552,1.4,0.9942955075,FALSE
1,1839,594967,1155.5555555556,525,1.2417910448,0.9029850746,0.9958504274,FALSE
1,1840,595156,525,458.3333333333,0.5641791045,0.528358209,0.8242090862,TRUE
1,1841,595321,458.3333333333,1461.1111111111,0.4925373134,1.0313432836,0.6640063452,TRUE
1,1842,595847,1461.1111111111,1277.7777777778,1.5701492537,1.471641791,0.9954436341,FALSE
1,1843,596307,1277.7777777778,538.8888888889,1.3731343284,0.976119403,0.9799601896,FALSE
1,1844,596501,538.8888888889,491.6666666667,0.5791044776,0.5537313433,0.8042600239,TRUE
1,1845,596678,491.6666666667,1380.5555555556,0.528358209,1.0059701493,0.6644460433,TRUE
1,1846,597175,1380.5555555556,527.7777777778,1.4835820896,1.0253731343,0.991918184,FALSE
1,1847,597365,527.7777777778,469.4444444444,0.5671641791,0.5358208955,0.8219313159,TRUE
1,1848,597534,469.4444444444,1466.6666666667,0.5044776119,1.0402985075,0.6424012113,TRUE
1,1849,598062,1466.6666666667,1283.3333333333,1.576119403,1.4776119403,0.9924136209,FALSE
1,1850,598524,1283.3333333333,544.4444444444,1.3791044776,0.9820895522,0.995666103,FALSE
1,1851,598720,544.4444444444,491.6666666667,0.5850746269,0.5567164179,0.8116774531,TRUE
1,1852,598897,491.6666666667,1366.6666666667,0.528358209,0.9985074627,0.6469869664,TRUE
1,1853,599389,1366.6666666667,491.6666666667,1.4686567164,0.9985074627,0.9907955561,FALSE
1,1854,599566,491.6666666667,466.6666666667,0.528358209,0.5149253731,0.7804906645,TRUE
1,1855,599734,466.6666666667,1511.1111111111,0.5014925373,1.0626865672,0.5919909956,TRUE
1,1856,600278,1511.1111111111,1197.2222222222,1.623880597,1.4552238806,0.9959350635,FALSE
1,1857,600709,1197.2222222222,547.2222222222,1.2865671642,0.9373134328,0.9963631329,FALSE
1,1858,600906,547.2222222222,466.6666666667,0.5880597015,0.5447761194,0.789076852,TRUE
1,1859,601074,466.6666666667,1386.1111111111,0.5014925373,0.9955223881,0.5967295917,TRUE
1,1860,601573,1386.1111111111,1147.2222222222,1.4895522388,1.3611940299,0.9933173201,FALSE
1,1861,601986,1147.2222222222,555.5555555556,1.2328358209,0.9149253731,0.9954034773,FALSE
1,1862,602186,555.5555555556,508.3333333333,0.5970149254,0.571641791,0.7942790369,TRUE
1,1863,602369,508.3333333333,1483.3333333333,0.5462686567,1.0701492537,0.6738305457,TRUE
1,1864,602903,1483.3333333333,1100,1.5940298507,1.3880597015,0.9948266046,FALSE
1,1865,603299,1100,525,1.1820895522,0.8731343284,0.9909663066,FALSE
1,1866,603488,525,463.8888888889,0.5641791045,0.5313432836,0.8061187284,TRUE
1,1867,603655,463.8888888889,1369.4444444444,0.4985074627,0.9850746269,0.6800590675,TRUE
1,1868,604148,1369.4444444444,1175,1.471641791,1.3671641791,0.9970365099,FALSE
1,1869,604571,1175,561.1111111111,1.2626865672,0.9328358209,0.9944374844,FALSE
1,1870,604773,561.1111111111,505.5555555556,0.6029850746,0.5731343284,0.8017063524,TRUE
1,1871,604955,505.5555555556,1383.3333333333,0.5432835821,1.0149253731,0.6579085049,TRUE
1,1872,605453,1383.3333333333,1063.8888888889,1.4865671642,1.3149253731,0.9758698107,FALSE
1,1873,605836,1063.8888888889,525,1.1432835821,0.8537313433,0.9702553558,FALSE
1,1874,606025,525,486.1111111111,0.5641791045,0.5432835821,0.8293955737,TRUE
1,1875,606200,486.1111111111,1388.8888888889,0.5223880597,1.0074626866,0.6648997843,TRUE
1,1876,606700,1388.8888888889,1205.5555555556,1.4925373134,1.3940298507,0.9965849627,FALSE
1,1877,607134,1205.5555555556,547.2222222222,1.2955223881,0.9417910448,0.9969746357,FALSE
1,1878,607331,547.2222222222,500,0.5880597015,0.5626865672,0.8099253665,TRUE
1,1879,607511,500,1344.4444444444,0.5373134328,0.9910447761,0.5669671981,TRUE
1,1880,607995,1344.4444444444,513.8888888889,1.4447761194,0.9985074627,0.9964645751,FALSE
1,1881,608180,513.8888888889,477.7777777778,0.552238806,0.5328358209,0.760018935,TRUE
1,1882,608352,477.7777777778,1394.4444444444,0.5134328358,1.0059701493,0.6478062099,TRUE
1,1883,608854,1394.4444444444,525,1.4985074627,1.0313432836,0.9949295422,FALSE
1,1884,609043,525,508.3333333333,0.5641791045,0.5552238806,0.7336283096,TRUE
1,1885,609226,508.3333333333,1341.6666666667,0.5462686567,0.9940298507,0.6683652771,TRUE
1,1886,609709,1341.6666666667,738.8888888889,1.4417910448,1.1179104478,0.9947412983,FALSE
1,1887,609975,738.8888888889,958.3333333333,0.7940298507,0.9119402985,0.051283041,TRUE
1,1888,610320,958.3333333333,530.5555555556,1.0298507463,0.8,0.9913333494,FALSE
1,1889,610511,530.5555555556,466.6666666667,0.5701492537,0.5358208955,0.7378684011,TRUE
1,1890,610679,466.6666666667,1350,0.5014925373,0.976119403,0.7002797381,TRUE
1,1891,611165,1350,530.5555555556,1.4507462687,1.0104477612,0.9848491643,FALSE
1,1892,611356,530.5555555556,475,0.5701492537,0.5402985075,0.7046887771,TRUE
1,1893,611527,475,1283.3333333333,0.5104477612,0.9447761194,0.7143294877,TRUE
1,1894,611989,1283.3333333333,700,1.3791044776,1.0656716418,0.9910529445,FALSE
1,1895,612241,700,1080.5555555556,0.752238806,0.9567164179,-0.0418153048,TRUE
1,1896,612630,1080.5555555556,536.1111111111,1.1611940299,0.8686567164,0.9525501105,FALSE
1,1897,612823,536.1111111111,544.4444444444,0.576119403,0.5805970149,0.7208285508,TRUE
1,1898,613019,544.4444444444,1386.1111111111,0.5850746269,1.0373134328,0.596446051,TRUE
1,1899,613518,1386.1111111111,516.6666666667,1.4895522388,1.0223880597,0.9787579102,FALSE
1,1900,613704,516.6666666667,1300,0.5552238806,0.976119403,0.6653633139,TRUE
1,1901,614172,1300,947.2222222222,1.3970149254,1.2074626866,0.9955850915,FALSE
1,1902,614513,947.2222222222,755.5555555556,1.0179104478,0.9149253731,0.9850043428,FALSE
1,1903,614785,755.5555555556,1044.4444444444,0.8119402985,0.9671641791,0.1132831436,TRUE
1,1904,615161,1044.4444444444,1022.2222222222,1.1223880597,1.1104477612,0.9823493483,FALSE
1,1905,615529,1022.2222222222,813.8888888889,1.0985074627,0.9865671642,0.9903597008,FALSE
1,1906,615822,813.8888888889,1086.1111111111,0.8746268657,1.0208955224,-0.0066274726,FALSE
1,1907,616213,1086.1111111111,980.5555555556,1.1671641791,1.1104477612,0.9948756601,FALSE
1,1908,616566,980.5555555556,766.6666666667,1.0537313433,0.9388059701,0.9956876074,FALSE
1,1909,616842,766.6666666667,247.2222222222,0.823880597,0.5447761194,0.0610471257,TRUE
1,1910,616931,247.2222222222,1438.8888888889,0.2656716418,0.9059701493,0.8114273257,TRUE
1,1911,617449,1438.8888888889,1191.6666666667,1.5462686567,1.4134328358,0.995762662,FALSE
1,1912,617878,1191.6666666667,547.2222222222,1.2805970149,0.9343283582,0.9849797707,FALSE
1,1913,618075,547.2222222222,1352.7777777778,0.5880597015,1.0208955224,0.722118597,TRUE
1,1914,618562,1352.7777777778,794.4444444444,1.4537313433,1.1537313433,0.9949432937,FALSE
1,1915,618848,794.4444444444,258.3333333333,0.8537313433,0.5656716418,0.0449652739,FALSE
1,1916,618941,258.3333333333,1419.4444444444,0.2776119403,0.9014925373,0.8260406162,TRUE
1,1917,619452,1419.4444444444,1183.3333333333,1.5253731343,1.3985074627,0.9936278257,FALSE
1,1918,619878,1183.3333333333,566.6666666667,1.271641791,0.9402985075,0.9823700409,FALSE
1,1919,620082,566.6666666667,536.1111111111,0.6089552239,0.5925373134,0.7357858084,TRUE
1,1920,620275,536.1111111111,1391.6666666667,0.576119403,1.0358208955,0.7274138339,TRUE
1,1921,620776,1391.6666666667,1030.5555555556,1.4955223881,1.3014925373,0.9968723503,FALSE
1,1922,621147,1030.5555555556,538.8888888889,1.1074626866,0.8432835821,0.9985521291,FALSE
1,1923,621341,538.8888888889,505.5555555556,0.5791044776,0.5611940299,0.7495993108,TRUE
1,1924,621523,505.5555555556,1500,0.5432835821,1.0776119403,0.7597820228,TRUE
1,1925,622063,1500,1150,1.6119402985,1.423880597,0.9947307973,FALSE
1,1926,622477,1150,1027.7777777778,1.2358208955,1.1701492537,0.9971460859,FALSE
1,1927,622847,1027.7777777778,536.1111111111,1.1044776119,0.8402985075,0.9885723348,FALSE
1,1928,623040,536.1111111111,513.8888888889,0.576119403,0.5641791045,0.7487398065,TRUE
1,1929,623225,513.8888888889,1388.8888888889,0.552238806,1.0223880597,0.8202399387,TRUE
1,1930,623725,1388.8888888889,1133.3333333333,1.4925373134,1.3552238806,0.9957348364,FALSE
1,1931,624133,1133.3333333333,572.2222222222,1.2179104478,0.9164179104,0.9924993393,FALSE
1,1932,624339,572.2222222222,508.3333333333,0.6149253731,0.5805970149,0.7279357542,TRUE
1,1933,624522,508.3333333333,1380.5555555556,0.5462686567,1.0149253731,0.8183888953,TRUE
1,1934,625019,1380.5555555556,980.5555555556,1.4835820896,1.2686567164,0.9978694252,FALSE
1,1935,625372,980.5555555556,522.2222222222,1.0537313433,0.8074626866,0.9768042606,FALSE
1,1936,625560,522.2222222222,1269.4444444444,0.5611940299,0.9626865672,0.8003854978,TRUE
1,1937,626017,1269.4444444444,577.7777777778,1.3641791045,0.9925373134,0.9333056841,FALSE
1,1938,626225,577.7777777778,1252.7777777778,0.6208955224,0.9835820896,0.5580345332,TRUE
1,1939,626676,1252.7777777778,855.5555555556,1.3462686567,1.1328358209,0.9874737975,FALSE
1,1940,626984,855.5555555556,930.5555555556,0.9194029851,0.9597014925,0.9894863724,FALSE
1,1941,627319,930.5555555556,863.8888888889,1,0.9641791045,0.9754804415,FALSE
1,1942,627630,863.8888888889,563.8888888889,0.928358209,0.7671641791,0.9915113955,FALSE
1,1943,627833,563.8888888889,491.6666666667,0.6059701493,0.5671641791,0.8897796192,TRUE
1,1944,628010,491.6666666667,1341.6666666667,0.528358209,0.9850746269,0.7020525758,TRUE
1,1945,628493,1341.6666666667,788.8888888889,1.4417910448,1.1447761194,0.9396592816,FALSE
1,1946,628777,788.8888888889,947.2222222222,0.847761194,0.9328358209,0.0041159267,TRUE
1,1947,629118,947.2222222222,802.7777777778,1.0179104478,0.9402985075,0.9918346159,FALSE
1,1948,629407,802.7777777778,761.1111111111,0.8626865672,0.8402985075,0.9848555904,FALSE
1,1949,629681,761.1111111111,811.1111111111,0.8179104478,0.8447761194,0.9625956386,FALSE
1,1950,629973,811.1111111111,797.2222222222,0.871641791,0.8641791045,0.9869592434,FALSE
1,1951,630260,797.2222222222,858.3333333333,0.8567164179,0.8895522388,0.9925798561,FALSE
1,1952,630569,858.3333333333,572.2222222222,0.9223880597,0.7686567164,0.9499727972,FALSE
1,1953,630775,572.2222222222,480.5555555556,0.6149253731,0.5656716418,0.7923530015,TRUE
1,1954,630948,480.5555555556,1261.1111111111,0.5164179104,0.9358208955,0.7130596312,TRUE
1,1955,631402,1261.1111111111,730.5555555556,1.3552238806,1.0701492537,0.9891804013,FALSE
1,1956,631665,730.5555555556,883.3333333333,0.7850746269,0.8671641791,0.226143695,TRUE
1,1957,631983,883.3333333333,900,0.9492537313,0.9582089552,0.9951552484,FALSE
1,1958,632307,900,563.8888888889,0.9671641791,0.7865671642,0.9842392207,FALSE
1,1959,632510,563.8888888889,522.2222222222,0.6059701493,0.5835820896,0.8028277819,TRUE
1,1960,632698,522.2222222222,1205.5555555556,0.5611940299,0.928358209,0.5895561376,TRUE
1,1961,633132,1205.5555555556,511.1111111111,1.2955223881,0.9223880597,0.9956702594,FALSE
1,1962,633316,511.1111111111,1080.5555555556,0.5492537313,0.8552238806,0.7598021842,TRUE
1,1963,633705,1080.5555555556,497.2222222222,1.1611940299,0.847761194,0.9645607457,FALSE
1,1964,633884,497.2222222222,458.3333333333,0.5343283582,0.5134328358,0.7410302888,TRUE
1,1965,634049,458.3333333333,1172.2222222222,0.4925373134,0.876119403,0.8529887495,TRUE
1,1966,634471,1172.2222222222,530.5555555556,1.2597014925,0.9149253731,0.9878682443,FALSE
1,1967,634662,530.5555555556,1152.7777777778,0.5701492537,0.9044776119,0.8142702653,TRUE
1,1968,635077,1152.7777777778,533.3333333333,1.2388059701,0.9059701493,0.9952672275,FALSE
1,1969,635269,533.3333333333,1077.7777777778,0.5731343284,0.8656716418,0.824553552,TRUE
1,1970,635657,1077.7777777778,500,1.1582089552,0.847761194,0.9894136822,FALSE
1,1971,635837,500,1088.8888888889,0.5373134328,0.8537313433,0.7649499132,TRUE
1,1972,636229,1088.8888888889,494.4444444444,1.1701492537,0.8507462687,0.9811106486,FALSE
1,1973,636407,494.4444444444,1208.3333333333,0.5313432836,0.9149253731,0.8770809453,TRUE
1,1974,636842,1208.3333333333,544.4444444444,1.2985074627,0.9417910448,0.9948526606,FALSE
1,1975,637038,544.4444444444,1213.8888888889,0.5850746269,0.9447761194,0.8271938068,TRUE
1,1976,637475,1213.8888888889,519.4444444444,1.3044776119,0.9313432836,0.9662059369,FALSE
1,1977,637662,519.4444444444,1161.1111111111,0.5582089552,0.9029850746,0.8542968143,TRUE
1,1978,638080,1161.1111111111,494.4444444444,1.247761194,0.8895522388,0.9811088559,FALSE
1,1979,638258,494.4444444444,1125,0.5313432836,0.8701492537,0.8834076836,TRUE
1,1980,638663,1125,536.1111111111,1.2089552239,0.8925373134,0.9925123642,FALSE
1,1981,638856,536.1111111111,1238.8888888889,0.576119403,0.9537313433,0.832492546,TRUE
1,1982,639302,1238.8888888889,525,1.3313432836,0.947761194,0.9964981204,FALSE
1,1983,639491,525,1138.8888888889,0.5641791045,0.8940298507,0.8334685114,TRUE
1,1984,639901,1138.8888888889,511.1111111111,1.223880597,0.8865671642,0.99328098,FALSE
1,1985,640085,511.1111111111,491.6666666667,0.5492537313,0.5388059701,0.8510294204,TRUE
1,1986,640262,491.6666666667,1197.2222222222,0.528358209,0.9074626866,0.6803628804,TRUE
1,1987,640693,1197.2222222222,511.1111111111,1.2865671642,0.9179104478,0.9916866507,FALSE
1,1988,640877,511.1111111111,1202.7777777778,0.5492537313,0.9208955224,0.8314649824,TRUE
1,1989,641310,1202.7777777778,855.5555555556,1.2925373134,1.1059701493,0.9868304577,FALSE
1,1990,641618,855.5555555556,530.5555555556,0.9194029851,0.7447761194,0.9893624669,FALSE
1,1991,641809,530.5555555556,505.5555555556,0.5701492537,0.5567164179,0.7661552566,TRUE
1,1992,641991,505.5555555556,1138.8888888889,0.5432835821,0.8835820896,0.8445504807,TRUE
1,1993,642401,1138.8888888889,475,1.223880597,0.8671641791,0.9920038687,FALSE
1,1994,642572,475,1108.3333333333,0.5104477612,0.8507462687,0.867321702,TRUE
1,1995,642971,1108.3333333333,516.6666666667,1.1910447761,0.8731343284,0.9858939256,FALSE
1,1996,643157,516.6666666667,1125,0.5552238806,0.8820895522,0.7449231048,TRUE
1,1997,643562,1125,552.7777777778,1.2089552239,0.9014925373,0.9892524353,FALSE
1,1998,643761,552.7777777778,1058.3333333333,0.5940298507,0.8656716418,0.7505026957,TRUE
1,1999,644142,1058.3333333333,755.5555555556,1.1373134328,0.9746268657,0.9588694097,FALSE
1,2000,644414,755.5555555556,519.4444444444,0.8119402985,0.6850746269,0.9929167267,FALSE
1,2001,644601,519.4444444444,469.4444444444,0.5582089552,0.5313432836,0.7926382353,TRUE
1,2002,644770,469.4444444444,1161.1111111111,0.5044776119,0.876119403,0.8346158278,TRUE
1,2003,645188,1161.1111111111,777.7777777778,1.247761194,1.0417910448,0.9892818527,FALSE
1,2004,645468,777.7777777778,927.7777777778,0.8358208955,0.9164179104,0.2026531635,TRUE
1,2005,645802,927.7777777778,538.8888888889,0.9970149254,0.7880597015,0.9961786783,FALSE
1,2006,645996,538.8888888889,502.7777777778,0.5791044776,0.5597014925,0.730768799,TRUE
1,2007,646177,502.7777777778,1222.2222222222,0.5402985075,0.9268656716,0.6733244212,TRUE
1,2008,646617,1222.2222222222,833.3333333333,1.3134328358,1.1044776119,0.9847783951,FALSE
1,2009,646917,833.3333333333,855.5555555556,0.8955223881,0.9074626866,0.9843304955,FALSE
1,2010,647225,855.5555555556,961.1111111111,0.9194029851,0.976119403,0.9927407629,FALSE
1,2011,647571,961.1111111111,575,1.0328358209,0.8253731343,0.9952764353,FALSE
1,2012,647778,575,1358.3333333333,0.6179104478,1.0388059701,0.7503840182,TRUE
1,2013,648267,1358.3333333333,988.8888888889,1.4597014925,1.2611940299,0.9658732473,FALSE
1,2014,648623,988.8888888889,963.8888888889,1.0626865672,1.0492537313,0.982608598,FALSE
1,2015,648970,963.8888888889,533.3333333333,1.0358208955,0.8044776119,0.9838041078,FALSE
1,2016,649162,533.3333333333,483.3333333333,0.5731343284,0.5462686567,0.7948486003,TRUE
1,2017,649336,483.3333333333,1269.4444444444,0.5194029851,0.9417910448,0.6310390536,TRUE
1,2018,649793,1269.4444444444,NA,1.3641791045,NA,0.9918293773,FALSE
2,1,54,NA,91169.4444444445,NA,NA,0.6106978896,FALSE
2,2,32875,91169.4444444445,5530.5555555556,48.5158906135,25.7294900222,0.9957013423,FALSE
2,3,34866,5530.5555555556,1697.2222222222,2.9430894309,1.9231337768,0.9925118011,FALSE
2,4,35477,1697.2222222222,2286.1111111111,0.9031781227,1.0598669623,0.9991612715,FALSE
2,5,36300,2286.1111111111,1827.7777777778,1.2165558019,1.0946045824,0.9887187846,FALSE
2,6,36958,1827.7777777778,3175,0.9726533629,1.3311160384,0.9954781737,FALSE
2,7,38101,3175,2355.5555555556,1.689578714,1.4715447154,0.9956700023,FALSE
2,8,38949,2355.5555555556,3180.5555555556,1.2535107169,1.473022912,0.9970450735,FALSE
2,9,40094,3180.5555555556,3158.3333333333,1.6925351072,1.6866223208,0.9902482067,FALSE
2,10,41231,3158.3333333333,2177.7777777778,1.6807095344,1.4198078344,0.9957852869,FALSE
2,11,42015,2177.7777777778,1719.4444444444,1.1589061345,1.036954915,0.9867910931,FALSE
2,12,42634,1719.4444444444,2319.4444444444,0.9150036955,1.0746489283,0.9968815159,FALSE
2,13,43469,2319.4444444444,1730.5555555556,1.2342941611,1.0776053215,0.9943206609,FALSE
2,14,44092,1730.5555555556,1683.3333333333,0.9209164819,0.9083518108,0.9988460924,FALSE
2,15,44698,1683.3333333333,4072.2222222222,0.8957871397,1.5314116778,0.982842668,FALSE
2,16,46164,4072.2222222222,2227.7777777778,2.1670362158,1.6762749446,0.9896470618,FALSE
2,17,46966,2227.7777777778,1802.7777777778,1.1855136733,1.0724316334,0.9783825665,FALSE
2,18,47615,1802.7777777778,2208.3333333333,0.9593495935,1.0672579453,0.9893168044,FALSE
2,19,48410,2208.3333333333,2200,1.1751662971,1.1729490022,0.9562821831,FALSE
2,20,49202,2200,2305.5555555556,1.1707317073,1.1988174427,0.9941942232,FALSE
2,21,50032,2305.5555555556,1619.4444444444,1.2269031781,1.044345898,0.9860035347,FALSE
2,22,50615,1619.4444444444,2205.5555555556,0.8617886179,1.0177383592,0.9932322947,FALSE
2,23,51409,2205.5555555556,1769.4444444444,1.1736881005,1.0576496674,0.9969146433,FALSE
2,24,52046,1769.4444444444,2219.4444444444,0.9416112343,1.0613451589,0.9965336688,FALSE
2,25,52845,2219.4444444444,3438.8888888889,1.1810790835,1.5055432373,0.9962818196,FALSE
2,26,54083,3438.8888888889,10036.1111111111,1.830007391,3.5853658537,0.9888122157,FALSE
2,27,57696,10036.1111111111,4113.8888888889,5.3407243163,3.7649667406,0.9938306367,FALSE
2,28,59177,4113.8888888889,4286.1111111111,2.1892091648,2.2350332594,0.9597290696,FALSE
2,29,60720,4286.1111111111,1766.6666666667,2.280857354,1.6104951959,0.6436256336,FALSE
2,30,61356,1766.6666666667,6505.5555555556,0.9401330377,2.2010347376,0.5967439457,FALSE
2,31,63698,6505.5555555556,958.3333333333,3.4619364375,1.9859571323,0.9908895941,FALSE
2,32,64043,958.3333333333,88530.5555555555,0.5099778271,23.8107908352,0.9835786777,FALSE
2,33,95914,88530.5555555555,179861.111111111,47.1116038433,71.4124168514,0.9730581761,FALSE
2,34,160664,179861.111111111,6386.1111111111,95.7132298596,49.5558019217,0.9889339382,FALSE
2,35,162963,6386.1111111111,258752.777777778,3.3983739837,70.5469327421,0.9915081639,FALSE
2,36,256114,258752.777777778,4108.3333333333,137.6954915004,69.940872136,0.9745168978,FALSE
2,37,257593,4108.3333333333,1544.4444444444,2.1862527716,1.5040650407,0.9551077395,FALSE
2,38,258149,1544.4444444444,1602.7777777778,0.8218773097,0.837398374,0.9649847244,FALSE
2,39,258726,1602.7777777778,2452.7777777778,0.8529194383,1.0790835181,0.9744029105,FALSE
2,40,259609,2452.7777777778,1577.7777777778,1.3052475979,1.0724316334,0.9888663272,FALSE
2,41,260177,1577.7777777778,4166.6666666667,0.8396156689,1.5284552846,0.9827258956,FALSE
2,42,261677,4166.6666666667,3005.5555555556,2.2172949002,1.9083518108,0.9637931735,FALSE
2,43,262759,3005.5555555556,2986.1111111111,1.5994087214,1.5942350333,0.9957731173,FALSE
2,44,263834,2986.1111111111,1555.5555555556,1.5890613452,1.2084257206,0.9642030926,FALSE
2,45,264394,1555.5555555556,3169.4444444444,0.8277900961,1.2572062084,0.968274385,FALSE
2,46,265535,3169.4444444444,1822.2222222222,1.6866223208,1.3281596452,0.9874129602,FALSE
2,47,266191,1822.2222222222,577.7777777778,0.9696969697,0.6385809313,0.5365007785,FALSE
2,48,266399,577.7777777778,1997.2222222222,0.3074648928,0.6851441242,0.9859603154,FALSE
2,49,267118,1997.2222222222,1969.4444444444,1.0628233555,1.0554323725,0.9897799596,FALSE
2,50,267827,1969.4444444444,355.5555555556,1.0480413895,0.6186252772,0.8917896826,FALSE
2,51,267955,355.5555555556,2000,0.1892091648,0.6267553585,0.9951686505,FALSE
2,52,268675,2000,1422.2222222222,1.0643015521,0.9105691057,0.9414130126,FALSE
2,53,269187,1422.2222222222,1463.8888888889,0.7568366593,0.7679231338,0.9832039338,FALSE
2,54,269714,1463.8888888889,1411.1111111111,0.7790096083,0.7649667406,0.9857064637,FALSE
2,55,270222,1411.1111111111,1369.4444444444,0.7509238729,0.7398373984,0.9912762257,FALSE
2,56,270715,1369.4444444444,1338.8888888889,0.7287509239,0.7206208426,0.992784447,FALSE
2,57,271197,1338.8888888889,1380.5555555556,0.7124907613,0.7235772358,0.920896852,FALSE
2,58,271694,1380.5555555556,1480.5555555556,0.7346637103,0.7612712491,0.9149644814,FALSE
2,59,272227,1480.5555555556,1466.6666666667,0.7878787879,0.7841832964,0.7256253936,TRUE
2,60,272755,1466.6666666667,1369.4444444444,0.7804878049,0.7546193644,0.7492989896,TRUE
2,61,273248,1369.4444444444,1461.1111111111,0.7287509239,0.7531411678,0.4990836602,TRUE
2,62,273774,1461.1111111111,1752.7777777778,0.7775314117,0.8551367332,0.8269255718,TRUE
2,63,274405,1752.7777777778,1472.2222222222,0.9327420547,0.8580931264,0.6884468455,FALSE
2,64,274935,1472.2222222222,2602.7777777778,0.7834441981,1.0842572062,0.3340614331,TRUE
2,65,275872,2602.7777777778,8544.4444444444,1.3850702143,2.9660014782,0.9926383591,FALSE
2,66,278948,8544.4444444444,1580.5555555556,4.5469327421,2.6940133038,0.7914860321,FALSE
2,67,279517,1580.5555555556,1088.8888888889,0.8410938655,0.7102734664,0.3509502398,TRUE
2,68,279909,1088.8888888889,602.7777777778,0.5794530673,0.4501108647,0.945900777,FALSE
2,69,280126,602.7777777778,969.4444444444,0.3207686622,0.4183296378,0.2327263953,TRUE
2,70,280475,969.4444444444,1247.2222222222,0.5158906135,0.5898004435,0.4614828754,TRUE
2,71,280924,1247.2222222222,1308.3333333333,0.6637102735,0.6799704361,0.0504580555,TRUE
2,72,281395,1308.3333333333,897.2222222222,0.6962305987,0.5868440503,0.948412869,FALSE
2,73,281718,897.2222222222,433.3333333333,0.4774575018,0.3540280857,0.6989063482,TRUE
2,74,281874,433.3333333333,1375,0.2305986696,0.4811529933,0.9210832417,FALSE
2,75,282369,1375,1461.1111111111,0.7317073171,0.7546193644,0.9404430586,FALSE
2,76,282895,1461.1111111111,2825,0.7775314117,1.140428677,0.9980899051,FALSE
2,77,283912,2825,1241.6666666667,1.5033259424,1.0820399113,0.5230643416,FALSE
2,78,284359,1241.6666666667,1419.4444444444,0.6607538803,0.7080561715,0.7957264503,TRUE
2,79,284870,1419.4444444444,1397.2222222222,0.7553584627,0.7494456763,0.9368821204,FALSE
2,80,285373,1397.2222222222,1472.2222222222,0.7435328899,0.763488544,0.9541646985,FALSE
2,81,285903,1472.2222222222,1100,0.7834441981,0.6844050259,0.5311428179,TRUE
2,82,286299,1100,108.3333333333,0.5853658537,0.3215077605,0.483053484,TRUE
2,83,286338,108.3333333333,1383.3333333333,0.0576496674,0.3968957871,0.8249410509,TRUE
2,84,286836,1383.3333333333,1461.1111111111,0.7361419069,0.7568366593,0.9409403825,FALSE
2,85,287362,1461.1111111111,1463.8888888889,0.7775314117,0.77827051,0.9166162945,FALSE
2,86,287889,1463.8888888889,1405.5555555556,0.7790096083,0.763488544,0.7770847377,TRUE
2,87,288395,1405.5555555556,1463.8888888889,0.7479674797,0.763488544,0.8356277203,TRUE
2,88,288922,1463.8888888889,1613.8888888889,0.7790096083,0.8189209165,0.881248173,TRUE
2,89,289503,1613.8888888889,1005.5555555556,0.8588322247,0.696969697,0.6213453634,FALSE
2,90,289865,1005.5555555556,380.5555555556,0.5351071693,0.3688100517,0.7736191691,TRUE
2,91,290002,380.5555555556,2980.5555555556,0.2025129342,0.8943089431,0.6210089698,TRUE
2,92,291075,2980.5555555556,1416.6666666667,1.586104952,1.169992609,0.1707159866,FALSE
2,93,291585,1416.6666666667,186.1111111111,0.7538802661,0.4264597191,0.5931060887,TRUE
2,94,291652,186.1111111111,2380.5555555556,0.0990391722,0.6829268293,0.9015327568,FALSE
2,95,292509,2380.5555555556,1386.1111111111,1.2668144863,1.0022172949,0.9008767186,FALSE
2,96,293008,1386.1111111111,1494.4444444444,0.7376201035,0.7664449372,0.8230208059,TRUE
2,97,293546,1494.4444444444,1461.1111111111,0.7952697709,0.7864005913,0.8844186314,TRUE
2,98,294072,1461.1111111111,1522.2222222222,0.7775314117,0.7937915743,0.8935222245,TRUE
2,99,294620,1522.2222222222,1422.2222222222,0.8100517369,0.7834441981,0.9832261436,FALSE
2,100,295132,1422.2222222222,1716.6666666667,0.7568366593,0.8351810791,0.8123413697,TRUE
2,101,295750,1716.6666666667,2650,0.9135254989,1.1618625277,0.736887355,FALSE
2,102,296704,2650,1455.5555555556,1.4101995565,1.0923872875,0.7849965467,FALSE
2,103,297228,1455.5555555556,380.5555555556,0.7745750185,0.4885439763,0.9158752395,FALSE
2,104,297365,380.5555555556,3047.2222222222,0.2025129342,0.9120473023,0.6081495654,TRUE
2,105,298462,3047.2222222222,1400,1.6215816704,1.1832963784,0.7690093552,FALSE
2,106,298966,1400,1602.7777777778,0.7450110865,0.7989652624,0.7535674913,TRUE
2,107,299543,1602.7777777778,1986.1111111111,0.8529194383,0.9549150037,0.6740176724,FALSE
2,108,300258,1986.1111111111,1477.7777777778,1.0569105691,0.9216555802,0.6827472986,FALSE
2,109,300790,1477.7777777778,3633.3333333333,0.7864005913,1.3599408721,0.5685510768,TRUE
2,110,302098,3633.3333333333,1702.7777777778,1.933481153,1.4198078344,0.1714164573,FALSE
2,111,302711,1702.7777777778,1622.2222222222,0.9061345159,0.8847006652,0.7019179339,FALSE
2,112,303295,1622.2222222222,1491.6666666667,0.8632668145,0.8285291944,0.5868397666,FALSE
2,113,303832,1491.6666666667,4322.2222222222,0.7937915743,1.5469327421,0.4705849216,TRUE
2,114,305388,4322.2222222222,461.1111111111,2.3000739098,1.2727272727,0.6277011776,FALSE
2,115,305554,461.1111111111,1916.6666666667,0.2453806356,0.6326681449,0.8300255083,TRUE
2,116,306244,1916.6666666667,688.8888888889,1.0199556541,0.6932742055,0.7408415879,FALSE
2,117,306492,688.8888888889,1063.8888888889,0.3665927568,0.4663710273,0.2513325887,TRUE
2,118,306875,1063.8888888889,6550,0.5661492979,2.0258684405,0.7864309677,TRUE
2,119,309233,6550,1619.4444444444,3.4855875831,2.1736881005,0.3037045874,FALSE
2,120,309816,1619.4444444444,1430.5555555556,0.8617886179,0.8115299335,0.5038993091,FALSE
2,121,310331,1430.5555555556,1661.1111111111,0.7612712491,0.822616408,0.7027681732,TRUE
2,122,310929,1661.1111111111,1419.4444444444,0.8839615669,0.8196600148,0.8082146919,FALSE
2,123,311440,1419.4444444444,175,0.7553584627,0.4242424242,0.2098929728,TRUE
2,124,311503,175,355.5555555556,0.0931263858,0.1411677753,0.8694009482,TRUE
2,125,311631,355.5555555556,516.6666666667,0.1892091648,0.2320768662,0.5882707556,TRUE
2,126,311817,516.6666666667,675,0.2749445676,0.3170731707,0.4974179043,TRUE
2,127,312060,675,2125,0.3592017738,0.7450110865,0.980555234,FALSE
2,128,312825,2125,1608.3333333333,1.1308203991,0.9933481153,0.7994256686,FALSE
2,129,313404,1608.3333333333,525,0.8558758315,0.5676274945,0.7183403253,FALSE
2,130,313593,525,1580.5555555556,0.2793791574,0.5602365115,0.6978956582,TRUE
2,131,314162,1580.5555555556,413.8888888889,0.8410938655,0.5306725795,0.960780272,FALSE
2,132,314311,413.8888888889,1161.1111111111,0.2202512934,0.4190687361,0.2957624728,TRUE
2,133,314729,1161.1111111111,1625,0.6178861789,0.741315595,0.2489610109,TRUE
2,134,315314,1625,1569.4444444444,0.8647450111,0.8499630451,0.9888011978,FALSE
2,135,315879,1569.4444444444,2941.6666666667,0.8351810791,1.2002956393,0.6403819949,TRUE
2,136,316938,2941.6666666667,1561.1111111111,1.5654101996,1.1980783444,0.9764227387,FALSE
2,137,317500,1561.1111111111,1544.4444444444,0.8307464893,0.8263118995,0.8619768143,TRUE
2,138,318056,1544.4444444444,3127.7777777778,0.8218773097,1.2431633407,0.9367789923,FALSE
2,139,319182,3127.7777777778,1658.3333333333,1.6644493718,1.273466371,0.7833659153,FALSE
2,140,319779,1658.3333333333,1775,0.8824833703,0.9135254989,0.9957703042,FALSE
2,141,320418,1775,2041.6666666667,0.9445676275,1.0155210643,0.3435898923,FALSE
2,142,321153,2041.6666666667,2197.2222222222,1.0864745011,1.1278640059,0.9898604196,FALSE
2,143,321944,2197.2222222222,1583.3333333333,1.1692535107,1.0059127864,0.9314701076,FALSE
2,144,322514,1583.3333333333,3216.6666666667,0.8425720621,1.2771618625,0.7207189576,TRUE
2,145,323672,3216.6666666667,1080.5555555556,1.711751663,1.1433850702,0.8287087594,FALSE
2,146,324061,1080.5555555556,2536.1111111111,0.5750184775,0.9623059867,0.3412666931,TRUE
2,147,324974,2536.1111111111,261.1111111111,1.3495934959,0.7442719882,0.8141251094,FALSE
2,148,325068,261.1111111111,347.2222222222,0.1389504804,0.1618625277,0.9655643979,FALSE
2,149,325193,347.2222222222,366.6666666667,0.184774575,0.1899482631,0.6839326556,TRUE
2,150,325325,366.6666666667,3688.8888888889,0.1951219512,1.0790835181,0.8218155672,TRUE
2,151,326653,3688.8888888889,1536.1111111111,1.963045085,1.3902439024,0.9962129684,FALSE
2,152,327206,1536.1111111111,3950,0.8174427199,1.4597191426,0.76413038,TRUE
2,153,328628,3950,8633.3333333333,2.1019955654,3.3481152993,0.9893947017,FALSE
2,154,331736,8633.3333333333,45066.6666666667,4.5942350333,14.288248337,0.9845041834,FALSE
2,155,347960,45066.6666666667,2063.8888888889,23.9822616408,12.5402808574,0.9880616794,FALSE
2,156,348703,2063.8888888889,2997.2222222222,1.0983000739,1.3466371027,0.9640100934,FALSE
2,157,349782,2997.2222222222,1491.6666666667,1.5949741316,1.1943828529,0.9830105678,FALSE
2,158,350319,1491.6666666667,2147.2222222222,0.7937915743,0.9682187731,0.9913907607,FALSE
2,159,351092,2147.2222222222,2108.3333333333,1.1426459719,1.1322985957,0.9922251379,FALSE
2,160,351851,2108.3333333333,3091.6666666667,1.1219512195,1.3835920177,0.9687477105,FALSE
2,161,352964,3091.6666666667,10155.5555555556,1.645232816,3.5247597931,0.9977597338,FALSE
2,162,356620,10155.5555555556,4994.4444444444,5.4042867701,4.0310421286,0.9894776721,FALSE
2,163,358418,4994.4444444444,3313.8888888889,2.6577974871,2.2106430155,0.9909674418,FALSE
2,164,359611,3313.8888888889,5452.7777777778,1.763488544,2.332594235,0.997984611,FALSE
2,165,361574,5452.7777777778,400,2.9016999261,1.5572801183,0.9881531026,FALSE
2,166,361718,400,50769.4444444444,0.2128603104,13.6149297857,0.8896662292,TRUE
2,167,379995,50769.4444444444,2266.6666666667,27.0169992609,14.1116038433,0.9898284004,FALSE
2,168,380811,2266.6666666667,1713.8888888889,1.2062084257,1.059127864,0.9807508631,FALSE
2,169,381428,1713.8888888889,2291.6666666667,0.9120473023,1.0657797487,0.9964779537,FALSE
2,170,382253,2291.6666666667,3491.6666666667,1.2195121951,1.5388026608,0.6380387269,FALSE
2,171,383510,3491.6666666667,10966.6666666667,1.8580931264,3.8470066519,0.7419915596,FALSE
2,172,387458,10966.6666666667,1794.4444444444,5.8359201774,3.3954175905,0.7761353338,FALSE
2,173,388104,1794.4444444444,5588.8888888889,0.9549150037,1.9645232816,0.7094372047,FALSE
2,174,390116,5588.8888888889,2386.1111111111,2.9741315595,2.1219512195,0.9933718023,FALSE
2,175,390975,2386.1111111111,1905.5555555556,1.2697708795,1.1419068736,0.6755431285,FALSE
2,176,391661,1905.5555555556,2186.1111111111,1.0140428677,1.088691796,0.9906576992,FALSE
2,177,392448,2186.1111111111,1866.6666666667,1.1633407243,1.0783444198,0.6736009272,FALSE
2,178,393120,1866.6666666667,2700,0.9933481153,1.2150776053,0.9900834285,FALSE
2,179,394092,2700,2755.5555555556,1.4368070953,1.4515890613,0.9877325569,FALSE
2,180,395084,2755.5555555556,2297.2222222222,1.4663710273,1.3444198078,0.9940914979,FALSE
2,181,395911,2297.2222222222,3527.7777777778,1.2224685883,1.5498891353,0.7748598637,FALSE
2,182,397181,3527.7777777778,2797.2222222222,1.8773096822,1.6829268293,0.9940915131,FALSE
2,183,398188,2797.2222222222,2280.5555555556,1.4885439763,1.3510716925,0.987311092,FALSE
2,184,399009,2280.5555555556,4888.8888888889,1.2135994087,1.9076127125,0.9809340969,FALSE
2,185,400769,4888.8888888889,4980.5555555556,2.6016260163,2.6260162602,0.9941542803,FALSE
2,186,402562,4980.5555555556,2811.1111111111,2.6504065041,2.0731707317,0.9965059258,FALSE
2,187,403574,2811.1111111111,555.5555555556,1.4959349593,0.8957871397,0.979505946,FALSE
2,188,403774,555.5555555556,1847.2222222222,0.29563932,0.6393200296,0.8208140484,TRUE
2,189,404439,1847.2222222222,1747.2222222222,0.9830007391,0.9563932003,0.7132101655,FALSE
2,190,405068,1747.2222222222,1863.8888888889,0.9297856615,0.9608277901,0.9808901114,FALSE
2,191,405739,1863.8888888889,2783.3333333333,0.9918699187,1.236511456,0.9765515838,FALSE
2,192,406741,2783.3333333333,2216.6666666667,1.4811529933,1.3303769401,0.9966057818,FALSE
2,193,407539,2216.6666666667,2758.3333333333,1.1796008869,1.3237250554,0.9952045466,FALSE
2,194,408532,2758.3333333333,2183.3333333333,1.4678492239,1.3148558758,0.9860581298,FALSE
2,195,409318,2183.3333333333,1783.3333333333,1.1618625277,1.0554323725,0.9286071405,FALSE
2,196,409960,1783.3333333333,5213.8888888889,0.9490022173,1.8617886179,0.9951873928,FALSE
2,197,411837,5213.8888888889,9150,2.7745750185,3.8218773097,0.9872636943,FALSE
2,198,415131,9150,16033.3333333333,4.8691796009,6.7006651885,0.630589047,FALSE
2,199,420903,16033.3333333333,3550,8.5321507761,5.2106430155,0.5733000876,FALSE
2,200,422181,3550,5150,1.889135255,2.3148558758,0.4759183856,FALSE
2,201,424035,5150,5422.2222222222,2.7405764967,2.8130081301,0.7878558027,FALSE
2,202,425987,5422.2222222222,1711.1111111111,2.8854397635,1.8980044346,0.7940476291,FALSE
2,203,426603,1711.1111111111,2000,0.9105691057,0.9874353289,0.9901727891,FALSE
2,204,427323,2000,3477.7777777778,1.0643015521,1.4575018477,0.7421540641,FALSE
2,205,428575,3477.7777777778,4627.7777777778,1.8507021434,2.1566888396,0.9910162143,FALSE
2,206,430241,4627.7777777778,8666.6666666667,2.4626755358,3.5373244642,0.9904266863,FALSE
2,207,433361,8666.6666666667,6033.3333333333,4.6119733925,3.911308204,0.994558635,FALSE
2,208,435533,6033.3333333333,2977.7777777778,3.2106430155,2.3976348854,0.9887691847,FALSE
2,209,436605,2977.7777777778,2833.3333333333,1.5846267554,1.5461936438,0.9882657888,FALSE
2,210,437625,2833.3333333333,1883.3333333333,1.5077605322,1.2549889135,0.9873369572,FALSE
2,211,438303,1883.3333333333,1861.1111111111,1.0022172949,0.9963045085,0.9858956365,FALSE
2,212,438973,1861.1111111111,1752.7777777778,0.9903917221,0.9615668884,0.7742075822,FALSE
2,213,439604,1752.7777777778,2363.8888888889,0.9327420547,1.0953436807,0.975527442,FALSE
2,214,440455,2363.8888888889,1855.5555555556,1.2579453067,1.1226903178,0.9864904277,FALSE
2,215,441123,1855.5555555556,3566.6666666667,0.9874353289,1.4427198817,0.9938188194,FALSE
2,216,442407,3566.6666666667,3650,1.8980044346,1.9201773836,0.9891018644,FALSE
2,217,443721,3650,4647.2222222222,1.9423503326,2.2076866223,0.9764644258,FALSE
2,218,445394,4647.2222222222,1916.6666666667,2.473022912,1.7464892831,0.9956775299,FALSE
2,219,446084,1916.6666666667,1594.4444444444,1.0199556541,0.9342202513,0.7280094747,FALSE
2,220,446658,1594.4444444444,1763.8888888889,0.8484848485,0.8935698448,0.98735798,FALSE
2,221,447293,1763.8888888889,1613.8888888889,0.9386548411,0.8987435329,0.996276773,FALSE
2,222,447874,1613.8888888889,2658.3333333333,0.8588322247,1.1367331855,0.9913263707,FALSE
2,223,448831,2658.3333333333,1869.4444444444,1.4146341463,1.2047302291,0.9938964625,FALSE
2,224,449504,1869.4444444444,2002.7777777778,0.9948263119,1.0303030303,0.9893333066,FALSE
2,225,450225,2002.7777777778,1511.1111111111,1.0657797487,0.9349593496,0.7217352959,FALSE
2,226,450769,1511.1111111111,2861.1111111111,0.8041389505,1.1633407243,0.9981710639,FALSE
2,227,451799,2861.1111111111,2736.1111111111,1.5225424982,1.4892830746,0.9968649566,FALSE
2,228,452784,2736.1111111111,1897.2222222222,1.4560236511,1.2328159645,0.9988285437,FALSE
2,229,453467,1897.2222222222,1908.3333333333,1.0096082779,1.0125646711,0.9916045374,FALSE
2,230,454154,1908.3333333333,1794.4444444444,1.0155210643,0.985218034,0.9913491172,FALSE
2,231,454800,1794.4444444444,3777.7777777778,0.9549150037,1.4826311899,0.9940770401,FALSE
2,232,456160,3777.7777777778,5502.7777777778,2.0103473762,2.4693274205,0.9740114596,FALSE
2,233,458141,5502.7777777778,1811.1111111111,2.9283074649,1.9460458241,0.9910545083,FALSE
2,234,458793,1811.1111111111,3650,0.9637841833,1.4530672579,0.9794499303,FALSE
2,235,460107,3650,157972.222222222,1.9423503326,43.0036954915,0.9904253964,FALSE
2,236,516977,157972.222222222,2597.2222222222,84.0650406504,42.7235772358,0.9880253839,FALSE
2,237,517912,2597.2222222222,2769.4444444444,1.3821138211,1.4279379157,0.9955408035,FALSE
2,238,518909,2769.4444444444,1705.5555555556,1.4737620103,1.1906873614,0.9979004817,FALSE
2,239,519523,1705.5555555556,3525,0.9076127125,1.391722099,0.9918259774,FALSE
2,240,520792,3525,2216.6666666667,1.8758314856,1.5277161863,0.986777308,FALSE
2,241,521590,2216.6666666667,1780.5555555556,1.1796008869,1.0635624538,0.9873529755,FALSE
2,242,522231,1780.5555555556,1847.2222222222,0.9475240207,0.9652623799,0.9846993818,FALSE
2,243,522896,1847.2222222222,1733.3333333333,0.9830007391,0.9526977088,0.9929073176,FALSE
2,244,523520,1733.3333333333,1663.8888888889,0.9223946785,0.903917221,0.9921919035,FALSE
2,245,524119,1663.8888888889,1886.1111111111,0.8854397635,0.9445676275,0.9867603464,FALSE
2,246,524798,1886.1111111111,1786.1111111111,1.0036954915,0.9770879527,0.9235932297,FALSE
2,247,525441,1786.1111111111,1733.3333333333,0.9504804139,0.9364375462,0.830300082,FALSE
2,248,526065,1733.3333333333,1802.7777777778,0.9223946785,0.940872136,0.7913960276,FALSE
2,249,526714,1802.7777777778,1841.6666666667,0.9593495935,0.9696969697,0.8735704782,FALSE
2,250,527377,1841.6666666667,3519.4444444444,0.9800443459,1.4264597191,0.6731571301,FALSE
2,251,528644,3519.4444444444,1588.8888888889,1.8728750924,1.3592017738,0.4664924491,FALSE
2,252,529216,1588.8888888889,1769.4444444444,0.8455284553,0.8935698448,0.9498299458,FALSE
2,253,529853,1769.4444444444,1705.5555555556,0.9416112343,0.9246119734,0.5956414327,FALSE
2,254,530467,1705.5555555556,1819.4444444444,0.9076127125,0.9379157428,0.8264734897,FALSE
2,255,531122,1819.4444444444,2036.1111111111,0.9682187731,1.0258684405,0.8124508042,FALSE
2,256,531855,2036.1111111111,1519.4444444444,1.0835181079,0.9460458241,0.3188885108,FALSE
2,257,532402,1519.4444444444,1677.7777777778,0.8085735403,0.8507021434,0.6489731211,TRUE
2,258,533006,1677.7777777778,1769.4444444444,0.8928307465,0.9172209904,0.9434605551,FALSE
2,259,533643,1769.4444444444,1694.4444444444,0.9416112343,0.9216555802,0.9063112389,FALSE
2,260,534253,1694.4444444444,1586.1111111111,0.9016999261,0.8728750924,0.6639011191,FALSE
2,261,534824,1586.1111111111,1733.3333333333,0.8440502587,0.8832224686,0.9770197292,FALSE
2,262,535448,1733.3333333333,1794.4444444444,0.9223946785,0.9386548411,0.8808259962,FALSE
2,263,536094,1794.4444444444,1702.7777777778,0.9549150037,0.9305247598,0.7313808593,FALSE
2,264,536707,1702.7777777778,1794.4444444444,0.9061345159,0.9305247598,0.9767109779,FALSE
2,265,537353,1794.4444444444,1861.1111111111,0.9549150037,0.9726533629,0.9878405047,FALSE
2,266,538023,1861.1111111111,1722.2222222222,0.9903917221,0.9534368071,0.9883182912,FALSE
2,267,538643,1722.2222222222,1697.2222222222,0.9164818921,0.9098300074,0.8938959621,FALSE
2,268,539254,1697.2222222222,2741.6666666667,0.9031781227,1.1810790835,0.9868504286,FALSE
2,269,540241,2741.6666666667,530.5555555556,1.4589800443,0.8706577975,0.9986733775,FALSE
2,270,540432,530.5555555556,1727.7777777778,0.2823355506,0.600886918,0.6833385889,TRUE
2,271,541054,1727.7777777778,2677.7777777778,0.9194382853,1.1722099039,0.9807531562,FALSE
2,272,542018,2677.7777777778,525,1.4249815225,0.85218034,0.9900742098,FALSE
2,273,542207,525,1780.5555555556,0.2793791574,0.6134515891,0.7802115385,TRUE
2,274,542848,1780.5555555556,1697.2222222222,0.9475240207,0.9253510717,0.9748028857,FALSE
2,275,543459,1697.2222222222,1841.6666666667,0.9031781227,0.9416112343,0.9980842163,FALSE
2,276,544122,1841.6666666667,1794.4444444444,0.9800443459,0.9674796748,0.9907322178,FALSE
2,277,544768,1794.4444444444,1700,0.9549150037,0.9297856615,0.966500984,FALSE
2,278,545380,1700,1705.5555555556,0.9046563193,0.9061345159,0.9712186005,FALSE
2,279,545994,1705.5555555556,2302.7777777778,0.9076127125,1.066518847,0.9822717256,FALSE
2,280,546823,2302.7777777778,1738.8888888889,1.2254249815,1.0753880266,0.9929522147,FALSE
2,281,547449,1738.8888888889,1675,0.9253510717,0.9083518108,0.8399767716,FALSE
2,282,548052,1675,1805.5555555556,0.8913525499,0.92609017,0.9769465527,FALSE
2,283,548702,1805.5555555556,1708.3333333333,0.9608277901,0.9349593496,0.8403270244,FALSE
2,284,549317,1708.3333333333,1677.7777777778,0.9090909091,0.9009608278,0.8711716098,FALSE
2,285,549921,1677.7777777778,1763.8888888889,0.8928307465,0.9157427938,0.9643674836,FALSE
2,286,550556,1763.8888888889,1983.3333333333,0.9386548411,0.9970436068,0.9694201891,FALSE
2,287,551270,1983.3333333333,1411.1111111111,1.0554323725,0.9031781227,0.3955264752,FALSE
2,288,551778,1411.1111111111,1700,0.7509238729,0.8277900961,0.8436628624,TRUE
2,289,552390,1700,1797.2222222222,0.9046563193,0.9305247598,0.9955609778,FALSE
2,290,553037,1797.2222222222,1800,0.9563932003,0.9571322986,0.8812178563,FALSE
2,291,553685,1800,1916.6666666667,0.9578713969,0.9889135255,0.9833277039,FALSE
2,292,554375,1916.6666666667,1838.8888888889,1.0199556541,0.9992609017,0.7047267483,FALSE
2,293,555037,1838.8888888889,1830.5555555556,0.9785661493,0.9763488544,0.5955124336,FALSE
2,294,555696,1830.5555555556,1461.1111111111,0.9741315595,0.8758314856,0.4569707582,FALSE
2,295,556222,1461.1111111111,1808.3333333333,0.7775314117,0.8699186992,0.9587973714,FALSE
2,296,556873,1808.3333333333,1827.7777777778,0.9623059867,0.9674796748,0.828084535,FALSE
2,297,557531,1827.7777777778,1780.5555555556,0.9726533629,0.9600886918,0.8496255325,FALSE
2,298,558172,1780.5555555556,1700,0.9475240207,0.92609017,0.6944416975,FALSE
2,299,558784,1700,1875,0.9046563193,0.9512195122,0.9860737473,FALSE
2,300,559459,1875,1816.6666666667,0.9977827051,0.9822616408,0.9924737411,FALSE
2,301,560113,1816.6666666667,2252.7777777778,0.9667405765,1.0827790096,0.9957513727,FALSE
2,302,560924,2252.7777777778,1847.2222222222,1.1988174427,1.0909090909,0.9786133033,FALSE
2,303,561589,1847.2222222222,2297.2222222222,0.9830007391,1.1027346637,0.9855223448,FALSE
2,304,562416,2297.2222222222,1825,1.2224685883,1.0968218773,0.9115634629,FALSE
2,305,563073,1825,4502.7777777778,0.9711751663,1.6836659276,0.991471122,FALSE
2,306,564694,4502.7777777778,3530.5555555556,2.3961566888,2.1374722838,0.9985493004,FALSE
2,307,565965,3530.5555555556,2338.8888888889,1.8787878788,1.5617147081,0.9881748366,FALSE
2,308,566807,2338.8888888889,5438.8888888889,1.2446415373,2.0694752402,0.9851240764,FALSE
2,309,568765,5438.8888888889,35405.5555555556,2.8943089431,10.8677014043,0.9941187434,FALSE
2,310,581511,35405.5555555556,5241.6666666667,18.8410938655,10.815225425,0.9899821023,FALSE
2,311,583398,5241.6666666667,4677.7777777778,2.7893569845,2.6393200296,0.9833833534,FALSE
2,312,585082,4677.7777777778,3613.8888888889,2.4892830746,2.2062084257,0.9684616773,FALSE
2,313,586383,3613.8888888889,3713.8888888889,1.9231337768,1.9497413156,0.993805647,FALSE
2,314,587720,3713.8888888889,3638.8888888889,1.9763488544,1.9563932003,0.9951706479,FALSE
2,315,589030,3638.8888888889,2572.2222222222,1.9364375462,1.652623799,0.9912447905,FALSE
2,316,589956,2572.2222222222,3519.4444444444,1.3688100517,1.6208425721,0.9889792171,FALSE
2,317,591223,3519.4444444444,3680.5555555556,1.8728750924,1.9157427938,0.9953241132,FALSE
2,318,592548,3680.5555555556,3638.8888888889,1.9586104952,1.9475240207,0.9953364712,FALSE
2,319,593858,3638.8888888889,3625,1.9364375462,1.9327420547,0.9803356972,FALSE
2,320,595163,3625,3736.1111111111,1.9290465632,1.9586104952,0.9812948367,FALSE
2,321,596508,3736.1111111111,2400,1.9881744272,1.6326681449,0.9908637618,FALSE
2,322,597372,2400,3766.6666666667,1.2771618625,1.6407982262,0.9810877167,FALSE
2,323,598728,3766.6666666667,2347.2222222222,2.0044345898,1.6267553585,0.9712772871,FALSE
2,324,599573,2347.2222222222,3727.7777777778,1.2490761271,1.6164079823,0.9929988248,FALSE
2,325,600915,3727.7777777778,3552.7777777778,1.9837398374,1.9371766445,0.9869660718,FALSE
2,326,602194,3552.7777777778,3616.6666666667,1.8906134516,1.9076127125,0.9897650823,FALSE
2,327,603496,3616.6666666667,3569.4444444444,1.9246119734,1.9120473023,0.9947631077,FALSE
2,328,604781,3569.4444444444,3472.2222222222,1.8994826312,1.8736141907,0.9925537061,FALSE
2,329,606031,3472.2222222222,3630.5555555556,1.8477457502,1.8898743533,0.9963688202,FALSE
2,330,607338,3630.5555555556,2358.3333333333,1.9320029564,1.593495935,0.9875495339,FALSE
2,331,608187,2358.3333333333,2397.2222222222,1.2549889135,1.2653362897,0.99529075,FALSE
2,332,609050,2397.2222222222,4077.7777777778,1.2756836659,1.7228381375,0.9905364087,FALSE
2,333,610518,4077.7777777778,2347.2222222222,2.169992609,1.7095343681,0.9741931744,FALSE
2,334,611363,2347.2222222222,2244.4444444444,1.2490761271,1.22172949,0.9976951763,FALSE
2,335,612171,2244.4444444444,1836.1111111111,1.1943828529,1.0857354028,0.9004704287,FALSE
2,336,612832,1836.1111111111,2447.2222222222,0.9770879527,1.1396895787,0.9824097405,FALSE
2,337,613713,2447.2222222222,2750,1.3022912047,1.3828529194,0.9858841821,FALSE
2,338,614703,2750,2877.7777777778,1.4634146341,1.4974131559,0.9955546119,FALSE
2,339,615739,2877.7777777778,2833.3333333333,1.5314116778,1.519586105,0.9917201156,FALSE
2,340,616759,2833.3333333333,3677.7777777778,1.5077605322,1.7324464154,0.9976161255,FALSE
2,341,618083,3677.7777777778,1894.4444444444,1.9571322986,1.4826311899,0.9923597408,FALSE
2,342,618765,1894.4444444444,3683.3333333333,1.0081300813,1.4841093865,0.9943231103,FALSE
2,343,620091,3683.3333333333,3494.4444444444,1.9600886918,1.9098300074,0.9956487581,FALSE
2,344,621349,3494.4444444444,4722.2222222222,1.859571323,2.1862527716,0.9974623371,FALSE
2,345,623049,4722.2222222222,3608.3333333333,2.5129342203,2.2165558019,0.9933941049,FALSE
2,346,624348,3608.3333333333,3388.8888888889,1.9201773836,1.8617886179,0.9926437016,FALSE
2,347,625568,3388.8888888889,6302.7777777778,1.8033998522,2.578713969,0.9905008647,FALSE
2,348,627837,6302.7777777778,8183.3333333333,3.3540280857,3.8543976349,0.9955723907,FALSE
2,349,630783,8183.3333333333,4822.2222222222,4.354767184,3.4604582409,0.9884228831,FALSE
2,350,632519,4822.2222222222,2238.8888888889,2.5661492979,1.8787878788,0.9891873822,FALSE
2,351,633325,2238.8888888889,1575,1.1914264597,1.014781966,0.9693607546,FALSE
2,352,633892,1575,475,0.8381374723,0.5454545455,0.9857903948,FALSE
2,353,634063,475,1680.5555555556,0.2527716186,0.5735402809,0.8048415795,TRUE
2,354,634668,1680.5555555556,3266.6666666667,0.8943089431,1.3163340724,0.9547807774,FALSE
2,355,635844,3266.6666666667,8383.3333333333,1.7383592018,3.0997782705,0.9893325745,FALSE
2,356,638862,8383.3333333333,3411.1111111111,4.4611973392,3.1382113821,0.8938114206,FALSE
2,357,640090,3411.1111111111,502.7777777778,1.815225425,1.0413895048,0.9354744273,FALSE
2,358,640271,502.7777777778,1788.8888888889,0.2675535846,0.6097560976,0.7374770497,TRUE
2,359,640915,1788.8888888889,2505.5555555556,0.9519586105,1.1426459719,0.5566453362,FALSE
2,360,641817,2505.5555555556,455.5555555556,1.3333333333,0.7878787879,0.9761747707,FALSE
2,361,641981,455.5555555556,1655.5555555556,0.2424242424,0.5617147081,0.8347528226,TRUE
2,362,642577,1655.5555555556,1630.5555555556,0.8810051737,0.874353289,0.8887733004,FALSE
2,363,643164,1630.5555555556,1680.5555555556,0.8677014043,0.8810051737,0.9911466274,FALSE
2,364,643769,1680.5555555556,2327.7777777778,0.8943089431,1.066518847,0.9846359301,FALSE
2,365,644607,2327.7777777778,427.7777777778,1.2387287509,0.7331855137,0.99604796,FALSE
2,366,644761,427.7777777778,3450,0.2276422764,1.0317812269,0.9210172397,FALSE
2,367,646003,3450,4955.5555555556,1.8359201774,2.236511456,0.9961098837,FALSE
2,368,647787,4955.5555555556,3838.8888888889,2.6371027347,2.339985218,0.9882530344,FALSE
2,369,649169,3838.8888888889,NA,2.0428677014,NA,0.9959459726,FALSE
