"epoch","stage","start_sample","end_sample","delta_power","theta_power","alpha_power","sigma_power","beta_power"
1,"N3",1,3000,482936.86718394,79570.9082398844,9672.5325467442,3588.4224424051,7643.8383855584
2,"N3",3001,6000,279084.045488919,35864.1812483533,15072.9183012829,9774.5283508598,26565.488145312
3,"N3",6001,9000,393678.862231013,21979.4903063337,33456.2470399867,5059.8446015763,12004.4780691538
4,"N3",9001,12000,150975.403516156,23069.7961008015,44380.8751786519,2739.2272856788,6678.1436017259
5,"N3",12001,15000,160453.704825082,51216.9095792214,38121.1158331428,3135.8431137698,5798.8021949493
6,"N3",15001,18000,331319.229317673,94894.6939759098,11145.399431396,3637.7169080987,8150.5852093663
7,"N3",18001,21000,538553.487947598,52184.7204775006,18468.633514754,8585.3175924532,27902.0261419509
8,"N3",21001,24000,486441.523233984,43253.7258258654,7291.2888290523,3279.3628046947,7295.0407683444
9,"N3",24001,27000,223175.796328008,47419.0359704605,9153.8489430073,3145.4872433945,7753.7126836101
10,"N3",27001,30000,372978.663952571,33750.9456622187,10044.4599729546,5340.4414968226,15499.2037638375
11,"N3",30001,33000,451011.113343061,30375.8271769136,11851.6850803109,5128.0625207496,11911.8010269606
12,"N3",33001,36000,487728.395299908,40579.1363340794,10175.9977840405,5417.6272011081,13719.1152162129
13,"N3",36001,39000,452485.402296683,52080.6867897133,10647.6732017052,4544.5356758638,10842.1943202975
14,"N3",39001,42000,304720.699190153,37160.1758231244,8371.1873114475,4855.0173981084,9925.8187780074
15,"N3",42001,45000,145252.647679635,16350.1352819686,4721.8158490951,2769.6178528836,6276.0370049239
16,"N3",45001,48000,289932.17435791,28795.9340359567,9566.4134405392,4211.5681952018,10035.7159834241
17,"N3",48001,51000,151426.198941551,24131.7487178314,8124.8899005504,3836.7296770135,7507.8525362838
18,"N3",51001,54000,297044.701389577,35306.5610182456,11171.6792302131,4879.1785322955,12608.0845608772
19,"N3",54001,57000,250214.462729057,32646.6920446246,9106.7781250618,3956.445099327,7371.6123492076
20,"N3",57001,60000,141440.960735582,21226.4718546267,7366.4396206108,3871.4537578173,12353.185330422
21,"N3",60001,63000,191091.669172229,16953.686045399,6881.9629899208,3062.0857225717,7213.8115862373
22,"N3",63001,66000,96939.0678182543,17307.6807409998,6470.6263276796,2965.9580829581,5252.9587484523
23,"N3",66001,69000,93881.6523673555,12944.0340199976,8127.0493020851,3748.6673652965,9291.8381843176
24,"N3",69001,72000,67376.8993024592,12962.4394409601,6703.1892642349,3548.5967510196,8276.746963644
25,"N3",72001,75000,153465.41898666,21145.6652642071,5792.5922388103,2916.2260548653,6176.7951387975
26,"N3",75001,78000,256491.150659251,19571.7010956162,7307.674136488,3228.050658336,7352.7936909232
27,"N1",78001,81000,185288.886061123,22051.2966689455,8351.2233342487,4292.3549150129,9212.298553636
28,"N3",81001,84000,92123.1190998879,16343.5168428582,7367.8360651686,3540.7239162863,8470.5574970525
29,"N3",84001,87000,176960.876988803,22000.4980786011,8073.5070668129,3549.3614192581,7740.3125334879
30,"N3",87001,90000,274534.967937338,27599.4910215777,8242.6305915469,4166.4651847283,7853.5076320873
31,"N3",90001,93000,196401.580891184,22455.1423285257,8152.0261010375,4316.0492579736,8488.7247420858
32,"N3",93001,96000,67742.7183038574,21047.9557838444,7599.7041397689,3552.8774635872,8492.0669974826
33,"N3",96001,99000,131028.223516817,16844.1869891717,7380.3321267838,3508.2970401708,7296.1931257929
34,"N1",99001,102000,101807.754935828,17027.1845203877,7279.9401753668,3545.0936902523,7918.7096832476
35,"N3",102001,105000,115403.134575283,19288.1273946702,7250.4138958457,2641.9205883434,5731.739493893
36,"N3",105001,108000,280843.373356396,27154.2527112928,8332.0370632506,3343.3313395273,7493.0857569895
37,"N3",108001,111000,202532.13791538,18525.0989100223,8422.2106944194,4155.8704269386,11236.4438291753
38,"N3",111001,114000,180133.904158126,22398.1459145583,8735.8338951723,3443.882511273,6445.0426000954
39,"N3",114001,117000,71793.014456714,18332.2064914977,7135.0658384956,3603.8322272066,9802.3690128675
40,"N3",117001,120000,156723.391420362,20709.8779744736,7543.7383156585,3316.4754964614,9084.4783735894
41,"N3",120001,123000,264706.070150032,26022.6755147431,9528.4923657592,3820.9173362473,8348.1313062517
42,"N3",123001,126000,214930.716848628,18907.5698635729,7166.0647966508,2817.8486477966,7136.1412865937
43,"N3",126001,129000,326454.126888875,24668.2865709088,7088.1376889312,3590.3150998697,8301.3027948051
44,"N3",129001,132000,200255.476961683,23095.2230436545,7685.6992611598,3914.7311476887,10271.143094826
45,"N3",132001,135000,106366.51930582,11340.919006099,6198.0825711363,2376.9123239894,5223.9498039008
46,"N3",135001,138000,145329.126403351,25980.087407408,8541.5148569062,4079.2758795029,11133.7800295131
47,"N3",138001,141000,99691.2183011521,17292.2198298867,8879.3580856353,3839.2839743106,9225.5597355737
48,"N3",141001,144000,123411.107787188,18521.8718289212,7468.8995635087,3478.8627412635,10756.3528471704
49,"N3",144001,147000,266396.432329727,22771.4465516128,9637.2496101513,4198.3821798285,9356.5971831469
50,"N3",147001,150000,215700.574104298,19755.3563847852,7168.4816379093,3114.0527918715,6160.541180685
51,"N3",150001,153000,112182.19830257,21887.5094743012,6749.1593736048,2802.9411810379,6388.0249108567
52,"N3",153001,156000,194260.541301954,16813.8356156772,7891.2201853918,3293.5834205613,7528.1836023511
53,"N1",156001,159000,125040.182498982,21314.5219575737,8468.0950339416,3442.5709348781,9055.9079196692
54,"N3",159001,162000,182088.171728266,19629.0733063578,8596.0441404093,4633.4146682668,10865.4064195063
55,"N3",162001,165000,128322.557531905,25024.0928192789,8666.1870881273,4866.2877967786,11110.9177824803
56,"N3",165001,168000,223598.042343242,23031.8637768894,8416.7875385425,4035.6734071695,10090.0427956412
57,"N3",168001,171000,121124.278573285,20108.6465529554,9742.343016019,4386.8181206931,12796.2762698144
58,"N1",171001,174000,51130.5359213727,38674.4932440056,8700.3252516807,3794.128145979,9593.0153157029
59,"N1",174001,177000,36421.0820268884,20049.4589237665,8305.400012119,2753.6204655188,6826.5997328831
60,"N3",177001,180000,173440.065273557,18132.8930511925,7357.4034485357,2927.233954087,7537.4639356618
61,"N3",180001,183000,138736.436225554,20092.5705552563,7915.72159497,3280.4495339074,7266.6157178489
62,"N3",183001,186000,146632.029912002,22466.3189783929,7210.6342153412,3082.1424447624,6389.4793374668
63,"N1",186001,189000,64104.5207942759,15057.8359948366,5916.622717524,2752.7932424691,7006.5583288772
64,"N3",189001,192000,158190.877171455,19565.739890062,7646.9992895182,3118.7797032046,7434.4950741386
65,"N3",192001,195000,159002.966269973,16773.3349998924,6054.3096434549,2951.0620689969,7311.2242899203
66,"N3",195001,198000,226312.980893123,26253.6683509834,9345.5202177171,4760.1403534579,12340.2734732049
67,"N3",198001,201000,389780.947232295,32617.1012244189,10871.8464764172,5300.2566358409,15059.973470637
68,"N3",201001,204000,224633.627975118,25042.820219531,16819.3563202127,4632.7255611018,9913.7781202085
69,"N3",204001,207000,561188.348709896,51517.203610352,15374.5704650559,5899.219755635,15409.6600751053
70,"N3",207001,210000,265633.602068659,26170.8624610519,9100.280025341,4550.7689144763,13674.7455916027
71,"N3",210001,213000,611606.819704489,44017.948512841,15139.8777067882,7136.5166017683,19618.7047406421
72,"N1",213001,216000,169274.9479045,14862.6971085184,7709.9139961047,3681.4905650494,8052.9717289122
73,"N3",216001,219000,239117.161816069,23909.9528469153,7518.1562464985,3128.4461468501,7621.7935583212
74,"N3",219001,222000,112523.260612011,15841.1932139975,6149.0942496749,2989.9468298806,5475.8489284792
75,"N3",222001,225000,185634.871392566,22521.1106178023,7991.2434788734,3020.2775794122,6184.1128541991
76,"N3",225001,228000,78757.4420220689,17164.5760800051,5578.3059870857,2189.9903228209,5929.4287776319
77,"N3",228001,231000,165040.376309485,21332.6166662132,8636.5744750398,3224.5582064095,7392.7829731635
78,"N3",231001,234000,235490.914847907,23565.747214867,8316.1070166244,3443.6360017517,7617.1262114313
79,"N3",234001,237000,175630.391707411,18882.1511584753,8445.9706329791,4250.520654749,10458.5100862056
80,"N1",237001,240000,75602.6340635056,17235.4076594972,7832.5511336506,3752.9568885689,9149.7022167798
81,"N3",240001,243000,148756.827810578,18628.2630017808,7485.5905216318,3182.4298478828,8748.3196705077
82,"N3",243001,246000,105553.1886212,13223.3031961456,7355.9693922034,3202.1343097098,8715.3445084493
83,"N3",246001,249000,215005.053702223,15790.4072892318,7815.4902614841,2693.2375462664,7272.2349744752
84,"N3",249001,252000,204416.463424936,21592.1267334956,7357.0390660995,3519.8964845752,7802.3253603829
85,"N3",252001,255000,265017.422997755,24045.667806434,9369.519487004,4531.1614547322,13381.9980404791
86,"N3",255001,258000,306703.177680075,34487.4343233054,10594.8164198998,5165.1423964249,13468.2412229387
87,"N3",258001,261000,503242.483419593,42937.1418381479,12550.4507647696,7188.8288922901,16659.1094294763
88,"N3",261001,264000,438271.394653982,37634.2891142297,15031.5982937006,7484.3949111653,22054.3460376736
89,"N3",264001,267000,341479.428824359,31928.890628909,13316.1778460274,7985.0977664423,26195.5423067872
90,"N3",267001,270000,614286.273636642,49833.5915487455,14826.4730114974,8809.9497038708,21887.3824175225
91,"N3",270001,273000,567414.055841693,64113.5121516571,21052.7690346851,10556.7979187414,37128.3803996668
92,"N3",273001,276000,646298.628731353,68002.065691386,23067.3704390772,12514.6462656322,36395.8356595589
93,"N3",276001,279000,592258.786722115,82532.0974300716,22289.307673316,11352.0985507156,27358.1070789345
94,"N3",279001,282000,621812.276682738,83922.0004370657,24011.0433247543,13162.852645958,33422.5770553917
95,"N3",282001,285000,608721.989887706,87832.9079058525,22726.7564930024,11413.5177539058,29058.3189897867
96,"N3",285001,288000,483735.021907365,50181.4999203297,15437.8883235839,8758.242101554,24151.5114101867
97,"N3",288001,291000,398694.294471783,52804.8760005191,11150.2456202437,5431.371162476,10757.8878393818
98,"N3",291001,294000,346389.065710963,43635.1146860413,11567.9831029936,5260.6402682309,12895.641180334
99,"N3",294001,297000,404951.306045414,42277.7089750458,13913.1906619856,6923.5954970951,20766.7745675493
100,"N3",297001,3e+05,317993.668100243,44280.9214392605,13259.0554543798,6206.3977480447,17254.4727611755
101,"N3",300001,303000,523912.52036804,45556.3268985272,12387.2550170367,5725.4034138785,13295.7675027327
102,"N3",303001,306000,311652.315223987,54557.4939496384,9371.0203558701,4130.2893898802,7337.8802549777
103,"N3",306001,309000,380722.59195584,40599.0540512531,9835.3680875971,5522.6074397848,11237.5564104639
104,"N3",309001,312000,471555.68732215,47823.3091453673,12456.5151137943,6354.3831492214,18590.1859544263
105,"N3",312001,315000,364757.728220699,27066.692179777,8933.8279726283,3698.1731777147,7394.7610198015
106,"N3",315001,318000,348366.332424634,31615.1153858132,12616.4899670274,6730.2510118173,22458.5228576313
107,"N3",318001,321000,851548.061970902,45717.7624310414,15592.6123645493,7383.5985100479,24125.3407063661
108,"N3",321001,324000,526428.790330558,59464.6812238796,13472.6159711671,5681.9902806825,12297.8034364698
109,"N3",324001,327000,185879.806577183,25361.3795791879,7983.2670019566,3492.7746654742,6431.7524610322
110,"N3",327001,330000,258507.367514222,31285.5393068238,8978.5928628108,4274.2859374923,8112.4495830344
111,"N3",330001,333000,113464.812228209,18284.4063223646,6468.681143335,3346.9740004951,7501.341639322
112,"N3",333001,336000,981557.919939463,58013.3110303271,14095.6080525716,5627.6342555911,10553.4940208157
113,"N1",336001,339000,671531.046893025,44647.0915035644,14125.145155318,6532.5002530365,13706.5665629931
114,"N1",339001,342000,898275.788430551,71251.1812282931,18303.798256067,6655.686749247,12919.9138868429
115,"N1",342001,345000,617256.549555837,31618.6417630584,11201.392534119,5823.1923628369,14525.2905301983
116,"N3",345001,348000,409482.002922057,47610.8263134736,14463.7930568171,4913.6826316282,8418.2636074723
117,"N3",348001,351000,169844.477713712,36441.7890534062,10003.4063700656,5031.5024937821,11524.1530703176
118,"N3",351001,354000,311034.966514904,29460.2971938665,9010.494858478,4995.5915483072,13750.6658203749
119,"N3",354001,357000,294658.284721941,25781.8129971498,8698.4508953881,4141.7483195369,9034.6715401361
120,"N3",357001,360000,332845.056404787,36576.3018922229,10399.6911155695,5056.474771678,8375.3212034103
121,"N3",360001,363000,125147.634380667,19164.2367665834,8655.0176069493,3135.9877453029,9063.6530090392
122,"N3",363001,366000,117243.212671923,19134.9425587687,6994.7649651006,3542.6117294072,7843.1892511176
123,"N3",366001,369000,233596.849798923,29732.6201414622,6876.8840754326,3049.3427466654,6542.6382074787
124,"N3",369001,372000,261539.315777542,28621.4325439897,9036.7217509342,4387.3909311903,8274.4333704412
125,"N3",372001,375000,182172.743784145,27133.529115555,9723.3815552165,5084.540097349,12530.7709054319
126,"N3",375001,378000,226174.476145486,29589.5712250261,10570.8686725308,3824.8455556471,8800.73430969
127,"N3",378001,381000,233765.138895946,24221.9281553373,9127.6938350988,3360.3029550636,7205.0124404889
128,"N3",381001,384000,254362.471102079,38372.8046209021,10454.9777221157,4744.553456539,12241.3069575721
129,"N3",384001,387000,530808.275041949,39835.2875927053,12061.2599674336,5803.8964140986,13573.437961634
130,"N3",387001,390000,324617.792893273,42692.4017696183,10508.0517359619,5116.653814974,7994.2318418425
131,"N3",390001,393000,454430.350003417,48333.9798881901,9613.202466327,4391.6154236954,8502.3436437602
132,"N3",393001,396000,230412.684965203,32763.9793922421,9237.0683220739,4021.6903552649,8477.0888065113
133,"N3",396001,399000,201388.93198844,30993.8657669817,8681.5292755194,3847.5200213743,8812.2436333492
134,"N3",399001,402000,142897.273645993,24442.7079071877,8939.4790379175,3797.8981098326,9307.4094474351
135,"N3",402001,405000,205322.657870651,32785.0389842468,7112.4188573977,3198.4556991373,5876.816576995
136,"N3",405001,408000,195695.383545675,17574.1649013524,6768.2615406873,3725.3260231754,8449.6949975411
137,"N3",408001,411000,291257.975723715,32358.3801236305,8704.7046152552,4409.5594901311,8070.7177788762
138,"N3",411001,414000,206311.315117598,32848.8701627946,7719.6838141187,3433.371204078,6581.8140431561
139,"N3",414001,417000,182856.597353694,26780.7617623788,8452.8487209822,4244.7543568518,7954.3210068887
140,"N3",417001,420000,135835.92101399,20481.7275173789,9453.8744548803,4055.9207298215,8958.7181182334
141,"N3",420001,423000,239590.57396815,33709.0753609571,9636.462533375,5127.6510324996,10521.3937389606
142,"N3",423001,426000,163970.228521565,21346.7235743146,7768.7965891847,3945.479867773,8235.3765172858
143,"N3",426001,429000,331481.429499533,37197.4786260014,10403.2748700861,5832.5884082668,14255.4521345176
144,"N3",429001,432000,278363.258213701,29106.5004506038,9813.5972182607,4893.5981007147,9296.0927030712
145,"N3",432001,435000,209737.439143226,26816.2679766662,8122.3842724386,4037.6691795786,8906.1919674774
146,"N3",435001,438000,246490.172558729,28716.9738726209,8881.1075870064,4154.0969459991,10341.5518752628
147,"N3",438001,441000,222324.098859109,30060.9798886552,10468.6178194713,5114.0581310115,13750.8717015372
148,"N3",441001,444000,305534.269371433,32128.3634864139,11793.8934481545,5964.5234735118,15380.8411462578
149,"N3",444001,447000,208349.814350799,29750.904962558,9107.4785290341,3734.6328779449,7994.1524485513
150,"N3",447001,450000,254057.826805894,30998.3894885755,8921.2945349263,4793.4572029467,12091.5213986912
151,"N3",450001,453000,285552.972449016,19673.272218784,8773.1290666474,4845.915803457,10291.2697030959
152,"N3",453001,456000,235285.186310736,31166.740643298,11631.5390854822,5508.8610783064,14243.8650706885
153,"N1",456001,459000,539090.098661809,73811.334660371,33367.8393330703,17437.2314838513,56580.909623317
154,"N3",459001,462000,305446.434095639,48584.5177376645,17276.3834508615,12509.9054274535,30471.1696497775
155,"N3",462001,465000,420405.235970941,33854.7287562294,13397.183417454,5955.4382629665,17237.3296895565
156,"N3",465001,468000,417293.407772513,43783.8827555866,19039.4642411088,10310.1012777032,27999.7902475087
157,"N3",468001,471000,433784.737982075,31877.923382172,12061.1867473469,5897.3007175567,16097.4481538603
158,"N3",471001,474000,392017.252936191,46820.2840999471,15183.2859964475,8867.3796390834,22671.1896630444
159,"N3",474001,477000,523089.544269007,73431.5739679931,20692.7256854154,12669.3552844659,28401.3322200722
160,"N3",477001,480000,570208.346226202,78197.0741592897,21407.807166969,11716.8003381903,30172.8479684479
161,"N3",480001,483000,494703.240044617,44887.3929209349,17867.2510798005,10810.3361871254,30057.220310573
162,"N3",483001,486000,507683.871499832,56488.946139785,21149.4449426363,12875.6223252443,39966.8786260977
163,"N3",486001,489000,420262.463159615,38170.6190661897,20588.2675094316,12680.6040895551,35407.3373989774
164,"N3",489001,492000,315914.92878872,31206.6138727946,11558.7505205657,6452.8060028657,18495.2470725077
165,"N3",492001,495000,340466.219643374,34814.0155313291,12186.29128586,6580.1092986746,18431.4752382044
166,"N3",495001,498000,350315.867399314,50452.4546019032,15976.4893759878,9355.6294505286,27828.7539200572
167,"N3",498001,501000,417751.660397688,52656.0880639586,19277.2221363524,11300.4630983176,33999.9094830577
168,"N3",501001,504000,409293.142325462,64464.3161026523,18905.4098878354,11791.9656294315,30569.2181725934
169,"N3",504001,507000,146246.247752699,28362.8065362098,8243.2476215638,3959.7832993638,10261.3170813598
170,"N3",507001,510000,238817.957854543,37121.5637076164,8981.0445883054,3738.8951942862,8131.1980104815
171,"N3",510001,513000,222264.997915932,40069.0772333501,10246.8540864922,4654.9730350587,11554.9671164959
172,"N3",513001,516000,187435.17435825,27504.1203557611,7871.9476680776,3582.3181941546,7872.2693682294
173,"N3",516001,519000,136175.988855462,28240.4114189038,8487.0957206694,3983.0630219129,8809.7839345221
174,"N3",519001,522000,193059.291038894,20566.7158662803,8848.6779184063,4129.0927498624,12149.5223001836
175,"N3",522001,525000,288095.7465123,30559.6791054937,8842.5694775231,4614.6990679659,11630.6935399476
176,"N3",525001,528000,225719.284182098,31160.4615684578,7697.6099259619,3927.2579176755,10126.6673270467
177,"N3",528001,531000,351254.662933061,34491.0956449274,11305.4868332604,6186.5775031958,13487.0583011316
178,"N3",531001,534000,394084.925628794,44649.616800237,11930.5577659223,5960.8969336593,15572.0469249598
179,"N3",534001,537000,332049.26222569,28830.8648459669,12086.6612690915,4711.9597029275,12100.0849210904
180,"N3",537001,540000,222693.826185499,30911.7324607992,11874.4027152756,6838.0105686175,15990.2312003389
181,"N3",540001,543000,312329.399293489,33711.6800094814,16410.825984584,10374.6442204238,32366.6208416204
182,"N3",543001,546000,603709.798866919,40178.007882692,22094.1153318824,16451.7561341101,59135.1032906839
183,"N3",546001,549000,375458.162269763,39976.94243979,17690.0308871534,10084.8050038042,36898.814214228
184,"N3",549001,552000,378081.036662197,37282.925750784,14927.000879388,7313.1141496526,17131.1153810437
185,"N3",552001,555000,353183.800776473,38823.9852619841,11855.2659708519,6364.7332428807,14083.7327528295
186,"N3",555001,558000,218948.857942314,25408.4678308089,9499.9887240944,4672.424323536,11780.650003562
187,"N3",558001,561000,343361.976109063,26802.3704225212,10708.3057272943,4304.0118866312,9996.7746059154
188,"N3",561001,564000,521671.958770094,37325.6938925502,12362.6809129652,6282.7048652067,12634.0445364793
189,"N3",564001,567000,229684.056885942,21055.730397569,10561.9628964996,5337.7428507014,11796.7158270629
190,"N3",567001,570000,392576.306567215,46759.9434297334,15509.9154620207,6602.305196891,17816.2241003324
191,"N3",570001,573000,393344.419646295,35711.4949755296,12000.0557932112,5860.5616864499,13942.343291169
192,"N3",573001,576000,398791.677177265,28711.0362812103,10861.2707563612,6141.2801109609,13151.9115176375
193,"N1",576001,579000,368245.201962433,38999.8438312262,11667.0454865923,7030.3268199146,17653.9897907261
194,"N3",579001,582000,339780.259382964,37043.3805012938,13370.6415384888,5029.7627810784,11805.8274070775
195,"N3",582001,585000,510111.85120014,29610.4978635133,12102.0919166622,7280.8227528234,19569.605980985
196,"N1",585001,588000,587271.951497056,45351.8214658595,12538.5672381139,4598.9655531506,9953.1784003316
197,"N3",588001,591000,444800.136773258,40729.0422718764,11081.555643953,6874.2576366148,18831.7628299533
198,"N3",591001,594000,190858.520636919,21046.8188050808,7372.1030991739,3516.6877921902,9068.6655522537
199,"N3",594001,597000,426259.711093028,41898.8936866767,13867.1517029475,7653.2404100989,18265.1412889903
200,"N3",597001,6e+05,425450.269135669,37629.1592690473,13384.9568531332,5826.6997644814,13703.7532476003
201,"N3",600001,603000,843858.259857105,46289.4298440987,12869.6592795247,6175.8892985901,15465.8218308001
202,"N3",603001,606000,438610.710838065,45236.2327645934,16121.3535771543,7515.5403285363,16933.5377440999
203,"N3",606001,609000,299100.587061354,25093.2227203752,9319.6444320168,5526.1529883737,17987.6955915956
204,"N3",609001,612000,397441.541344229,41548.2136511079,14556.9685683369,9326.7039145252,21840.1419355598
205,"N3",612001,615000,165630.145806713,22238.0425262317,8685.3442980141,4600.7746126261,12978.2099156255
206,"N3",615001,618000,174634.678478779,22812.5666843838,9082.7423385806,5120.1552951004,13273.5056876773
207,"N3",618001,621000,224842.433165267,24166.5951057197,10262.7942451722,5625.6540906999,15243.6594679169
208,"N3",621001,624000,211854.278412458,24652.7451389089,7138.8271862863,3283.7331023911,7111.7951790308
209,"N3",624001,627000,163506.50278963,20185.4435023648,8746.5816296251,4698.2892647543,11366.5907618394
210,"N3",627001,630000,256288.898291778,30746.0792225271,12637.5582478508,6661.6710938731,17396.167729293
211,"N3",630001,633000,608702.583643653,50017.527240667,15425.0458280197,7903.3462969609,22865.290972104
212,"N3",633001,636000,399818.334891671,44409.5360766328,11882.3673173866,6334.7597647427,19028.5737688428
213,"N3",636001,639000,215237.039543694,22856.9681452926,5810.4591922847,3316.9782153811,7896.6162626031
214,"N3",639001,642000,227044.857283231,30117.6301941423,8041.5326134113,4193.3285455936,11139.2881234216
215,"N1",642001,645000,436007.741291695,47516.1958931719,16584.8596333607,7829.9097331871,22254.7374515243
216,"N3",645001,648000,181832.070388324,31788.1483987197,9956.1636306537,5590.7056666286,17043.1826735484
217,"N3",648001,651000,191758.672689888,27923.2091241777,9783.6524735329,5275.9196710147,14148.3889158434
218,"N3",651001,654000,253962.341819844,36082.1658288638,12774.7609734241,6153.5933710931,15211.6857077738
219,"N3",654001,657000,381146.882346729,35735.7183208432,12628.0660335261,5734.4704499813,13665.7501108714
220,"N3",657001,660000,201321.193415548,25481.0452274161,9438.6758038166,4818.0681599841,13139.9694523014
221,"N3",660001,663000,170027.828422566,25144.3211449973,9903.2976180643,4633.404245715,11482.5221129525
222,"N3",663001,666000,299525.543964534,40176.8339661374,11473.0334096762,5710.7072653275,14629.1321871862
223,"N3",666001,669000,334843.271015264,30050.9979394531,11276.1457501036,5868.7119117372,16835.4072753661
224,"N3",669001,672000,104834.871203423,15503.7101422621,7043.6733044471,3611.1197451984,9744.3729296555
225,"N3",672001,675000,232925.479899035,30106.1659990289,9143.4771011163,5024.872595304,13052.5334812133
226,"N3",675001,678000,378411.483072648,42517.2247503285,12163.8260515575,5539.9762058369,12435.68775318
227,"N1",678001,681000,219575.875724193,33174.9500477307,9032.4941419709,4970.6892876897,13884.4089429637
228,"N3",681001,684000,482377.132642872,37335.7398901353,13707.4331615332,7906.6873112422,20305.2878784649
229,"N1",684001,687000,371115.297711992,41811.0542297609,15359.6104742545,9977.2219494533,27746.1664016561
230,"N3",687001,690000,306507.508625264,44968.2722142218,14807.9686628073,7166.1421278962,23522.183736204
231,"N3",690001,693000,470863.181788723,44860.3849336544,16533.966713735,7640.0186997752,21639.0122110212
232,"N3",693001,696000,357279.48204033,38339.1734954886,14680.9491516303,7177.3112261928,18429.3583078298
233,"N3",696001,699000,321074.410965062,27949.083636108,11258.1229358246,6132.4397910135,15509.7362117116
234,"N3",699001,702000,152637.748747502,23993.2972400958,8578.31599232,4167.6623832723,11409.8885680139
235,"N3",702001,705000,215533.952531045,31324.416102045,10363.0103206758,5772.9189660534,16147.6599908499
236,"N3",705001,708000,292953.874974441,30332.5796225271,8315.7051832071,4584.1331973846,10540.5014758804
237,"N1",708001,711000,267164.110551772,33300.0878776921,10342.1448465094,5056.8859570281,11491.8309866347
238,"N3",711001,714000,305771.722778922,31325.0826152053,9117.4611889932,4440.0890644837,12777.2912434199
239,"N3",714001,717000,247366.607949525,29030.8269030247,10822.9480016532,6188.5423522723,13221.1729972249
240,"N3",717001,720000,293803.107874136,34924.8876559664,8082.0931297902,4076.7023327936,10901.0349728038
241,"N3",720001,723000,517841.699619512,42992.5434725555,16124.5907592091,8927.0976665655,26287.2598159583
242,"N3",723001,726000,420606.737678196,39133.4192991774,12752.7309309662,7135.6392015556,21912.0086146346
243,"N1",726001,729000,433328.843137558,38998.6256082304,17627.2788133798,11169.1655924936,35855.2124742145
244,"N3",729001,732000,744036.459865604,34452.597237436,12704.4619105647,5655.6993830684,13112.9755874815
245,"N3",732001,735000,534411.557212385,28582.2102942635,9006.015674306,4965.7088177538,11951.7990379777
246,"N1",735001,738000,500363.580345907,49670.1582028136,21321.6639864079,14370.3006363407,35130.9700850284
247,"N3",738001,741000,686077.669259351,50821.7327023374,16095.2585413797,10873.692775893,25339.5767034932
248,"N3",741001,744000,577260.149211902,45334.6374610425,14274.5038216035,8293.945715456,22960.2768895933
249,"N3",744001,747000,641903.477942214,46119.1899862424,11554.9040689222,5160.8353599735,13625.6406348156
250,"N3",747001,750000,494649.103837105,34191.8206679217,14587.9560370446,8522.4637128709,31643.9258425416
251,"N1",750001,753000,392699.127394075,24980.4987114908,10275.2369849693,5939.4606110518,16736.6116031947
252,"N3",753001,756000,529438.479398539,31923.7820272722,11334.4487218924,5298.16232781,17279.4487638758
253,"N3",756001,759000,772806.118612811,40127.1049563965,17617.3752067855,8628.9478736006,29142.7382706345
254,"N3",759001,762000,470825.043200471,45695.183769142,9823.477424304,4531.1391190415,9900.5306606891
255,"N3",762001,765000,466699.050533442,44278.9694793526,13033.9030426274,9275.0629423289,22299.7208137132
256,"N3",765001,768000,280656.053020507,32219.2324622578,8785.3532469524,4620.733108639,10288.6047324237
257,"N3",768001,771000,544330.027748182,35689.0027660924,12466.4288127978,6935.872184394,20982.988562586
258,"N3",771001,774000,397643.110260159,47442.8850952725,18585.3835620476,9625.0857694024,27679.7804306468
259,"N3",774001,777000,768811.848616233,59435.2398919661,18122.5355773826,8374.7499475031,25145.6843214365
260,"N3",777001,780000,447745.756585628,74148.5865298198,21380.8434704833,10034.706644354,27329.5006692162
261,"N3",780001,783000,389768.488424705,48791.0838616031,13212.0838189561,8323.3855062398,25079.9946504739
262,"N3",783001,786000,321854.582709902,35545.2155028518,15904.6933987244,8155.4757014083,26775.1095525038
263,"N3",786001,789000,501491.013392922,46612.9209121904,13126.5096882595,6950.291389191,20047.5416568476
264,"N3",789001,792000,504064.85062538,40575.4139486491,17418.2202636365,8450.0691336734,25543.3665626058
265,"N3",792001,795000,606583.723683497,52794.6608463287,16485.2104768322,8702.0437792755,23357.9508013526
266,"N3",795001,798000,544231.54078924,43570.8978269539,14254.9951420178,8426.3619694521,22475.787242349
267,"N3",798001,801000,506093.015433614,48668.2158702149,16614.66601649,9262.0358444832,24853.1340377956
268,"N3",801001,804000,510817.415032048,49640.9296513637,16750.2623893163,7407.3365268918,17033.2779681508
269,"N3",804001,807000,482699.212662795,47871.5663673758,15165.0247295501,7590.7874706438,19224.167106606
270,"N3",807001,810000,395992.859675391,29383.2992670699,13340.1880887125,7658.5127446534,20945.1361856697
271,"N3",810001,813000,118037.158980217,16790.4773227248,6513.2652284153,3408.8978040637,9973.5554456078
272,"N1",813001,816000,332614.635277755,22662.1498896015,9114.2548086145,4190.5306630951,13808.7551358478
273,"N3",816001,819000,178038.406833176,17560.8225189344,7343.1915117933,3424.2991685883,10550.8514558921
274,"N3",819001,822000,250623.902617304,19202.8454499072,8294.4174385842,4425.8810238912,13914.983627999
275,"N3",822001,825000,176299.830121393,18631.6342918892,7242.5709941579,3648.2313116113,9012.747504376
276,"N3",825001,828000,415737.273902543,25401.1727599504,11062.8473226033,5243.9958505289,13826.0162326837
277,"N3",828001,831000,291814.401014429,25919.0581642657,8922.7747551494,5142.8788534415,14983.8475288423
278,"N3",831001,834000,111563.47760386,17390.4254296408,6152.4064022606,3089.4273041312,8541.7778347026
279,"N3",834001,837000,83559.7065724245,14747.5513008589,6282.9470206315,2829.9210277736,8446.5493748119
280,"N3",837001,840000,340872.591019063,21129.4176546459,7899.0938584489,3438.4232070451,9617.8345930929
281,"N3",840001,843000,321465.259392086,25492.8101521258,10185.5765080074,4945.4655334944,14943.5377709207
282,"N3",843001,846000,422738.270375923,19177.506266486,7841.5085501508,3578.4636344468,7809.5924772793
283,"N3",846001,849000,396226.682588174,23649.0656702596,9782.1734551175,4476.1831754436,11718.0937126066
284,"N3",849001,852000,393857.561720292,24106.3360343956,8416.0932259708,4957.9881591335,12166.6743023351
285,"N1",852001,855000,340428.914729697,31050.7653130714,8985.3345664171,4081.5054314144,8022.1489254966
286,"N3",855001,858000,340724.303138125,28062.6032492432,7449.3137910999,3471.1340274843,8229.2211464136
287,"N3",858001,861000,371817.460409598,24194.0756161897,8615.2340886749,3782.2975891981,10868.5949464692
288,"N3",861001,864000,292083.687010197,25800.4550566763,8915.0979914276,4979.9650400116,12652.9923078537
289,"N3",864001,867000,250495.884443156,31891.283257706,6642.3127764019,2805.8481468705,6452.6662588235
290,"N3",867001,870000,326269.993901119,24298.5510205588,7622.577703821,4011.246431098,9210.5561780505
291,"N1",870001,873000,271119.567505241,32576.2251338033,8981.5029666607,4468.0850039319,9820.6359249552
292,"N3",873001,876000,413938.017454124,35463.8214184909,13055.663511663,6191.4814402011,17255.3797083552
293,"N1",876001,879000,462624.293090175,36010.2760306836,11584.0269447157,7633.6660150174,20063.3509665152
294,"N3",879001,882000,306358.671172576,33048.5816555268,11104.0076630122,5603.0558592023,12096.1751980759
295,"N1",882001,885000,156016.698922947,18802.2258588305,7773.4984964118,3687.1760982792,9864.0987108432
296,"N3",885001,888000,131899.857148349,17744.7485425478,6437.2586588755,3248.3894749867,8619.7823550147
297,"N1",888001,891000,428725.283030624,37016.955512503,11808.4927895525,5166.9521750391,12568.8960029022
298,"N3",891001,894000,323687.728081338,25965.3000874394,9483.3249633811,4409.920994793,11228.3861603989
299,"N3",894001,897000,213279.171346454,25213.1001158581,8343.5365031371,4403.1375896519,9523.1262977307
300,"N1",897001,9e+05,405845.429078716,45645.1573014907,21031.2606514989,11709.6855762756,32347.7176045936
301,"N3",900001,903000,433362.791113763,54553.9817112891,23313.6736383586,12254.0849666144,40127.2612958911
302,"N3",903001,906000,341258.801527159,39911.8456257888,20992.8251883858,11080.2622598673,32246.1957340391
303,"N3",906001,909000,733488.728580699,51439.6610617772,22966.4822422448,13282.9419572324,43279.6705268885
304,"N1",909001,912000,404676.224329267,33908.3548471036,11784.6394633575,5927.3010164205,13560.1429419678
305,"N3",912001,915000,528556.0139997,48121.0254457717,13284.0972912832,6509.3013708091,15058.7971042827
306,"N3",915001,918000,437502.4422837,38850.3233731896,13841.9366215635,7722.4483657944,16034.6412883101
307,"N3",918001,921000,350817.171237965,34723.5177816328,13052.0136123363,7147.8136033794,21093.6968568305
308,"N3",921001,924000,352336.47185475,38909.2509500565,16783.2660570343,8302.6189262248,24276.4767953566
309,"N3",924001,927000,367671.808369554,39748.2970748787,14374.526333246,6683.4398475146,15098.100927981
310,"N3",927001,930000,322885.102565036,34515.3915265899,12657.4061914154,6333.4280155118,17884.7322926939
311,"N3",930001,933000,273714.043179501,24639.2266609087,10779.5248771245,5176.2534934783,12798.3711739379
312,"N3",933001,936000,223033.059915741,32875.2778515483,10948.4808903625,5599.1005332098,14946.8041447015
313,"N3",936001,939000,306294.460839517,30118.4482065099,10776.563917758,5260.0709041971,13280.2618783126
314,"N3",939001,942000,386833.388849103,40734.183198906,13795.9688887395,7275.070925326,17482.0079012066
315,"N1",942001,945000,255161.08520317,26961.8784245712,10706.4241220792,6926.9647382157,19178.5127621991
316,"N3",945001,948000,275337.6311021,32512.3024329238,12557.0907241,6337.4697598757,19735.6437390039
317,"N3",948001,951000,244907.050183737,26110.2416396783,9027.6435481945,5170.4054814013,14329.0475312626
318,"N3",951001,954000,368132.3907675,28557.1102710906,7921.8254637012,4830.5435720146,13521.0749790212
319,"N3",954001,957000,336613.223614732,24394.6877850626,11638.3314271096,5605.0541264794,15913.1096836009
320,"N3",957001,960000,171832.765123469,24319.7968042622,10236.1679682996,5181.8276498745,16175.8347856199
321,"N1",960001,963000,149619.86983507,20609.7121241126,8550.3202654477,5342.1428269663,15322.4788422603
322,"N1",963001,966000,84072.888290688,23904.0985622824,9088.3991333582,5379.3638732225,18066.0122867447
323,"N1",966001,969000,105345.95276875,24298.0956757381,6665.9168396283,4336.8024067443,15754.8945386038
324,"N3",969001,972000,207944.629909671,26940.5955192171,9882.7728293851,5624.3982872756,18859.9517934696
325,"N3",972001,975000,217950.668761552,23684.7846065503,10913.8182282578,5756.6700338482,19886.5943111953
326,"N3",975001,978000,106511.784808867,20714.1285969878,8245.9641056372,4246.1827799137,12957.2177191438
327,"N3",978001,981000,195913.962242084,25419.3321163606,10463.7806190144,6071.1940070951,16681.9096275921
328,"N3",981001,984000,357036.796462744,26537.286227453,10366.3363325462,5901.5204695087,13735.0361996746
329,"N3",984001,987000,261585.073357894,37886.3766473032,19112.1776983479,10764.8110187899,33987.9010865243
330,"N3",987001,990000,379597.638828894,40564.614431675,13621.8702013489,6556.9975666716,17704.1224484266
331,"N3",990001,993000,343974.605172046,32338.2303570638,11114.4102682208,5565.3342262755,14911.1200936359
332,"N3",993001,996000,165596.549754592,18660.4875308773,8168.8837249794,4033.1771339856,10582.0384928613
333,"N3",996001,999000,346764.538051207,27100.6366603343,13504.4939510463,8246.4097279898,22182.5439538791
334,"N3",999001,1002000,390178.040164025,42007.0018565748,12970.3348192122,5869.0916019137,12764.3525553988
335,"N3",1002001,1005000,358827.491388065,33456.2129268418,11519.8729575396,5431.597498712,15051.6175658835
336,"N3",1005001,1008000,347255.105077741,39196.5572367107,10583.6138975131,5649.797383002,15067.6470164579
337,"N3",1008001,1011000,378500.529858046,34591.1060865965,13906.4175420013,5634.2331226092,17493.7297256558
338,"N3",1011001,1014000,409314.076431667,36261.7510222183,14356.513996005,7370.9724712532,24078.6290554158
339,"N3",1014001,1017000,489699.344982858,42103.7142858801,14458.8764423947,7407.2450185238,22250.5399243124
340,"N3",1017001,1020000,370032.390607771,39985.345978454,13776.9305437068,7683.7976311046,18682.5816420969
341,"N3",1020001,1023000,535437.63954279,42998.6813667063,20340.2877911283,10786.7713574829,32327.2665355798
342,"N1",1023001,1026000,360005.389310463,49199.1552032546,17011.6489599891,8148.7067462049,18567.8679671408
343,"N3",1026001,1029000,364876.798628749,54197.8405493703,13117.1107113693,6664.6375611259,15701.9271852749
344,"N3",1029001,1032000,548069.632298214,41555.6791842402,15676.1914859948,6608.1127064738,16046.6133476418
345,"N3",1032001,1035000,246010.458594233,23349.5559544344,12608.0023273615,5811.6128025309,16605.5344997705
346,"N3",1035001,1038000,249769.005811829,23278.1536694895,10212.9002538114,5808.8739233615,16236.7717607073
347,"N3",1038001,1041000,336196.740974625,21438.021364879,10957.5253951335,6561.2191581157,19129.2302269081
348,"N3",1041001,1044000,336462.526599353,35146.395024463,11724.8811153038,6519.7247141776,20189.8228562722
349,"N3",1044001,1047000,296791.959628911,26074.7760601764,10608.245460094,5715.3016905863,15219.1398698888
350,"N3",1047001,1050000,165710.372602828,24219.4677230718,8432.2270437527,4510.7345591828,14304.7097056436
351,"N1",1050001,1053000,299279.021914438,35295.7498894642,12373.3659454654,7394.8695804808,20622.6474905234
352,"N3",1053001,1056000,249348.662664891,22729.3504648149,10588.5324298855,5931.2717985421,15263.8372059155
353,"N3",1056001,1059000,306296.66343802,39682.9690723369,14476.2232958736,7594.5583308876,22894.5437839866
354,"N1",1059001,1062000,119858.793999348,19346.6367647992,10097.5785314002,6466.4524006566,18110.4707615974
355,"N3",1062001,1065000,280821.944140473,38349.831617621,12108.4529223083,6056.8257872206,19775.2396381153
356,"N1",1065001,1068000,292279.504260844,31589.6942765352,13063.5169796395,6756.2226539839,17221.5391228579
357,"N3",1068001,1071000,348340.805785198,36089.1466255489,12581.8187815103,6450.8954712173,13902.479561346
358,"N1",1071001,1074000,211363.783359412,27227.6108843013,11979.6392432188,6964.4837887273,21707.5444654706
359,"N3",1074001,1077000,294468.463002688,30959.7279573286,11269.4833812969,5807.7153203863,15660.447424911
360,"N3",1077001,1080000,400952.694934854,39228.4686396401,11894.1218683857,6149.9419822868,18736.3710224868
361,"N3",1080001,1083000,501247.273808627,47603.3015202397,14999.2889030829,7396.6640220426,17447.2228902491
362,"N3",1083001,1086000,229538.569609116,28925.0328691513,8567.3221389507,4944.6071880725,13407.3167560329
363,"N3",1086001,1089000,357705.447136514,35953.5740316161,11266.1959501068,5592.9538755122,16875.3224063347
364,"N3",1089001,1092000,323200.691376211,32276.9553897043,8733.0111196277,5229.107691487,11692.8809642469
365,"N3",1092001,1095000,320355.335279887,32001.5736877254,11006.618683751,5803.8458719078,17845.654826563
366,"N1",1095001,1098000,281620.467317514,31094.6908790354,12122.7393906205,6481.6065117254,17071.747515952
367,"N3",1098001,1101000,283392.636515935,28529.2890649167,10873.1205878683,5632.912570138,19522.8721798416
368,"N3",1101001,1104000,304273.062111014,30437.877503478,10509.6592201033,5638.6011781948,14873.7338119575
369,"N1",1104001,1107000,190017.324531595,21659.5282275088,9586.451175769,5973.2445112779,18601.412024902
370,"N3",1107001,1110000,154617.033971064,20447.3985021493,7801.4591627605,4349.2694714098,9652.2180224536
371,"N1",1110001,1113000,256652.166154663,25965.5565949276,7243.4686174368,4328.1309235641,9405.2701849934
372,"N3",1113001,1116000,386727.703287552,32671.0365097419,10458.8586114804,5425.3064696912,12121.276830335
373,"N3",1116001,1119000,171775.101388235,25290.5073994786,9377.9565163025,5385.4753419399,16029.4346167545
374,"N3",1119001,1122000,238899.415443639,24912.3673684045,8432.1623199957,4618.45232243,13190.5120404857
375,"N3",1122001,1125000,257489.908895751,25418.9006324706,8181.3044274312,5067.3988668742,13845.7030827947
376,"N3",1125001,1128000,304063.886996196,27749.107836459,10222.7484766126,5611.8015380136,21945.3030755222
377,"N3",1128001,1131000,322799.719903748,28418.6919526271,8947.2685774023,4525.5321936245,14305.4352556716
378,"N3",1131001,1134000,263936.122323046,40502.2393525755,11925.5437009867,5886.934100435,15546.9877293479
379,"N3",1134001,1137000,277951.198689821,40469.1107518918,14475.0441191231,7392.4544292602,20406.5728389498
380,"N3",1137001,1140000,332430.606205218,31139.6272667831,12094.6368845016,6968.4611725236,19693.1456671719
381,"N3",1140001,1143000,375390.497907534,22181.5414289159,8402.0970325837,5746.5055285214,18872.434685974
382,"N3",1143001,1146000,246742.137523745,24197.6351443367,10584.5494642612,5391.3054661552,14515.841372485
383,"N3",1146001,1149000,480856.413323369,41852.3981369399,14500.8515139342,8205.0699014241,25935.2099576603
384,"N3",1149001,1152000,496680.729720741,39933.2536210281,16731.9977557834,6976.6963458382,28087.6957548815
385,"N3",1152001,1155000,374484.674615737,26636.5842542787,13625.8187754468,6486.797801605,20359.6802782318
386,"N3",1155001,1158000,377287.047802611,22032.6827415561,10966.0545673612,4546.8171355175,14404.2124528049
387,"N3",1158001,1161000,481869.447782766,43559.5897588241,10050.5396970131,4715.3787143033,12542.0679101343
388,"N3",1161001,1164000,625100.69822553,46207.5143394887,13389.277723638,6453.8469787741,15854.9934961792
389,"N3",1164001,1167000,544001.23358365,36549.8728833006,11521.4350077973,6803.1300767327,15913.4159623406
390,"N1",1167001,1170000,211062.406093702,25760.6712368996,10610.2010535263,7049.1874548854,22390.4975560469
391,"N3",1170001,1173000,262879.885721307,34037.4162619346,12016.8587686649,5637.481167364,17888.6580739157
392,"N1",1173001,1176000,219507.53250269,32772.0701009732,10146.0798983991,6596.717518252,15025.8421689832
393,"N3",1176001,1179000,402180.607973944,39006.5281074702,11703.2253773089,7106.0936708,15929.7454158259
394,"N3",1179001,1182000,291228.81520607,26987.3648258547,10054.5871401321,4999.6560694802,13415.4971828139
395,"N3",1182001,1185000,259784.812123536,24468.7897475302,10415.7057037164,4782.5384876524,13687.1860577054
396,"N3",1185001,1188000,311474.288064245,26329.5425563353,9500.9318541883,5217.095780045,12273.7237870942
397,"N1",1188001,1191000,238898.372259705,22336.2670829728,7489.2817608759,3798.3865627829,12167.2135898196
398,"N3",1191001,1194000,74038.8009874255,16694.4702441183,4174.3360364385,2370.5491493329,5731.8107104603
399,"N3",1194001,1197000,76799.3185266692,12982.2625148845,6329.528153524,3296.3874850949,7051.9750123837
400,"N1",1197001,1200000,414376.669713203,27676.1936829908,11285.7829211797,5777.7617351635,15264.6342071586
401,"N3",1200001,1203000,309096.087133091,38303.0739336989,13556.065703903,7246.0488458978,23674.1713836464
402,"N3",1203001,1206000,169292.356529057,26106.9498366928,9836.5834216328,4599.0144570228,10313.9832357123
403,"N3",1206001,1209000,148682.384881566,24481.2954359529,9173.2472278844,3790.5107732425,9727.2901059035
404,"N3",1209001,1212000,177920.034672528,18379.0613738258,9882.2394145042,4654.7554279935,10802.3221268363
405,"N3",1212001,1215000,117974.831417773,25094.155743304,7215.9227650733,3828.8238951128,11477.7433405791
406,"N3",1215001,1218000,260808.742965504,34167.7570814568,9129.3119301095,3544.9602474917,9460.0554429666
407,"N3",1218001,1221000,130369.435431968,20976.660012235,7589.1163941341,3255.9923140768,8567.3796650136
408,"N3",1221001,1224000,289070.28953834,25634.7380742031,8532.7161384028,3703.4570376148,12311.2217335231
409,"N3",1224001,1227000,263698.264643018,30998.1124393197,9307.5641874735,4320.6228585913,12203.7474621653
410,"N1",1227001,1230000,168619.077920689,26150.8408583232,9124.6824378981,4348.3996645409,9935.5365060982
411,"N3",1230001,1233000,119040.147279793,24024.6238625738,7291.0872358587,3676.2206741028,10305.9131306263
412,"N3",1233001,1236000,186809.650099489,35070.4412862232,9338.1806996135,3391.0760257036,9077.0445330464
413,"N3",1236001,1239000,66942.1584193684,23420.5026505377,7348.4138533679,3940.3869226691,9703.3994246158
414,"N3",1239001,1242000,305162.887608066,29965.0547302286,9777.5722837005,4629.0209884529,13769.3394602988
415,"N3",1242001,1245000,306235.764593603,29864.8579725761,8345.8002663127,4464.6713934246,11059.7457381469
416,"N3",1245001,1248000,332051.410057451,29425.4725598677,13920.5264422728,6469.1636619092,21498.7412777465
417,"N3",1248001,1251000,149277.5680136,26404.3665354304,8773.1938468577,3420.030888953,10410.0265367414
418,"N3",1251001,1254000,162546.60598723,38008.7309072497,8450.7934281807,4038.0230407541,12849.2839883366
419,"N3",1254001,1257000,190920.277000851,31878.0407277431,7935.3314529201,4331.8019461855,10228.2202180817
420,"N3",1257001,1260000,134349.513920713,23193.4601881297,9242.5216243003,3337.6805204614,10224.8127759342
421,"N3",1260001,1263000,81176.423362124,19865.3611781044,7872.2888480307,3140.420472886,8929.532152313
422,"N3",1263001,1266000,199718.465414015,20797.9199605984,8382.2925987016,4102.5659043112,13531.376614225
423,"N3",1266001,1269000,279322.290345262,61235.2482795041,10063.6797423406,4633.808809146,14770.4591555687
424,"N3",1269001,1272000,297342.68399205,47823.6128250689,11101.9013405024,3976.0620743787,13355.1627572098
425,"N3",1272001,1275000,345961.994826591,32758.1330460128,10001.6426007137,5809.1233756907,17701.0790436892
426,"N3",1275001,1278000,131757.842059195,21366.5160208997,5420.3325095218,2205.7831038427,5335.3630716638
427,"N3",1278001,1281000,272793.951715228,33659.08327706,7933.3748009619,3689.6084987561,10097.4048102897
428,"N3",1281001,1284000,200136.435694385,26417.9353945232,8897.1036849732,3633.1262573621,10241.9482058223
429,"N3",1284001,1287000,161776.854716304,19729.3740577873,7385.580357771,3651.3907548817,10291.9282210268
430,"N3",1287001,1290000,149955.884429664,27548.927588502,8019.687051392,3831.2237539386,10597.7080412567
431,"N3",1290001,1293000,336793.56100739,37462.782170178,9698.1839532107,4923.7747466377,12936.4839093786
432,"N3",1293001,1296000,161412.28987413,17262.0131648824,7498.3330783231,3526.4144306643,7248.2451694671
433,"N3",1296001,1299000,282613.281495774,30146.1936941836,10497.4613780369,2697.7863377456,4984.4723256388
434,"N3",1299001,1302000,253611.37920907,38505.8564748533,8900.0332952645,3487.3015240657,7475.1732127797
435,"N3",1302001,1305000,257045.36639888,35901.9245982442,6911.3607141676,3231.381885982,7839.3297038405
436,"N3",1305001,1308000,135300.234852717,26219.6969461252,6701.3696740781,2952.175398178,8268.3438229975
437,"N3",1308001,1311000,88301.1873639527,20321.6836853416,7448.2429790192,4016.6578480685,11310.8438341085
438,"N3",1311001,1314000,122240.522589841,24139.265312668,7742.2061013394,3123.4972424183,7686.7437377733
439,"N3",1314001,1317000,391085.315743491,54109.7030997503,13099.1489933595,6080.1244689038,15159.8237383922
440,"N3",1317001,1320000,310848.750480486,42287.8520897346,8688.0875066599,3705.5596766341,8555.0634151708
441,"N3",1320001,1323000,435904.099221635,38490.2683551399,9805.4797630637,4058.0984500521,7339.7935999429
442,"N3",1323001,1326000,176037.92029254,20374.6414552855,6625.9898160374,3577.4726305301,9050.1733344995
443,"N3",1326001,1329000,312522.547459331,31984.2496934497,13259.1546972898,7245.9945608076,19922.9606351395
444,"N3",1329001,1332000,243223.483269627,37982.0267135893,13316.4684239803,6209.0797549225,15170.1031757197
445,"N3",1332001,1335000,289688.943972834,31627.9340216117,15689.8861381306,8589.8131967255,24467.1681095321
446,"N1",1335001,1338000,209915.683437622,31152.4881730673,14281.3262967905,8908.6382622729,30924.0447016047
447,"N1",1338001,1341000,109978.319944687,26763.2741423668,10651.7870273783,8086.8399878794,21333.1324174715
448,"N3",1341001,1344000,220807.278779471,28178.6137445625,10784.3059837851,6771.1959219585,20131.7576073834
449,"N1",1344001,1347000,151123.936815203,29451.5405081696,14258.6545854777,6190.9537886912,20766.4059635296
450,"N1",1347001,1350000,268906.288932789,34452.5590190038,15098.1851322579,6443.110212304,23784.1042168591
451,"N1",1350001,1353000,288226.828056151,46796.9481284162,14468.3726312971,6657.3787717955,18561.895995288
452,"N3",1353001,1356000,224347.44978833,34681.984181073,9700.9541611488,4750.3633645152,13820.7470294906
453,"N3",1356001,1359000,259376.829005481,34329.4122247843,10856.1518695864,4862.1184898735,12291.1908265096
454,"N3",1359001,1362000,317375.787439708,30935.6084473288,10043.9658292422,5321.2458341807,15318.8711380985
455,"N3",1362001,1365000,274965.612537819,51240.5994065837,12296.1102593262,5255.1446964238,13980.1386699566
456,"N3",1365001,1368000,408893.45467005,44918.8100960981,10604.9151841453,4579.6739664427,13361.3566091936
457,"N3",1368001,1371000,342507.452525572,52560.2888728456,12125.3700522701,4955.9615852849,13318.4698076777
458,"N3",1371001,1374000,272333.88332348,21843.6160439179,8611.441205456,4666.8778380558,13122.5391651378
459,"N3",1374001,1377000,336768.705482897,29037.3763869028,9484.4244578461,5100.6113859438,13553.5373297561
460,"N3",1377001,1380000,129358.638926995,28752.3419377408,8407.3808815243,3960.0990975531,10794.7424550458
461,"N3",1380001,1383000,113088.726046709,27684.8336918297,7974.5230320993,3483.5402810702,9892.2957353259
462,"N3",1383001,1386000,235968.857641773,42775.7598023567,11443.5079109345,5824.436990939,17843.0112953368
463,"N3",1386001,1389000,349764.729265063,40957.7655027594,10684.387189306,5449.4718955972,16502.1771223693
464,"N3",1389001,1392000,119166.026135827,14693.2434315219,6192.4576498989,3817.4926553836,10107.0253453801
465,"N3",1392001,1395000,272687.539549111,32241.3039893985,8015.1791962313,3903.4947841116,9700.5008490843
466,"N3",1395001,1398000,233677.168571811,26595.912693703,10594.7973120919,5888.566305894,16221.9603848916
467,"N1",1398001,1401000,188752.161642946,27355.0586561462,11224.6175077964,4822.8468938378,13912.3561363728
468,"N3",1401001,1404000,227510.702554355,49926.1085788342,16669.4094833055,8208.9979989679,26099.8926512732
469,"N3",1404001,1407000,339141.335533956,39148.7188034559,11615.8693107454,5579.6166298215,19491.4549604835
470,"N3",1407001,1410000,275392.575236733,49549.2627241902,15516.1033291328,5730.5011599435,21578.9661344958
471,"N3",1410001,1413000,346745.545196896,48196.1535192078,14598.5394390598,6192.6317293085,20372.1365294104
472,"N3",1413001,1416000,410007.53794555,60936.1164445737,18252.3639197086,6324.966370455,17400.013585433
473,"N3",1416001,1419000,459434.813700414,67054.9527409002,17365.4891661126,6897.1237786008,22447.340210653
474,"N3",1419001,1422000,381590.248332961,61786.9628187311,13652.3537950396,5966.3949323503,18924.6450137966
475,"N3",1422001,1425000,321018.440383483,49509.5594235839,10324.6816600965,5671.09597394,18265.570303459
476,"N3",1425001,1428000,563184.727439423,81775.3644736376,14338.5815525805,6685.2448145015,20222.3953142162
477,"N3",1428001,1431000,278684.415680314,56004.2657406571,12776.6007423322,4682.4855078606,17638.8096473846
478,"N3",1431001,1434000,435179.912940697,35556.5273584199,10188.7734655289,6308.1757096275,17836.5264939022
479,"N3",1434001,1437000,567145.875436204,48897.110901506,14677.0394514351,6502.4709545738,17841.0186570188
480,"N3",1437001,1440000,448174.535758068,32436.1104694021,9657.9833942612,4447.3066561359,9552.4530782516
481,"N3",1440001,1443000,381407.456253772,46365.5556887144,10450.1130342595,4891.1710506495,14520.2795021559
482,"N3",1443001,1446000,347954.360437265,38354.8758874272,13018.2198910177,4647.7895717026,14009.4534771827
483,"N1",1446001,1449000,197266.977745285,37192.4262267574,12992.5014974781,4152.5638198623,14386.7079784866
484,"N3",1449001,1452000,572028.574339449,72146.5778622316,12613.0962844597,5416.0761035357,15595.083586513
485,"N3",1452001,1455000,359122.648633364,47586.2787705843,10212.8454065333,5397.5888738437,14483.260497194
486,"N1",1455001,1458000,256249.0077263,26517.0342755301,6363.8229235509,3674.0870975913,8775.8440377987
487,"N3",1458001,1461000,302079.738996305,37900.930868545,9787.3124278506,4130.3717666128,11071.6626625636
488,"N3",1461001,1464000,303500.949934981,51390.3756754716,14948.7186708983,4606.0925868102,14551.9672295343
489,"N3",1464001,1467000,241803.254244942,51405.7093113946,10396.1648668617,4892.065717467,15813.1184887094
490,"N3",1467001,1470000,259458.34544067,28497.8932582845,10172.5315877645,5015.539502354,14447.5757923827
491,"N3",1470001,1473000,441879.504548568,40785.3580328647,12585.6211218501,6209.8312236827,19002.1099229888
492,"N3",1473001,1476000,433006.094346929,36543.3097640548,12731.4362079855,6321.4976066396,16707.0383824597
493,"N3",1476001,1479000,235772.816679577,48069.0797583566,12534.9148990435,5921.965971028,18992.9597720831
494,"N3",1479001,1482000,181259.099648289,37414.1791842459,14975.9534518674,5303.6422695907,18309.5183854267
495,"N3",1482001,1485000,142664.930950542,33072.491155475,13301.6133726198,4283.6354355377,16388.6434136348
496,"N3",1485001,1488000,318742.875967635,57190.8613005541,19475.6384721711,6844.0632876382,21254.8502311682
497,"N3",1488001,1491000,474742.72355892,43617.0010528415,13842.8663907916,6325.7203969406,17754.8269809873
498,"N3",1491001,1494000,367314.193748404,42858.2968914208,15799.0134793917,7440.0731795741,21995.5406459815
499,"N3",1494001,1497000,368529.623553967,41671.2807799779,16919.4563593619,9405.2443812645,19470.3768485936
500,"N3",1497001,1500000,333138.031281886,41311.2113473802,14125.910697731,6319.2614403096,21249.9400193852
501,"N3",1500001,1503000,227127.378145453,26615.5278551046,8710.5711851414,5209.4015238096,14782.535683337
502,"N3",1503001,1506000,427075.301343292,30650.4821740425,12298.2091649313,6027.0294955226,22605.9485109189
503,"N1",1506001,1509000,170573.921510764,19201.3031623622,9394.7247459099,5044.4342642435,15382.646359163
504,"N3",1509001,1512000,238324.402664963,23355.3439140836,9236.196295446,4535.3575619858,10765.4985450413
505,"N3",1512001,1515000,309278.830774279,41781.5802489696,11295.8976884059,6352.5263405339,14620.5268712449
506,"N3",1515001,1518000,435247.156575751,44871.6068379484,11372.8019105584,6065.0861918755,12734.9734638232
507,"N3",1518001,1521000,332232.881117012,31226.8507563164,11319.0120187302,5977.184880957,14403.0221710333
508,"N3",1521001,1524000,328536.902730145,35496.0665464054,10775.4593129299,4670.7817899766,11362.5538969932
509,"N3",1524001,1527000,292337.118231688,30711.3615298865,11213.8246312118,6744.4270091238,17086.9297293733
510,"N3",1527001,1530000,279468.100833182,33900.0677643288,13097.6057550273,6338.2812602938,15888.5205855126
511,"N3",1530001,1533000,369737.14237981,35381.8102879584,12022.7774133697,5355.2386269517,11732.1007851158
512,"N3",1533001,1536000,288252.808402507,27676.5899535135,12164.0076752578,5607.247405093,14593.6578473524
513,"N3",1536001,1539000,235772.722399018,23867.8897338974,10104.6107997616,4590.3470325291,13423.0034125009
514,"N1",1539001,1542000,293866.683461955,39622.619445443,16537.6759136564,6475.0898458733,14810.1712699871
515,"N3",1542001,1545000,262168.466244633,21596.4226149069,13608.6363097136,6584.2565099697,18711.6912198246
516,"N3",1545001,1548000,320563.684631763,54148.2617458715,20139.6122985163,10807.0892422641,26551.5998732236
517,"N1",1548001,1551000,511088.251009437,31719.3324959576,14171.371541105,5901.515272718,20701.6653825214
518,"N3",1551001,1554000,544155.28922882,61070.0098026276,14731.5728764356,7727.1686929602,21232.0895416424
519,"N3",1554001,1557000,550665.689494889,67138.9511594478,16707.873659409,7779.78757712,18532.3782909078
520,"N3",1557001,1560000,719551.857808811,66470.4215352666,12752.2025754961,6788.35088668,14066.9796003756
521,"N3",1560001,1563000,757496.455032266,59215.6947848556,13110.7750860153,6762.221400146,15199.5452067585
522,"N3",1563001,1566000,387501.074988068,29611.6158742086,9451.3374940495,4673.0077519676,11380.1816430124
523,"N3",1566001,1569000,403803.778508591,51474.5719791182,13934.8415741913,5710.6949768259,14289.7971555713
524,"N1",1569001,1572000,522093.950632202,50042.2616091165,14484.5786843601,6317.4244470052,14239.7747188391
525,"N3",1572001,1575000,497990.100623171,77544.2238178561,10719.4914776789,5867.3451394248,11733.7737991913
526,"N3",1575001,1578000,423847.009774755,58561.4785172913,11537.9801234874,5136.9810017602,12819.2526116032
527,"N3",1578001,1581000,167793.372829472,23746.0839467285,8118.7977647674,3950.849646484,9678.4554147398
528,"N3",1581001,1584000,182634.087245433,35219.657896951,12376.0816713876,4011.0553282457,8357.9125141749
529,"N3",1584001,1587000,249742.456348293,35984.0116443217,11213.4521296013,4887.5888565024,11607.6052989004
530,"N1",1587001,1590000,114786.627255578,19016.0992311696,9420.5916640103,4268.9111841905,11559.6073132128
531,"N3",1590001,1593000,514122.932969323,40221.83900137,18664.246304744,9846.9406651781,33183.956376257
532,"N3",1593001,1596000,282892.998365504,26168.2901483564,15154.4958508232,8626.1902672708,27582.6132161294
533,"N3",1596001,1599000,295262.372482459,28109.2614423173,10297.8132137842,4697.2876227948,11143.8198319344
534,"N3",1599001,1602000,196413.593267508,22034.8989671179,9080.8509245963,4814.6835042935,12877.0861865903
535,"N3",1602001,1605000,281070.997784074,28833.8706504695,11619.4759538867,3548.3620628317,11048.2273583244
536,"N3",1605001,1608000,226994.281254209,33439.5510739664,8640.6741868261,3480.1659618949,9829.875832187
537,"N3",1608001,1611000,466871.938590111,35744.776463787,12233.4512019869,4677.7811837168,10801.9152910272
538,"N3",1611001,1614000,517456.476672163,54914.4084634231,15974.8790899055,6862.2756638924,23473.3976125659
539,"N3",1614001,1617000,326563.324287738,39349.2719614544,13199.1184429301,6630.1934181208,16171.3281516566
540,"N3",1617001,1620000,379605.172939392,39593.9514417861,12829.6040115809,7274.7740706415,18978.6801412533
541,"N3",1620001,1623000,316178.73673831,43469.3300255691,10483.6148275226,5430.8986660659,11524.6557852677
542,"N3",1623001,1626000,387939.162920699,37433.7492540259,7699.868014566,3841.1333745039,8251.0672305722
543,"N3",1626001,1629000,298009.577962682,38144.0177632075,8334.4540150405,4759.6776988231,10597.1422155096
544,"N3",1629001,1632000,240865.817513049,48355.5636547742,9599.8145907909,4653.6013195368,8908.0733675676
545,"N3",1632001,1635000,221385.257392643,43395.6024026327,10010.6218489687,4487.4242193019,9837.3959705341
546,"N3",1635001,1638000,371399.547856389,54241.9212143963,11900.8353771402,3768.1450527283,7548.4827204944
547,"N3",1638001,1641000,322784.959293655,52350.2592073985,11472.6389663864,5070.5870152783,10726.0701011669
548,"N3",1641001,1644000,178868.494102692,23516.9955522766,7475.1442030868,3844.762701075,9481.8576074478
549,"N3",1644001,1647000,332924.36939009,48419.3003924019,9289.1018090433,4106.6214352773,11377.125280926
550,"N3",1647001,1650000,332861.313499556,67252.8433753498,10399.2711889943,4305.43793605,9911.282852372
551,"N3",1650001,1653000,247355.521683287,47772.8500461994,9558.5060739796,3742.9163835066,9096.8426167203
552,"N3",1653001,1656000,338796.096913672,53470.6095521952,9398.5891357555,3682.3330825167,9345.5348396326
553,"N3",1656001,1659000,294981.270561541,50808.3665160915,11268.963748462,5222.066259983,11890.0533101894
554,"N3",1659001,1662000,444321.175054426,77966.6989322597,9643.4630756915,3654.4430464476,9826.5768268724
555,"N3",1662001,1665000,430066.45451309,57303.4041315078,10784.2016959564,4971.8851963837,11352.4655250261
556,"N3",1665001,1668000,399888.178271555,44177.4893649821,8280.7712418542,3426.3751369277,9051.330066448
557,"N3",1668001,1671000,185815.598600073,26728.1098594442,8004.8196604649,3999.3507965466,11727.7105917733
558,"N3",1671001,1674000,249401.583960678,32209.507174183,7774.9842550812,3984.7378458966,9305.7807947419
559,"N3",1674001,1677000,226260.042046198,37446.8537612953,8718.3559651307,4295.5607333505,10007.7323954157
560,"N3",1677001,1680000,302250.447514894,34730.7238662467,7682.1845060255,3408.1458401649,7056.4834452568
561,"N3",1680001,1683000,157910.489359665,37183.9806797296,10327.403661753,2042.2950955757,3413.1804777632
562,"N3",1683001,1686000,361219.604888734,50645.2161877675,7235.2500889748,2439.2557628054,3798.7699676537
563,"N3",1686001,1689000,216418.697830942,34363.4723583538,8605.2528650268,2958.6714059308,6187.5252155731
564,"N3",1689001,1692000,312222.467010787,39535.043790653,7411.8225970601,2979.097210725,5403.3008683577
565,"N3",1692001,1695000,255191.655639482,38151.1328056306,8020.1322211613,2448.0240039742,4549.2967106831
566,"N3",1695001,1698000,466172.641752778,51045.096093303,8483.1685583869,3316.7282401328,6832.2276445123
567,"N3",1698001,1701000,376468.052674984,49130.3041051569,8475.4313038312,3418.3843986768,10437.2908788107
568,"N3",1701001,1704000,382409.858612077,57222.2245820151,8493.0766020418,3600.1234043167,7307.1421388272
569,"N3",1704001,1707000,303528.736926322,45647.2806262896,10060.2730123092,3936.1795690485,10242.1266350495
570,"N3",1707001,1710000,353784.159595758,43333.4267231813,8398.2645664492,4052.5397798441,10070.0541305344
571,"N3",1710001,1713000,310954.278889494,33017.3179976084,8015.3501161704,3266.2910965131,7009.9133783358
572,"N3",1713001,1716000,332149.988416753,43976.592108341,5842.1071880863,2813.4076954333,7918.3858192371
573,"N3",1716001,1719000,366783.654628874,47772.7847948608,7943.9802084594,4068.959814232,7237.3654250853
574,"N3",1719001,1722000,331340.44351771,49708.2541862321,10643.8045366894,3962.9251701421,10063.2014787622
575,"N3",1722001,1725000,337510.254498215,47468.096838183,8587.1610383029,3430.2650488155,7234.8396038204
576,"N3",1725001,1728000,255039.940482224,34123.8332440892,11818.1019588097,3348.6493133424,7156.5923362392
577,"N3",1728001,1731000,438167.438347751,45848.1486344874,9946.0587280753,3521.0615714046,6915.3444937627
578,"N3",1731001,1734000,281650.817039635,35061.2037026669,6984.6856116048,2709.2075992335,6852.2163633218
579,"N3",1734001,1737000,209321.553148297,33978.3957115876,7046.7093101936,2698.5658443064,5748.3371788799
580,"N3",1737001,1740000,198203.614509519,28401.548647089,6503.6944839778,2933.6255593798,7292.3658849587
581,"N3",1740001,1743000,277644.831288129,32939.4845371375,7366.4727079126,3148.1070766269,7013.0918542629
582,"N3",1743001,1746000,198875.144519061,30117.3951855232,6273.2542772442,3024.033804331,6983.8532397055
583,"N3",1746001,1749000,300721.716054977,47707.1683323731,8249.2039194351,3670.8479444161,8030.7157219072
584,"N3",1749001,1752000,243369.118698908,43652.5542901735,8383.5189082895,3231.775110113,8814.7596067845
585,"N3",1752001,1755000,367991.03059924,48950.4662532373,8754.5729062246,3517.1479499134,9667.0799808162
586,"N3",1755001,1758000,347145.485236046,57124.7539251463,10245.509120593,3459.9527130519,8337.7897955258
587,"N3",1758001,1761000,316266.31140637,54038.4253501224,8035.5939949851,3700.9421195809,9620.7237642198
588,"N3",1761001,1764000,306145.436474769,42439.0929723755,8115.6067950529,3599.4266627399,9541.6279401203
589,"N3",1764001,1767000,299754.573685095,35923.754936831,7754.4772580038,3444.0723884055,9353.3325683549
590,"N3",1767001,1770000,415879.051237494,41695.4037000885,8299.4995599858,3316.3055672273,7559.2600092395
591,"N3",1770001,1773000,421450.31333076,52212.0751395224,12210.4395070044,4198.3526587412,10491.1402275034
592,"N3",1773001,1776000,461119.590457159,61053.2179211301,12169.1727418239,5643.2936830966,16700.5419944837
593,"N3",1776001,1779000,266028.334669206,47972.9287410383,10042.6380451764,4421.781081163,11698.1644094829
594,"N3",1779001,1782000,318202.228979958,44493.4631251003,9603.1916917546,4442.3885407808,12533.2038347234
595,"N3",1782001,1785000,220509.791925672,42090.4817442725,11629.0001908906,4625.1766794316,12673.033789193
596,"N3",1785001,1788000,178279.85003557,29916.0289332779,7233.7706390812,4058.2959797451,11176.9446114022
597,"N3",1788001,1791000,205908.12511214,49318.9905404177,7772.1216407427,3684.8990885815,9998.5952315411
598,"N3",1791001,1794000,181006.893260095,38483.5413747152,9808.9112216509,3014.7877605762,7277.938963499
599,"N3",1794001,1797000,345934.746542473,49117.9616415999,12442.5112138712,3445.4651519654,9066.2792905103
600,"N3",1797001,1800000,307921.397489311,46336.3216437436,8600.1594924744,3472.3562260587,9615.2627043425
601,"N3",1800001,1803000,315908.61973238,44181.4562323366,11631.1473919038,3787.8262467461,8470.6565587782
602,"N3",1803001,1806000,227212.042962958,31257.6495924327,7385.044399799,3923.1683687997,8794.3465595336
603,"N3",1806001,1809000,244529.987252415,36102.6116924894,8780.582769054,4064.2074026632,10039.4333957869
604,"N3",1809001,1812000,388552.169515048,59258.8731730058,12544.8849771303,4410.251665098,9486.0339146668
605,"N3",1812001,1815000,322635.769838335,50079.1332068435,7894.8831567362,2911.1096506075,7221.321591966
606,"N3",1815001,1818000,338246.74157354,40658.4904261608,7575.2056184635,3227.9428400535,7006.8233749517
607,"N3",1818001,1821000,261965.037930568,40832.487012944,8453.6844300619,3798.2230872888,8324.9235875629
608,"N3",1821001,1824000,297980.89610467,47968.976610249,8150.1314317155,3410.898213443,7910.8134868027
609,"N3",1824001,1827000,304071.636512253,49133.8916307921,8041.9084501808,2862.1127613013,6346.1474665037
610,"N3",1827001,1830000,336650.111552148,56208.8689308973,11619.5657783428,6206.854463079,16371.0479527944
611,"N3",1830001,1833000,306229.948296725,54888.3095948271,16301.1182761852,9076.0565310562,27750.6943283991
612,"N3",1833001,1836000,365616.111563359,38394.1360287647,19349.6459512892,10269.7610676433,33648.3715613563
613,"N1",1836001,1839000,380816.915658231,33703.1794538869,21182.8224088266,14260.8297030506,49785.0663196612
614,"N1",1839001,1842000,357098.171156355,34681.4514807293,15809.9579334495,7533.829816663,27703.9557708952
615,"N3",1842001,1845000,384877.287664336,29529.9397840793,9538.8491879421,6329.3047364957,16077.7937814274
616,"N3",1845001,1848000,280156.559713842,26267.1809968924,10797.9413930249,6776.4025364715,16324.8423012844
617,"N3",1848001,1851000,284790.972468307,33277.5437140826,11005.5930479187,4638.179356656,11369.9547100468
618,"N3",1851001,1854000,301952.491631412,29022.5620393658,8373.294224563,4560.9241582386,11420.2924192525
619,"N3",1854001,1857000,262614.919608157,29535.8453506219,11935.489160599,5706.689006256,13019.7954004439
620,"N3",1857001,1860000,189234.346805178,23418.5992028038,6894.9151123231,3773.2669191259,7904.0933103269
621,"N3",1860001,1863000,332460.677473833,23046.6149527645,13718.4988629391,8169.5631908737,26818.4714576784
622,"N3",1863001,1866000,240713.056106459,26815.8423597051,7359.7258133011,3582.8499970943,9174.4602048166
623,"N3",1866001,1869000,291940.32134337,33245.1009445368,9523.2232235569,4215.0975847615,10004.6745017889
624,"N1",1869001,1872000,164810.025211448,22250.9030168213,9616.4450290555,3915.9267643829,10269.470287572
625,"N3",1872001,1875000,233201.529373333,23940.1245097171,8015.4854302999,3890.5663231049,9240.2130469556
626,"N3",1875001,1878000,199228.690793222,29114.5659570262,8771.6483792364,4287.208773788,10875.2554013212
627,"N3",1878001,1881000,249428.849788424,28600.4805392842,7329.2091739736,3719.1622045389,10530.5238979987
628,"N3",1881001,1884000,282122.167232576,30355.8058900867,9700.3381414978,4688.4378841277,10818.3832017421
629,"N3",1884001,1887000,238440.000671697,27456.7452751452,8654.7600582538,4409.9296590134,9516.073550672
630,"N3",1887001,1890000,356280.168952424,21845.5042329043,9251.1497040806,5496.9648420468,13804.2019361438
631,"N3",1890001,1893000,687187.880366456,33306.647773474,9690.5305403169,5537.1447152064,10672.7989247134
632,"N1",1893001,1896000,383934.184651412,28311.765572052,11586.0695027217,6814.5317629186,22569.4527038788
633,"N3",1896001,1899000,338409.083975425,25716.0018881231,9833.0463157854,7098.2705042575,18374.1644961962
634,"N1",1899001,1902000,381583.834077496,25656.0341631093,13383.7334677541,6839.1441228023,19387.8263994179
635,"N1",1902001,1905000,336602.806819587,32903.1942720587,14506.1390107429,8355.2385252145,25899.8897775092
636,"N3",1905001,1908000,290363.685277929,24371.2114325705,12621.0781169697,7992.3062778009,22646.9538488934
637,"N3",1908001,1911000,268935.19091971,36528.7946256163,10324.9571684092,4096.5105847287,10655.7094523684
638,"N3",1911001,1914000,346993.34241921,38129.2596927451,8735.9367519617,3104.1273324816,6755.9662196477
639,"N3",1914001,1917000,182653.041526104,34318.2631985361,7496.9062299991,3060.4180221809,6951.5124771236
640,"N3",1917001,1920000,164155.25312773,29979.5149839833,8286.571805785,3853.0214126855,8371.7640436676
641,"N3",1920001,1923000,632793.38960982,45338.5189052406,13057.5536866359,5574.3418765817,17076.8948673889
642,"N3",1923001,1926000,217099.605198794,30692.5340864606,8349.4830762597,2643.1432205291,5894.5965457091
643,"N3",1926001,1929000,278929.388405445,39131.3610341463,9179.25562911,3763.7215737061,10925.7824171568
644,"N3",1929001,1932000,171943.265324875,29193.2561380684,10149.56356322,4521.9041155208,14170.4109695019
645,"N3",1932001,1935000,152353.911083746,31370.5830815781,10545.9983533512,5616.4783590109,19094.9720031568
646,"N3",1935001,1938000,251571.56932761,41221.30395108,12060.4222375139,6921.7964953655,26129.0565099903
647,"N3",1938001,1941000,274178.310636426,39054.0309429275,11287.4453279842,3951.6123101569,10281.5638271907
648,"N3",1941001,1944000,196504.951104772,39391.5582163881,11305.1021777057,4508.0500433675,11998.0016109851
649,"N3",1944001,1947000,133372.071711067,38621.7382409159,6881.4653741118,3170.2998004742,10644.1385723208
650,"N3",1947001,1950000,173748.257254204,46011.1636278123,6843.2763793451,3056.6465958682,11013.7756560716
651,"N3",1950001,1953000,281179.164320227,56930.7759594733,11638.97111078,5766.8651240307,20314.0229567109
652,"N3",1953001,1956000,276895.488971761,63353.6683802697,14369.9647183883,4696.2157922849,15357.8575406683
653,"N3",1956001,1959000,180323.403675513,64790.7391557138,11979.8198774039,5246.2090082971,15176.9070334326
654,"N3",1959001,1962000,223900.96253546,71283.4605567832,13654.8544115194,5034.5739937925,15957.2240456973
655,"N3",1962001,1965000,138900.533681321,42533.6122977222,9855.5004097388,3794.7172503004,13490.5117405922
656,"N3",1965001,1968000,210606.978926731,39693.5774128847,11133.0750699761,5302.984977858,19395.1818115411
657,"N3",1968001,1971000,224710.79063551,27735.126087019,9161.1659065679,4473.4497898325,15306.5760472041
658,"N3",1971001,1974000,258571.155459658,33681.7014646724,10307.4128360986,4844.409643649,17467.60718364
659,"N3",1974001,1977000,176291.329756757,26094.390889235,7841.8268239986,3768.6102463602,13788.1660417341
660,"N3",1977001,1980000,208294.099081629,46541.9783715137,11118.6026271316,4864.0722880087,18024.3501444733
661,"N3",1980001,1983000,233895.027590264,34386.6193053849,9953.5946864055,4792.0920372325,18379.6630437433
662,"N3",1983001,1986000,144401.028208227,24706.0008421612,8938.600488297,6546.556227844,20111.6495438039
663,"N3",1986001,1989000,301876.510227505,50484.0954117559,10425.0741297227,5405.5653879397,15726.312398057
664,"N3",1989001,1992000,219905.399986982,29265.0134898378,9672.8574564175,4000.1479205299,15457.626670546
665,"N3",1992001,1995000,237979.43945072,39070.7085653157,10246.2410323727,4515.0625957972,15435.5393585588
666,"N3",1995001,1998000,337558.192018617,46480.5547075519,11133.3924046292,4981.9921682694,15280.731683105
667,"N3",1998001,2001000,452794.873837825,44118.3493620443,10716.2930926799,5893.8012864655,13060.9132726187
668,"N3",2001001,2004000,432994.232279489,57598.33308285,10582.1005054276,3949.9686879907,8591.1352728314
669,"N3",2004001,2007000,338498.578356634,34479.2162574849,8730.2909035071,3915.1734085943,10197.0343521119
670,"N3",2007001,2010000,316312.146849118,49822.7707108553,10784.0192267096,4084.0852065067,9375.9547611295
671,"N3",2010001,2013000,343693.601588588,51065.7539746431,12195.7104668725,4431.7582047771,14769.7949551964
672,"N3",2013001,2016000,410192.813978669,56182.1042216652,10890.2045846672,5076.7652769176,12377.816328998
673,"N3",2016001,2019000,381246.56322359,46782.6877237059,11975.7761818158,5010.7800644511,14242.0305645554
674,"N3",2019001,2022000,298326.896246832,31804.2279534245,11838.4906228738,7286.5205359243,25169.396367666
675,"N3",2022001,2025000,267052.838885946,47078.3714657368,11203.9816381091,4911.1177709627,11558.4381507701
676,"N3",2025001,2028000,374097.911937374,48250.0112655665,10175.4516127463,4274.885493738,8089.7641078302
677,"N3",2028001,2031000,298165.932118824,47231.441846871,8726.9336241687,4037.2590165099,10360.3044733261
678,"N3",2031001,2034000,346568.08316956,38148.2237397541,9035.2309608228,3815.4705552446,8250.5050853949
679,"N3",2034001,2037000,340702.649282629,39888.9112220165,11087.9422876658,4128.8200442592,9354.4850058386
680,"N3",2037001,2040000,267066.482388962,48031.1246118038,9987.5926839433,3751.1399141853,9589.9014543509
681,"N3",2040001,2043000,296922.417428785,36397.8373958198,8087.4106803956,2933.091420089,7944.2431148979
682,"N3",2043001,2046000,413994.846411907,38609.7513018768,11421.3226796398,3356.4811232391,8429.223402487
683,"N3",2046001,2049000,355773.519668692,36273.9001561893,9194.0296418607,4330.4796977143,9832.5888399592
684,"N3",2049001,2052000,220989.036433355,30866.5935802404,8442.3555001976,4321.7791749294,10916.5354993758
685,"N3",2052001,2055000,167557.341490718,33897.5813279523,10976.8541937177,4641.4133855172,13850.4895307531
686,"N3",2055001,2058000,323568.897518973,38689.5577583369,9322.1017062602,5131.3028636576,17153.4823454908
687,"N3",2058001,2061000,234660.638870588,28853.5142060498,8984.5912675355,4148.6696739664,12610.0503402634
688,"N3",2061001,2064000,290471.634254775,34107.0916884149,8192.8555605443,4287.199757996,10709.5411124526
689,"N3",2064001,2067000,158983.728847728,23005.9163906497,7215.9987919748,4069.2129211039,10938.805740157
690,"N3",2067001,2070000,155040.588602468,28951.887285751,8811.9431521549,3682.3519659929,12170.7734636352
691,"N3",2070001,2073000,245592.891453293,27319.6242884057,6431.7128369597,4577.5421034774,12778.3547611699
692,"N3",2073001,2076000,138796.731065002,28809.5320876123,7523.1943883484,4050.9228926358,14227.6190084278
693,"N3",2076001,2079000,203310.849944574,24103.1899333052,8379.3658642609,3971.42937667,11533.117972126
694,"N3",2079001,2082000,253104.055591001,29830.7990756707,9513.4812536766,3679.2054766589,8972.3100352908
695,"N3",2082001,2085000,229841.432545273,33849.4668760272,8161.3435205908,4219.3446678219,12363.1243779282
696,"N3",2085001,2088000,129021.796233438,34163.2112598316,7255.8845462027,3602.6778881137,10142.1963409801
697,"N3",2088001,2091000,173766.700400635,34619.2565550324,6403.2655776115,2342.5680393027,4699.4867384151
698,"N3",2091001,2094000,179031.393329277,30987.0038466923,7288.1821394257,2926.1405914718,5948.0435405235
699,"N3",2094001,2097000,233044.22262963,29862.5901258505,6614.1406681347,3076.5043751151,8365.2218844566
700,"N3",2097001,2100000,214128.108639209,29528.0349480822,7847.7803259115,2975.3842795429,6907.8432848058
701,"N3",2100001,2103000,137856.744242492,30925.4013369932,7470.4879086677,2697.172574489,6873.7745292424
702,"N3",2103001,2106000,175872.111297018,29401.6321851378,7366.6207558291,3428.9009053482,7521.4555249411
703,"N3",2106001,2109000,186638.939749466,28545.972392586,6413.0838450181,2820.3382281443,7928.9684025953
704,"N3",2109001,2112000,197148.75624709,25279.0996450497,7403.0827379378,3256.7693894683,10515.5554978651
705,"N3",2112001,2115000,172014.172687942,31513.5727076184,8781.4969949661,3708.5155721764,9476.9793948066
706,"N3",2115001,2118000,213963.308229211,33629.9539466419,9462.1760867059,3839.0794757206,12472.321904784
707,"N3",2118001,2121000,322374.234928276,68497.3691868753,11634.5902878305,4493.9176548846,14302.9654784706
708,"N3",2121001,2124000,236670.207685724,50342.488197154,9034.970064823,4243.7605573271,14551.3954501653
709,"N3",2124001,2127000,161913.553205684,27827.4641760408,8720.853863565,4060.1745665917,14476.9335829015
710,"N3",2127001,2130000,160978.359785855,46723.1468532203,8654.8786456006,3679.4096076938,10964.048771048
711,"N3",2130001,2133000,294986.358066237,40906.1156160633,8357.808325605,3824.8300359104,10895.6926966819
712,"N3",2133001,2136000,266258.266704983,30603.6219173897,8292.8400459614,4472.1850484141,15900.2549754627
713,"N3",2136001,2139000,271575.026196806,34559.0802355122,10858.0427666035,6518.283241652,24335.0923269338
714,"N3",2139001,2142000,244114.054810568,40454.8610725522,10162.1692405681,4286.4130636604,13184.1560717083
715,"N3",2142001,2145000,256624.340906132,56456.3805310443,9878.0115692122,3376.5314026243,9518.292033124
716,"N3",2145001,2148000,250395.013252775,45105.5618186771,11783.4334894349,4848.8515747772,15097.6237983136
717,"N3",2148001,2151000,255712.501851899,52682.217900569,9803.2910102785,4337.8252665505,10180.2923249456
718,"N3",2151001,2154000,225583.807714451,36476.2193278999,8296.8784423963,3864.603816722,10380.6080193696
719,"N3",2154001,2157000,277162.887566869,36096.2775100047,9077.2887468746,4714.9378814827,15580.4805165663
720,"N3",2157001,2160000,285663.370997917,33127.7404181806,7788.8950616332,3940.752768768,11021.2797985243
721,"N3",2160001,2163000,279071.247517178,50154.1491393474,8903.8366393515,3228.2373858995,8698.7611356673
722,"N3",2163001,2166000,644165.26490176,69822.3088634633,14466.8696965998,5124.6671490127,12888.2167795
723,"N3",2166001,2169000,349170.733357714,62675.1236834084,12456.1412458358,4876.9796848533,13950.609331548
724,"N3",2169001,2172000,236386.992659593,77815.372316364,10244.0188764263,3064.5855494186,10430.9683038919
725,"N3",2172001,2175000,218572.362607158,54845.5656645652,10950.6948474693,3199.0725380883,10451.3639595552
726,"N3",2175001,2178000,287761.073744288,59075.1509645153,12508.5712786248,4768.7269923057,13956.4458845235
727,"N3",2178001,2181000,203072.015291539,44863.4647168276,8691.2304659354,3598.7597169102,11838.563599087
728,"N3",2181001,2184000,216016.796227179,49877.8987919118,9027.7119703762,3942.3259703175,13840.4632107192
729,"N3",2184001,2187000,213427.792954763,50128.263764451,9012.5903444039,3144.1772317474,11722.3509304044
730,"N3",2187001,2190000,217388.401282589,56888.3828073753,10654.2524902064,4480.1403769502,15481.8275322329
731,"N3",2190001,2193000,245374.915104689,39589.0325887526,8015.6530311577,3831.2018392153,12790.6882082901
732,"N3",2193001,2196000,214220.697235182,63067.731936026,11708.1766183053,3807.1080651417,10757.548720706
733,"N3",2196001,2199000,192803.005106914,47536.0528635106,8594.2363443039,3363.8638869139,10944.9166237425
734,"N3",2199001,2202000,246116.019430214,55270.9465037176,9116.0169241403,3836.7306847916,8239.3474044908
735,"N3",2202001,2205000,277419.26437563,57071.8910746417,10410.7239839842,3813.8327543533,9622.9822446403
736,"N3",2205001,2208000,541921.204563039,55658.6434681473,11209.1854045286,3151.5724779754,7402.0432867057
737,"N3",2208001,2211000,258179.577918786,54046.3811699301,7344.3552235008,3112.4447813772,6865.7278414815
738,"N3",2211001,2214000,589839.904030745,34573.953254809,9017.382671514,4022.4924469951,9983.8034370342
739,"N3",2214001,2217000,421319.133190204,45924.062883012,10087.152673404,3369.7923746405,9527.5720843975
740,"N3",2217001,2220000,346506.715207269,60720.7120495236,11121.0128767123,2904.0884026856,7576.7291257047
741,"N3",2220001,2223000,309843.704624748,42977.4620247569,8079.9261325677,2627.9685127214,7912.8654474679
742,"N3",2223001,2226000,341340.968497437,52138.7805017861,20310.6389114978,15342.522115926,46271.1475330664
743,"N3",2226001,2229000,365191.998792431,52046.9674314909,20161.0737484064,11014.7314074172,36485.2016045776
744,"N3",2229001,2232000,322278.105643238,39800.6376848721,12325.8357588963,7872.5823486069,23859.9977456055
745,"N3",2232001,2235000,533034.964024336,48184.8691571676,14798.2618469376,10126.6641255532,24142.9074271574
746,"N3",2235001,2238000,545955.669670916,111618.599559587,25224.8532851117,13473.4886739747,39074.4367726359
747,"N3",2238001,2241000,425772.719016102,89343.8688572681,17170.2448865772,11336.3643163038,33494.0664917969
748,"N3",2241001,2244000,374818.812506852,77732.6774435393,11720.0432439563,4363.6689394599,14667.3068265624
749,"N3",2244001,2247000,376669.13632041,53804.9255198147,13963.4212604716,7792.306684984,22340.6555537579
750,"N3",2247001,2250000,406568.914220232,63266.7345574438,10238.4554761714,4368.4339376151,11191.9542607811
751,"N3",2250001,2253000,352340.422182518,62782.8130334901,10695.6964888686,3595.8739611862,9359.494222622
752,"N3",2253001,2256000,331549.493759395,63828.0281581774,9741.0441770546,3867.3326863937,9536.2024583982
753,"N3",2256001,2259000,241076.108583302,40113.5427558172,8420.818053909,3822.5931750686,11998.0545074874
754,"N3",2259001,2262000,303405.267971698,67414.2344343793,9139.3281604207,3494.5419298366,8328.8568776146
755,"N3",2262001,2265000,379414.478121456,65088.241563414,11816.9980264592,5331.55774064,15235.5804408905
756,"N3",2265001,2268000,326158.976259626,56225.5154229597,20127.7803678078,12503.2098159503,37245.962259003
757,"N3",2268001,2271000,383777.866165588,75282.1260935182,15638.6458123305,6660.1797038235,18282.2368448087
758,"N3",2271001,2274000,359148.079936422,63670.2354380505,15804.6722374811,10767.8381785783,28313.7594194581
759,"N3",2274001,2277000,493342.888021138,66394.579656277,16450.0809692215,7861.8403542624,23977.0867343442
760,"N3",2277001,2280000,337790.408897883,61433.8574312107,9499.7693648432,3178.085077788,8069.3264568207
761,"N3",2280001,2283000,266782.168302424,44763.4841146974,7833.6385536138,2469.2138597166,6565.5812297739
762,"N3",2283001,2286000,270057.156448958,57126.5947333163,10269.6809270042,2843.364770945,6624.9980326255
763,"N3",2286001,2289000,305022.770644547,47206.5818749315,7672.2599939522,2362.3405364142,5953.2790266772
764,"N3",2289001,2292000,344683.689675032,43600.355435287,10728.68208372,3222.2994771787,6907.3849044557
765,"N3",2292001,2295000,244172.627570915,34132.1437204764,7556.9618126594,3093.0080363237,7330.8939876633
766,"N3",2295001,2298000,205752.847160393,41468.7294216353,7093.9756691798,2514.6217227334,6008.8233108668
767,"N3",2298001,2301000,348218.885084597,52619.8713329237,7769.5350381128,2924.1219205333,6369.9912094194
768,"N3",2301001,2304000,384395.679499255,30175.0630457672,8336.9243214067,3773.4479840916,9151.3979892735
769,"N3",2304001,2307000,438057.627644738,34242.8746059674,9241.4502640786,3634.3075384175,9123.5326818372
770,"N3",2307001,2310000,241467.888727874,38128.1610608894,9526.6870713422,3462.3297419711,10141.8091606883
771,"N3",2310001,2313000,255356.148553872,52852.5234891614,10745.0129136901,3835.1181851447,12760.1158758973
772,"N3",2313001,2316000,346723.652844769,53868.0807279354,10106.7499030468,4124.471524482,12803.1877096762
773,"N3",2316001,2319000,326131.864125671,31005.0940676507,7364.6647357572,3356.4036120202,10217.3509941716
774,"N3",2319001,2322000,362520.991023716,54262.2084669683,14342.5779067081,7540.0395715877,19390.0593865583
775,"N3",2322001,2325000,357600.585144375,52888.3273034939,12950.6000469273,6707.8656182258,19482.8037152326
776,"N3",2325001,2328000,448069.050585579,78714.5809204757,12772.3312126345,6520.0723556814,18119.8914803529
777,"N3",2328001,2331000,408932.019238516,57173.33269042,9644.8352086777,3997.4041131651,10979.7889550684
778,"N3",2331001,2334000,302227.770506987,38552.2768045119,7798.8150201764,2905.9056309078,8848.7156289511
779,"N3",2334001,2337000,354951.140800633,42509.2759563129,9517.3798175347,4036.7064242327,12408.7254838859
780,"N3",2337001,2340000,368501.274102479,82225.8899496732,18098.5640032996,10232.8940283864,27754.6215277897
781,"N3",2340001,2343000,366454.066880552,52313.0742539174,11000.6230703581,4621.4054526115,9057.4815290817
782,"N3",2343001,2346000,384031.191128389,30320.9872988741,7810.8409198877,3617.4310024796,7939.6714369234
783,"N3",2346001,2349000,220343.462230019,41555.654029277,9796.601349308,3861.6790285262,10468.4473160344
784,"N3",2349001,2352000,235474.17008896,34066.9929487016,8489.166481759,4465.3441180736,11080.0023677338
785,"N3",2352001,2355000,359840.681440136,41896.9733328012,7932.6489485938,4030.3322397473,11451.4898094987
786,"N3",2355001,2358000,254011.450432165,58755.4499128319,10945.1061581017,4388.2935315867,14874.5900350941
787,"N3",2358001,2361000,319427.732512105,48403.9744265377,9651.0777639543,3810.8737992576,11459.1981223868
788,"N3",2361001,2364000,256020.287125908,47199.8477445106,8623.8362850266,3158.3057487474,8596.5871286885
789,"N3",2364001,2367000,339793.535040192,39565.3235846917,8697.670671232,5460.5502399341,14113.7740530381
790,"N3",2367001,2370000,343942.858676762,34571.922016127,9628.2313728732,4089.2387140603,11188.7686706391
791,"N3",2370001,2373000,370848.55667685,62022.5577110081,19788.5201854193,11284.2946737638,31178.4794340601
792,"N3",2373001,2376000,518521.731150466,68142.800092461,21276.4111080332,11388.7972973615,30497.4596543204
793,"N3",2376001,2379000,372562.951931926,28404.6938032039,6486.7605202385,3290.9517459733,9639.4640580288
794,"N3",2379001,2382000,285830.074072033,23598.3379763558,5859.3254218298,3033.809254902,9298.9793848945
795,"N3",2382001,2385000,409695.463402967,37178.9406881815,15871.2651715442,10256.974991402,28803.6433428818
796,"N3",2385001,2388000,656890.565621645,40063.2403133866,15134.968197838,6787.9025487702,20545.0851813172
797,"N3",2388001,2391000,740597.29083941,37511.4144092504,13203.8188222718,5927.8214667593,18287.1470366261
798,"N3",2391001,2394000,195867.578247809,24674.6200174882,6487.4489416934,2879.5601756631,7931.8559008877
799,"N3",2394001,2397000,297584.237052852,35856.2698530106,8276.0971239568,3225.6818083138,7423.4167007
800,"N3",2397001,2400000,302498.856300983,40519.5289447237,8679.3059649686,2175.5642187797,6192.7705286438
801,"N3",2400001,2403000,287522.291791941,36128.2619715554,8327.336666976,3394.3965885795,6910.306512474
802,"N3",2403001,2406000,223767.42675459,24606.1636891198,5726.4297078194,2577.9357973689,5335.8013478761
803,"N3",2406001,2409000,147894.189236252,19690.5091001613,5304.2163729357,1942.565743875,4382.0579170683
804,"N3",2409001,2412000,329822.316386071,29136.5814202508,7411.4234266809,3176.2933558356,7532.9619573504
805,"N3",2412001,2415000,399936.423763584,24032.0335592529,7113.2506557428,3111.4703865784,6759.7749735538
806,"N3",2415001,2418000,237637.209022644,26434.4279660807,7932.356143145,3247.8665458066,7545.4205255309
807,"N3",2418001,2421000,148195.427214123,21982.0632625237,6954.6365756276,3436.2806477748,8878.0281175612
808,"N3",2421001,2424000,230970.769348513,29582.0359721864,9489.1879114613,4418.9018736463,12384.8600720281
809,"N3",2424001,2427000,322216.372489141,38323.8306056407,11395.5385395907,6764.5469099132,19956.1216621979
810,"N3",2427001,2430000,192846.681577885,28426.6625291622,6692.3570059679,2806.7817033293,5963.4752638819
811,"N3",2430001,2433000,244890.770640725,28357.0132785671,6339.5101845845,3027.6843934835,6550.8843468259
812,"N3",2433001,2436000,451070.402759259,31906.4184781201,11070.0531318378,6275.8144657822,16173.4072039252
813,"N3",2436001,2439000,393644.202599183,37669.8774292542,12782.7036548316,8037.747502875,24701.9509658836
814,"N3",2439001,2442000,318974.365529806,27337.2976499847,10736.003119864,5611.0121189005,13821.781118912
815,"N1",2442001,2445000,512285.856820942,43809.7678335002,18720.8851790218,11617.4604902781,35002.2963109686
816,"N3",2445001,2448000,553662.498080631,66342.8558856764,17878.6139380449,9567.3761071678,31349.4472911769
817,"N3",2448001,2451000,391663.659338636,55318.3369166282,12715.2494908954,6058.9935881038,22432.7740806162
818,"N3",2451001,2454000,458995.397417479,41944.5257162023,10290.062419641,4486.2439108584,15823.1984621503
819,"N3",2454001,2457000,309844.554238171,50896.9795845851,10458.664146713,4280.7575429414,12199.8077025849
820,"N3",2457001,2460000,263882.243789619,41167.2103510615,8792.0277354332,5501.1683077327,15674.4921122481
821,"N3",2460001,2463000,309221.120672048,29476.082378297,10105.9832442041,6145.0701830911,16549.0947762274
822,"N1",2463001,2466000,238536.079309375,19455.8631740104,9511.3523828471,6347.3463258472,19164.0804974728
823,"N3",2466001,2469000,628037.06904415,30089.4319452429,16202.4888759799,9694.0687489113,29199.9333734599
824,"N3",2469001,2472000,457644.446821717,35531.9545409432,9653.9531221329,4888.6045954068,15709.1583896873
825,"N3",2472001,2475000,336501.659600569,62434.8091135558,10722.0018371554,3830.9106382816,12152.3092446787
826,"N3",2475001,2478000,270074.056906417,44232.1036000167,8728.7923285855,3200.5898765689,12387.225222392
827,"N3",2478001,2481000,215786.961636179,46331.0216497035,8776.9139721067,4028.7087814807,12420.8010347822
828,"N3",2481001,2484000,246672.192333377,44461.4915169485,7866.1696390214,3742.6907857817,12615.6873910802
829,"N3",2484001,2487000,308472.039583279,61106.1708234723,9678.4058457885,3468.7003447741,11843.7046397466
830,"N3",2487001,2490000,177758.048683585,38369.2523853351,7213.129056884,3622.6043455516,11762.3633070643
831,"N3",2490001,2493000,225385.64026307,42901.1001934991,7455.737925769,3213.9803963987,11409.3978000749
832,"N3",2493001,2496000,147759.038115858,38526.3707008374,7905.8681993992,3060.4648780452,10973.8612101832
833,"N3",2496001,2499000,208372.906147226,33229.3732270938,7473.227126998,3853.9976824534,11315.217300398
834,"N3",2499001,2502000,242813.600136624,40257.8083314499,8153.2208081174,3763.9026555415,15714.5924536671
835,"N3",2502001,2505000,432808.627181271,50799.109617161,12837.5103256606,4234.2396159256,13721.9431653023
836,"N3",2505001,2508000,233319.288543694,52866.0206974324,10625.8655523638,3684.6432902573,11324.5039516279
837,"N3",2508001,2511000,305538.255214194,34583.04274186,7525.0391910815,2971.442303272,11407.0728031501
838,"N3",2511001,2514000,252588.280272419,40868.532294124,7806.1110355714,3619.0069922627,10846.6227017855
839,"N3",2514001,2517000,292210.249974227,42898.0585213053,8035.4664293422,3201.458823807,8508.4117151703
840,"N3",2517001,2520000,302157.213544439,51597.9448328889,10425.3783660549,5004.210245305,15283.5647803125
841,"N3",2520001,2523000,322999.902127801,59274.3781763606,12020.6722426562,4496.9330263733,15851.8791587899
842,"N3",2523001,2526000,197165.871759395,48370.6254131268,9418.7136474215,4239.405176147,16357.0321144628
843,"N3",2526001,2529000,239576.836828905,38721.8407162649,9141.5053447303,4724.2332128828,16674.7478620569
844,"N3",2529001,2532000,272108.944672594,39332.2392492475,8516.3829904466,3174.6462698579,10226.2255763898
845,"N3",2532001,2535000,254283.950482586,38644.2120772242,8857.5363786615,3775.7282283537,11878.9078848806
846,"N3",2535001,2538000,371888.749928354,31705.9329740751,8236.8311484114,4095.4551532115,12228.3602033215
847,"N3",2538001,2541000,335682.018907173,37357.3581194813,9390.7901398059,5156.3302856411,23478.2902861221
848,"N3",2541001,2544000,431243.511617079,51663.274911457,10679.3739044356,5202.0039207748,17127.1720658354
849,"N3",2544001,2547000,402821.950731238,40600.5416685664,10290.0816811074,4498.6678226514,12989.6291486279
850,"N3",2547001,2550000,214313.938762063,51498.3654141857,9858.4961428208,4268.3429294894,16274.9914683473
851,"N3",2550001,2553000,230425.569536165,54589.8984531646,10390.5995671548,4133.1883956361,16122.9784798638
852,"N3",2553001,2556000,258233.195221326,55498.1196148302,10235.1033938349,4401.0956303478,16503.6310273277
853,"N3",2556001,2559000,312286.03883897,55072.9059310425,10741.7950172685,4020.7382733817,16260.9756864867
854,"N3",2559001,2562000,329785.397174698,52677.9916112417,15047.6990045135,7340.2740022608,26398.2499151479
855,"N3",2562001,2565000,510451.70815105,89967.2638643399,21225.2893458765,10586.9416442567,38930.6103834607
856,"N3",2565001,2568000,541986.798134786,69848.1009940309,18604.9627044328,9796.5443525132,31223.0416490012
857,"N3",2568001,2571000,523079.583516636,77703.0715041354,15781.7419692754,7651.4602203354,22552.2775426731
858,"N3",2571001,2574000,689198.749527498,52937.4893481961,11005.2158634988,4613.9354551216,13502.2030777757
859,"N3",2574001,2577000,429176.892890228,61636.4408600501,10163.6383066353,2870.3143891848,8811.3071651784
860,"N3",2577001,2580000,399622.839922315,46947.9337013271,8359.2989776754,3401.2570872302,11817.6287204162
861,"N3",2580001,2583000,407868.33982008,39808.9347227915,8952.0430252144,5015.081924626,12878.4029611772
862,"N3",2583001,2586000,366841.664978061,51044.8237781749,8409.6167045068,3122.9497043633,7783.5599719763
863,"N3",2586001,2589000,608116.000615575,59367.3915363259,15499.2281730532,11061.4193569174,36423.8803932131
864,"N3",2589001,2592000,362635.387593409,35416.3426318949,13570.9626780995,8879.9433128434,24987.9272018204
865,"N3",2592001,2595000,556631.798695578,29764.4150875041,8983.9206389326,4773.8210077396,12343.8107491674
866,"N3",2595001,2598000,320437.742511712,21471.2785529744,8537.7637802535,5376.5163389516,15566.0636291781
867,"N3",2598001,2601000,674311.333967296,47516.0272808361,18050.9606789005,8936.0238295083,26686.6863415549
868,"N3",2601001,2604000,273977.09881387,23607.3062772649,8521.9951501902,5031.7177349829,15866.4150469028
869,"N3",2604001,2607000,473457.39283982,24888.6354674489,9500.1439497775,5012.385892442,13432.0080777879
870,"N3",2607001,2610000,366170.530570423,46560.3511725973,11151.0324794632,5955.8304406485,16117.8583596892
871,"N3",2610001,2613000,417688.322572503,42691.9669338701,10166.2178941706,4862.6476834918,14045.5904497327
872,"N3",2613001,2616000,400722.483308098,35561.2901212544,11310.3038205655,4768.0543109907,13048.5254806705
873,"N3",2616001,2619000,423495.682323958,42581.123963477,11676.6996558137,5974.2381288126,14035.7801115944
874,"N3",2619001,2622000,430105.373801518,41636.9131236299,11730.3747085904,7087.3102144311,16628.539425561
875,"N3",2622001,2625000,309682.595292907,22134.0312570848,8415.7782573659,3631.5163290462,11099.5022070009
876,"N1",2625001,2628000,392625.51202058,29652.9070176537,7339.3547903353,4196.848943644,11966.1855191716
877,"N3",2628001,2631000,442692.021488208,48409.7806054475,18217.4373538809,10995.1247291816,36284.5034647639
878,"N3",2631001,2634000,189232.326306982,16814.8272818815,6551.5382762246,3729.2703736327,9324.7593178887
879,"N3",2634001,2637000,332054.401623045,29150.603450121,8373.3243354113,4554.9909431942,13057.1376303379
880,"N3",2637001,2640000,590681.785982931,41012.5502396239,20331.6148073484,13179.0749675457,38576.6226184067
881,"N3",2640001,2643000,555646.174048801,46285.2721690551,18941.1425400263,13134.1505143154,40296.7307206944
882,"N3",2643001,2646000,610738.649632957,42829.3620743646,18622.1187399587,13848.6585774245,37777.0536197968
883,"N3",2646001,2649000,427539.336021948,38868.9895999664,12556.0246223948,6781.7285831286,21036.4380349616
884,"N3",2649001,2652000,279777.358982119,35768.2804750125,8320.1661104909,3603.4062504909,10508.0528320602
885,"N3",2652001,2655000,405132.783340762,34362.4901565729,10494.2410892833,6309.7968702567,16433.8190146119
886,"N3",2655001,2658000,524449.065987811,41776.9592848726,13016.4201443328,6622.9840705145,18033.3821527291
887,"N3",2658001,2661000,485713.613634188,41363.6023017649,15000.5923319981,9823.5964995627,28851.7054398634
888,"N3",2661001,2664000,604530.203418418,34101.2600706122,15940.8522003918,8213.1432066094,24947.9722550669
889,"N3",2664001,2667000,373838.999986695,32284.1746068896,11642.6500977923,6457.0820299261,18677.8729457819
890,"N3",2667001,2670000,541391.53821444,40248.8446188539,13779.5674419711,10213.5035742152,31061.9951421807
891,"N3",2670001,2673000,779778.329302654,55718.2008767589,20576.3629119425,12999.3295092467,39478.770337733
892,"N3",2673001,2676000,697473.9446398,36571.5459015257,13974.4871936286,9427.77695908,30557.5659704611
893,"N3",2676001,2679000,557766.320274484,40676.4117852641,10872.2157140202,6510.2216373355,20722.3444970551
894,"N3",2679001,2682000,671939.880556832,45048.6387337264,16052.9449021128,10298.3560791295,30731.7394757213
895,"N3",2682001,2685000,883349.634258193,56772.3601400614,17133.5525855955,8327.1565740611,23700.8681161518
896,"N3",2685001,2688000,1153047.99708721,68732.3614294146,20163.2545526384,12495.2428922964,38911.6811401414
897,"N3",2688001,2691000,1027577.71823329,35633.296563219,12750.522586238,6218.5698028745,17647.6501556846
898,"N3",2691001,2694000,1023880.54843495,44504.9062339506,14973.8831874726,9061.6687481717,22227.816726315
899,"N3",2694001,2697000,975887.146109684,46622.3830332241,12961.2902606991,5614.5584817389,15666.8663144005
900,"N3",2697001,2700000,500615.084399965,39191.0455532627,11458.3225694468,5628.3365700185,13669.3144479719
901,"N1",2700001,2703000,610527.636882329,31460.5957741071,12432.2894247677,7742.4549940246,21465.3260512955
902,"N3",2703001,2706000,402765.251670075,35414.2278530843,11105.008881602,6063.3537273551,17099.9755536508
903,"N3",2706001,2709000,458299.639761207,35255.9448357677,8671.4029832786,4351.4391140156,13097.1257156451
904,"N1",2709001,2712000,292489.184415984,43145.5712572623,8681.2767493279,4441.2121687925,9811.1142316183
905,"N3",2712001,2715000,298555.874690947,45686.7752367464,6993.2729662464,3384.9487104059,8274.7029270997
906,"N3",2715001,2718000,339443.004324907,38315.398845849,8388.6380186055,3186.1826473649,8043.0472940171
907,"N3",2718001,2721000,296953.544236597,27808.9377206821,7305.5532431378,3243.1959647783,6736.4983634244
908,"N3",2721001,2724000,396700.499834208,49491.6057124927,9097.5292841411,3536.5171113784,8860.9348084238
909,"N3",2724001,2727000,309624.941147308,48239.8277810055,8787.4729987417,4154.1504445988,11624.5479992822
910,"N3",2727001,2730000,332170.803049294,32355.4144064767,8248.948313774,3384.1719752619,10138.5126896909
911,"N1",2730001,2733000,487704.690495406,34772.607080387,8917.1174489631,3519.2951256229,9478.6250903836
912,"N3",2733001,2736000,569801.323142995,26126.1164484072,9731.3823156731,5321.3768198868,15277.6644294227
913,"N3",2736001,2739000,576475.594990327,43199.9729246454,14074.8791539038,6751.3517916865,20145.9150284223
914,"N3",2739001,2742000,595561.207785552,58987.3406556185,19815.661414031,6618.4992096666,19578.0617035546
915,"N3",2742001,2745000,558306.069936627,56403.6757764265,6878.9971086222,3520.8596847921,7957.0308116809
916,"N3",2745001,2748000,377719.103962863,30668.7186579893,8753.6705793431,4392.2191019894,13356.2403427118
917,"N3",2748001,2751000,389967.570204711,42765.9313949642,10279.4806955808,4502.2358618376,10899.5774047835
918,"N3",2751001,2754000,449528.286608351,40436.1722309225,9297.1518520035,4092.0698209806,11678.1739848431
919,"N3",2754001,2757000,341655.890915283,47186.2375518475,7592.2159301746,3694.4817211329,9850.8149162901
920,"N3",2757001,2760000,504097.800882908,54067.0943713005,8100.813641012,3209.3083331208,7194.944937164
921,"N3",2760001,2763000,497592.370585123,52854.5324623268,8429.0422549923,3462.303811774,8412.3192527743
922,"N3",2763001,2766000,526385.125305253,54464.7584937824,8520.6437959561,2966.5123863238,4575.6501285574
923,"N3",2766001,2769000,375353.42576335,30714.964560024,7043.8965458622,1819.4475781108,4238.8210075637
924,"N3",2769001,2772000,264692.823320627,28391.711516365,5894.4091274582,2378.7526633519,6863.2119953558
925,"N3",2772001,2775000,187545.407863592,28376.0035957215,6523.4591492555,2993.5020449129,6921.1671091237
926,"N3",2775001,2778000,187090.992729132,26418.4653470933,5591.4739509583,2681.1742373124,7061.0892891826
927,"N3",2778001,2781000,279394.665750152,32268.7459569922,5749.4921393367,2127.4570756756,4736.4562300078
928,"N3",2781001,2784000,148644.189267831,28416.8602318843,7193.9737754486,3642.7997791393,9448.0182426175
929,"N3",2784001,2787000,147557.338498308,18242.5429784657,5738.0088731787,2134.5710310682,5363.5492255657
930,"N3",2787001,2790000,250582.364683254,24135.2043678771,6221.0211593901,2122.3289977388,6025.1286459884
931,"N3",2790001,2793000,214159.307904365,25428.3102918275,7319.6418870832,2770.7478446218,5795.2531838539
932,"N3",2793001,2796000,263129.831126182,27519.6268552109,8583.2487202716,2890.1820836441,8231.5997823579
933,"N3",2796001,2799000,220401.987661271,26989.8009172718,5956.4133868132,2441.7687495676,6533.4120198452
934,"N3",2799001,2802000,238771.808016342,29502.850390149,5651.6151836779,2513.37208015,7208.9019665765
935,"N3",2802001,2805000,201245.903770232,31100.9831495788,5253.8717128879,2462.301553407,9155.8627041854
936,"N3",2805001,2808000,215960.702637821,32413.5371829107,7163.1706874948,2952.2514869573,7505.531528487
937,"N3",2808001,2811000,194804.317068382,35107.5525552413,7538.0158083859,3903.2469392787,10022.8811679045
938,"N3",2811001,2814000,274237.510471438,32880.2689328899,5594.7041077582,3869.7998407625,9107.880608864
939,"N3",2814001,2817000,189364.878772105,25862.1711659665,5096.9444379704,2487.3170958573,8076.5169548631
940,"N3",2817001,2820000,275568.551837075,25352.6824781074,5872.7857671038,2629.4338675119,8991.8834307184
941,"N3",2820001,2823000,242556.732259417,28811.0338923687,6272.9379650722,3260.5152958359,8615.2366739672
942,"N3",2823001,2826000,214497.501965367,23990.8075520804,6880.1437444709,3552.7919765346,10254.6956093269
943,"N3",2826001,2829000,233170.587391796,21512.035752331,8199.3287873053,3621.2005088775,12956.8782389302
944,"N3",2829001,2832000,183852.405172227,26596.9778077419,8545.2531288674,4041.5153048274,15793.0291521234
945,"N3",2832001,2835000,251932.748344439,26441.7544891411,8436.6792489272,5812.2471973881,22272.3694246721
946,"N3",2835001,2838000,296260.386805887,35861.9601840878,8250.1775405412,5124.9743751601,22175.1143427854
947,"N3",2838001,2841000,226190.641224685,26577.3419682792,12302.1626678588,5241.3301873987,22884.7420510296
948,"N3",2841001,2844000,358098.205541778,40971.798303639,7742.955430349,3877.4162591469,15818.5504308476
949,"N3",2844001,2847000,255288.935613693,30103.9907193967,9370.5738701853,4702.3026835944,17803.0503284217
950,"N3",2847001,2850000,192236.266595955,27202.7408232705,8405.5216174461,5253.526549186,23880.8031605726
951,"N3",2850001,2853000,118982.310191107,15407.6803437956,7128.6789306645,4899.1366418293,22878.2051391687
952,"N3",2853001,2856000,270023.688369044,23330.6391283059,8922.6929532648,5641.9751115303,26056.4962565997
953,"N3",2856001,2859000,260521.231229186,28247.7966230936,10261.9271333734,5326.9198040495,26509.7818584681
954,"N3",2859001,2862000,189439.01582448,21858.8896362501,10883.206203858,3752.8583341178,17836.0718988028
955,"N3",2862001,2865000,251290.469713739,29775.7362275271,10605.1084464458,5473.623751758,21189.2166341542
956,"N3",2865001,2868000,311747.893204122,32049.0279988184,9715.1205442414,3539.8750754101,14520.5367300875
957,"N3",2868001,2871000,379315.396513033,35035.2415363765,8713.7068204287,3581.3293514422,8742.5682613822
958,"N3",2871001,2874000,271071.312560878,26248.8938663099,8127.4883816474,2217.826073813,6105.5958251226
959,"N3",2874001,2877000,338167.13076113,37602.1824988329,5876.5716695878,2963.048117632,8468.2751092168
960,"N3",2877001,2880000,371470.840235202,44901.3941358247,6011.5824536743,2536.0622772232,5457.3007710281
961,"N3",2880001,2883000,396952.389872906,37229.7865850513,6785.2094431251,2505.7382246299,5804.3311932051
962,"N3",2883001,2886000,268153.436330583,27350.4121813495,10812.2281920743,3238.9238151979,6871.08182936
963,"N3",2886001,2889000,370084.760310861,35966.3274242592,9370.3894137746,2688.5639915604,8027.6634729759
964,"N3",2889001,2892000,566891.020371463,45701.0395472485,6826.6729960005,2479.1077970855,6048.5219161749
965,"N3",2892001,2895000,412144.874569953,36543.5935976101,6642.1868375855,3954.9866157037,11514.0178726296
966,"N3",2895001,2898000,360639.047272619,33233.6720993217,10059.4262124936,3510.8564049809,8627.5065560837
967,"N3",2898001,2901000,324987.296241825,30478.8330829057,6109.2041214618,2771.0888789993,7955.5765942347
968,"N3",2901001,2904000,408495.043725871,34524.4676337689,5400.3457184891,3120.6933527412,9267.0755133766
969,"N3",2904001,2907000,345105.426821263,25144.3365317194,6178.9134760702,2667.129504912,5789.4845694644
970,"N3",2907001,2910000,340336.993985499,31670.5086133001,5871.5997870784,2490.6545146702,6007.3287068835
971,"N3",2910001,2913000,314050.007410021,28597.7979509982,6100.6474558748,2119.9973864779,5522.49023002
972,"N3",2913001,2916000,246471.614314267,42131.0370035401,6720.6982843556,2102.6300301427,4560.4405956261
973,"N3",2916001,2919000,212952.099369462,32099.5276206803,6691.3177370145,2512.6733830553,6164.5622648368
974,"N3",2919001,2922000,120634.800077929,22117.3740882875,4590.1558180851,2251.0013133842,6484.2097651234
975,"N3",2922001,2925000,188685.44204407,24736.7871724371,9462.465443105,2470.0576388364,6561.1559546229
976,"N3",2925001,2928000,286014.537475855,36308.8090313475,8489.3112135086,2766.3940869619,7695.1985791473
977,"N3",2928001,2931000,243948.113535901,25520.5796862159,5029.9488234677,2298.6238095299,6808.6377688757
978,"N3",2931001,2934000,177670.202325573,22596.3169821047,5157.9926976341,2484.7531734465,6798.8462815647
979,"N3",2934001,2937000,195058.443010004,28657.9905508036,5090.8426002902,2063.978660166,6475.159026474
980,"N3",2937001,2940000,230310.62415836,26445.4722489833,8223.5929912495,3780.7331979434,10961.8752482219
981,"N3",2940001,2943000,288815.708663647,27915.2210194017,9649.1052823959,5314.2702355765,15942.1528750439
982,"N3",2943001,2946000,301640.0781806,33565.1986552419,13646.6006138093,6679.5463890599,16626.4405085682
983,"N1",2946001,2949000,313841.209691279,38431.9526757308,13997.1821739539,5401.9632865649,15914.7877330572
984,"N3",2949001,2952000,330768.701137795,46021.7110212456,13459.2044468651,6182.8709740909,16648.268501945
985,"N3",2952001,2955000,470222.472336923,42574.2980645285,9924.0443235742,4575.1418294823,14698.0565420096
986,"N3",2955001,2958000,342625.685651612,46085.9991161309,12590.546868586,6910.3164058787,21667.8627906227
987,"N3",2958001,2961000,242683.343778268,34798.5929628282,8299.8309932358,3707.1473757661,9185.2776859223
988,"N3",2961001,2964000,306842.728442019,50795.7680559024,10594.9282787208,4533.2333887898,11637.1703455975
989,"N3",2964001,2967000,518776.493549781,40312.32192385,15110.4590118357,6207.2906167493,15755.2088105915
990,"N3",2967001,2970000,328665.938285684,26585.5430835988,12280.6820114019,4317.4464494447,10679.2847288906
991,"N3",2970001,2973000,277596.511714745,32883.15293352,10787.5354659929,5331.9048304761,14698.6767262969
992,"N1",2973001,2976000,301246.813864161,28600.3549475248,11142.0269455549,6327.9783717993,20672.0566347393
993,"N3",2976001,2979000,288792.629414893,27408.5064831913,10256.350935901,5687.1237181703,17266.5946355029
994,"N3",2979001,2982000,301275.581935201,31118.2393193045,10354.1213236288,5420.9030315307,15432.4983661666
995,"N3",2982001,2985000,351140.348140853,22938.7417799606,9739.1931316272,5761.6598988407,15449.0858349551
996,"N3",2985001,2988000,368189.649219989,37222.467628809,9028.755357804,5216.5920740679,15561.5466776232
997,"N1",2988001,2991000,316987.675014765,26962.895980195,8784.30340835,5219.3451264003,14644.990386731
998,"N1",2991001,2994000,259771.05554793,33220.4342219421,10293.6808929542,4305.2640244771,14039.2125373845
999,"N3",2994001,2997000,389484.246217944,50847.9125193336,12552.6712481352,6217.9259983094,21316.1032095802
1000,"N3",2997001,3e+06,422420.528239102,40417.2791382494,14087.21593594,9634.8294334615,31579.0230924535
1001,"N3",3000001,3003000,349233.49755165,22400.0871011834,8579.4613884431,4130.5368290205,13685.6237078417
1002,"N3",3003001,3006000,368066.077543353,41418.340817369,9230.2862223314,3855.9879145682,9448.0874210701
1003,"N3",3006001,3009000,321448.324705642,35789.0557547772,11733.5789872051,4133.3353687508,12097.2201488573
1004,"N3",3009001,3012000,191141.236177568,20756.3737128829,7881.3683402401,4392.8361715152,11006.5556923267
1005,"N1",3012001,3015000,338882.171833654,30782.8061756695,11210.0555007217,4256.7601369597,10674.8471213761
1006,"N3",3015001,3018000,357167.673763065,26058.0974653287,10326.5829333488,5545.9789490749,15790.9150850746
1007,"N3",3018001,3021000,301192.294703856,23631.4754300498,8136.6567132949,4378.7673993186,11842.2081991869
1008,"N3",3021001,3024000,451929.980526023,51616.9647639183,11111.9893707032,5052.5495048543,13677.9989776692
1009,"N3",3024001,3027000,991835.517124888,111853.406632887,16575.4340327123,5950.7689272519,15071.3256603588
1010,"N3",3027001,3030000,460749.800985574,39650.2048199715,10511.1032297981,5104.3236735503,14980.1906605943
1011,"N1",3030001,3033000,1285566.20710203,28065.7206441324,20795.7912051841,4965.7511575544,15225.6760986043
1012,"N1",3033001,3036000,164651.91780384,18069.1475511883,42105.9806963348,2908.1951006634,7303.093749378
1013,"N3",3036001,3039000,106785.548910969,35466.5370570385,33826.0943812104,2652.6669199057,4673.497837109
1014,"N1",3039001,3042000,56189.9324765556,52274.434843069,32469.1788154344,3334.417967684,5488.9936149615
1015,"REM",3042001,3045000,44863.2191192966,58770.5779762588,30628.5248761612,3096.5696241547,4139.2171961561
1016,"REM",3045001,3048000,69688.6662352538,75530.790064734,33462.0667562718,3932.3514233034,5399.5107568982
1017,"REM",3048001,3051000,47376.7008000036,99031.1089757506,32581.2340416133,3124.8950762176,4322.2217521031
1018,"REM",3051001,3054000,49679.6713111539,115537.743546118,27858.5195156951,3796.8433624519,3472.0941119721
1019,"REM",3054001,3057000,40628.6180146817,76995.3785412553,31788.0723233108,2686.5726531669,3472.7465656837
1020,"REM",3057001,3060000,42290.7206425319,82044.7522614341,30767.7370292228,3599.3677321237,3710.6435593052
1021,"REM",3060001,3063000,33559.9758082731,49156.825562674,20583.4013446534,2521.8394270117,3293.348365235
1022,"N1",3063001,3066000,39780.8424074848,24227.7216668305,20897.7306338739,2476.3874195431,2640.6268753851
1023,"N3",3066001,3069000,49015.1974609892,25594.7470966675,6143.4596206919,2439.589657924,2659.5832953105
1024,"N3",3069001,3072000,62674.158172278,22506.3859155629,4460.5958596434,1450.6931977541,2105.6116385865
1025,"N3",3072001,3075000,181515.095906079,39556.2953625644,6136.9340471482,1828.5489721932,2817.9509828467
1026,"N3",3075001,3078000,200248.924012112,37032.7956422106,5073.4790856383,1961.4026464718,2260.6996882985
1027,"N3",3078001,3081000,208349.999339977,51982.5501802718,4824.654123168,2253.9560785801,2235.0533294082
1028,"N3",3081001,3084000,259039.705262426,48805.8254816872,5910.7218129858,4437.6505147694,2412.8650595747
1029,"N3",3084001,3087000,219451.776113089,48744.2606360117,7281.5651509599,4751.3729053696,2590.4838219652
1030,"N3",3087001,3090000,191234.504347293,33394.4471709496,7056.8702747853,4698.6546229379,3013.5957429035
1031,"N3",3090001,3093000,158827.404371869,26206.9518901438,5566.6608031157,3127.5902448408,2371.5432938624
1032,"N3",3093001,3096000,303971.282679517,44789.2213378601,11453.7543865375,9134.1775078322,2707.1979837606
1033,"N3",3096001,3099000,246938.469764274,36206.9068989691,7810.7178259052,3128.8581033441,2104.9631562662
1034,"N3",3099001,3102000,222939.309526695,47694.535836726,16214.6143608983,13156.2269637169,2611.2736304259
1035,"N3",3102001,3105000,300299.12796567,52090.0027881046,10651.827311501,8106.873853087,2285.905868147
1036,"N3",3105001,3108000,277316.179805718,47585.0892090861,12961.7110147497,6296.1427196381,1777.6441240387
1037,"N3",3108001,3111000,317087.618286994,50695.3233321364,13846.8258080818,7292.8685423932,2177.1210135157
1038,"N3",3111001,3114000,280433.555297672,40613.1798678484,11458.8225142869,6714.3827163159,2027.3138730353
1039,"N3",3114001,3117000,429236.234804378,67945.5622629479,17294.5908018436,9059.76897918,1952.3520034663
1040,"N3",3117001,3120000,295945.032563832,50439.4807889266,11263.3303939199,5222.2786500082,1576.1759818429
1041,"N3",3120001,3123000,462501.350136536,62883.1081396097,19682.2829687145,8268.3427856005,1645.6725986407
1042,"N3",3123001,3126000,593710.121637076,67901.7247541225,13753.3118892231,6121.8009978028,1637.5286767621
1043,"N3",3126001,3129000,443941.895579506,48464.5379269332,11829.3507300167,4363.8651697028,1434.1673584522
1044,"N3",3129001,3132000,605282.282131731,55541.3152126613,14551.8694056089,5390.3582851188,1688.7623120884
1045,"N3",3132001,3135000,526017.877019258,60900.6385377932,13605.5004847612,6952.1940682283,1732.1549407497
1046,"N3",3135001,3138000,727813.551870564,52488.2269466637,11902.6454882954,5949.6189034773,1443.8120965105
1047,"N3",3138001,3141000,569435.188509094,45300.2068688858,11884.7208434871,5055.180369861,1526.6954398472
1048,"N3",3141001,3144000,571469.898461244,61332.7647002941,14791.0456841261,5795.7287800207,1576.3476628943
1049,"N3",3144001,3147000,793852.45985531,67340.7591643,16090.7776460531,6836.8826363529,1619.5569228364
1050,"N3",3147001,3150000,827477.296393221,56174.644243532,14019.0117417454,4038.6660733442,1745.3849521311
1051,"N3",3150001,3153000,756018.188319734,58760.510439556,13657.6275558943,3600.4106781313,1574.9475787164
1052,"N3",3153001,3156000,703915.786061666,54287.1515536312,11240.6745420691,4725.3378443285,1284.7332365877
1053,"N3",3156001,3159000,855366.284186181,55664.4612702628,12347.9455155528,4567.5772102721,1405.5118078483
1054,"N3",3159001,3162000,712302.149690928,58847.7657663955,13234.6051040907,4558.5644486192,1393.4883859411
1055,"N3",3162001,3165000,1055605.99543416,60067.8652393172,13428.7427859495,4366.7199856477,1563.7087057793
1056,"N3",3165001,3168000,634885.457819005,56007.5847240178,10921.4025395644,3934.0184168491,1925.6342279917
1057,"N3",3168001,3171000,1184761.94250793,55950.1438185387,11397.235338752,3690.6055490246,1348.0188405608
1058,"N3",3171001,3174000,831654.09812929,59772.4122963762,9619.0197579983,4359.2258786984,1749.9948019678
1059,"N3",3174001,3177000,995478.246524003,63856.3221919732,12695.4565045307,4008.5448366607,1397.9481432167
1060,"N3",3177001,3180000,1071420.00542977,57252.8090508906,16726.3777113048,5601.6573675158,2007.4978091582
1061,"N3",3180001,3183000,445725.064594125,78360.5825883959,17562.5284654463,6557.2331778702,14620.2036812623
1062,"N3",3183001,3186000,448725.932049764,44099.3238976826,7925.8979352884,2582.5422460363,2378.2050844326
1063,"N3",3186001,3189000,441749.536903803,48572.3669537171,9909.3971480086,4170.2515487126,2107.973485587
1064,"N3",3189001,3192000,350367.865981871,41078.6706929868,11445.0072906721,5870.3956926411,1759.319645128
1065,"N3",3192001,3195000,354826.364167318,43105.3823979789,9207.065267349,4445.4689958262,1600.9632496626
1066,"N3",3195001,3198000,454008.133588461,42119.4574996248,8550.643039407,3717.4943160158,1426.7194848834
1067,"N3",3198001,3201000,501656.432525801,52142.6354168661,15222.4615642198,6454.4462270026,1759.6240310049
1068,"N3",3201001,3204000,644320.065518071,48486.3130954962,10577.0597439684,3666.494056558,1693.5104895938
1069,"N3",3204001,3207000,612911.992437934,49512.5461772258,11168.8778094405,6507.7666606045,1512.5711512165
1070,"N3",3207001,3210000,578917.089364304,51028.6736091381,10570.0338500707,3922.0018940654,1673.3035186958
1071,"N3",3210001,3213000,703453.17648336,56210.2837934106,11861.4501040984,5220.5345197526,1472.0080359532
1072,"N3",3213001,3216000,805827.086029127,64161.7609072341,14992.3651440184,4924.6780447833,1542.6506475997
1073,"N3",3216001,3219000,726934.763584472,58732.0219364648,9990.4701766742,3537.1561695569,1348.4433173252
1074,"N3",3219001,3222000,684584.13748116,53177.5784469668,9433.8358093046,5329.3779852461,1425.3681771055
1075,"N3",3222001,3225000,1060395.87470085,51472.6452671948,11437.9612387458,4507.7646791151,1695.163227601
1076,"N3",3225001,3228000,408092.782527901,64763.1691339568,11208.7670783002,3451.8852118815,5132.6468270214
1077,"N3",3228001,3231000,538623.334139278,42066.5151449604,6382.1998887629,2411.8774119395,1832.4363219597
1078,"N3",3231001,3234000,338272.114262988,49942.5101074023,12253.9887366398,5117.5824211125,2559.4340965482
1079,"N3",3234001,3237000,361722.667118278,44014.2723571134,8567.8316057487,6553.830754084,1768.3542964154
1080,"N3",3237001,3240000,329065.773136495,80582.9002494572,12530.434356557,3548.6635098496,2545.524716445
1081,"N3",3240001,3243000,267942.919121559,34259.6362351905,6028.1166586517,1812.1801698439,2229.9829879289
1082,"N3",3243001,3246000,190894.145378615,39348.3817736135,8345.3115075824,5577.4298151316,2146.1174212002
1083,"N3",3246001,3249000,492820.807287675,50087.5123057498,10864.7541619757,7768.1050180987,2221.9654834302
1084,"N3",3249001,3252000,375832.370271929,50398.7865012144,13320.6764901372,9863.7102590491,1737.3917358697
1085,"N3",3252001,3255000,299603.416900886,32359.6132055614,10532.2492205786,6509.0752453216,1506.4787627435
1086,"N3",3255001,3258000,437500.260967088,40793.5981621119,10795.4262036493,6130.6889746385,1485.3016621566
1087,"N3",3258001,3261000,414809.914864761,38785.3774632088,10280.5468041927,6290.8994923467,1426.6598151122
1088,"N3",3261001,3264000,525582.494731143,53569.2217771913,15115.118601078,4417.5139224584,2475.478934116
1089,"N3",3264001,3267000,401888.179217738,47753.2927020228,9484.1989723687,2519.8896344058,2087.9711041259
1090,"N1",3267001,3270000,184440.440625069,46186.4971263973,18540.3822452299,6250.7280402173,13754.0550469415
1091,"N3",3270001,3273000,148689.468625369,21799.5062559074,4395.8554618417,2071.447834294,2495.6635627943
1092,"N3",3273001,3276000,191649.316205346,20490.8072941902,5367.9769743103,2774.3657223492,1607.3647435398
1093,"N3",3276001,3279000,365288.154713372,44308.2611437732,12539.1000310286,7680.0584863802,1990.9983800202
1094,"N3",3279001,3282000,288510.4924503,30794.4127047744,8585.8932020182,4877.7172335286,1453.4467641575
1095,"N3",3282001,3285000,338782.49348047,34070.6189684654,10256.8424727544,4992.213398866,1461.2382887284
1096,"N3",3285001,3288000,338694.165404838,31179.9532237254,8768.5238013182,4555.754408698,1467.3767209925
1097,"N3",3288001,3291000,508774.187279063,48026.6727066657,16709.4494522844,5502.3903182237,1896.2339477139
1098,"N3",3291001,3294000,335344.118777126,37337.4364687457,8824.2773587614,5738.2749368382,1537.3484885973
1099,"N3",3294001,3297000,464495.195338344,32912.4914644651,13082.3452312582,8805.3135007877,1486.2856505805
1100,"N3",3297001,3300000,421925.985643339,50436.7292989516,14908.7882893034,6281.3985596801,1415.5324111457
1101,"N3",3300001,3303000,726493.679382171,47871.4469761777,11878.9054565842,5272.5517063994,1858.1138003709
1102,"N3",3303001,3306000,558239.758724128,44374.7633549274,9996.2098545814,5039.3567542577,1631.1624801451
1103,"N3",3306001,3309000,549161.786053061,51880.2956396458,11271.6463677867,4919.8252376832,1461.7988169872
1104,"N3",3309001,3312000,535887.553043157,52237.0429332161,11711.5007998503,4781.984651923,1287.0301211909
1105,"N3",3312001,3315000,596650.592580448,47825.4369069743,13207.1587004755,5193.8887143479,1293.6191934529
1106,"N3",3315001,3318000,841905.317537853,43183.7865444091,11267.2444072357,3883.7081807967,1227.0459679681
1107,"N3",3318001,3321000,900006.118628923,50984.9046635476,10615.107201599,3240.7590955589,1171.7789840362
1108,"N3",3321001,3324000,1205043.78392762,51759.3240001117,11672.563158676,3208.1091681351,1118.468107692
1109,"N3",3324001,3327000,1003247.35571551,65168.9312846303,11135.9037336397,3837.5462553941,1118.6564525265
1110,"N3",3327001,3330000,829726.228511982,60354.7887445745,13049.8416807696,2661.4114939208,1784.2022523574
1111,"N3",3330001,3333000,530187.492341911,34690.5285911525,6652.5378293787,2373.4269617924,1453.2486232511
1112,"N3",3333001,3336000,401810.336871492,34687.5404855478,5811.9858309897,2733.6931304686,1469.6000163508
1113,"N3",3336001,3339000,444072.564669514,37906.7193126291,11865.3520055932,7025.9151544937,1512.2338697049
1114,"N3",3339001,3342000,561617.031323501,39506.4049258615,10177.4661049798,5732.5350741443,1502.7863245015
1115,"N3",3342001,3345000,428018.899750299,44607.1856853755,13660.7598278423,7623.4067543435,1285.2720653725
1116,"N3",3345001,3348000,637219.574173064,43749.7326522629,12818.9559452532,5996.2318224658,1307.3252006869
1117,"N3",3348001,3351000,714279.027168293,49078.4768943032,13574.8968259679,5413.4130926219,1105.2736843649
1118,"N3",3351001,3354000,956158.648027755,48100.1901208747,11376.0615014898,4291.6235159809,1165.1488648896
1119,"N3",3354001,3357000,1020769.56268042,59617.8288238208,12456.1545914807,3904.2637333789,1089.008632407
1120,"N3",3357001,3360000,973052.99761259,52098.5274484048,11360.2428002377,4394.8177666487,1429.7481932495
1121,"N3",3360001,3363000,1215630.05898536,50523.9996823471,11351.6429628772,2961.5220071344,1042.092165046
1122,"N3",3363001,3366000,803616.840566143,45673.5473090558,11767.1985728706,3307.0261516622,1096.0676785095
1123,"N3",3366001,3369000,1068556.2773427,56236.7072740994,12596.3980106898,2841.9316550409,1015.7965534981
1124,"N3",3369001,3372000,998035.395758106,47459.2647256974,16161.8307625975,4449.3628938153,1092.1400310551
1125,"N3",3372001,3375000,1226702.96128967,54883.9271429281,13281.648525364,4081.9197333708,963.2096287738
1126,"N3",3375001,3378000,1848582.56804287,58648.4383870733,12865.9645547108,4017.2216911874,1127.1953360854
1127,"N3",3378001,3381000,1268522.37566275,43285.7147759106,10209.5795336694,3786.0139299229,1155.2240585126
1128,"N3",3381001,3384000,1312250.90470967,47825.5168563105,14358.6653833264,2951.1210228588,946.3528142534
1129,"N3",3384001,3387000,1440867.83236026,46177.8564855339,12333.2528796567,3552.443872926,2389.1937458815
1130,"N3",3387001,3390000,1609505.16317974,47002.2737731367,14799.8736531962,3230.0723587809,1140.5893877739
1131,"N3",3390001,3393000,1082986.85131948,48325.8216523015,11718.0560882622,3635.1277830436,1113.0875146254
1132,"N3",3393001,3396000,1346410.63650244,57976.5740861405,14225.2615700268,3810.2513149495,1945.7460907295
1133,"N3",3396001,3399000,1207262.31847789,42708.8507060584,10016.2407780954,2901.090236645,1228.7056247258
1134,"N3",3399001,3402000,1608802.88193215,49338.7471815881,13152.1228384585,3490.056025601,1398.9230888835
1135,"N3",3402001,3405000,1417673.59089891,49645.5328125214,11831.0013543078,3864.1753270099,1846.496399444
1136,"N3",3405001,3408000,1304171.07062773,48343.0833018762,11976.5602914541,2654.2454226235,1032.0830330475
1137,"N3",3408001,3411000,1201189.42478385,48737.2326211923,15154.2793704451,2739.4245678318,1027.7408114707
1138,"N3",3411001,3414000,1710777.20810723,47176.2676391499,16815.4511624538,3735.6306797606,1613.4905417532
1139,"N3",3414001,3417000,1545729.24264454,48446.572924747,12162.2247069452,2949.138947316,1172.6135732007
1140,"N3",3417001,3420000,1417713.17955657,50621.0349748714,15676.2728599049,3832.208212892,1422.9716167551
1141,"N3",3420001,3423000,1189569.90221565,58535.2389287248,15813.0349736989,3225.9406883491,1183.7871963889
1142,"N3",3423001,3426000,1195358.82622505,49166.7342036457,13344.2150937813,2717.1887936098,1328.3462326298
1143,"N3",3426001,3429000,1423487.42699485,42226.9385404621,11693.7698012564,2635.5359936909,1117.3501120117
1144,"N3",3429001,3432000,1276059.54516644,40522.848226973,12169.8751196553,2984.6296644353,1121.0034374187
1145,"N3",3432001,3435000,1704621.07633519,48272.6037607422,12691.6605899675,2315.5039643309,981.8501429935
1146,"N3",3435001,3438000,1701382.86544527,52243.6618870595,12124.5822880353,3221.1093987786,1212.4524608051
1147,"N3",3438001,3441000,1526552.47108096,52151.5310122401,11874.4778915375,2866.272366335,995.8454341494
1148,"N3",3441001,3444000,1658521.01828269,58692.9415053514,15341.0599938698,3115.6531375105,1164.9464206791
1149,"N3",3444001,3447000,1793451.50032973,44217.473665835,9025.8182565773,1982.5971775676,1197.1485210045
1150,"N3",3447001,3450000,1376841.16576847,39994.6376759651,9742.2683706028,3162.9809506818,945.2761642787
1151,"N3",3450001,3453000,1189383.40760301,43353.0599868578,9191.8724386717,2869.9132638984,940.4175042834
1152,"N3",3453001,3456000,1857738.48511592,46783.1378576792,10561.9014406658,3312.7739678592,1187.1991203447
1153,"N3",3456001,3459000,1339985.94582739,56069.4152402253,10677.8201654528,2198.8868031664,992.8406476326
1154,"N3",3459001,3462000,1577442.47493946,54054.3899944934,13164.4849203119,3819.7009578652,1443.098531511
1155,"N3",3462001,3465000,1264232.34124542,51355.4480302355,13060.675920516,2825.8499458557,1737.0247480377
1156,"N3",3465001,3468000,1416831.542089,46507.324941594,11230.1057871111,3395.0536337443,1265.419964883
1157,"N3",3468001,3471000,1553896.47140908,52175.762088088,11166.4758378124,2379.807056511,942.7719160667
1158,"N3",3471001,3474000,1284184.87714729,46923.3091239123,9979.6770921452,2369.7924853164,957.4144136988
1159,"N3",3474001,3477000,1318411.3459075,50172.0187832354,16572.9429081154,4049.5406238378,998.5579316882
1160,"N3",3477001,3480000,1331870.88604473,46312.2849174028,12346.5859433687,2482.4127659234,1300.6791045716
1161,"N3",3480001,3483000,1412451.84090008,50177.4327882535,14185.1242539729,3189.8279300222,901.9293366406
1162,"N3",3483001,3486000,1644750.11201616,49001.7333110457,11193.3325619065,3120.527363208,1753.4808263028
1163,"N3",3486001,3489000,1588487.32518903,55458.1197982931,12345.4103077756,3617.5471015485,1522.4065339102
1164,"N3",3489001,3492000,1228601.67372225,42218.8375800614,11935.1183144363,1974.7152248657,850.0207308039
1165,"N3",3492001,3495000,1787537.63309094,50142.1194478541,9348.2489662563,1911.5258578117,949.1884893219
1166,"N3",3495001,3498000,1238130.81282289,40569.5780765664,9702.7913294403,2530.3405093836,1083.9747562163
1167,"N3",3498001,3501000,1380483.61189955,48406.3826478204,9119.0279336477,2854.6893586635,1035.7461395786
1168,"N3",3501001,3504000,1600767.00559059,47424.4960199522,8390.0909117172,2565.1723033027,1041.5535419619
1169,"N3",3504001,3507000,1835482.53433234,45071.6713539813,8498.219590024,1877.4403265446,1021.5410937263
1170,"N3",3507001,3510000,1469263.61974615,46981.6811217476,9393.5205343544,2025.8516800998,1246.3479697575
1171,"N3",3510001,3513000,1459389.46551743,46107.3060228188,11579.0242221143,3411.0671173946,1032.1125421336
1172,"N3",3513001,3516000,1430591.92387131,45523.1975882826,11304.6362200953,2316.6972008149,991.7152066269
1173,"N3",3516001,3519000,1156783.2389127,45631.8784621826,13535.4992827828,1857.6886232599,1101.9046939981
1174,"N3",3519001,3522000,1336016.32507694,43597.8599795204,10455.6919185163,2748.8773089619,1282.1158612303
1175,"N3",3522001,3525000,1269762.83173412,42470.6245959285,12453.5268493805,2977.0774396144,1045.6938736597
1176,"N3",3525001,3528000,1866639.07758073,44386.918284998,12503.4893766134,3452.3906771964,1067.8870950198
1177,"N3",3528001,3531000,1291177.33621685,40860.6318174333,10229.6636294159,2726.1656760267,967.0964650768
1178,"N3",3531001,3534000,1387696.98925635,40193.5934804802,7717.422449013,2452.9153748091,1395.7517779572
1179,"N3",3534001,3537000,1437668.76886607,44776.9930877231,9894.3618242668,3227.6392201674,2026.6427842453
1180,"N3",3537001,3540000,1289747.68192575,59299.7911763675,17230.4252714042,4199.6936111703,9897.6340291996
1181,"N3",3540001,3543000,523729.416182349,69125.4772392841,17154.0840246588,4173.4040392331,11368.0256635233
1182,"N3",3543001,3546000,484859.505793771,44157.0062722611,6028.1400611346,1798.5290970505,2150.473192819
1183,"N3",3546001,3549000,411358.376859238,42466.0958651235,5852.366930732,1590.8266113658,2030.3635110514
1184,"N3",3549001,3552000,512253.237371733,60529.587113866,5209.0327852442,1795.7727123886,1562.0606925029
1185,"N3",3552001,3555000,370872.332233056,60732.9160275346,6369.8631714064,2400.5372513115,1685.5019364587
1186,"N3",3555001,3558000,343930.713531616,52114.6988080455,5692.2055917126,2224.3905005576,1803.1808403048
1187,"N3",3558001,3561000,334960.169040647,56512.7007026963,4861.4085313343,1843.952897481,1791.1850996899
1188,"N3",3561001,3564000,357168.132194743,39299.8485910469,6161.773246001,2351.0365805762,1509.3128802391
1189,"N3",3564001,3567000,226036.836367704,28138.2889900741,6698.3108093085,3176.9872521654,1292.4701465272
1190,"N3",3567001,3570000,317038.129669508,36540.0970374269,7399.1007910699,4146.829963933,1807.0502375537
1191,"N3",3570001,3573000,482782.541301827,41168.570497228,8197.6166968258,4881.727401034,1508.6109347385
1192,"N3",3573001,3576000,477015.90252872,83039.7818751054,9441.5955183536,6933.140176018,1522.0795689396
1193,"N3",3576001,3579000,698600.370112039,90282.7081015793,9893.3668454025,4588.7233984784,1615.8131162027
1194,"N3",3579001,3582000,257164.175332825,67201.1263806233,6460.2633456501,2112.8378584457,1843.313523099
1195,"N3",3582001,3585000,201343.167004406,63428.9846263366,7537.6644186032,3498.8924394247,1586.4508402675
1196,"N3",3585001,3588000,231508.296330725,72889.4274723028,7247.4541996866,2365.4186099358,3521.9994936066
1197,"N3",3588001,3591000,202874.362595644,94442.79799179,10991.4393436609,4564.4921029014,6834.6129565085
1198,"N3",3591001,3594000,186665.824235068,32973.8356432607,5851.4757425101,3232.9564404544,1600.2927120847
1199,"N3",3594001,3597000,275400.841654355,91902.5969320745,11807.7930405556,5377.8632765674,1818.3984913082
1200,"N3",3597001,3600000,96699.2698619878,57826.4631437371,7129.5679495566,1610.6223005754,1513.7572312121
1201,"N3",3600001,3603000,117011.743210268,66070.9954319637,8826.1513493442,2000.0570470477,1819.806901598
1202,"N3",3603001,3606000,135751.672480469,65903.8285607658,10697.2936280576,1728.4053699268,1914.2475585185
1203,"N3",3606001,3609000,83721.5691580913,39584.1147765169,11697.1514107418,1830.5856825821,1884.0609540623
1204,"N3",3609001,3612000,76563.2345057473,35535.200316651,8263.5421851556,1546.3214460883,1689.7665222094
1205,"N3",3612001,3615000,76667.901133533,34268.4830209979,16456.6462536599,1713.4004100823,1794.8740924911
1206,"N3",3615001,3618000,142585.637206255,81264.7013042714,8695.5023717818,2116.0780682048,2119.4179906069
1207,"N3",3618001,3621000,66225.708227442,40979.0829715048,16841.1456107732,1856.94003264,2018.9172824797
1208,"N3",3621001,3624000,77256.7343140861,33059.8761376093,13218.7656980507,1940.4002863449,1907.4996595851
1209,"N3",3624001,3627000,65375.6745504303,25006.3990096734,9661.7664416916,1886.600251801,1900.0249464303
1210,"N3",3627001,3630000,68276.1218007848,20079.1202491613,10514.3728101979,1375.6996522588,1720.2381152629
1211,"N3",3630001,3633000,73295.2074437983,31017.7133879181,9162.5642127866,1715.4009824978,1773.7665571961
1212,"N3",3633001,3636000,70346.1584534455,48551.5384148514,10227.3700857536,1658.7788325509,2038.7176950843
1213,"N1",3636001,3639000,57484.855510655,25824.5301080651,13563.1884599109,1598.1483025232,1865.9728696748
1214,"N3",3639001,3642000,68284.8788222926,24665.693171763,11843.2291727887,1687.5140280038,1862.272096148
1215,"N3",3642001,3645000,81615.4070408819,19463.7308415255,8040.5146675093,1826.4547581468,1927.9714301985
1216,"N3",3645001,3648000,45817.7530064725,19489.1388061248,9472.8710431579,1553.5946184637,1746.7724067814
1217,"N3",3648001,3651000,44016.0247799957,18156.4789412073,12971.1775561347,1356.6001945475,1793.384051918
1218,"N3",3651001,3654000,45611.816099037,18717.4708511128,14218.0971480857,989.3317345322,1639.4922847986
1219,"N3",3654001,3657000,58108.2402902724,20639.4482945844,7261.0060045127,1232.3583037465,1596.8779970778
1220,"N3",3657001,3660000,42234.4532951401,16058.2103882236,8289.6498541735,1259.0252395549,1815.7400187455
1221,"N3",3660001,3663000,127106.356927605,29320.1421116358,6656.4177279728,1361.6669634883,2002.8924354106
1222,"N3",3663001,3666000,77555.0262097573,25218.813622775,9538.1338545762,2210.4032463545,2237.6047091411
1223,"N3",3666001,3669000,68080.2750656229,24246.022345371,11119.9694250101,1602.8490153334,1778.5978491877
1224,"N3",3669001,3672000,65650.6893834137,29474.6925395738,14194.1713518978,1646.2146045356,1898.788230426
1225,"N3",3672001,3675000,43424.4110036554,23137.0950853663,7621.2268019761,1922.4427605476,2357.0261266352
1226,"N3",3675001,3678000,71990.4398613199,31809.2952188457,10061.1094938891,1692.8504771698,2246.70508242
1227,"N3",3678001,3681000,83940.4026576925,39045.0130057013,7691.6715875141,1746.2178206174,1795.4064140918
1228,"N3",3681001,3684000,47943.9213557726,18939.3782874711,7665.5778596208,1495.1630002947,1722.3565363983
1229,"REM",3684001,3687000,69868.6651577604,72996.4482948997,12605.5662800679,4602.403443357,11800.70571389
1230,"N1",3687001,3690000,256844.776018353,44791.2009450415,12269.6020542529,2999.1589891365,6416.2459351982
1231,"N1",3690001,3693000,85213.2965635257,39593.0616287719,18684.1745237395,2624.2893799185,5206.9587701959
1232,"N3",3693001,3696000,72859.055356655,20137.062950667,4775.6597543269,1507.3623468203,2011.7951538787
1233,"N3",3696001,3699000,91473.3185273363,13586.9658988844,4764.0428177039,1424.6855840693,1791.241263197
1234,"N3",3699001,3702000,92159.7225627071,13617.9349351073,4682.4394110857,2502.424765874,1566.7258281369
1235,"N3",3702001,3705000,209547.613019073,38027.8518519523,7352.801329872,3409.197266656,1850.3541591106
1236,"N3",3705001,3708000,71685.9960707555,12572.9652242154,4258.3453560398,2274.4104544407,1568.2886038903
1237,"N3",3708001,3711000,103148.660235486,12754.1497455608,9617.8150518658,6760.5505707259,1367.2746899981
1238,"N3",3711001,3714000,104044.804868946,14811.7011669189,9426.9879836234,5963.6691570075,1567.5936268659
1239,"N3",3714001,3717000,139161.43127737,18298.9026414478,7978.3440636254,3792.9524691244,1479.4657774353
1240,"N3",3717001,3720000,109711.4599724,19700.2718126939,7133.6498929007,3674.0234553393,1401.6688989488
1241,"N3",3720001,3723000,114422.358726201,21270.6440427021,9826.6975036731,5109.9807501642,1558.7621151059
1242,"N3",3723001,3726000,247696.750847757,31251.4033098656,10051.4250369783,4878.1135029279,1473.918932324
1243,"N3",3726001,3729000,367934.650197797,32863.5535082587,9132.9817836838,3652.2744578623,1581.5055995659
1244,"N3",3729001,3732000,139237.00252908,53320.7506049558,10813.7356747742,2934.1547342494,3867.230717989
1245,"N3",3732001,3735000,73281.8531362808,41422.4999389583,7454.8692744362,1981.7914835655,2405.3037351934
1246,"N1",3735001,3738000,63603.0700953203,45566.9842237124,12364.7664482209,2326.273175516,2456.2856420078
1247,"N3",3738001,3741000,66613.584679004,31248.067153109,6220.2860540108,2340.3582479552,2229.5859774763
1248,"N3",3741001,3744000,157514.863143507,20976.930014148,4602.4884328555,1576.8612156738,1965.047287353
1249,"N3",3744001,3747000,154301.793481112,35250.4358251887,7285.6087537487,3021.5202098683,1989.6537925921
1250,"N3",3747001,3750000,61084.3222056613,33116.2713419889,6744.1760852329,2025.518129066,2155.7205254622
1251,"N1",3750001,3753000,36315.2501251571,31098.1399504281,9740.465449866,1824.0363345535,2018.4214190983
1252,"N3",3753001,3756000,100639.255489409,19639.68554543,5275.7526284259,1613.5010000347,1787.6483152403
1253,"N3",3756001,3759000,156921.802289352,18509.7879962535,4507.432152345,2023.8493621997,1683.8243970723
1254,"N3",3759001,3762000,204072.60749557,23914.3839406689,9513.147548651,6330.6071322736,1695.9410296124
1255,"N3",3762001,3765000,138788.237781665,23964.0023682614,7153.3720670966,4609.5676516694,1712.1612317994
1256,"N3",3765001,3768000,153297.511459872,22603.7406926292,15071.5887711979,10096.9627047497,1998.7032626821
1257,"N3",3768001,3771000,119797.181558552,15942.7785226264,8701.4307568464,6249.8957179432,1609.5519136776
1258,"N3",3771001,3774000,182817.728763406,20803.6934672128,10121.2560046991,5799.2276043922,1656.2259182664
1259,"N3",3774001,3777000,153150.25739974,17708.3959762072,7788.6161415738,4830.2047844837,1493.3904876
1260,"N3",3777001,3780000,209726.196279445,19710.9943506071,8222.5215917352,4604.3418603204,1467.1079562738
1261,"N3",3780001,3783000,136276.765644161,23036.5405727842,11787.1383555546,6474.6239697827,1394.006155801
1262,"N3",3783001,3786000,189885.546151301,24017.6038152392,11599.4881697233,6602.5172834411,1310.7286655154
1263,"N3",3786001,3789000,110606.935269134,21615.59010375,12355.1886600461,7047.2077033197,1520.5452832452
1264,"N3",3789001,3792000,218333.279852037,32033.1031914544,9170.3622866878,4378.6712252907,1486.0448678048
1265,"N3",3792001,3795000,163855.498645857,23826.7861157589,9123.9120615253,5690.7377724598,1252.5925475014
1266,"N3",3795001,3798000,205930.494205739,26281.4151413177,7978.5989219017,3958.9806648913,1507.2398388602
1267,"N3",3798001,3801000,176896.911631604,21279.7614202601,9349.8777252517,3886.0416411385,1365.725766606
1268,"N3",3801001,3804000,288204.038112726,35735.1738917826,8634.2478896635,2616.4172635514,1359.9085246077
1269,"N3",3804001,3807000,264093.13537877,27654.429330351,11503.6788302207,7230.9914024197,1460.8178765923
1270,"N3",3807001,3810000,290270.550903698,38680.4375402314,9396.4957614719,4893.9858908214,1355.4763807375
1271,"N3",3810001,3813000,263864.405353805,33091.2327260086,10872.3345003631,7459.161325531,1423.7238513333
1272,"N3",3813001,3816000,241649.870447209,30261.6101482631,12704.3578798991,6588.3609544026,1541.5543017213
1273,"N3",3816001,3819000,458756.324966296,39268.2128691783,14069.3476935664,8844.4633449451,1467.528005846
1274,"N3",3819001,3822000,272768.960841946,27572.9837018194,7895.8081976239,4153.6483760292,1442.1192355641
1275,"N3",3822001,3825000,271912.035312689,38735.4550727969,11040.312760718,6412.550388919,1299.7864757173
1276,"N3",3825001,3828000,244721.828231647,25286.1266603689,9456.5669315977,4179.4273425429,1206.7756189875
1277,"N3",3828001,3831000,289081.969480769,31071.6935356657,9248.9055932639,4325.3123221256,1166.2404682145
1278,"N3",3831001,3834000,313267.531930839,32757.4469553942,11654.299189915,3884.5914242385,1183.5438456661
1279,"N3",3834001,3837000,289292.722609343,29079.2427739756,12606.020446818,6725.687249654,1381.3414007302
1280,"N3",3837001,3840000,398002.777825236,34308.1486413956,13069.385735912,5690.41599545,1279.6532283497
1281,"N3",3840001,3843000,347399.272093742,39386.106437921,9550.6075961733,2860.032253038,1181.7975470158
1282,"N3",3843001,3846000,321739.874604382,35990.3799778086,11402.2796029258,4247.9633119938,1175.7390590458
1283,"N3",3846001,3849000,438165.723459362,40989.4539998758,9341.0814287926,3298.5926952633,1252.5964003991
1284,"N3",3849001,3852000,384456.53547302,33158.3082642362,9740.7297243402,3259.104111978,1067.9823486539
1285,"N3",3852001,3855000,515874.34599438,39992.2231349792,10085.5564887407,4266.9878580309,1199.0327519476
1286,"N3",3855001,3858000,679876.245830112,44198.1179684237,9130.1913373265,2992.4643902686,1149.669862178
1287,"N3",3858001,3861000,620362.409188332,39734.8455265879,8680.1966601841,3225.2105272826,1353.0123954142
1288,"N3",3861001,3864000,687263.111903211,47333.439213134,13446.2005163966,5974.7690990595,1138.8029370389
1289,"N3",3864001,3867000,745428.251916702,37745.4495949596,8522.5099841162,2817.2091208541,1126.5408053059
1290,"N3",3867001,3870000,610828.671715514,36058.8718027396,10727.7584712242,4030.6489918911,1142.8564667408
1291,"N3",3870001,3873000,1017024.70923297,60177.9320039958,12709.6948336329,2554.9390920583,1516.3233043746
1292,"N3",3873001,3876000,630896.887802557,51048.1711030172,11532.7592873328,3966.8313041366,8291.5482707497
1293,"N3",3876001,3879000,243454.935480685,25850.5927629961,7566.3666033792,5281.1139270574,1267.1978228087
1294,"N3",3879001,3882000,185952.946708907,32383.0830807847,9832.215592575,5936.7494103444,1259.7848952086
1295,"N3",3882001,3885000,292663.452244022,31316.1156042679,9599.0889905834,4258.6417882648,1252.3324361424
1296,"N3",3885001,3888000,372777.529002308,34484.5341477675,10626.6807161257,6633.1870282471,1148.1326602881
1297,"N3",3888001,3891000,312873.831247844,34818.4504304398,9768.5253774538,3860.7310631948,1304.736787399
1298,"N3",3891001,3894000,461503.055893449,46424.533089518,10874.9827270721,3607.5078352909,1101.4679088946
1299,"N3",3894001,3897000,496164.669135555,34766.552080296,8680.9890483288,4203.4490631746,1333.8140609581
1300,"N3",3897001,3900000,681393.162163939,47118.9451943158,12135.2772792329,4190.7201919219,1474.851390635
1301,"N3",3900001,3903000,873169.409575595,44632.7027024141,11186.498885247,3548.6325629883,1178.9320461695
1302,"N3",3903001,3906000,985357.141146987,44804.9527053955,10619.3681307139,2105.3342763954,1566.5362956612
1303,"N3",3906001,3909000,666022.713713899,40851.4459194128,10444.6940174037,6277.0765323426,1298.5355760805
1304,"N3",3909001,3912000,535886.04222001,32200.0570192928,9633.9260720896,5064.1092168889,1259.071547083
1305,"N3",3912001,3915000,797809.333301572,45733.6808844193,10514.097849165,5964.6569168793,1170.334991064
1306,"N3",3915001,3918000,798870.716368285,41500.7112505752,9093.2526484004,3812.4960959789,1296.4011125025
1307,"N3",3918001,3921000,861835.265721255,32235.952679635,7311.6369909732,2461.8555394354,935.9353537563
1308,"N3",3921001,3924000,797142.945660984,49546.3341151824,7912.8070408728,2495.4666820793,1113.0940300954
1309,"N3",3924001,3927000,856315.930697961,36721.9193358393,8314.1479063514,3821.4912267034,1079.9512603232
1310,"N3",3927001,3930000,827732.951674681,36730.1289231931,7900.7403290601,3114.8403398658,969.6724463946
1311,"N3",3930001,3933000,847930.766061414,35251.5682444817,8484.8659971254,2907.4090768106,998.2530185894
1312,"N3",3933001,3936000,980718.07271455,47325.9028666125,9051.4972827915,3483.784233895,1051.2900418337
1313,"N3",3936001,3939000,1250696.06313557,38908.5965573072,7027.8552450077,2548.7920128899,1494.962551538
1314,"N3",3939001,3942000,1130058.68538601,34792.0770314302,8084.624144578,3951.9908089027,2003.6383654502
1315,"N3",3942001,3945000,898318.008726817,47207.2641342402,7973.1418818852,1916.3162055109,1280.5244945907
1316,"N3",3945001,3948000,676881.232152333,34885.6792269027,8615.6892972969,5803.0306902362,1108.7241239826
1317,"N3",3948001,3951000,1008122.7117005,44694.8118402471,9986.1581165609,4073.6811897246,1129.3573733833
1318,"N3",3951001,3954000,708575.371302334,35974.8549108735,8019.8491197434,3440.616703316,1024.9736875028
1319,"N3",3954001,3957000,975918.025947877,37372.1765831505,7932.1082368307,3358.2887581728,1111.3572266876
1320,"N3",3957001,3960000,646042.296173636,34951.0637780656,7498.2042523999,2796.9270727858,1061.0554904455
1321,"N3",3960001,3963000,1037845.06548249,30850.9231994693,9839.4161924776,3633.2745498497,1023.8275598862
1322,"N3",3963001,3966000,1192298.60170836,41571.8748172993,6729.6883814854,2549.6279440806,1286.8537030972
1323,"N3",3966001,3969000,1048584.79363186,33792.5915346265,8126.2423932641,4015.0539066636,1196.0883903832
1324,"N3",3969001,3972000,857580.482245438,31987.6161706198,9391.5045817575,3274.9981223879,1334.7874510451
1325,"N3",3972001,3975000,1267577.56188203,38448.0567865551,7975.6473717937,2053.8610421382,1361.5861771158
1326,"N3",3975001,3978000,1284231.03161348,37419.6164890142,8531.5583272074,3468.778257583,1947.7428733419
1327,"N3",3978001,3981000,1297588.49750569,39475.6553198913,8324.7817375416,3572.2423017198,1068.6689120518
1328,"N3",3981001,3984000,1337494.66871011,39632.9555433475,10188.3823020042,2856.7552403495,2333.4750591389
1329,"N3",3984001,3987000,1372109.7448034,53684.6498386893,14761.0387102752,4950.7614584044,9158.5700856881
1330,"N3",3987001,3990000,258578.929187104,43126.5066295429,14514.401424274,2405.6500972516,3757.1299251629
1331,"N3",3990001,3993000,375645.162509675,25357.6347859703,4992.3209102042,1541.0915659622,1685.6351500881
1332,"N3",3993001,3996000,279886.546201956,17961.5438329617,6705.394862133,2403.7390201545,2833.4040378746
1333,"N3",3996001,3999000,247208.572104754,30579.0132045648,14456.0006084081,4255.6296529864,10173.1398060751
1334,"N3",3999001,4002000,225780.585245606,18329.0652608561,4272.5649191197,1924.456455984,1344.5346024926
1335,"N3",4002001,4005000,290997.217719955,33041.9044387269,6489.9533377643,3448.6720120424,1499.9007258245
1336,"N3",4005001,4008000,341568.35373858,44173.675456552,5942.6949068635,2078.7583425317,1797.0318457475
1337,"N3",4008001,4011000,123845.097611872,18113.1466366297,5108.8887559112,3456.4382483281,1393.6376330077
1338,"N3",4011001,4014000,272003.617745621,36324.756100759,9578.675840347,4562.2042509696,1772.1604762836
1339,"N3",4014001,4017000,187937.321641246,21518.4491075856,5547.9710860236,3296.392370381,1515.6365990718
1340,"N3",4017001,4020000,412770.878880277,41854.4913952901,10302.6655238987,5644.1791511123,1423.6979573127
1341,"N3",4020001,4023000,228852.905004757,38207.9455441644,5876.5795300214,1948.8970884266,1718.7374785438
1342,"N3",4023001,4026000,275315.839336972,26187.3588641407,7371.2998751228,4397.4243886026,1400.282474359
1343,"N3",4026001,4029000,215530.898516792,22558.5051393834,6102.0855632448,2337.3261278891,1857.2182471364
1344,"N3",4029001,4032000,193959.147975284,40572.3913990677,9512.6067123241,2478.6396838435,2428.1195497055
1345,"N3",4032001,4035000,207674.820776791,19677.547268016,7753.0258267069,7405.1845812798,1454.347477207
1346,"N3",4035001,4038000,416130.981040541,38651.732097244,11529.2861989704,10351.2651389527,1328.2615851631
1347,"N3",4038001,4041000,146442.025287809,35349.3711229527,8024.4778276723,3502.589553059,1703.9385916509
1348,"N3",4041001,4044000,181442.651163555,50259.4700765133,4915.2226028718,2159.1667726625,1742.4738474682
1349,"N3",4044001,4047000,218820.949493524,31573.5525222286,5378.9760818475,1785.5242156451,1638.9106991284
1350,"N3",4047001,4050000,141105.526985326,38975.6526857796,8764.7155300523,3182.3535947958,1608.2890567895
1351,"N3",4050001,4053000,75999.4061946981,41858.58485898,7517.8235182678,1720.7619786735,1501.3463685093
1352,"N3",4053001,4056000,90216.5527630843,36799.7758338,6102.0405803149,1600.2632112304,1508.9305701843
1353,"N3",4056001,4059000,45585.404396064,19662.4795094157,10401.3961974696,1161.8423738623,1687.1435051873
1354,"N3",4059001,4062000,50632.9749769322,28605.2638669439,8731.2604678247,1482.5341198041,1965.055177691
1355,"N3",4062001,4065000,75083.5975226472,33116.8459981215,7882.1499572323,1409.6376207352,1859.3781274911
1356,"N3",4065001,4068000,53919.9059657034,26834.2286116291,14569.6120656957,1462.8269098607,1759.4208509546
1357,"N3",4068001,4071000,48903.8617325059,23482.04349058,14126.4495714391,1614.4323673527,1970.1422992859
1358,"N3",4071001,4074000,61364.345835417,25437.6795730474,8071.1543920791,1462.091573586,2100.6770651419
1359,"N3",4074001,4077000,51152.0544969437,26293.1340178402,12816.5891692903,1335.8962538114,1758.1917574461
1360,"N3",4077001,4080000,72402.9026046602,14061.7058206311,8520.6371688805,954.5210114672,1501.5511469491
1361,"N3",4080001,4083000,44940.4894437918,17891.6330995126,9166.6294163548,1597.4645109905,2010.0302686531
1362,"N3",4083001,4086000,60071.0077810698,15805.7377461721,9328.8249931457,1191.7606476104,1829.7764108656
1363,"N3",4086001,4089000,71699.0726531944,16989.4013140094,10644.5152741916,1263.1071861697,1791.9654907651
1364,"N3",4089001,4092000,42969.9034349113,20581.2503795108,12494.7275778583,1653.4183285281,1870.2304680797
1365,"N1",4092001,4095000,43399.3005619034,15350.9467580363,10658.5029624505,1044.3557658705,1668.3310756288
1366,"N3",4095001,4098000,51774.3461519085,14775.6762149116,13026.8108653436,1179.7008009818,1888.4374311662
1367,"N3",4098001,4101000,58664.0958159216,9979.2127073805,7123.8412468866,1113.3214745664,1716.6319540105
1368,"N3",4101001,4104000,63231.5410643839,23854.6260882145,9925.5682564818,1583.589499836,2085.8837222389
1369,"N3",4104001,4107000,43814.7251497665,19472.7644868747,8160.85449716,1325.3629567717,1881.7364584876
1370,"N3",4107001,4110000,47733.1532728314,17356.0789886448,12094.0920245195,1312.0264317771,1894.1885203197
1371,"N3",4110001,4113000,50806.9939964227,15275.3280433326,8867.1867817744,1109.4147783395,1669.020208836
1372,"N1",4113001,4116000,38022.0505634524,15719.2714995594,9282.9925412879,1101.0029641571,1672.9064650118
1373,"N3",4116001,4119000,71576.6439811716,15222.5221248946,6196.6803437304,1481.1929370445,1634.0530663977
1374,"N3",4119001,4122000,49069.3375024217,12971.619324407,9935.1787784494,1347.1955978212,1747.7031170484
1375,"N3",4122001,4125000,46448.3603497828,12790.6127957355,6282.5814185727,1181.1558205909,1598.5329638744
1376,"N3",4125001,4128000,48141.0126335912,12792.9508608513,6911.4925600573,1232.1406361697,1811.0964056668
1377,"N3",4128001,4131000,48201.6309718294,12627.7484080357,7751.160143581,1292.2472185388,1822.0241260052
1378,"N1",4131001,4134000,40320.7131548814,38572.8822308711,10678.5550610605,2119.0177029377,2949.6934483358
1379,"N3",4134001,4137000,111210.288986461,34852.501925287,8838.0437237508,1794.4476286554,1937.8182271504
1380,"N3",4137001,4140000,815422.233819479,27638.901938677,16308.6531084924,4496.4459022527,12591.1492227408
1381,"N3",4140001,4143000,120535.630064131,38751.0146567221,15780.0795857316,2523.8918499987,5146.993820485
1382,"N3",4143001,4146000,64878.1785644364,14681.6361617158,5948.8919073068,1533.0090400632,2416.8018599972
1383,"N1",4146001,4149000,76087.7204124288,21518.1232792398,26938.117962747,3229.0645074618,9503.6285836713
1384,"N1",4149001,4152000,39763.9177115987,39107.6123125078,14766.4499027714,2110.1225769855,2581.1877927809
1385,"REM",4152001,4155000,32349.0876158839,33092.4326390059,13647.6093762641,1630.9105866022,2039.7410542822
1386,"N3",4155001,4158000,39698.7889184932,17913.0682873662,4900.7668355463,1241.575000139,2001.7000367084
1387,"N3",4158001,4161000,112007.563416496,16031.66976135,5058.9272213361,1641.8544329792,1873.6681117056
1388,"N3",4161001,4164000,131721.478459296,38199.7202329457,7323.164899221,2216.2533852025,2455.3752858583
1389,"N3",4164001,4167000,129325.686507904,20891.6107631786,4680.919412167,1878.3987718368,1620.6314935498
1390,"N3",4167001,4170000,95655.9590465386,17797.5697567802,4801.1611296913,3068.6731218052,1432.8889809248
1391,"N3",4170001,4173000,117847.925282033,19811.875613479,4740.1400988122,3422.570136696,1342.1098904138
1392,"N3",4173001,4176000,129980.09358686,17987.618978926,7527.3257959486,5024.7469814246,1449.7209322358
1393,"N3",4176001,4179000,154905.826072959,35033.4947684738,5897.3762073285,3636.0300209181,1423.7547808997
1394,"N3",4179001,4182000,87439.2652781563,13368.0045038011,4558.5177167891,2157.6111149358,1140.6200109652
1395,"N3",4182001,4185000,99121.7532569885,16094.293291865,6757.7196225421,4377.9447569676,1417.7061834041
1396,"N3",4185001,4188000,119986.300622834,16206.788013886,5954.7586779066,4313.1533213675,1298.8733005275
1397,"N3",4188001,4191000,131862.238247752,17766.5228874411,5927.0148235727,3835.2645878103,1214.1467980342
1398,"N3",4191001,4194000,193385.625027818,27149.1730832269,9476.0611291433,3710.9166720656,1558.0390136636
1399,"N3",4194001,4197000,161919.730553207,18827.9051522772,5803.3188319604,3399.8519531969,1463.0581452929
1400,"N3",4197001,4200000,112598.401819698,16001.753042203,6901.8854248978,5380.5874469404,1362.910223195
1401,"N3",4200001,4203000,113448.577333268,17731.9417829404,8458.0551316446,4379.0403161062,1389.3963669884
1402,"N3",4203001,4206000,152019.280202213,19845.1169008308,4911.419684902,1986.3067528727,1420.4673089845
1403,"N3",4206001,4209000,214111.827807048,20829.6948696759,5891.2697363581,2854.7036512261,1394.3962188022
1404,"N3",4209001,4212000,96435.3533110771,20027.9967165202,8746.0018042397,5812.9110230131,1304.0211163129
1405,"N3",4212001,4215000,131049.500413087,17834.7225601475,6028.8849150695,4235.3078078436,1308.5557965827
1406,"N3",4215001,4218000,173938.662342638,21994.1714392986,5674.0407355486,3013.2668613007,1168.2494540053
1407,"N3",4218001,4221000,252790.003684889,24514.9700995566,5905.6867073455,2895.9170022473,1143.6311597901
1408,"N3",4221001,4224000,227597.31625012,32949.6258749626,8208.2735060512,3739.1987569919,1487.3111846426
1409,"N3",4224001,4227000,328692.46454058,33923.3422886589,11189.3741442687,3708.1243990696,3646.729827178
1410,"N3",4227001,4230000,297935.94816558,30101.1417566516,7695.3337049856,3357.0446601546,1765.847884167
1411,"N3",4230001,4233000,225445.648474241,22225.4210302873,5958.0217629365,1848.1908625825,1644.7229715868
1412,"N3",4233001,4236000,192580.342716568,20848.961938827,6424.7438486652,3868.6804427882,1828.6745688773
1413,"N3",4236001,4239000,121140.444655132,17272.7601252748,8827.6472740345,6463.6846944409,1510.9528346145
1414,"N3",4239001,4242000,149319.823125932,13430.6779907114,8223.9321236216,6095.3183499464,1437.7325465539
1415,"N3",4242001,4245000,173378.347119296,35614.5112637227,8011.1309209711,2452.2072512868,1961.2651517834
1416,"N3",4245001,4248000,136192.421005707,25729.9610055491,6115.3977542517,1896.5383605863,1768.4720545875
1417,"N3",4248001,4251000,97016.7879972479,30012.857845123,6936.6434792123,2564.2450986717,6672.553596775
1418,"N3",4251001,4254000,107339.721691833,20252.4299043212,9951.4296059208,4912.8487817464,2427.5165430743
1419,"N3",4254001,4257000,81978.1909774913,22961.9374211847,9769.188371604,1786.4327343991,1916.7131511919
1420,"N3",4257001,4260000,92403.0902220714,15444.2973289891,7535.1347627455,5291.6353547018,1475.5648346107
1421,"N3",4260001,4263000,125401.868419085,20025.2416153627,8779.192353371,7302.0661478277,1714.4143203214
1422,"N3",4263001,4266000,171525.569081737,21139.2120750856,10140.7412148912,7522.4343245386,1555.9437578492
1423,"N3",4266001,4269000,157063.903156323,17422.9503027912,5973.5339755189,3665.0209598326,1213.4281258666
1424,"N3",4269001,4272000,157667.181732957,15621.0711761766,7369.8258706948,5210.7641940346,1289.1154673223
1425,"N3",4272001,4275000,129343.907937516,19956.3791325105,7927.30183582,4734.8220557239,1212.2376807009
1426,"N3",4275001,4278000,186068.482440814,16395.6673307344,6259.4903258874,3056.0922668484,1233.0572553227
1427,"N3",4278001,4281000,154308.597993099,25839.6022982722,9161.9128994763,5827.9983779946,1295.5396454134
1428,"N3",4281001,4284000,196340.709851655,22451.1424096579,7880.8014106648,4170.3460063491,1128.263467078
1429,"N3",4284001,4287000,208084.444025016,29701.7866431811,8638.6678039028,4079.238239657,1337.7965149934
1430,"N3",4287001,4290000,622019.809794233,34717.5719983099,7392.9761845758,2405.6596825318,1445.1832556723
1431,"N3",4290001,4293000,215837.923828784,23619.7820186009,7107.3167358189,4289.7530439574,1573.3769965441
1432,"N3",4293001,4296000,164044.828554354,26231.7694063147,7866.182980337,6289.907873901,1286.7058058739
1433,"N3",4296001,4299000,161152.465857709,20673.3743598612,7217.7970239415,4649.2413573683,1328.5301211982
1434,"N3",4299001,4302000,310447.579900198,29985.9979720325,11019.3517331004,4198.206660034,1482.103680331
1435,"N3",4302001,4305000,148107.07361189,23730.0729284634,10521.9347084145,6682.7022879784,1264.0985070477
1436,"N3",4305001,4308000,124297.197609667,19249.4057317479,10681.1529809506,7068.168572387,1373.8161195775
1437,"N3",4308001,4311000,217310.811199676,25986.5214462018,9942.1915417731,4866.7189892711,1282.6481676452
1438,"N3",4311001,4314000,160191.883527599,23913.9467034969,8892.3639228913,5075.6856741352,1247.0972604332
1439,"N3",4314001,4317000,207239.206016595,26746.2127281487,11094.4969954463,5200.2313537994,1233.4712109881
1440,"N3",4317001,4320000,187783.1004511,26236.2452392423,11255.9194968832,5954.6391400079,1172.7329531214
1441,"N3",4320001,4323000,257156.579051736,26069.3749856746,13509.1957433236,8347.2233704037,1063.0112954985
1442,"N3",4323001,4326000,305679.216389974,27988.8681990301,9221.1013436588,4575.6679049913,1154.1254320121
1443,"N3",4326001,4329000,331594.287386781,30168.3159608267,9389.8388391934,4015.6041258657,1188.3654715273
1444,"N3",4329001,4332000,553073.283935094,37580.6694184316,8903.8127882309,3378.2808852689,1247.3554319382
1445,"N3",4332001,4335000,369399.570034528,37892.7007564379,7966.5190130844,4567.070296039,1137.5133454236
1446,"N3",4335001,4338000,491605.417045059,46530.5494232499,10641.6709784925,3779.967504321,1089.8905930892
1447,"N3",4338001,4341000,398080.255711993,34467.8927792293,6712.7111648655,2226.025654189,1038.1806132677
1448,"N3",4341001,4344000,409633.824752716,35542.6322555497,7735.0631874401,3816.204063829,1120.3974703774
1449,"N3",4344001,4347000,559537.48303848,36351.8356318409,7649.5157312138,3653.8814603876,1068.9093087362
1450,"N3",4347001,4350000,434791.946843558,41734.8972030568,10116.1956459573,3011.5522127833,1053.4476172445
1451,"N3",4350001,4353000,515083.95055302,30817.6551970286,8186.5291531099,4119.0672129402,1524.1406175437
1452,"N3",4353001,4356000,489382.875368224,32614.6090028679,10125.4995898744,4079.692821332,1601.4278863276
1453,"N3",4356001,4359000,531253.442306815,38100.3220545592,10502.7744019605,3366.3619079189,1405.7470842344
1454,"N3",4359001,4362000,706610.029359667,40038.0649732398,9346.0385818114,3613.1314169007,1377.1889575418
1455,"N3",4362001,4365000,817370.434296206,47321.1964681744,10446.7887648539,4143.1110051087,1036.5611849145
1456,"N3",4365001,4368000,833490.430674264,36460.6858324649,8598.6640123652,3439.3530776603,961.1507524129
1457,"N3",4368001,4371000,793035.085423382,47396.2438166296,14628.4638279252,3260.3128545479,5902.6778854144
1458,"N3",4371001,4374000,343140.969756611,24047.5597661273,5446.2214735282,1967.9056396201,1208.9203928891
1459,"N3",4374001,4377000,283484.179978508,28184.0612933422,8906.3373766832,7807.2689327097,1319.4248545715
1460,"N3",4377001,4380000,280969.972231702,32742.8601061032,7517.399886037,4148.0783139977,1283.2895425456
1461,"N3",4380001,4383000,286839.243802244,32153.8262795883,9451.9768609352,4340.5110966239,1145.8722864105
1462,"N3",4383001,4386000,331750.409214469,29527.6348380842,7123.4061986704,3904.060690532,1196.5892855318
1463,"N3",4386001,4389000,324006.307291067,29494.1713034896,11019.1912016269,6502.7076444058,1299.120644624
1464,"N3",4389001,4392000,331134.118566973,24575.5953452442,10295.3696533354,6155.7669789107,1113.781902484
1465,"N3",4392001,4395000,510197.108423494,39630.1851558208,8693.4158650603,3430.2192929016,1164.1199580635
1466,"N3",4395001,4398000,645771.230149385,41693.6172248066,8074.2243973323,4152.990894971,999.2715847092
1467,"N3",4398001,4401000,484127.424922344,30044.6766466601,8355.3458912091,4821.1131224772,1374.080273126
1468,"N3",4401001,4404000,986045.437144308,32123.1209506951,7771.9250200447,2422.5069258103,2040.8656362776
1469,"N3",4404001,4407000,753740.577936521,43037.9393136639,7802.0806365437,3804.2185853625,1353.6113352145
1470,"N3",4407001,4410000,473627.431346406,28667.5389283374,6391.630914264,3244.7254605751,1049.7123605712
1471,"N3",4410001,4413000,608801.734306125,30192.1520808461,9194.7935166145,5112.0090354135,1019.5158508361
1472,"N3",4413001,4416000,557649.202011404,31986.9432736885,8167.3173914206,4112.7392942596,986.5620667724
1473,"N3",4416001,4419000,728203.659333709,34892.2594013169,9777.8501120912,4213.4901729694,1148.8147502875
1474,"N3",4419001,4422000,628776.497270494,43248.0161651284,9384.2476896644,3510.7257321384,1048.4041664052
1475,"N3",4422001,4425000,710670.608585025,36502.1606138137,7440.339759864,3114.0929130834,979.7149889107
1476,"N3",4425001,4428000,829134.377700833,32371.8135845585,8267.9385344828,4341.457126535,979.3555928667
1477,"N3",4428001,4431000,800661.348621278,34532.7952336504,9848.1272512481,3482.5530593983,1206.2699621903
1478,"N3",4431001,4434000,1096710.22087304,37119.1971396012,9484.7431415106,3131.0602334607,1135.1098753709
1479,"N3",4434001,4437000,764516.522358522,40488.2230672868,9856.2850311199,5221.2371742864,1158.1642062222
1480,"N3",4437001,4440000,1151022.48730414,39330.1482417015,5982.3571853043,1843.3509823093,1171.7613597996
1481,"N3",4440001,4443000,471262.130415718,31976.9090633509,5934.4150925866,2767.9372812276,1097.8951338034
1482,"N3",4443001,4446000,1051787.5658904,43746.5252144702,16397.818985008,8123.5327426855,13254.1145256821
1483,"N3",4446001,4449000,547082.718758534,41241.3733420131,8608.895604404,2363.505051653,1609.7185516253
1484,"N3",4449001,4452000,465112.117692051,32657.478342461,6953.7399743642,2805.9515829912,1396.1150698684
1485,"N3",4452001,4455000,149047.542453502,30255.5667935203,7682.4644503749,5426.0503032677,1372.8183108243
1486,"N3",4455001,4458000,234501.263519291,34803.2120627449,11712.7564159539,9284.7703383721,1435.4853419222
1487,"N3",4458001,4461000,359307.493516002,39148.9440199744,10391.0192974416,5672.9756299008,1166.9047551253
1488,"N3",4461001,4464000,529581.376465977,39884.5921894606,7013.8980949791,3540.66933022,1216.3098237425
1489,"N3",4464001,4467000,433245.568720496,59091.8961667114,9430.3097488365,3890.0073510027,1840.7943122159
1490,"N3",4467001,4470000,614900.850038308,75853.3404189986,13774.7843728498,3634.7549066971,1856.1039134125
1491,"N3",4470001,4473000,230134.287008767,49498.0368498281,12002.1097186809,2144.6506693205,1870.6665856285
1492,"N3",4473001,4476000,121436.609354465,47002.934269056,9065.8750632609,1601.4474640753,1857.2922850726
1493,"N3",4476001,4479000,57109.2434685445,23734.1399004816,9196.5996481726,1361.4754923328,1776.684566905
1494,"N3",4479001,4482000,59427.7623889336,20847.5654495745,8593.2901529582,1427.2336782324,1500.6085314673
1495,"N3",4482001,4485000,72197.7116169556,24525.1994128771,7794.6474775745,1569.390198101,1986.6818460073
1496,"N3",4485001,4488000,72800.4767906382,18968.3462165848,9329.6334557164,1277.1695552709,2377.4458927669
1497,"N3",4488001,4491000,50954.2051337052,17348.9020906545,12506.4706466385,1201.9584674402,2051.6234770111
1498,"N3",4491001,4494000,44646.1951243253,17531.5430813766,12376.3345543582,1240.6262943871,1786.7254910056
1499,"N1",4494001,4497000,63450.4217100433,32254.035890163,11935.5882936232,3326.310060962,6260.7766567646
1500,"N1",4497001,4500000,60544.9502379537,40236.1676949191,11392.9019846184,2515.649482171,3939.8128194511
1501,"N3",4500001,4503000,79947.2149819038,31134.504901948,9066.5718182952,1703.978558864,3397.1813909979
1502,"N3",4503001,4506000,47562.2918765496,22175.2471012664,9658.27119367,1648.0592874598,2205.304621856
1503,"N3",4506001,4509000,38643.5672096981,16601.8185153111,7454.9326205677,1303.8751082859,1473.1750402797
1504,"N3",4509001,4512000,70207.4373787164,17274.1664054691,6533.1441796376,1241.6906127579,1444.2924019385
1505,"N3",4512001,4515000,50846.4011254067,16665.7518560595,6268.8062079086,1104.8835553763,1413.7921177055
1506,"N3",4515001,4518000,43692.7893247457,10475.9186440896,4683.0591748866,1077.7920443712,1412.6969689058
1507,"N3",4518001,4521000,44547.5040400344,12678.3295696427,6204.530436727,1284.4597891154,1673.3807591102
1508,"N3",4521001,4524000,51248.89336049,11629.8098082284,6955.6441823954,1290.7214290097,1629.3776078917
1509,"N3",4524001,4527000,46729.0421942904,18430.8453839318,9340.803932496,1286.0837737957,1853.0579474665
1510,"N3",4527001,4530000,52988.4534712527,19061.8552315132,8474.3104815831,1638.9796829041,1913.2416851802
1511,"N3",4530001,4533000,31054.5628348427,13993.6412280802,5288.2560315752,1129.6287937208,1624.858470638
1512,"N3",4533001,4536000,49400.8404775382,11095.4813578855,4562.7728110126,1247.8540852449,1651.7190582518
1513,"N3",4536001,4539000,56410.543909478,24172.2974807705,10068.8873107998,1580.6345594657,1840.1785085907
1514,"N3",4539001,4542000,51653.0051946034,15104.0592000222,6511.2638160118,1558.5307594995,1822.5932297883
1515,"N3",4542001,4545000,113853.932288609,19461.0096674513,9072.4043531257,1456.4539107197,1790.6259710175
1516,"N3",4545001,4548000,48217.4487318121,10781.3814669435,6794.7618741108,1237.692119251,1674.0859266864
1517,"N3",4548001,4551000,51311.9077000952,11349.8256413745,6656.508943542,1355.4271172767,2091.3184230754
1518,"N1",4551001,4554000,405360.84882872,35675.255394987,14510.5057898358,3668.8333788238,10232.6603080673
1519,"N1",4554001,4557000,40904.9566264733,35584.8888743468,24583.9986042943,1964.4485450252,3055.285575075
1520,"N3",4557001,4560000,42154.9716845534,24183.5023463219,13909.4953160306,2085.4119347185,2427.4111796383
1521,"N3",4560001,4563000,45454.1836204634,21029.678329461,11263.2991515075,1815.9459331173,2345.03392029
1522,"N3",4563001,4566000,485743.984747462,31519.9634952503,20649.0274060184,4920.4470182195,14572.2338757162
1523,"N3",4566001,4569000,622024.213567975,36263.5777676892,15265.1900272821,6824.1976739355,22370.5512443527
1524,"N3",4569001,4572000,583842.486025056,46002.7529899358,11102.7097749341,4807.430300413,11956.5599403722
1525,"N3",4572001,4575000,479812.651567391,25690.9868379787,8830.3670573903,3359.1286471216,7859.3124759275
1526,"N3",4575001,4578000,471644.202794628,33313.4909468796,10097.9316690353,3667.1524913424,10770.2756306985
1527,"N3",4578001,4581000,434924.994648294,24457.2407437562,8955.8202670721,3679.1989366412,9754.6822603861
1528,"N1",4581001,4584000,661265.593185203,24404.0483655937,25818.2107420916,2774.9934201444,7338.5892973037
1529,"N1",4584001,4587000,53804.7941564612,23947.4885139085,23165.978595763,2004.10936219,2853.4978102746
1530,"N1",4587001,4590000,28682.3695146681,45632.7751829556,28119.0808063926,1983.7757973132,2884.8327697341
1531,"REM",4590001,4593000,38451.7123089848,52238.7780687689,18848.4331806077,2081.6357760155,2533.0116856472
1532,"N1",4593001,4596000,30322.2953097847,33696.3489197538,30000.3375577396,2244.7313251832,2570.2534055394
1533,"REM",4596001,4599000,33891.1711746375,41499.6627494894,19919.2831646959,2407.1345515365,2665.8553294931
1534,"N1",4599001,4602000,32324.2574923588,31824.8973279698,34735.7739911344,2037.9986791681,2778.6550711081
1535,"N1",4602001,4605000,43269.2267274409,29989.8604324869,23703.9828836176,2395.9372927853,2448.1089162322
1536,"N1",4605001,4608000,24263.4220433854,20424.896171317,20342.6320549368,1367.8715941203,2213.1153203324
1537,"N1",4608001,4611000,32798.6866909182,22373.5791741582,19381.594939199,1689.9909339796,2653.3456197029
1538,"N1",4611001,4614000,33675.1513396707,23763.0514469812,15668.5530249947,1695.8065962257,2149.9896234396
1539,"N3",4614001,4617000,34701.551613242,17549.734613253,8034.2328363936,1637.9437728239,2072.5240747993
1540,"N1",4617001,4620000,36095.9872123966,27197.6138082208,9021.6879971377,2348.359139752,2322.9034067675
1541,"N1",4620001,4623000,46627.5202196192,14803.2137780094,29900.1233248659,2146.8856652198,5099.3768732568
1542,"N1",4623001,4626000,40335.271618891,31523.4749478706,29484.0707896115,2200.4677232018,2690.0390551379
1543,"N3",4626001,4629000,38961.1080869739,19996.58678542,14380.7171362943,1533.7753491834,1901.6788020256
1544,"N3",4629001,4632000,39098.7393090084,17730.2425171632,7525.7324232836,1824.9895593515,2304.0385381477
1545,"N3",4632001,4635000,41743.772870559,16812.0310474866,7373.8202977957,1357.0785413958,1971.1592058278
1546,"N3",4635001,4638000,76970.14307803,17060.9130132045,3414.4582558322,1171.1441636276,1633.0464181536
1547,"N3",4638001,4641000,113069.613509587,21740.4093992916,4062.3389616135,1374.0402762926,1763.9616429332
1548,"N3",4641001,4644000,106285.350842338,25243.8365993935,9809.8259197855,2433.9357693526,2336.6652234331
1549,"N3",4644001,4647000,73103.4811490942,15769.8999841419,4074.4349998076,1666.2824638756,1574.435998985
1550,"N3",4647001,4650000,147138.548058748,20799.4808356788,5772.8584550488,2134.1596185247,1806.6658205692
1551,"N3",4650001,4653000,73841.7272987783,17962.2828698256,4653.9999245278,1295.0137993432,1609.5927383581
1552,"N3",4653001,4656000,134076.397853777,15748.1226743857,4468.510145622,2413.5428645499,1750.9432044398
1553,"N3",4656001,4659000,110583.140747802,23641.5443697601,5903.6933842686,2486.2511903807,2047.6573970927
1554,"N3",4659001,4662000,129037.171521281,20279.4192536752,8402.4091371924,5364.338073697,1979.3671669174
1555,"N3",4662001,4665000,96412.9550492185,20696.6359101043,6251.9928582268,5535.7000084539,2337.4272424087
1556,"N3",4665001,4668000,136645.436310171,18574.9965364658,4882.3501251348,3511.767287198,1735.7151768847
1557,"N3",4668001,4671000,83983.4299018274,18001.8256105928,5426.9591125249,1874.3320672325,1626.8813384611
1558,"N3",4671001,4674000,140479.919585913,28072.8498126848,7326.9796400274,7478.3609439652,2074.2499731359
1559,"N3",4674001,4677000,109005.562680332,16071.6819320092,8451.3664821762,3357.9162478984,4917.1716625522
1560,"N3",4677001,4680000,108338.395347279,19209.0193527631,5561.6375119828,1995.474027964,2286.1782746493
1561,"N3",4680001,4683000,94441.6448347654,24135.8015547714,4986.1215101486,3622.9622898059,1694.3448032825
1562,"N3",4683001,4686000,92684.9638484129,17673.1002163438,6237.3509290861,5868.5839958659,1582.879490293
1563,"N3",4686001,4689000,162625.320392797,26541.2857486576,6653.2788287442,7817.5794922702,1547.7800127901
1564,"N3",4689001,4692000,81549.6454549129,21866.1559720454,7971.5915483834,6551.1315801634,1634.4694277758
1565,"N3",4692001,4695000,110771.374508467,18518.0797669554,8116.8273071188,6424.6668646195,1416.6516684358
1566,"N3",4695001,4698000,116504.422224102,18802.4924333492,5518.0084129145,4020.9910130743,1491.9345030654
1567,"N3",4698001,4701000,98922.5205726323,21843.8465363795,7401.814403987,4503.1882381253,1440.0187150286
1568,"N3",4701001,4704000,107238.69081527,23683.6921442551,10034.6440858703,7584.1409650959,1636.9445391642
1569,"N3",4704001,4707000,144237.784020711,27062.3887799197,7561.2575948885,5742.3688147821,1608.9012281016
1570,"N1",4707001,4710000,252478.065076226,20345.3317007126,32705.4263183938,4583.2428145164,14695.0673561246
1571,"N1",4710001,4713000,41022.0591872406,20776.7576260513,15000.0336117042,1696.8241923305,2670.3523461976
1572,"N3",4713001,4716000,79348.0280890534,11893.2751316333,4222.2467892867,1301.2565487104,1790.5636264731
1573,"N3",4716001,4719000,199039.295211911,22204.6524968407,6259.4845111354,3603.4192298855,1468.5817730751
1574,"N3",4719001,4722000,172813.080983362,17740.6812222983,10397.6919123509,8052.6144892688,1584.1500246617
1575,"N3",4722001,4725000,76422.2853084716,18561.4482815782,4934.9909571517,1901.7661529076,2023.9471764771
1576,"N3",4725001,4728000,106491.965753186,18752.1065826037,6045.7565177966,4417.2668980033,1502.0230694376
1577,"N3",4728001,4731000,97228.2931035087,16661.9178924899,10906.9150449261,10017.0886194388,1537.0168503155
1578,"N3",4731001,4734000,137675.421498703,21632.454124517,7440.4818941324,5472.002677409,1455.6561906293
1579,"N3",4734001,4737000,140812.967534778,22880.152266886,6689.35627864,5551.6442747955,1387.5725748766
1580,"N3",4737001,4740000,103254.300793127,15896.0630060003,6373.6710270637,5643.4446462921,1265.5264784377
1581,"N3",4740001,4743000,115942.580853,21392.7508186972,7979.0513612927,4382.3067985149,1349.4414828977
1582,"N3",4743001,4746000,136652.688859687,18796.3070249608,7600.4690984356,5077.604849649,1666.3651206173
1583,"N3",4746001,4749000,135747.57280567,23629.3953090485,6431.8819543889,4510.7222270279,1264.6609121804
1584,"N3",4749001,4752000,196827.730738113,26206.2586674749,7432.7410238616,5899.4051151026,1603.9518338064
1585,"N3",4752001,4755000,234541.455156053,29862.5458864952,10972.2412820115,7694.2909895376,1272.4904534443
1586,"N3",4755001,4758000,181016.172132181,29640.7151118305,11268.7300881374,8825.9332853478,1301.9723243805
1587,"N3",4758001,4761000,175587.19064927,29342.0073127267,10220.036690552,6522.6377679283,1294.0519608479
1588,"N3",4761001,4764000,213395.678699591,23576.7855422883,6600.7576653046,3554.6052093396,1462.36796136
1589,"N3",4764001,4767000,180274.636115584,24944.7011987804,13183.9130196132,6641.8322714934,2968.4088836708
1590,"N3",4767001,4770000,151748.806532177,27121.5386089054,4504.9102657389,1911.3872295702,1912.5634373389
1591,"N3",4770001,4773000,182435.614755587,32776.6853684484,9417.4725332622,7059.7109955652,1766.1339156947
1592,"N3",4773001,4776000,223952.731925661,22364.6344558785,9995.0707967186,4498.9973664515,1454.4945707934
1593,"N3",4776001,4779000,130200.904112119,25223.3079451466,6083.0195643386,2506.1511950273,1993.4108693035
1594,"N3",4779001,4782000,128720.4556827,21041.9234113198,7283.5332796881,6959.1373726178,1114.396944465
1595,"N3",4782001,4785000,177731.279764447,24523.4065507126,8399.0296366845,5904.6775849783,1429.3039933888
1596,"N3",4785001,4788000,165995.26567277,30157.6643633289,10339.0366741364,5828.5098474892,1340.0806342955
1597,"N3",4788001,4791000,209481.670958143,41908.3540767283,12596.0400161295,3450.0214236591,2077.2459610542
1598,"N3",4791001,4794000,160190.345366748,20864.6241683755,7459.839045239,7058.3231788505,1411.621514084
1599,"N3",4794001,4797000,229969.090583311,22363.3744331918,9325.9197540608,8477.7696160329,1452.1799899816
1600,"N3",4797001,4800000,148794.949317071,22062.4489064131,7751.1291731113,7686.7716674042,1392.2431376424
1601,"N3",4800001,4803000,216545.87059091,31260.9054163627,9465.1935426183,7958.3480332469,1246.1166972195
1602,"N3",4803001,4806000,177498.317011589,25284.9314037587,7204.0265475789,3206.2171388984,1326.8678816961
1603,"N3",4806001,4809000,235671.659511013,34447.9890722355,8859.0648879736,4762.7715203533,1380.6928764444
1604,"N3",4809001,4812000,216760.68879067,34142.4549378029,11386.3539467523,7709.5344286188,1112.2430150359
1605,"N3",4812001,4815000,163335.506023838,23253.6410469583,8238.884194394,4902.9193103869,1484.0816475467
1606,"N3",4815001,4818000,520365.204185344,41941.5555019413,9313.993061043,4927.8686603044,1761.1221668337
1607,"N3",4818001,4821000,262891.413229851,32809.7721406822,8987.9217783729,5462.0423799059,1559.8780075243
1608,"N3",4821001,4824000,414360.338473249,33883.8054529652,7928.9481468262,2516.0480280574,1186.1952632872
1609,"N3",4824001,4827000,405996.413503122,35119.3579527902,6913.0370559266,2982.9622040614,1268.7238877521
1610,"N3",4827001,4830000,324681.37468233,31413.2072807418,7773.0809105821,4041.5372981845,1304.6447384095
1611,"N3",4830001,4833000,279400.428573395,27568.7270708528,8366.0672545484,5739.2639930507,1257.9142615334
1612,"N3",4833001,4836000,304982.751412165,35316.3876832717,12131.500521112,6905.8138189094,1281.7600929278
1613,"N3",4836001,4839000,236215.003176654,34370.3206537041,7612.416448101,4663.3773617162,1190.9482811113
1614,"N3",4839001,4842000,374946.51613713,34397.347783968,9242.3226176678,6679.1398589769,1201.2407893643
1615,"N3",4842001,4845000,530738.03733437,37060.5712411141,9238.3332220792,4486.3960742496,1243.7611302116
1616,"N3",4845001,4848000,553408.983256279,29894.7498661799,7703.5382971313,4560.1582080934,1120.4179095585
1617,"N3",4848001,4851000,290839.198234277,30122.7121450131,6407.6258725358,2346.3992295764,1111.4686696671
1618,"N3",4851001,4854000,334062.361815336,31193.8950656616,8792.000083133,6081.7262544684,1137.2717494462
1619,"N3",4854001,4857000,449087.185093447,36808.8724428817,9371.7460545806,4911.3825488524,1111.6759480639
1620,"N3",4857001,4860000,435681.337104027,34441.560544614,8194.7939454862,5419.9119536438,1095.0970768353
1621,"N3",4860001,4863000,390194.545387333,36833.3531841159,9677.4189642056,5112.5379429974,1176.9475533895
1622,"N3",4863001,4866000,361555.533175373,32677.8129103161,9564.7146319526,3601.9055825601,1129.726177097
1623,"N3",4866001,4869000,681397.731232527,32713.9909073059,7875.5356536216,4462.1292148069,1056.7627025759
1624,"N3",4869001,4872000,602889.595119433,37140.4625222971,8422.0229806244,3786.1793435428,1075.5412049527
1625,"N3",4872001,4875000,918773.027415474,33849.0946314954,10798.8536724024,4908.116788057,5247.7154399324
1626,"N3",4875001,4878000,487982.336083956,47333.4040721892,8904.265835849,3955.2483593232,5219.7419227391
1627,"N3",4878001,4881000,340217.624785348,44326.3783817287,8440.9700092419,3100.7247086009,1908.0988291296
1628,"N3",4881001,4884000,282434.008549289,29933.006925426,5689.5318446417,2002.1202827395,1725.2407337811
1629,"N3",4884001,4887000,167359.231249851,26042.0692383581,7291.8835078507,5507.0093023061,1622.0587910422
1630,"N3",4887001,4890000,251877.043884151,29042.8482321752,7595.4944415029,4666.0122292526,1894.4811768005
1631,"N3",4890001,4893000,338123.632923344,33572.7949047488,9559.2233388187,7444.4820683491,1582.9046831018
1632,"N3",4893001,4896000,188815.269610347,42245.3260147486,8340.2813980457,2963.5416380202,1863.9346912428
1633,"N3",4896001,4899000,298624.201666469,31692.126338146,6672.7821453268,3531.4974021142,1579.9489922777
1634,"N3",4899001,4902000,316344.729651356,43480.4586246542,8184.4343503389,2913.5374064369,1548.8545187981
1635,"N3",4902001,4905000,156991.866465812,26607.5080972463,5910.3335637715,1969.0920020521,1571.4347884655
1636,"N3",4905001,4908000,149842.038066423,28239.5677474539,5651.2205032898,2035.5157551831,1701.7079096084
1637,"N3",4908001,4911000,137092.756801367,32919.4353142371,7587.8955685746,1784.7821781295,1798.4250784735
1638,"N3",4911001,4914000,74028.1544237566,19837.3348541493,6774.8625843972,1631.1343983232,1859.5846063735
1639,"N3",4914001,4917000,73127.5699507798,28525.9173441775,15616.46530247,2530.8748215114,4892.8718561803
1640,"N3",4917001,4920000,68546.123219979,21870.024854796,8721.3383008807,1578.1346215585,1824.2452977403
1641,"N3",4920001,4923000,54116.7830467606,17453.6705154244,7127.5431207578,1337.5035893667,1675.6280802888
1642,"N3",4923001,4926000,55540.206387692,15413.0064061748,6556.5250917242,1415.3893456341,1472.7610799486
1643,"N3",4926001,4929000,63592.020996936,15567.2221562344,7009.5094543131,1390.8558256342,1537.1871735088
1644,"N3",4929001,4932000,52396.818931062,15566.2511444105,5708.8744175058,1140.1781197798,1720.8357718551
1645,"N3",4932001,4935000,85778.3632810051,20912.4456893009,7457.6111636173,1374.0911575432,1838.9943058784
1646,"N3",4935001,4938000,40219.0452086907,11047.2368273775,6059.3675889139,1037.760162546,1565.1311196573
1647,"N3",4938001,4941000,49062.4473835276,17958.7659236801,7411.3194654756,1080.0465423973,1832.4550735947
1648,"N3",4941001,4944000,46066.8953418335,11935.9991821445,7043.8438246786,1539.4223161695,2167.8315648904
1649,"N3",4944001,4947000,53646.6490376909,16402.2871807514,7438.1802191441,1357.357636569,1885.8169082014
1650,"N3",4947001,4950000,81295.5475138139,15122.2623482121,7544.068676277,1202.7508252605,1744.6418834526
1651,"N3",4950001,4953000,60293.9812468109,12601.518429393,5389.8420542828,1322.9294299532,1730.1021550007
1652,"N3",4953001,4956000,49182.5552065892,16746.7581300851,6414.4864728989,1455.7722648609,1725.1730019338
1653,"N3",4956001,4959000,40310.492950614,11772.2656327923,7005.3919714451,1184.861108045,1593.6630512895
1654,"N3",4959001,4962000,41773.6833634997,11490.6200161587,4974.4647574467,1178.9364567185,1562.983951389
1655,"N3",4962001,4965000,55037.3360397789,13370.00262382,6282.6325811924,1345.007745832,1997.7292931845
1656,"N3",4965001,4968000,64756.1068999066,13593.0691997122,7593.9154711123,1413.3233551514,1767.0240129067
1657,"N3",4968001,4971000,40173.5167572229,12269.3616212712,7675.7030882547,1282.1051932943,1683.8548971189
1658,"N3",4971001,4974000,31504.4076413479,11840.7854483158,8140.8570124489,908.2833868449,1596.5114951709
1659,"N3",4974001,4977000,65949.9692254973,18928.7944524808,10844.1764234914,2506.0574236189,4540.0057281441
1660,"N1",4977001,4980000,42745.3026241577,16102.4392933085,8456.5331862169,1241.3475802996,1610.0438458885
1661,"N3",4980001,4983000,37763.3047704492,12851.4114929795,5727.1321393051,1315.1433100886,1901.1086689857
1662,"N3",4983001,4986000,35668.1745826033,13852.4239331408,5299.1915717521,1111.3131468618,1863.0309743338
1663,"N3",4986001,4989000,62597.6445229186,16260.8793767661,8548.4136250518,1953.5571547777,2193.9547518865
1664,"N3",4989001,4992000,30238.0909651873,12242.0591091241,7539.1433806277,1238.1917378024,1627.1034306561
1665,"N3",4992001,4995000,42301.5309656741,17803.3751449222,6020.0191761231,1251.1436278495,1719.9520945515
1666,"N3",4995001,4998000,44543.9442170411,20099.5806125061,9088.6131781185,1268.9636002555,1760.4854648321
1667,"N3",4998001,5001000,50459.4814865804,17046.2681493913,6424.8778250984,1278.8058129702,1579.2970754354
1668,"N3",5001001,5004000,110360.935448171,12180.2844936868,6042.9531383148,1143.2775854704,1793.0070459638
1669,"N3",5004001,5007000,43485.2563702706,11177.3002747046,7528.9697064398,1386.9644584183,1998.0782688661
1670,"N3",5007001,5010000,41935.8585686213,11217.1378761387,9222.4480843845,1342.416626192,1918.660649223
1671,"N3",5010001,5013000,40433.1823014894,16524.6973921003,8718.6162967814,1746.7874289819,1821.8406988163
1672,"N3",5013001,5016000,53459.4141986694,10216.2024078844,7238.6729741945,1262.8738061334,1859.9504550451
1673,"N1",5016001,5019000,153948.572461615,14303.841783828,9504.1250497319,3088.2354995747,7522.7208825815
1674,"N3",5019001,5022000,80358.9323879133,36368.7415121248,13688.9293554498,3101.7041551756,6458.1456303838
1675,"N3",5022001,5025000,40558.5683547858,10849.1260430631,4817.3874502111,1538.0470628988,2170.8249119823
1676,"N3",5025001,5028000,40991.7582757404,11314.8278109844,3732.7295035998,1322.5322644836,1782.3461393202
1677,"N3",5028001,5031000,47266.1367111933,14839.4364352577,5934.6212626437,1408.8039176839,1715.2268478722
1678,"N3",5031001,5034000,44999.9405263001,17467.5243756967,6692.0141860165,1149.5970857526,1684.2546578714
1679,"N3",5034001,5037000,42475.4817478323,15770.0758768358,9208.8526474877,1370.3431104405,2494.1059864805
1680,"N3",5037001,5040000,51813.9544077226,25291.6583888453,10253.2743295749,1766.4641758546,2381.3179796851
1681,"N3",5040001,5043000,107930.683624432,22441.0713798583,9731.1239551415,1901.2916914725,2649.7407671183
1682,"N3",5043001,5046000,34449.5835778952,15286.6986872016,5018.4380385113,1472.2243541154,1946.7143237457
1683,"N3",5046001,5049000,46560.4749235888,19432.9927730494,5576.112666058,1512.259030001,1723.733475427
1684,"N3",5049001,5052000,45450.8180812064,12492.8332948355,3600.0121994175,1169.1530964956,1880.0665038809
1685,"N3",5052001,5055000,42466.706768105,11823.0591753022,3772.0620772375,1291.009941438,1758.1299358669
1686,"N3",5055001,5058000,75207.5217314034,24997.9424854463,7538.3526884666,1642.4700152115,1943.5563554518
1687,"N3",5058001,5061000,33043.2247082155,13660.7279391542,10816.0229582926,1585.8301697085,2283.0385855668
1688,"N1",5061001,5064000,372022.267434494,20455.686304837,9320.8049810071,3145.5235875177,8396.9876416379
1689,"N1",5064001,5067000,1389479.92251432,33406.4662495206,27335.5042723657,6493.4086862121,20467.4808803482
1690,"N1",5067001,5070000,101129.305584682,29033.7528710967,26487.84703893,2067.5575915558,3554.6628890894
1691,"N1",5070001,5073000,36393.4870961609,41891.0949933505,27001.5064483036,2160.0117215538,2873.7079065581
1692,"N1",5073001,5076000,232795.584665518,28651.4838983035,29791.8915220476,4289.0629397301,8032.0513214819
1693,"N1",5076001,5079000,176249.748516641,22939.9604454795,13888.4326033485,2206.4063983337,5627.2774439952
1694,"N1",5079001,5082000,474652.445219916,15927.4440315194,18567.8243815205,2746.9350645809,6711.5982342756
1695,"N3",5082001,5085000,468817.30081805,22439.0868568203,10563.2031830972,1495.1471368535,3109.3459748916
1696,"N3",5085001,5088000,252917.806212323,23504.7269777492,11916.8818178423,1579.8782260397,2981.8767400286
1697,"N3",5088001,5091000,66597.5461805342,28538.1888687157,20272.8214407021,1568.111721576,2014.1470669123
1698,"N1",5091001,5094000,35398.9073071051,25248.9258260831,29471.1403170727,2017.4627553474,2422.2545057742
1699,"N1",5094001,5097000,45113.3444438164,38496.7508928037,22120.8200113742,1835.9883435598,2222.7433527242
1700,"N1",5097001,5100000,29382.2376016076,21111.6286427019,24877.2389307741,1461.5794852087,2454.9238768522
1701,"N1",5100001,5103000,29154.5848066279,29822.7885762614,25991.715091232,1930.9143414319,2034.4973658833
1702,"N1",5103001,5106000,36251.9909448883,35872.0325348269,23601.3973623558,1924.8738337987,2166.2260858617
1703,"REM",5106001,5109000,27960.842561234,30723.3778539179,15405.2445399858,1934.143611528,2688.2852904501
1704,"N3",5109001,5112000,181722.029183668,21586.1502574237,26222.0084541921,4021.4643101368,12729.5579223074
1705,"N1",5112001,5115000,31590.4477126191,29060.0361633085,22823.5898825943,2419.6349954865,4578.9644163436
1706,"N1",5115001,5118000,29571.1192425537,18264.03430786,11678.6146018065,2037.1277991681,4262.4367986528
1707,"N1",5118001,5121000,32154.2943622541,15970.3162682587,9093.6718359374,1708.2189202703,4111.7996629181
1708,"N3",5121001,5124000,97349.276581094,13654.2608261021,7737.731574295,1990.1344132616,3508.155465244
1709,"N1",5124001,5127000,806244.043785009,21723.8164790451,18996.5291868132,3866.6527476278,13555.8409633195
1710,"N1",5127001,5130000,136718.626087616,20854.7152135188,21571.0117831029,2237.0227362799,6834.7423061447
1711,"N3",5130001,5133000,173279.749242417,23052.2085008425,19213.4208125022,2702.7769164061,11307.3925126342
1712,"N3",5133001,5136000,317980.500943272,17767.7977044901,10212.0861741573,2595.8237356665,6441.687220401
1713,"N3",5136001,5139000,412561.926615854,22410.3710833826,9582.6536752299,2100.5880055752,5499.5879947581
1714,"N3",5139001,5142000,215850.364648832,18705.0099637223,23129.9263207261,3203.1154967549,9838.7132915244
1715,"N1",5142001,5145000,691609.155418706,27082.2557349753,16851.5362124098,3228.670520304,10228.3700797334
1716,"N1",5145001,5148000,320357.22346984,22986.9883983901,30324.5804127703,2278.8884991899,6635.3896299778
1717,"N3",5148001,5151000,535483.554850042,27237.9619062886,19318.2095324585,2311.3046626724,4814.8692196564
1718,"N1",5151001,5154000,63221.6506803587,20857.1133572355,31341.5167406417,1855.5310108283,3862.10772648
1719,"N1",5154001,5157000,33359.1707103856,19533.202840373,17565.4106110201,1896.3956570911,2506.3518259027
1720,"N3",5157001,5160000,150673.59144901,22682.2543219672,20431.0178262887,2008.7665347749,2955.6540125274
1721,"N3",5160001,5163000,419954.006434618,29972.7583269766,8022.3974274301,2051.1395992798,4219.0063072825
1722,"N3",5163001,5166000,718197.982246048,40320.7123225311,10223.5137420092,2266.9982522481,3459.862408554
1723,"N3",5166001,5169000,501980.619301055,22102.6383133311,25637.0776717956,2483.6211533572,6293.152257135
1724,"N3",5169001,5172000,594545.141756888,29335.8820634029,11550.3297877799,3209.1180554354,8133.8581034802
1725,"N3",5172001,5175000,435207.098619175,24303.3062354026,16919.6698554693,2493.3837911031,6514.784606858
1726,"N3",5175001,5178000,175150.327081888,22873.5768532201,24697.2131434659,1771.2238849734,2995.344077532
1727,"N3",5178001,5181000,113357.637506193,17293.9289764152,26107.9248658163,1608.4526311412,3421.0692563784
1728,"N3",5181001,5184000,202854.910136914,19138.0446932908,14430.6271641837,1293.7266629796,2387.8209047041
1729,"N1",5184001,5187000,48894.7163477832,13357.2457301297,30546.0069441702,1621.2172618224,2695.87913428
1730,"N1",5187001,5190000,37423.7499390244,29218.1451607531,28551.3027926765,2070.2403948424,3546.4995701693
1731,"N1",5190001,5193000,95838.8031299788,21114.1399950789,28600.575537915,1573.2298144213,2829.0444065846
1732,"N1",5193001,5196000,624519.980086924,15836.3320269308,9582.8875778823,2588.3941032542,7806.6037157312
1733,"N3",5196001,5199000,621001.82033352,36462.751111191,8565.2590159585,2587.1484567896,7719.1140694402
1734,"N3",5199001,5202000,200509.167299188,19073.4021775887,6840.3670883899,1455.2815239271,3028.4090618132
1735,"N3",5202001,5205000,242556.094414294,26604.1288519744,7903.9557957197,1615.1713039383,2888.7631102493
1736,"N1",5205001,5208000,52614.500617243,26948.1207304696,28982.5228364337,1925.1500680784,2965.3215065184
1737,"N1",5208001,5211000,30003.9880730171,22526.1508658329,16497.1110571844,1252.7289879049,2077.0887830868
1738,"N1",5211001,5214000,24907.1873794168,15100.2282066592,10107.2570124691,1060.0584532171,1882.4699184554
1739,"N3",5214001,5217000,29039.9243067684,13416.8322071556,6530.7880345032,1056.8741461834,2011.1909799568
1740,"N3",5217001,5220000,41797.988703364,10235.7593072025,4155.2065180956,1250.8183055694,1643.1862315599
1741,"N3",5220001,5223000,95851.1232106495,15998.2034650475,26008.8471220384,1919.6976938475,3884.9426084654
1742,"N3",5223001,5226000,68150.1570346639,12005.0166584237,10014.3684292474,1179.4939596187,2469.1086743552
1743,"N1",5226001,5229000,204863.984795969,12392.0569202451,23395.764715717,2056.9722444648,5953.0812808138
1744,"N1",5229001,5232000,38852.9113929758,30070.337933814,29699.0963209404,1500.4313519944,2587.1246982554
1745,"N1",5232001,5235000,35221.8741563599,33498.3721213846,31225.157126573,1701.120122477,2414.3245830733
1746,"N1",5235001,5238000,38061.6894307109,35633.1718711476,33486.7493213718,2166.3302623077,2404.4710921197
1747,"N3",5238001,5241000,51770.6487195044,24268.3563976573,19205.3976962273,1600.8883138565,1973.5666115054
1748,"N1",5241001,5244000,39324.5180021935,21211.9703326213,22230.1523422476,1658.6815354251,2241.8647719061
1749,"N3",5244001,5247000,130513.787954112,10775.4803802522,9864.6998198559,831.8696424412,1708.4736886946
1750,"N3",5247001,5250000,135212.230382841,14787.7339925828,26421.1012538454,1495.8965230082,3543.6756240595
1751,"N1",5250001,5253000,109312.332866405,17526.2493852744,20577.0068471311,1586.5220760506,3931.8386931411
1752,"N1",5253001,5256000,21626.1883863042,17550.3270519682,9439.5539281788,1770.3613189215,2891.6432381169
1753,"N1",5256001,5259000,408247.732678836,17062.04230929,17540.7808533977,2133.4878121988,5749.7849257233
1754,"N1",5259001,5262000,75073.5623528495,16624.5247467327,31553.5761653932,1539.8316780212,3580.7073030731
1755,"N3",5262001,5265000,53821.766728982,18625.1121068413,19039.7978862196,1498.1104695591,3411.1513304712
1756,"N3",5265001,5268000,74234.0799668779,16556.6540594082,17508.9278546897,1591.7817975204,3484.7799096167
1757,"N3",5268001,5271000,295798.186194067,14551.3316471226,10116.1002425781,2358.1377751941,6004.1547790052
1758,"N3",5271001,5274000,239152.431179692,14784.5891625648,11900.6222407515,3461.0712723431,10253.2026240284
1759,"N1",5274001,5277000,469464.38180866,18690.0078164692,7733.2643034839,2268.1228935277,7010.9705352316
1760,"N1",5277001,5280000,534083.489692234,33866.6784404901,11687.355772539,3461.6242779542,9832.1287129169
1761,"N1",5280001,5283000,256920.499520064,27512.5638743126,15298.7516202373,3263.0588242905,10527.2563194631
1762,"N3",5283001,5286000,209667.573018458,24239.7705370519,5413.7371102894,2167.1678077561,5400.9700591743
1763,"N3",5286001,5289000,287672.976354561,26677.5531376774,5751.4835595383,1966.5924618401,5309.2673529682
1764,"N3",5289001,5292000,250395.977568363,20390.5837156401,7372.5510055011,2732.5786093098,9629.1155062435
1765,"N1",5292001,5295000,369816.406114455,26118.1031613782,11123.0647817149,3596.5982171398,8658.0038616207
1766,"N3",5295001,5298000,107617.314293787,13524.9834037238,6525.2167384356,1601.9867029235,4159.7243742066
1767,"N1",5298001,5301000,281592.491461913,17145.4767381181,6264.672010021,2160.5413850998,6492.0916013706
1768,"N3",5301001,5304000,289823.528094042,18008.1936232917,6045.9950486127,2099.3514353904,3941.9442257769
1769,"N3",5304001,5307000,314716.635375411,17144.2144437272,9521.02211478,2980.650461575,7720.2823637664
1770,"N3",5307001,5310000,117391.906746382,13099.294298543,14754.6365872137,1315.3907952467,2728.5172264232
1771,"N3",5310001,5313000,97428.6958186528,11236.9676685517,4651.7360229328,1680.881468373,4052.7442699318
1772,"N3",5313001,5316000,66779.3275464636,15439.0847931586,10836.6839641973,1144.6180119645,1832.7225168379
1773,"N3",5316001,5319000,101623.191078939,14487.9261265382,5696.1169300081,1293.4390053365,2372.68208879
1774,"N3",5319001,5322000,161691.219241589,19574.2976922171,6594.9768449572,1465.0023836967,3216.6746716882
1775,"N3",5322001,5325000,120446.838424114,11683.8264693239,4920.4465091869,1865.1696387129,4452.9797447412
1776,"N3",5325001,5328000,304140.688154511,15690.4795037401,5465.0651931595,1416.2334412515,2714.8834691273
1777,"N3",5328001,5331000,221007.997184224,20301.8904066062,5832.2519764417,1298.267919631,2421.3555545454
1778,"N3",5331001,5334000,345325.908098184,18290.3683764821,8261.3741331305,2285.1766614183,5339.2666665838
1779,"N3",5334001,5337000,334703.347488191,14573.5323875433,9635.4769677289,2641.1960978448,8460.8920387966
1780,"N3",5337001,5340000,187541.501805168,18106.0347096554,10132.6979079449,4627.1572102838,14597.3100411504
1781,"N3",5340001,5343000,390403.411037832,30277.0929455255,9983.8400918069,5054.7105885961,14685.0827066346
1782,"N3",5343001,5346000,122819.948751913,15965.7168208841,6790.1638485011,3445.8558319014,10161.3803770361
1783,"N3",5346001,5349000,173301.010582454,21376.2424009474,11073.4893456561,6425.1283547148,22118.9487690039
1784,"N3",5349001,5352000,407764.477624291,31505.7416503883,9705.5555826202,5265.1256624971,13185.5720337304
1785,"N3",5352001,5355000,473220.052170941,38512.1214910229,10498.9465904052,6310.863110418,14166.4261457918
1786,"N3",5355001,5358000,185372.186985612,19724.7621638175,10059.7002973914,5759.5081034527,15993.3724133731
1787,"N1",5358001,5361000,257686.870204434,24247.5067874002,11795.931300148,5394.3733290732,17705.838827231
1788,"N1",5361001,5364000,170545.47454835,29807.7174816516,8801.3030024294,5045.6880862497,12826.4339765873
1789,"N3",5364001,5367000,355733.908152508,40406.1867079591,11467.3449845088,4266.5407169902,11783.3021490659
1790,"N3",5367001,5370000,222080.672819047,26416.0403687399,8943.6515745488,4535.6094060752,14057.5167010067
1791,"N3",5370001,5373000,277726.769576867,25704.4905825319,10948.1135796799,5448.8869646852,20120.9230628234
1792,"N3",5373001,5376000,450724.673177352,50859.6391588107,10413.7575753512,4497.855988351,11850.7264430853
1793,"N1",5376001,5379000,279649.273172769,27022.2411297501,9151.7551136873,4112.2433795433,13081.8113657279
1794,"N1",5379001,5382000,344304.449264745,38565.8606334651,10447.7187229082,4791.7260057812,16155.9823755183
1795,"N3",5382001,5385000,514081.741272475,28552.9600190745,10318.804292865,5748.0024718949,14402.8117946122
1796,"N3",5385001,5388000,353693.93152217,19762.9121084748,8114.4633926729,3593.4100338624,9716.2483070518
1797,"N3",5388001,5391000,234083.393110229,21753.842285607,10586.2455889146,6326.1805637377,17679.0622508007
1798,"N3",5391001,5394000,397791.471358532,20454.3432541717,8469.6011521791,4221.1302917647,11159.5321144717
1799,"N3",5394001,5397000,348293.313358593,30242.2264271043,9320.6106046713,4591.5806876864,12189.1850018237
1800,"N3",5397001,5400000,115908.079903667,12546.4796490071,5520.9917355609,3354.1966875568,10024.6012711367
1801,"N3",5400001,5403000,168978.453273277,32872.6739438366,7198.3233113937,4508.6260049935,11778.74321773
1802,"N3",5403001,5406000,158621.68812352,16735.3827422679,6102.4528905861,3927.660634106,11066.1153779133
1803,"N3",5406001,5409000,177561.890514601,25401.7188373369,8061.4536758448,3903.9947023487,11054.4758337845
1804,"N3",5409001,5412000,255831.901325512,33175.5695084272,11454.3784314966,5432.2835711454,15562.0888887544
1805,"N3",5412001,5415000,333104.262655585,37317.6234634588,10643.8339366604,5267.9991932978,12409.4995167466
1806,"N3",5415001,5418000,334254.331321321,39449.369009221,11655.186387787,5420.7699528328,13393.5694562739
1807,"N1",5418001,5421000,183040.177926362,20373.5484069885,8019.1373488874,3978.578060403,12370.8284418864
1808,"N1",5421001,5424000,229538.721346003,17407.3599433468,7545.3092822788,3710.2596803759,11184.9233833259
1809,"N1",5424001,5427000,106972.285845982,15960.4248644096,5670.1630836264,2418.0881927084,6606.4088912209
1810,"N1",5427001,5430000,90599.7053880875,13947.8131808582,5859.670438194,2651.92318591,5853.3493317857
1811,"N1",5430001,5433000,234467.412683664,23511.0963768219,8732.9660368188,3829.0069619405,9821.835460605
1812,"N3",5433001,5436000,483220.667164149,35881.7100187595,10485.9683844898,4458.3862432188,13744.7048753192
1813,"N3",5436001,5439000,200797.017001729,15162.7531297365,7008.9246611209,3848.2958729472,10253.1004908395
1814,"N3",5439001,5442000,269842.447512384,30124.4777332451,11757.8305317711,5455.1546175189,15219.897206466
1815,"N3",5442001,5445000,123684.033610919,15402.1249140624,5528.0018454679,2615.439548021,6283.2049349776
1816,"N3",5445001,5448000,261721.926233155,23829.4448511401,7879.4278062196,4077.2698663382,13200.4156400849
1817,"N3",5448001,5451000,205487.004633914,20220.3181333147,6626.957174628,3289.881192169,9117.7525950559
1818,"N1",5451001,5454000,222290.132360121,25493.5365134925,7704.0638685515,3481.5535461068,8914.3241798187
1819,"N1",5454001,5457000,193590.492140985,22495.2270642519,8122.8404042242,4230.0205968046,11336.7892059567
1820,"N1",5457001,5460000,94812.026076516,15385.3748564777,7539.5313084003,4621.022351101,14832.3936664077
1821,"N3",5460001,5463000,117592.750739179,16373.7850227035,5442.2112488528,3810.0932695932,10843.9802141404
1822,"N1",5463001,5466000,322755.970707204,35961.7113077071,11255.3136880941,4836.4697926427,11802.3407504897
1823,"N3",5466001,5469000,244274.547581024,34677.3473493062,10108.8802919539,5956.0965569636,15883.2360850382
1824,"N3",5469001,5472000,280793.079243356,19881.7679514457,6428.128946668,3670.3699579347,11250.7310634171
1825,"N1",5472001,5475000,333092.718245497,28190.7930215747,11434.8715701917,4988.7571767312,16454.1844363298
1826,"N3",5475001,5478000,352273.772621264,36355.4909336432,11733.3338424637,5716.8457404016,17113.4671204576
1827,"N3",5478001,5481000,496910.864118719,35115.0738422885,13969.66656078,6312.8825726269,16359.2589664737
1828,"N3",5481001,5484000,271787.002230041,30225.3092651934,10436.5374188956,4478.5082748447,13616.9460268043
1829,"N1",5484001,5487000,536625.115142766,43479.7669417807,14141.9701766011,8945.9242664079,34322.8346817068
1830,"N3",5487001,5490000,644866.094543456,40319.7940552415,13555.1743814878,7043.087990614,23225.4337050205
1831,"N3",5490001,5493000,486456.082109333,50164.870355556,10375.7693731633,4887.7511273807,11190.4080746848
1832,"N3",5493001,5496000,455169.239940923,33250.7678163457,10237.2467109257,4672.2146398967,11932.3733341565
1833,"N3",5496001,5499000,566113.395144856,25815.670479229,8101.0764417006,4075.251129675,9504.430084198
1834,"N3",5499001,5502000,230728.051694624,35326.085742037,9027.1577139152,4371.0154723347,10228.4931372973
1835,"N3",5502001,5505000,390447.894305788,29732.4385071518,8780.0752641825,4694.9585069193,11750.4086280419
1836,"N3",5505001,5508000,458191.618703065,35310.6731891455,10746.7872364845,4381.4045504228,11984.7696991525
1837,"N3",5508001,5511000,315886.003029171,35060.3219627123,12175.3211268162,5959.7953128785,16866.1654665955
1838,"N3",5511001,5514000,266898.800229225,29842.2646929961,10774.4511425499,5535.8959756144,15986.935631248
1839,"N3",5514001,5517000,754860.056558088,52632.8403162833,16530.3736286904,7840.0635821382,20996.9579457433
1840,"N3",5517001,5520000,518629.920149337,59372.2054611807,14471.6108366955,8857.4066499043,21905.76398691
1841,"N3",5520001,5523000,378325.659350389,38042.7802189992,17120.2211548311,9034.9601955944,25546.3005737102
1842,"N3",5523001,5526000,726519.893845885,53568.3804581701,10772.4986251954,4208.6577391432,10515.4435871488
1843,"N3",5526001,5529000,237150.734385333,20601.739818113,5269.3921457338,2615.0043628049,6824.2271515993
1844,"N3",5529001,5532000,363801.922843207,24228.5683164305,9907.6637149266,4939.3396446598,13144.5430146712
1845,"N3",5532001,5535000,497525.358837045,37137.4432717744,10914.1245729744,4591.424628113,13673.0521805113
1846,"N3",5535001,5538000,156408.358126258,28698.0138152095,8011.3051694708,3555.1425447571,10494.4121978896
1847,"N3",5538001,5541000,515001.199857004,30409.5848523738,9070.143358317,4379.01422855,11657.4750032037
1848,"N3",5541001,5544000,328952.479685462,39459.6491815465,10756.5994978309,4227.9532026668,10920.8700245368
1849,"N3",5544001,5547000,442624.630553991,36214.442333845,11555.4726596444,5419.3451936765,15675.0782134254
1850,"N1",5547001,5550000,272106.6089043,24145.4011666809,10330.1582921004,5236.625789105,12627.694775316
1851,"N3",5550001,5553000,243226.517707703,20728.3318266866,7028.4544328784,3481.057749436,9658.6365864662
1852,"N3",5553001,5556000,205453.143358957,22423.2745768426,9616.7484231281,6227.4110019203,17327.7212295053
1853,"N3",5556001,5559000,246311.12126809,27669.9429304941,9807.2309719369,3784.3953239059,9937.463570054
1854,"N3",5559001,5562000,302332.291435294,24478.450460824,8708.7980570285,4129.4056704195,8174.6042084418
1855,"N3",5562001,5565000,104746.42570156,12251.3641856927,5727.8100947222,2660.6777476769,5917.8773421783
1856,"N1",5565001,5568000,106369.637089695,16606.1882495232,5564.4783891967,3188.1596367715,9193.5607740306
1857,"N3",5568001,5571000,296609.192166183,22083.3146059781,8271.5696634417,3329.9988215884,9868.3183081547
1858,"N3",5571001,5574000,306360.089282566,28572.6964281982,9415.6249893803,4067.5726397091,13915.840385934
1859,"N3",5574001,5577000,203191.466893282,15636.0371417868,6288.6456809191,3059.6383079848,7813.4846880068
1860,"N3",5577001,5580000,549027.678791845,62431.5677025081,11725.4489785036,4806.1352919979,14262.4202085634
1861,"N3",5580001,5583000,506530.245569507,31411.0196536926,10164.4449159553,5228.1469844111,16034.6478945728
1862,"N3",5583001,5586000,413325.67569157,38291.4664610324,13425.9163308867,10314.0073116236,22099.1793809998
1863,"N3",5586001,5589000,410250.548337957,35791.3000400217,10733.7884005041,4850.5484726876,9541.3041470059
1864,"N3",5589001,5592000,626421.749563019,45052.2063728673,13460.5337655446,6189.3149083834,16829.7338042156
1865,"N1",5592001,5595000,378472.71529473,38292.1933008938,11886.6160969516,5540.2753964757,15917.8926861216
1866,"N3",5595001,5598000,577483.131473714,40141.0793270684,13251.1199539106,6102.4429410244,15508.3038510495
1867,"N3",5598001,5601000,403413.168076521,37265.6976790651,10655.416525684,5318.6787640867,17139.3799065349
1868,"N3",5601001,5604000,500542.029501085,36922.1152415145,10594.5254780367,5180.5667454864,13785.5353760955
1869,"N3",5604001,5607000,485353.808706688,22710.4274787885,11634.5533407491,5604.3338977176,15777.0775979129
1870,"N1",5607001,5610000,524700.178989744,35915.5741986476,13217.6305916107,6022.3859536308,15704.2281305401
1871,"N3",5610001,5613000,386556.919925175,28867.9186902973,11025.3279257169,5379.9442166409,14811.6906623446
1872,"N3",5613001,5616000,445346.70398552,32112.9506289427,10579.7864697259,5069.7956595627,12865.2219830938
1873,"N1",5616001,5619000,303615.476615429,28686.9282048037,10532.618914794,6181.4244404164,18830.0424707365
1874,"N1",5619001,5622000,338252.80757196,31435.3032060097,9378.8293210754,5966.1751254964,17188.5243097678
1875,"N1",5622001,5625000,126167.48021666,18669.9785977449,6842.6193599737,4116.7086374827,12236.1341307489
1876,"N3",5625001,5628000,536627.590397568,39229.362220143,13733.1274048174,6240.6249337102,15062.5701557289
1877,"N3",5628001,5631000,376411.111791578,39311.3407613756,16139.0746120649,8008.2857264848,23248.3058702268
1878,"N3",5631001,5634000,468037.66652289,38261.6537744568,9254.8197605006,4815.0957869003,12936.8486930218
1879,"N1",5634001,5637000,290163.432006326,29638.1807180395,11422.0942912557,6773.8620003458,19322.1832569718
1880,"N3",5637001,5640000,434246.617672918,27430.8573753683,11320.1779746825,5110.5473550252,13101.0305090659
1881,"N3",5640001,5643000,331587.54694169,33896.9931707558,11727.2288719861,6685.0517513196,19399.5605684396
1882,"N3",5643001,5646000,261500.288747935,22832.386508708,9096.150891464,4395.7211587763,11850.3556630038
1883,"N3",5646001,5649000,280915.370301485,21826.765230268,10325.1948396263,5001.6514833431,15938.6563495546
1884,"N1",5649001,5652000,244499.174673293,22676.6112111934,10216.1380793631,4653.2117082693,11676.9909288962
1885,"N3",5652001,5655000,356156.239152375,25050.8883816298,8602.0571593517,4298.4840577478,15803.7131625303
1886,"N3",5655001,5658000,201732.573580892,20231.0685080539,7681.8688059817,3813.8273766323,11294.5125015905
1887,"N3",5658001,5661000,334749.962402163,29584.2893363656,11754.766752296,5104.2360060662,16149.5122736556
1888,"N3",5661001,5664000,223366.207099362,22196.6123331233,7826.0833354006,3626.0234888883,11083.0486695631
1889,"N3",5664001,5667000,343877.855665852,27556.3244546975,9576.6761879982,3833.4295463504,11526.1742610927
1890,"N3",5667001,5670000,207092.400855052,41834.5067264785,10640.7989065327,4623.9206803395,11769.9878125548
1891,"N3",5670001,5673000,493402.100722262,42725.3696643551,14875.4068213979,6791.1833679546,19837.4983523088
1892,"N3",5673001,5676000,564623.577969997,32301.1987089883,10341.9491942706,5576.6702421079,14683.4902683008
1893,"N3",5676001,5679000,534890.699366524,41876.9901085311,12819.9146096953,5264.2543027379,14893.4999091396
1894,"N3",5679001,5682000,494030.20313057,39133.8542313362,18269.7157641922,8278.5814709859,29083.523856487
1895,"N1",5682001,5685000,389980.230204973,50983.7231625693,13200.8210221609,7043.8963528089,20312.1387531778
1896,"N3",5685001,5688000,253702.653655459,21166.6295610298,9721.9111061472,6092.2426981258,15439.8635865732
1897,"N3",5688001,5691000,172169.175533683,19588.4767196124,7734.6220511349,4017.4102019961,9848.6732862219
1898,"N1",5691001,5694000,497933.25940769,43809.0953332965,16802.4017976211,8995.361499482,25077.7969928955
1899,"N3",5694001,5697000,468105.54093063,52021.1495259927,17561.1164531612,7837.8292788258,24784.325161012
1900,"N3",5697001,5700000,516571.090287703,56086.1864075574,15631.6561271032,7825.6890220657,18472.1352613057
1901,"N3",5700001,5703000,449551.583205464,29137.5587570708,7078.6144480338,3209.2963951261,7360.2730446608
1902,"N3",5703001,5706000,231643.768649362,20058.1533525553,6230.0586423061,2672.3325373193,5513.0487188778
1903,"N3",5706001,5709000,534775.449145015,25288.671571494,8919.59259603,3886.4064853414,9156.7965067054
1904,"N3",5709001,5712000,222210.870882566,21596.355902612,6731.4639777696,3504.5725847104,8445.8798765697
1905,"N3",5712001,5715000,348970.608490336,31437.841205148,9434.4401617125,4288.8391113882,10960.472442882
1906,"N3",5715001,5718000,663297.872328055,44010.1143419686,16091.2352049775,8516.093855013,25174.3780335547
1907,"N3",5718001,5721000,512181.912364104,30021.3535621332,14926.5457076775,7887.1410752191,25971.3544260256
1908,"N3",5721001,5724000,450547.519892682,34065.6738603145,12722.2732337642,7075.7673105823,20845.3246060124
1909,"N3",5724001,5727000,453347.87177139,42291.0210414601,15398.3550490133,8858.549709009,25110.1002451042
1910,"N3",5727001,5730000,592211.721811356,45200.9609579523,16166.2381499329,9426.9022529668,24067.9249228379
1911,"N3",5730001,5733000,385666.37577461,39191.3282853348,13020.8158256626,5601.0248449094,14904.3667960874
1912,"N3",5733001,5736000,476495.323282915,36075.9615215903,9372.05430306,4659.3450242648,10604.8300557299
1913,"N3",5736001,5739000,346279.188052507,26874.8235072731,7133.1870227751,3235.1727603148,7478.6662366198
1914,"N1",5739001,5742000,104940.062825835,13517.6091668183,6904.8049240164,3794.706818269,11226.8351947069
1915,"N3",5742001,5745000,352878.180911956,35356.2231950156,11945.8771514056,5431.9095737763,15398.1172696546
1916,"N3",5745001,5748000,289555.577057848,29684.6372542679,8737.5909950391,4156.6085287166,12498.0828343092
1917,"N1",5748001,5751000,194039.965182695,20244.3583848603,7610.9317174845,3787.7306097935,8684.4887955383
1918,"N3",5751001,5754000,176762.109022378,18392.6316451561,7326.2075686252,3504.7746228548,8276.8051401678
1919,"N3",5754001,5757000,311248.761700472,26093.81705183,9130.3291369587,3846.4950809692,10119.1342611371
1920,"N3",5757001,5760000,375216.40957247,37119.6849459878,12230.2488859937,6474.1599566957,15920.6762779121
1921,"N3",5760001,5763000,305039.534227024,27650.323733893,10160.7082693274,4487.8180311539,13333.3102668503
1922,"N3",5763001,5766000,334455.045021327,27159.5885534516,10311.6612017519,4870.1740590793,12111.9762823348
1923,"N3",5766001,5769000,292133.496643986,25322.9577330283,8617.008698098,4555.3238974397,13192.9848569493
1924,"N3",5769001,5772000,245223.274634937,21880.3980337225,9730.9542576879,3921.1509114368,12251.4493989235
1925,"N3",5772001,5775000,111349.157122154,18397.2764654274,6381.2876025155,3441.8022295448,9889.6553770256
1926,"N3",5775001,5778000,228491.222904879,16400.5255409251,7598.4251173798,4061.3636680397,11924.7548070088
1927,"N3",5778001,5781000,155220.300855974,22999.1028524852,7338.1753960744,4109.0391573239,10646.9725357132
1928,"N3",5781001,5784000,314831.299828294,22145.9299061657,7067.7513753542,3334.5717545292,10652.2119434043
1929,"N3",5784001,5787000,336011.877247582,25383.9537612102,9146.7879941678,4285.898077869,11790.262449112
1930,"N3",5787001,5790000,291273.117439736,34190.3738533459,10651.7638814213,4978.318882739,18887.9302766698
1931,"N1",5790001,5793000,399907.28212207,34472.3056911202,13546.452843504,7251.3168802632,24837.6746496649
1932,"N3",5793001,5796000,591931.495105066,37478.5390640286,12892.0663446814,6951.1378886864,17143.5640215118
1933,"N3",5796001,5799000,306426.482970863,32091.2827476569,14193.680893121,7017.9571144326,19684.5133424834
1934,"N3",5799001,5802000,390706.252214226,41518.7883377223,14068.470022401,6883.4758472749,21022.8501409996
1935,"N3",5802001,5805000,109387.359404856,13630.540901911,5038.6324200345,3030.9120076665,8137.5941287219
1936,"N3",5805001,5808000,305339.014266192,24456.9963224233,8113.9575236606,4134.0940452519,10097.4799857215
1937,"N3",5808001,5811000,98702.8331665858,10634.0599555455,5300.6242569302,2881.7412611643,9608.3563001016
1938,"N3",5811001,5814000,170577.380974435,13078.3758452626,5840.0104725109,3044.2554655748,9019.1030138163
1939,"N3",5814001,5817000,124151.519244034,13964.6293069983,4721.9833157512,2723.0137349193,8160.188952687
1940,"N3",5817001,5820000,176174.434603104,19180.868604407,5115.9909705883,2897.1671861139,8040.4237634548
1941,"N3",5820001,5823000,600759.54017712,44651.5546120584,16430.0034205069,6541.1144438713,16221.7657546598
1942,"N3",5823001,5826000,402125.308388999,34796.5382131387,15696.1922943112,7353.5818001605,20561.0863323758
1943,"N3",5826001,5829000,310883.344353542,31247.3379874278,8176.5393610675,3874.7579748696,12720.1925836253
1944,"N3",5829001,5832000,247571.052763053,19891.5076239753,8244.5255621917,4171.3076131358,10994.2124212951
1945,"N3",5832001,5835000,174201.685559487,23496.469496623,8665.4550878495,4219.2839998438,11750.0274153921
1946,"N3",5835001,5838000,355685.71686671,37034.2819383907,11893.123646816,6607.4855314386,18755.5161955479
1947,"N3",5838001,5841000,245878.318498767,28974.5373763284,10350.5331977671,5532.8151517663,16498.2904919744
1948,"N3",5841001,5844000,528242.488513659,40319.0030303714,13907.770144928,7223.6034161915,22896.9477429696
1949,"N3",5844001,5847000,299443.853148719,37867.9153985722,13153.8625635145,7615.7248475864,21038.9889164968
1950,"N3",5847001,5850000,559899.532696036,40637.2689118449,13297.1309068842,6969.5996329133,18749.1545101967
1951,"N3",5850001,5853000,324123.085235245,23008.4148084697,9294.5326536297,5257.1917686743,16279.7418738932
1952,"N3",5853001,5856000,375213.205835455,22599.4674825309,14861.8540219486,8784.0108663947,28431.3225183965
1953,"N3",5856001,5859000,454901.519924234,31645.0290273659,14137.386563985,8301.3220390559,21081.8726141429
1954,"N3",5859001,5862000,414402.402752847,35462.9513976779,11783.0583585521,5206.9486074682,16272.189727523
1955,"N3",5862001,5865000,244989.543465348,24516.7141703217,8144.1891449375,3861.9543848865,9637.1721737265
1956,"N3",5865001,5868000,267665.510590471,24897.8148999136,10948.2290396729,5198.3570705181,13270.5540067369
1957,"N3",5868001,5871000,247605.463948336,28358.3890908261,8743.9449724577,4229.4259608898,11188.7333197567
1958,"N3",5871001,5874000,221188.080501917,25035.2794365643,7077.3052622184,4569.7529500623,13288.0894649957
1959,"N3",5874001,5877000,93158.4565391188,14581.8610264729,5088.1249198866,2397.0783816927,7530.7933957279
1960,"N3",5877001,5880000,269518.385002561,16437.1143160991,8140.4215121621,4325.9639584511,12101.0082108981
1961,"N3",5880001,5883000,330156.386455714,34102.0860429635,10348.412349943,5036.5421457873,13724.1699030974
1962,"N3",5883001,5886000,314850.202164612,37419.5719139449,10351.3246614992,5068.8689861665,13815.8087117387
1963,"N3",5886001,5889000,438501.272526673,43226.116255798,13776.4705731384,6752.019089091,16546.9110495158
1964,"N3",5889001,5892000,342511.323242186,36668.6059424369,9486.924995572,5066.3716848397,17137.5976560542
1965,"N3",5892001,5895000,273009.192468465,29826.885434239,9377.0729260912,5061.7593770119,16706.9068100389
1966,"N3",5895001,5898000,159179.958679519,17916.4971291212,7645.9839118515,3950.6692207672,12312.6444261006
1967,"N3",5898001,5901000,76160.0068598351,13677.9983226815,6812.2970492279,3621.2349638492,11846.9485276434
1968,"N3",5901001,5904000,218698.304755259,20319.8700843729,7839.342029439,4284.6324941234,14062.7343373997
1969,"N3",5904001,5907000,236948.027939943,20941.1421173913,10045.3239775323,6539.4229068554,21712.6606623297
1970,"N3",5907001,5910000,282834.766367884,25576.888993716,9826.4574238524,5548.6441217761,17195.0357898641
1971,"N1",5910001,5913000,53671.7642569729,13948.38636968,6966.4213678215,3877.9879493478,13702.112649415
1972,"N3",5913001,5916000,150317.773429431,16678.7208669406,7744.7557044438,4862.926013083,15001.0630808313
1973,"N3",5916001,5919000,267799.538935672,30618.9962207994,9389.4763687168,5733.7701511048,19203.6792400947
1974,"N3",5919001,5922000,183242.23141372,23821.0797656886,10266.2842886397,6632.7751399286,16961.9753269815
1975,"N3",5922001,5925000,265812.795513108,40344.1297606915,16435.1339158868,7298.2803940623,16914.5431840875
1976,"N3",5925001,5928000,432645.312433897,41788.4918479144,11411.1487894446,6663.6936909822,16039.1917349135
1977,"N3",5928001,5931000,81308.6125194316,16935.5305422226,7286.2845679256,4282.0293148512,12191.5875446207
1978,"N3",5931001,5934000,101001.772649848,16049.3065965313,8462.427973858,4294.2154031885,12217.1131637125
1979,"N1",5934001,5937000,136922.819757649,17353.5916890929,7177.8530399073,3648.7486734099,10183.1347790557
1980,"N3",5937001,5940000,266531.978193808,21703.7937303439,8955.959620129,4996.2723872317,14223.899778545
1981,"N3",5940001,5943000,286868.216092472,32128.8319905549,11076.8307213269,6194.268091337,16071.4793452789
1982,"N3",5943001,5946000,97955.5501199877,11385.5895241635,6321.2128649506,3350.1445923231,10412.061636976
1983,"N1",5946001,5949000,172793.66419047,20516.6680174675,9910.3313295457,5144.331065914,15186.8037911691
1984,"N3",5949001,5952000,467081.722286718,32509.0947901881,13747.4123931352,7389.3239406307,20437.5464369542
1985,"N1",5952001,5955000,205834.591197906,26212.6333603638,10406.2363625553,5902.0620510963,17344.1022909605
1986,"N3",5955001,5958000,305530.307237888,32578.0693292935,10907.0709112305,5774.875930343,16529.5523697219
1987,"N1",5958001,5961000,210473.750276109,21106.3725677585,7929.1113860755,4013.622480411,13767.9985788227
1988,"N3",5961001,5964000,146236.715735215,22294.6226327137,6966.9003982627,4127.5553664161,14197.3857136428
1989,"N3",5964001,5967000,158005.4986518,23022.1300907858,8319.4044490643,4394.2339486338,15170.4585123723
1990,"N3",5967001,5970000,197365.429373922,21932.8853193419,8996.6607528262,5522.8616408177,17418.977883369
1991,"N3",5970001,5973000,98734.8465274762,17081.0851722566,8823.2447792879,4637.6227434657,14611.4070510346
1992,"N1",5973001,5976000,200971.9206673,21191.0032789976,8704.941332653,4825.7226166708,15586.2254032176
1993,"N3",5976001,5979000,345639.278164378,30297.6580878259,10308.3381642617,5876.3807613269,14158.4228738792
1994,"N3",5979001,5982000,379717.404434919,40189.3115676054,12314.226013699,6037.4401789838,16180.2575096332
1995,"N3",5982001,5985000,224156.831528962,20508.2326142202,10440.3043131423,5768.2172560961,19764.932943186
1996,"N3",5985001,5988000,565286.021320537,45058.3285578907,13965.1022314566,7667.9036878547,20272.6739883952
1997,"N1",5988001,5991000,350413.095311081,51318.2397456062,14405.2014839408,8132.5719200242,26359.4660656867
1998,"N3",5991001,5994000,405084.6760666,32428.551396826,12138.031708329,6784.813451378,16627.4009499172
1999,"N3",5994001,5997000,290199.14557125,34525.2894585176,12702.9430610216,5860.1349723468,16750.5540846067
2000,"N3",5997001,6e+06,340330.278181456,41731.4149513104,16916.1127132951,9313.1110606628,29407.3040628955
2001,"N3",6000001,6003000,401264.969007402,40357.1086161415,17165.5869697775,9498.656828248,27108.7199037493
2002,"N3",6003001,6006000,565731.037510092,40749.6763062035,13265.723790229,6522.9222946596,19494.0121371399
2003,"N1",6006001,6009000,373673.838761117,35507.4980682203,12235.3306808625,7058.5230096071,20445.2716974411
2004,"N1",6009001,6012000,323266.458624388,52777.6799628838,15323.1089677318,8176.8219969236,22831.8903964429
2005,"N3",6012001,6015000,357359.058866595,33269.0080359255,12795.6437347165,7080.4168912522,18980.2779233634
2006,"N3",6015001,6018000,296295.475658257,23159.4624688957,11057.4500989295,6209.4444169251,18534.2347955583
2007,"N3",6018001,6021000,330815.765345239,38069.1400615246,15126.7255186756,7647.5065637921,25558.1453431593
2008,"N1",6021001,6024000,210525.009312766,26411.8893996381,11005.8960653853,7167.7778858708,20127.4801410296
2009,"N1",6024001,6027000,185133.184081677,27365.8504254306,11644.6207554505,6886.4856987339,21365.1692302225
2010,"N1",6027001,6030000,137859.955697297,23945.5492713255,9337.3682390695,6072.3881401369,19115.3281580149
2011,"N1",6030001,6033000,188346.038510331,30991.8949157055,11983.8354356929,6487.4806944253,19671.5798167877
2012,"N3",6033001,6036000,263516.950816186,27302.6485049459,10263.3270962542,5461.8626268578,18837.7815369056
2013,"N1",6036001,6039000,251078.906750675,31609.5158890047,11155.2376779773,6552.1000042715,19323.4651489368
2014,"N3",6039001,6042000,401474.913809318,32450.6142712828,13903.029267901,7781.7210464167,24470.9767779309
2015,"N3",6042001,6045000,290222.192568406,34058.2989055512,14350.1980827587,7733.2273072467,21958.8731620292
2016,"N3",6045001,6048000,367298.737114665,50336.8940099358,13126.3444712414,6904.7442770559,20159.1133605462
2017,"N3",6048001,6051000,260186.720231958,39494.9612895773,10804.5545022819,6257.7312080205,16396.1881118728
2018,"N1",6051001,6054000,167372.077912984,16700.5468508668,9488.4717329131,5339.0359193193,17040.232432681
2019,"N3",6054001,6057000,301333.355361084,30652.0261116097,13054.4289799443,7673.7887334361,23879.3279336309
2020,"N3",6057001,6060000,194197.532809981,25988.8460141969,11180.9434224644,5906.6307560904,18802.5957405333
2021,"N3",6060001,6063000,182033.827349293,18199.2685665904,9030.0086454448,4872.692189797,13688.77784028
2022,"N3",6063001,6066000,317537.547205293,43011.0650663138,16908.9401450588,9264.4784990421,29706.3064761971
2023,"N3",6066001,6069000,383144.432316856,33615.270754484,14780.2125280868,6660.3104128598,20004.9485812536
2024,"N3",6069001,6072000,382928.900404251,31320.8064634286,15697.4208716074,7252.8133117552,21266.2280482203
2025,"N1",6072001,6075000,232025.589894403,32534.2998276015,12080.0832346981,6752.5101963303,16371.5626136225
2026,"N3",6075001,6078000,182067.151987586,19927.8478071198,7622.8093097768,4662.8036025215,15303.8455693012
2027,"N3",6078001,6081000,218719.785913668,25279.0268920164,9961.3916059482,4794.3447364741,13905.4367961135
2028,"N3",6081001,6084000,173178.635447479,22685.3007795497,9594.7976480442,4082.8646881867,12021.6858513842
2029,"N1",6084001,6087000,247386.172139995,25452.0348236918,14357.9700842971,9381.982760938,27944.6033747508
2030,"N3",6087001,6090000,225596.465053129,30391.4779737616,13493.9223674326,9803.1643748146,28031.3578914043
2031,"N1",6090001,6093000,275338.42057597,28964.1736205386,12370.9668556303,6707.4734315161,20519.4775215502
2032,"N3",6093001,6096000,253877.756919936,31876.6788815864,11079.8780774123,6124.4536670172,15588.352636657
2033,"N3",6096001,6099000,332440.766479913,46363.8359269256,12538.2293140429,6204.6991299334,15797.3835980766
2034,"N3",6099001,6102000,297148.192465153,43936.369251659,14868.8694539168,8853.6730819078,25953.2625558985
2035,"N1",6102001,6105000,307168.200848747,46399.1233509142,10834.6155501159,4766.082082493,14428.8071460984
2036,"N3",6105001,6108000,423787.184612877,45368.4386194368,17120.5116964606,10311.0148005608,27260.6508871265
2037,"N3",6108001,6111000,503950.578571035,44587.8790701845,14252.4374554604,7392.1371903676,19265.3901082596
2038,"N3",6111001,6114000,331165.411169525,39503.0860796639,11567.9308851748,6539.2443364755,16419.1290176329
2039,"N3",6114001,6117000,653376.076305945,57262.5501857706,16350.6885045263,8637.3823406365,23957.4808657741
2040,"N3",6117001,6120000,482102.298259504,41652.5493130792,20972.0345737176,10661.6002360256,30365.9963807478
2041,"N3",6120001,6123000,539625.095761145,50772.8745088639,17304.9242680274,8726.915785422,25817.0170903237
2042,"N3",6123001,6126000,412988.933736518,47354.6662418768,13280.0024462445,8323.9240683741,20954.9442387422
2043,"N3",6126001,6129000,339240.141176537,32895.4564161027,10352.2177124569,5473.2622678601,12973.5676579341
2044,"N3",6129001,6132000,399339.881551487,62876.0757561064,12273.251037241,4115.7281132428,9410.9127769046
2045,"N3",6132001,6135000,493306.291119177,49552.5823472926,14860.8284536515,7767.3679521896,19796.8549521924
2046,"N3",6135001,6138000,670128.330317556,58813.5442066694,15932.6934373468,8090.887451668,23636.7121780868
2047,"N3",6138001,6141000,684040.444682651,59469.8243836215,16825.0706188519,7960.0873263022,18914.1477967521
2048,"N1",6141001,6144000,255029.765459034,38576.3106143528,15443.1456643239,8823.4053857812,23393.3769302054
2049,"N3",6144001,6147000,295610.717588603,38813.9593869294,13094.1995829331,7355.2509748494,19462.9832861731
2050,"N3",6147001,6150000,316921.529212499,33733.400299722,14701.581155489,6811.7408850946,21441.8706093507
2051,"N3",6150001,6153000,149960.818181363,22902.0132214511,7879.8049425573,4311.3794898777,14066.3812965098
2052,"N3",6153001,6156000,190075.671080583,21112.1365721789,7958.2615809111,4790.7012930039,13943.5782053333
2053,"N3",6156001,6159000,336084.51291848,33817.7846255177,12396.1130261581,6654.9113499012,18539.3689729381
2054,"N3",6159001,6162000,245255.754933608,34509.5279022115,13133.9974625774,7156.6139135801,20334.3159475869
2055,"N3",6162001,6165000,328551.128225535,36322.5751191555,12662.8310824745,8575.0676740238,24150.5998052142
2056,"N1",6165001,6168000,220868.105038265,41698.71050949,13576.7929107881,6920.0191718727,20892.2552614625
2057,"N3",6168001,6171000,336672.989229489,43686.3285461052,11478.6646081892,5748.9159640298,15223.6286880445
2058,"N1",6171001,6174000,346395.164594711,31033.3431674329,12443.4677826528,6595.9726549575,17993.9690471958
2059,"N3",6174001,6177000,181275.41263385,27615.2490968784,8031.5006858468,4093.3993765122,9775.6219064448
2060,"N3",6177001,6180000,327374.714701285,40788.0788124139,14694.7225181042,8536.5017122583,21525.6232453794
2061,"N3",6180001,6183000,359239.221835873,45683.3911989243,13367.7814175344,7319.2290907419,19116.1162751981
2062,"N3",6183001,6186000,424732.473276613,49981.4074306422,14110.1650152036,7304.8740567567,15528.9467042988
2063,"N3",6186001,6189000,430726.501632011,47429.4731286599,13853.5560308254,6479.2465301825,17602.0029670928
2064,"N3",6189001,6192000,336794.926021022,40437.8397731648,12693.4219544928,6103.2598972807,14745.4475027345
2065,"N3",6192001,6195000,185103.773659546,30180.120780876,10630.0501894866,6313.3312899878,18805.5511188534
2066,"N3",6195001,6198000,186803.125663971,28984.5589268139,11464.5372185419,5656.5054312865,18968.5907581466
2067,"N3",6198001,6201000,148638.716449812,29954.7184721134,11632.2180664692,7030.1654089194,18912.2184138584
2068,"N3",6201001,6204000,255799.389854409,43339.7001110665,16084.4302442744,8426.3307275486,21920.5716615152
2069,"N3",6204001,6207000,219961.862798398,36885.5023857838,14991.9475628342,6570.5107651811,17073.5784732841
2070,"N3",6207001,6210000,471405.873078923,35742.2521817928,13744.0309126534,6228.1547993329,17118.3733312366
2071,"N3",6210001,6213000,342502.659356669,29737.5208763604,12931.8822981991,7192.186336437,21112.9650066686
2072,"N3",6213001,6216000,172952.635277531,22926.2745125817,7518.0957168359,3815.5668343649,11181.4432514261
2073,"N3",6216001,6219000,348490.773776098,30641.1714669281,9203.1834941476,4278.8583497444,11058.1261193853
2074,"N3",6219001,6222000,236646.426456414,29038.2844566316,9638.0089445202,4605.4664738244,12993.7619137848
2075,"N3",6222001,6225000,135094.758532412,21247.0415035244,6493.1477804263,3903.4934296822,13477.9577942374
2076,"N3",6225001,6228000,64444.8549373743,12459.9684693428,5272.4892974769,3599.9706154646,10251.9206496885
2077,"N3",6228001,6231000,268736.084689572,26815.4632932547,10490.0591300277,5052.9664563843,16229.8925091041
2078,"N1",6231001,6234000,236298.033981087,29249.9116979994,11697.8588523546,5282.8443629417,14920.9709316684
2079,"N3",6234001,6237000,235761.929117605,28560.1727843066,11467.5198456612,5828.4843746857,15627.3404107635
2080,"N3",6237001,6240000,224073.879146826,30710.9912934521,11288.5099746383,5790.3062748776,17176.881568851
2081,"N3",6240001,6243000,182262.561128252,29475.1868912339,10631.2824069578,5827.0485092671,18676.7179813045
2082,"N3",6243001,6246000,346259.032009964,27582.1241193737,9596.3514112481,4815.1963425418,13789.3606808923
2083,"N3",6246001,6249000,142272.474357798,21004.8668862319,7808.4407013968,4059.7808075356,11320.9992138498
2084,"N3",6249001,6252000,202735.943627947,32159.1110543793,10427.4914431278,5524.8980327101,16459.8719440907
2085,"N1",6252001,6255000,183916.734646707,33706.4107482293,17296.7673294305,11459.8536442254,37216.7984154517
2086,"N3",6255001,6258000,177166.091295628,37789.3178627018,11670.0825062265,6160.5423883266,20083.7970813639
2087,"N3",6258001,6261000,294656.463186442,40831.145052428,17007.6620074408,9187.8131529095,29163.1573626476
2088,"N3",6261001,6264000,127374.442167602,24577.4719359811,10645.4339641506,5164.491575622,13002.4349056949
2089,"N3",6264001,6267000,315704.943551525,29446.3053248069,9211.1827020217,4425.203447378,12207.5764874575
2090,"N3",6267001,6270000,174928.237871382,24928.438991591,9362.887657097,5221.1120667839,13639.8911708206
2091,"N1",6270001,6273000,138220.100373501,18849.0484782371,9757.812122967,4564.9717015598,11973.6397920065
2092,"N3",6273001,6276000,162643.900580663,22957.9402745126,9875.8264619532,4824.3387245778,15672.8792974799
2093,"N3",6276001,6279000,257427.028413921,47323.3194536874,11314.3139163489,4848.8864943193,11425.6651515289
2094,"N3",6279001,6282000,190145.062235729,18111.1468320107,8103.0129526914,3865.2036348415,11996.6251222084
2095,"N3",6282001,6285000,380393.130748749,25324.9136889232,8932.2382218617,4929.4380845017,14667.1983972079
2096,"N3",6285001,6288000,268585.924473318,25296.1886836643,11313.9116833434,5833.1321341184,16045.9019562889
2097,"N1",6288001,6291000,206616.789675922,23978.9890736262,8120.8327178809,4613.7032953707,13624.2812648979
2098,"N3",6291001,6294000,204634.510442967,25017.885581328,9481.073191869,4735.9987084714,11912.1591742228
2099,"N3",6294001,6297000,128018.353069938,18743.4752739389,9202.2141336091,4304.0152212706,11058.4476390115
2100,"N3",6297001,6300000,138927.810119517,31682.6540253528,8980.492844949,4326.8442828265,10931.4229534436
2101,"N3",6300001,6303000,289470.182847569,34108.1009290644,11345.2438294392,6352.933509148,14406.7415136126
2102,"N3",6303001,6306000,175872.788350705,23649.5165437435,7489.2551467366,4183.0578006628,9809.7987929592
2103,"N3",6306001,6309000,227072.938389991,31003.935001819,8735.3484339987,4659.3798898401,16791.5362194246
2104,"N3",6309001,6312000,256651.445966015,34621.8225757332,12368.9699048654,6338.4765307913,17777.9540343431
2105,"N3",6312001,6315000,384203.09976007,26778.7346894686,10222.5811022354,6223.1917256632,15905.0612312372
2106,"N3",6315001,6318000,275343.074601605,34395.2520288491,10084.9846105068,5548.0133223292,17048.9231773147
2107,"N3",6318001,6321000,212533.095098559,24563.2235347601,8907.3680222955,5159.9521825855,16092.0138106153
2108,"N3",6321001,6324000,93244.7776955504,14910.9028361473,7717.5240154445,4650.6674273207,14091.2280382679
2109,"N3",6324001,6327000,87870.0008915352,22599.5161409482,8582.0839404373,4332.3687298029,11674.1214746394
2110,"N3",6327001,6330000,460517.811617549,30672.5122176606,10706.524695066,4865.1289112112,13705.6208877917
2111,"N3",6330001,6333000,285316.06645958,28044.8541214237,10447.9963525029,5988.8664070131,18452.902231074
2112,"N3",6333001,6336000,172632.987587824,28722.3311526465,10315.9333814364,4965.7950883538,15568.6916353027
2113,"N3",6336001,6339000,255046.39707496,45882.454579031,11730.9019930087,6482.1783934256,16869.7902484664
2114,"N3",6339001,6342000,335700.692592164,33377.6850540498,12597.225516981,6553.6343395142,17770.500082823
2115,"N3",6342001,6345000,294437.729813678,31591.3136393166,10075.2227303309,6919.177921011,21097.3662454766
2116,"N3",6345001,6348000,286516.890394273,32724.1232506518,10856.8569137917,6924.3288215803,17723.5832862295
2117,"N1",6348001,6351000,148109.705805759,16194.4328706807,7842.9491161986,3820.5544268326,11888.5184676579
2118,"N1",6351001,6354000,239824.661539055,32751.354956754,13392.6836631823,6990.2422480927,20098.5994452274
2119,"N3",6354001,6357000,253390.651945522,23403.9451418042,10858.8912503199,5176.0594017675,15980.2657643861
2120,"N3",6357001,6360000,355718.673833205,48026.7149501752,14020.145996905,6560.3978594737,17406.7803289239
2121,"N3",6360001,6363000,326407.414950443,39857.7686192403,10692.8036645979,5900.4734651796,16300.1748303827
2122,"N3",6363001,6366000,162689.102125622,24099.0360680944,7745.9147800697,4811.3043267249,11281.549185068
2123,"N3",6366001,6369000,294871.658580272,30908.1848855798,8458.9181400652,4288.0263728393,12357.4514587683
2124,"N3",6369001,6372000,179613.010398171,22438.7265205491,8278.8305501613,4736.0209026146,12468.8217010417
2125,"N3",6372001,6375000,306923.9467871,24680.4245102212,8654.6348311953,4949.6605673796,12847.475688644
2126,"N3",6375001,6378000,189578.131084976,26075.1618932899,9922.1638748342,4529.9724048543,12967.332801325
2127,"N3",6378001,6381000,340870.45146265,40938.9963714658,11524.5994429199,5837.7930536035,16677.4301597044
2128,"N3",6381001,6384000,337579.353644695,29933.7070934083,10575.8860483985,5733.4314408382,14176.8227406267
2129,"N3",6384001,6387000,280812.669486464,28958.7532975838,9477.6314909649,5951.3552217624,16114.1188738066
2130,"N3",6387001,6390000,181398.88728202,19302.0142715504,6369.2850950238,3965.9296344532,9549.8681619636
2131,"N3",6390001,6393000,242536.627221721,21171.2966699172,7792.0376867939,4445.3284954787,12658.7984638544
2132,"N3",6393001,6396000,284532.552381058,39649.5313812948,10031.1947417904,7323.6117786217,15834.0617495897
2133,"N3",6396001,6399000,204569.977016053,23325.549074087,8774.6391938713,4966.3511571545,13034.027322035
2134,"N3",6399001,6402000,185110.774155088,22217.7578482343,8094.647279247,4492.1608113844,12971.3542744697
2135,"N3",6402001,6405000,165477.482948634,31340.6636548228,12092.1424262748,6018.735446656,15454.9329368959
2136,"N3",6405001,6408000,210590.904226529,27675.0134491194,8676.9351080809,3725.6756110509,10305.768523729
2137,"N3",6408001,6411000,128070.444203468,23452.2929019635,7500.9566425545,3508.6332109861,9439.8891698594
2138,"N3",6411001,6414000,345051.851035595,31309.1051258442,8293.3972309156,4213.3008387205,12324.8177440281
2139,"N3",6414001,6417000,238142.820444347,28808.9810200867,7868.4862705344,4029.2567496306,10629.3934208805
2140,"N3",6417001,6420000,185999.747520964,27403.0903105682,8083.5591953861,4309.1003592782,10588.5598957053
2141,"N3",6420001,6423000,411919.773525746,37410.0030242629,13820.9935436115,7696.9075496149,19655.8383841378
2142,"N3",6423001,6426000,594056.795493197,43285.0018146054,14972.2780012553,7364.7773528781,17805.5386955545
2143,"N3",6426001,6429000,331612.642939852,28968.4915936611,11689.8386514973,6082.5882835001,15053.6950362533
2144,"N3",6429001,6432000,312323.518742431,25061.4551812563,9969.8801142804,5231.6609637182,13700.6306239719
2145,"N3",6432001,6435000,262012.320723031,34518.7240154345,10482.7851184947,5729.4065474233,13521.7820962028
2146,"N3",6435001,6438000,497300.838480521,28568.9220929292,13253.9584230413,5326.3408021964,15238.7460359443
2147,"N3",6438001,6441000,288161.475385963,32198.5664989351,11755.8122340767,6036.5985004116,17656.7382390648
2148,"N3",6441001,6444000,288628.311348682,27698.2359982738,10672.6376587171,5988.5162276423,15236.0493831726
2149,"N3",6444001,6447000,435691.147609483,44431.5552479053,13379.6755521785,8030.3196810679,22971.3204159103
2150,"N3",6447001,6450000,412853.097524413,37670.4246974232,16013.4588931152,6989.6094061209,19410.5795122569
2151,"N3",6450001,6453000,331233.884117184,35260.5634723653,12777.5015855047,7506.3813851656,22165.927765407
2152,"N3",6453001,6456000,287834.929717455,33679.4864210953,11819.9671235173,6312.7850339179,17514.8964565207
2153,"N3",6456001,6459000,234931.555474974,31082.46567408,9306.7111509701,5221.5491244166,13723.0082131236
2154,"N3",6459001,6462000,344018.092655451,40923.4171730746,10861.0183292552,6300.7987380092,15750.1578537106
2155,"N3",6462001,6465000,382055.520779144,52907.1557490353,13804.4140335569,7143.7505318128,15233.9407398247
2156,"N3",6465001,6468000,230140.324659144,24780.3900957233,10635.0752088839,5844.0716304829,17751.7028096696
2157,"N3",6468001,6471000,243839.214679964,25733.5371362271,10522.6380647875,5742.305489939,17761.6911344878
2158,"N3",6471001,6474000,481451.328104161,30294.322247271,13698.9262517642,7378.632269957,21596.3836336349
2159,"N1",6474001,6477000,143463.419699665,23889.9882134744,12191.1944523998,5084.9221385066,15053.0170935259
2160,"N3",6477001,6480000,550978.453818303,43573.30305549,26746.8245095112,5380.0444312184,12399.9020264931
2161,"N3",6480001,6483000,638478.282055756,37261.6853629316,17194.5166934112,6430.9452999635,16675.1568370118
2162,"N3",6483001,6486000,388950.127223004,22704.9378221204,23328.8638114142,3661.2955543787,8702.2786215144
2163,"N3",6486001,6489000,320882.171712754,27430.6060678325,29802.859548462,3825.6408751019,8337.9958302815
2164,"N1",6489001,6492000,192002.345086019,15976.2332960747,35362.568794693,3024.6432458839,8613.8391547983
2165,"N3",6492001,6495000,214661.874586264,24784.7713884881,11242.1144959489,5305.8678804949,13552.6670168739
2166,"N3",6495001,6498000,224502.892264121,31529.7626255473,15225.9780238509,9321.6425707436,23989.0277811586
2167,"N3",6498001,6501000,301346.05339678,38811.4539023875,15291.9233467867,11199.6281002977,32446.1130734803
2168,"N3",6501001,6504000,435471.728586291,30630.9572909071,12138.7890841231,5207.9789256396,15499.784524385
2169,"N1",6504001,6507000,199502.982852416,24924.2496703231,11231.3527499322,6866.2641865708,19780.8185560674
2170,"N3",6507001,6510000,231249.58566663,24705.9566539747,15319.3890853871,6022.8057783993,17613.5632756123
2171,"N3",6510001,6513000,153790.248288856,29794.4717465752,15144.183044555,5933.1789869242,15187.0071305304
2172,"N3",6513001,6516000,473435.186768222,46335.5652338421,14664.4962638427,8129.4586935793,24063.2938736902
2173,"N3",6516001,6519000,204066.283652217,30731.1201028547,21267.2063530196,5147.5141257993,12882.4393946237
2174,"N3",6519001,6522000,486763.68953243,52522.3591950303,12886.914560219,6325.8906008096,19540.9367814622
2175,"N3",6522001,6525000,462727.382766615,56739.5175989169,15693.1435525821,9404.6691273151,22099.2970274715
2176,"N3",6525001,6528000,457220.645510866,44214.892450632,13780.4280211294,7384.8488296272,17026.2798412877
2177,"N3",6528001,6531000,316575.330037155,39851.4045771659,14764.1805668663,7874.1898778141,24857.7863058232
2178,"N3",6531001,6534000,352520.168508697,50542.3675070436,18686.8106262193,8085.2024634972,22013.5171807872
2179,"N3",6534001,6537000,234983.015879421,38129.2674502273,13084.6839002606,6986.5591122591,16658.6476179081
2180,"N3",6537001,6540000,399305.823946096,46101.4434669899,15722.9108909945,8477.5921536964,21103.8574945155
2181,"N3",6540001,6543000,323094.012150954,42456.6914881811,17913.9389632553,9269.1394631805,24985.3070641071
2182,"N3",6543001,6546000,278248.740423768,24579.6552493936,14604.7663402525,7699.6909585231,25154.4800382328
2183,"N3",6546001,6549000,277170.712313044,27071.7252877821,9516.3492128869,5626.8001078484,17608.2465026799
2184,"N3",6549001,6552000,281750.072138779,33803.2600423187,11898.6254226003,6531.4273912168,16459.5394987505
2185,"N3",6552001,6555000,212691.709501091,29823.1031741029,12951.8763304575,7396.4131448287,22492.9517008888
2186,"N3",6555001,6558000,198670.070241694,37018.3215154383,11408.3657058962,6758.3265300359,19263.179084345
2187,"N3",6558001,6561000,351238.698662832,37963.8857484299,14664.3400401246,7044.1329358139,20442.2964945519
2188,"N3",6561001,6564000,308833.529376232,38686.0575030174,11787.5198284919,6422.1799448459,17414.8242542739
2189,"N3",6564001,6567000,295142.481911822,27728.2036956165,11134.9526539181,6208.3407882821,17520.820832754
2190,"N3",6567001,6570000,237203.262073498,26748.3376994432,12478.0042778934,6445.7263534868,17998.0899515476
2191,"N3",6570001,6573000,293084.016457666,51077.9880456021,16351.8191990873,8361.478783466,26681.7447516633
2192,"N3",6573001,6576000,233354.533685936,24838.0105164539,11228.7321434338,6733.5221019304,17893.4843205803
2193,"N3",6576001,6579000,209815.748469853,31690.8569818652,11176.3202806249,5902.4193875437,15217.7602451907
2194,"N3",6579001,6582000,247636.416219564,20051.3515745512,8817.1712662313,4726.4914498605,14220.4320355211
2195,"N3",6582001,6585000,212869.971458843,23556.2321298504,9754.6662561419,6113.1861375406,15751.7239535192
2196,"N3",6585001,6588000,374904.726193712,39175.226580352,16145.512013312,7936.2991711993,23590.0812558758
2197,"N3",6588001,6591000,422356.185000153,44766.7579939937,15466.9792855285,7925.8522709117,24128.9763883115
2198,"N3",6591001,6594000,350229.600575036,50987.2663114097,13283.875228838,5896.8855856272,16067.5596711397
2199,"N1",6594001,6597000,287820.0733341,45799.1814202367,14577.9136224876,8391.9493480562,20800.1148926022
2200,"N1",6597001,6600000,478486.424038682,45360.2492295464,17582.5200261333,9506.4145559505,23826.9725705937
2201,"N3",6600001,6603000,652008.075118758,53401.1002532771,17934.7192857282,10150.2914825377,28785.6589181644
2202,"N3",6603001,6606000,447107.313612792,43619.0259875125,18518.1045175022,8277.3725339001,21480.235192544
2203,"N3",6606001,6609000,350938.353842938,36002.5349045905,15427.462778332,7958.4501629898,17267.4471661325
2204,"N3",6609001,6612000,380147.059121586,45535.1951661379,14748.3598741894,7162.7710930223,17384.623731483
2205,"N3",6612001,6615000,413077.874321585,34037.4838707428,15328.9146030435,7687.3264334199,18045.469108274
2206,"N3",6615001,6618000,514948.265273724,41731.8131238196,14501.314831748,7464.7084651988,18888.1741453216
2207,"N3",6618001,6621000,377327.091622515,33476.7796320358,14442.2325515453,8599.0739316332,20064.4290475685
2208,"N3",6621001,6624000,209748.840412438,24355.5799372832,10265.0036751868,6757.1808573862,19136.7606098405
2209,"N3",6624001,6627000,434929.68965621,46773.3119920694,16491.7012520136,9024.8662301468,26069.8262389435
2210,"N3",6627001,6630000,167349.380530869,24235.1981993981,12399.0248609962,5564.1441686671,18767.8807883047
2211,"N3",6630001,6633000,302965.539167364,28033.6610654566,10495.3522695242,5021.1045909396,11973.3988126883
2212,"N3",6633001,6636000,352543.806290971,44148.0634133707,18194.3674777187,10454.9843957804,32147.5185144445
2213,"N3",6636001,6639000,403087.426046259,44779.1571815322,15378.7733407799,10201.0107383758,23685.507378388
2214,"N3",6639001,6642000,338453.003343558,37779.1476798862,12091.3036199308,5411.5730954459,12726.2520167884
2215,"N3",6642001,6645000,490796.52714444,61495.0331346131,12505.890667309,5926.4654192096,15761.6035531213
2216,"N3",6645001,6648000,389523.110796605,40646.134744279,13920.5123504016,5540.9805601511,15551.3317283608
2217,"N3",6648001,6651000,333763.43665306,28876.919718799,12402.1654729426,6450.5146672129,17376.9504400335
2218,"N3",6651001,6654000,373224.498819767,37345.5060763401,13174.3304149664,6681.7802467837,16203.2947771032
2219,"N3",6654001,6657000,547913.142733099,37010.2184732542,13129.8280929804,6472.8024002303,16779.8801527295
2220,"N3",6657001,6660000,502338.775166603,40444.1019916678,14686.7806272035,7016.2584767795,15515.7133120764
2221,"N3",6660001,6663000,368669.378327004,41689.2742661249,13452.6992521015,6692.0725295544,14948.7376695154
2222,"N3",6663001,6666000,328351.780882165,36222.9348838348,16462.7949952099,7671.9628918277,22185.623336048
2223,"N3",6666001,6669000,367915.985888604,28440.0841844803,13016.473529971,5223.8111090045,15612.8375205765
2224,"N3",6669001,6672000,278980.935333567,28201.3069418444,14654.0014009504,7356.7963554452,17656.2211387092
2225,"N3",6672001,6675000,191215.805580273,19113.0411309799,12111.5474915042,6081.9786314257,18905.8980158617
2226,"N3",6675001,6678000,345599.367964741,23130.9448264522,13762.1247027236,8665.7697426541,27899.6390490964
2227,"N3",6678001,6681000,311918.460106389,23895.5232955318,13220.8062758391,6897.9415418178,21029.3808709714
2228,"N3",6681001,6684000,297419.275469976,31092.0603172832,11355.2539442652,5073.468760728,11831.7544418222
2229,"N3",6684001,6687000,501550.752238301,38723.9030342233,10338.7565343985,4341.2687148758,10195.1996291065
2230,"N3",6687001,6690000,317424.371548805,29147.3159156757,12214.6634198018,5779.3659308882,19667.0850427023
2231,"N3",6690001,6693000,277186.36273228,30593.8169298642,12887.4155100073,5841.4347463892,14474.1907213818
2232,"N3",6693001,6696000,459747.418888202,35436.4434147797,13267.019288806,6523.1315823063,19166.0814912963
2233,"N3",6696001,6699000,517787.008555549,32833.1181993775,12443.816961678,5520.6978164209,10654.6694284006
2234,"N3",6699001,6702000,335333.724091265,27103.1536330517,9395.9311511157,4439.0105626159,10983.0910704622
2235,"N3",6702001,6705000,274254.062472215,38861.7066458489,10099.2784537848,4570.640779966,10869.8154619135
2236,"N3",6705001,6708000,280921.086507314,20484.9891342654,9452.8635142783,4479.9653201663,13435.8991640166
2237,"N3",6708001,6711000,385270.124245829,40986.1356229272,11575.7977023196,5149.9044306593,11681.5026648607
2238,"N3",6711001,6714000,189775.763971217,18129.3293389437,7253.9672284066,4137.8499669055,9123.1352245199
2239,"N3",6714001,6717000,203576.824144267,22946.3023849571,13469.1791835385,8013.4817797258,24556.5335959192
2240,"N3",6717001,6720000,183770.636546284,26054.5379324447,12596.7901275769,6069.6040704066,23174.6966149849
2241,"N3",6720001,6723000,228023.11657304,29977.006080292,11121.469448367,4764.5026482563,13068.09823879
2242,"N3",6723001,6726000,307042.318897948,25939.0011826721,8681.7236195172,5146.4455579815,14950.4947335963
2243,"N3",6726001,6729000,185554.741195329,19275.5571193848,8088.6126228553,4578.9804680169,17163.3265482407
2244,"N3",6729001,6732000,288197.700115456,24969.4213697889,11665.0036070575,6131.9329574536,24232.5750492143
2245,"N3",6732001,6735000,424699.017545332,34500.2194862288,14386.2544426533,7234.212736163,22671.0817191583
2246,"N3",6735001,6738000,407102.853357575,30050.6859206096,13030.4225627861,10129.9489852488,22843.3635197385
2247,"N3",6738001,6741000,406559.173508182,38042.0115593105,10405.2976793683,5146.3321537863,15826.4248727311
2248,"N3",6741001,6744000,446023.826258917,38920.6945978179,14531.560621707,6591.5377625692,20080.7720127938
2249,"N3",6744001,6747000,337753.866352714,27738.3908629353,9897.0784172727,5561.5360824006,13221.2167790512
2250,"N1",6747001,6750000,207546.691550839,26212.70311616,10442.1659460271,4683.5672519279,13726.8448034589
2251,"N3",6750001,6753000,228318.624126401,25511.3366749077,7888.3431390886,4094.0163813052,11585.7707470177
2252,"N3",6753001,6756000,197632.753993547,23890.6605728497,8123.7287807412,3642.8094122257,9482.96312052
2253,"N3",6756001,6759000,446123.904291677,32662.5756108228,9127.2494979512,4445.8509226616,10092.909583214
2254,"N3",6759001,6762000,241226.639753582,26448.9671699226,10048.8005651183,5162.6945937202,14535.3270574976
2255,"N3",6762001,6765000,292202.393936079,30226.5943484396,10988.3880714418,4981.1305745463,15495.5521441535
2256,"N3",6765001,6768000,173417.507119339,19240.2064568285,9552.0269833179,4682.0860141932,15816.472951029
2257,"N3",6768001,6771000,112251.639930644,16427.5934912806,7778.406946473,4361.6700147579,11818.6913097978
2258,"N3",6771001,6774000,199899.293479532,26691.360554855,11649.4978199025,6806.4924231929,20223.5210983847
2259,"N3",6774001,6777000,416357.073648223,34118.0280082382,13297.7780004721,6646.5234092707,16314.0797788156
2260,"N3",6777001,6780000,310863.444452027,29710.028465113,12482.4355039245,7268.8274950719,21158.1362167401
2261,"N3",6780001,6783000,321860.469281633,38141.5245756163,13372.1998109874,6351.0455168283,16972.4441242162
2262,"N3",6783001,6786000,301648.171313274,25890.9410558121,9389.8707608783,5906.0149554849,17087.1800296278
2263,"N3",6786001,6789000,329427.353607073,33257.6241677506,15692.8607283904,9228.8762180959,29507.93338924
2264,"N3",6789001,6792000,356535.534870549,35213.0017068105,11659.5595457612,7733.5935715016,21173.3409303832
2265,"N1",6792001,6795000,509424.22775479,52900.2582617006,18881.1736858598,10857.1048349885,27414.9582276487
2266,"N3",6795001,6798000,410771.948754944,37079.5697633588,11273.5886742329,5696.1456273602,19291.9882569885
2267,"N3",6798001,6801000,248496.570831422,30071.5491025427,9301.701094455,4094.0282893256,11190.7745003824
2268,"N3",6801001,6804000,295405.982126842,28593.911056361,10745.4717016584,5969.6526214723,19250.688964868
2269,"N3",6804001,6807000,232131.016621893,22158.7718027784,8340.8255314667,3564.6208744827,10396.278020794
2270,"N1",6807001,6810000,302079.818849777,35181.1952310751,14829.3677704373,8666.5496297643,23845.2173784929
2271,"N3",6810001,6813000,203594.920079476,19730.7291100983,6975.2945295414,3427.0773313482,9581.1550195604
2272,"N3",6813001,6816000,400500.626417304,29066.8205602086,12455.6409555434,6761.6455931054,18324.6709771857
2273,"N3",6816001,6819000,285510.264444511,20046.6649018863,9009.6812279018,3872.5042131305,10343.3579483186
2274,"N3",6819001,6822000,300422.07452256,30729.8547314413,10862.3523664665,6202.6087773014,15032.8136275412
2275,"N3",6822001,6825000,261010.610493149,35110.8047547786,10518.5420014607,6103.6647686923,15753.7235310226
2276,"N3",6825001,6828000,244123.166651151,26057.698950937,9951.4221001001,4588.7711514561,12711.320955311
2277,"N3",6828001,6831000,189627.649374346,26522.1830752144,10213.9988298798,5017.9620005754,11986.2127967856
2278,"N3",6831001,6834000,234654.330079422,28936.4934009595,10190.6267355263,5595.4824221235,15733.2466825679
2279,"N3",6834001,6837000,303500.472738414,35618.2581479062,13375.7602891147,7671.6695075098,19383.2908806331
2280,"N3",6837001,6840000,333719.861319911,36923.6479791245,12743.4571604156,7006.0291442051,17913.0818007959
2281,"N3",6840001,6843000,292336.88072954,33656.1060637754,14583.5782141205,6486.8826658305,20212.6137045241
2282,"N1",6843001,6846000,161178.052554674,24577.6734278889,10940.7187999597,5653.0707599355,15181.5725956058
2283,"N1",6846001,6849000,207254.980227979,25118.9900550158,11993.5682708247,5256.2143843439,19080.7893301432
2284,"N3",6849001,6852000,195811.146824344,19576.1777759018,8995.8851856521,4287.8420570858,12817.5356644274
2285,"N3",6852001,6855000,204774.709844269,24820.6520083921,9958.2631701873,4087.449674815,12947.3321870056
2286,"N3",6855001,6858000,369602.532328406,28197.1098140353,12550.0365396807,5107.4030946042,16439.0058643104
2287,"N3",6858001,6861000,288684.922481567,29013.5274462726,11141.9692690923,6508.625779977,17550.6850288715
2288,"N3",6861001,6864000,355051.740640006,31932.0027735123,10272.7522613147,5751.7378548907,14481.2695498196
2289,"N3",6864001,6867000,277298.620915369,24057.3193982524,10196.6651888654,5096.8928523097,13213.5438807707
2290,"N3",6867001,6870000,309988.625005214,28714.2772760685,12651.9469114682,6550.7203765256,20516.2432163167
2291,"N3",6870001,6873000,366732.047979088,39407.3879633893,14507.8673391787,7919.038959076,22096.5732282939
2292,"N3",6873001,6876000,521987.198527372,44905.0055846213,16328.5551311513,8071.5494945212,25733.4136197141
2293,"N1",6876001,6879000,303132.807768344,34458.4429383679,16309.5487005656,9483.4638393079,28621.6380226029
2294,"N3",6879001,6882000,299077.01012972,36178.6227619111,11822.2843324663,7172.727596148,19682.3020653421
2295,"N3",6882001,6885000,297282.914841525,24573.4816417808,13623.3863752419,8639.8682117155,25955.5315494877
2296,"N1",6885001,6888000,224234.616700596,26934.5434893813,10031.8226401325,5206.0355610431,12714.0272218147
2297,"N3",6888001,6891000,159730.001074249,22527.9468353978,8856.0099165623,4379.7853977411,11406.1419435212
2298,"N1",6891001,6894000,266602.478831662,16512.6052913394,7745.2132406491,3840.1216934838,11222.7216769279
2299,"N1",6894001,6897000,267568.464973839,28373.0784848817,9055.59618608,4855.5736559206,11803.8204120162
2300,"N3",6897001,6900000,414036.023684852,39089.8774834718,15351.0157314313,7330.0103237268,22446.9660750389
2301,"N3",6900001,6903000,371647.588062295,35325.8214860961,14516.0022185952,7755.9086477957,23793.3750514496
2302,"N3",6903001,6906000,428855.22561199,28997.6262309113,11196.2637594888,5443.4081109607,15007.2923207636
2303,"N3",6906001,6909000,302937.654010889,29726.3941408502,10268.0639568957,5279.3020807241,15723.6603846645
2304,"N3",6909001,6912000,253903.203491624,28656.4670799449,12045.6341510182,7828.4105192165,18268.9144450621
2305,"N3",6912001,6915000,195761.031333533,27724.2887217744,9406.2514224176,5150.1324477128,12199.3870381235
2306,"N3",6915001,6918000,345720.807370656,38361.3779563145,12287.8138592208,5486.9009973564,16135.5587081937
2307,"N3",6918001,6921000,182984.859294045,22026.492579203,9168.7455125386,4969.7099387694,11138.7354898453
2308,"N3",6921001,6924000,329819.644401438,40244.0380172505,11179.959053263,5913.2821155621,12867.3097847247
2309,"N3",6924001,6927000,255135.627661505,18944.6264937711,9417.5819169498,4464.3107874886,10467.4721900495
2310,"N3",6927001,6930000,269668.594413234,30709.5907660259,10904.2167110694,6206.4907707279,19182.831517847
2311,"N3",6930001,6933000,305374.647478731,28927.0070491849,13204.6149629929,6817.5166369932,18892.302803248
2312,"N3",6933001,6936000,425005.518268263,30565.771413582,9649.5764093307,5048.2642243447,17816.3403342797
2313,"N3",6936001,6939000,200323.983599572,27931.9810596075,9731.2466650911,4671.6357608247,16247.317287072
2314,"N3",6939001,6942000,272859.652973031,25729.7993701384,9049.7060372303,4675.6079580734,10793.9931082688
2315,"N3",6942001,6945000,323789.774006828,37934.248200088,8840.5279541401,4590.6034869679,12497.385245174
2316,"N3",6945001,6948000,638764.758147489,45296.1409177634,12361.6943122831,4858.6672539361,11645.5887426997
2317,"N3",6948001,6951000,323319.910552809,27958.8701624329,8446.5075579207,3958.7348169907,10557.9366146053
2318,"N3",6951001,6954000,402740.872015611,31045.0610082609,10581.9741777357,4821.2495088155,12008.0174416273
2319,"N3",6954001,6957000,210084.104852284,24380.338795011,10080.1932247449,5180.960913128,12705.8664947746
2320,"N3",6957001,6960000,488171.170370094,24614.336621014,10716.0847878694,6609.958635786,18827.6648150085
2321,"N3",6960001,6963000,327338.567703395,20553.5591310621,9198.7386604146,4613.974786021,14013.8067569419
2322,"N1",6963001,6966000,313445.192719464,27738.4506381112,9662.4424399751,6107.4902418911,15331.1600750762
2323,"N1",6966001,6969000,467457.567448712,43040.5932378361,15374.8351260549,9468.4693118489,25211.5376206587
2324,"N3",6969001,6972000,560689.74286893,48226.6370286496,17993.1738703685,11148.1563080968,35060.1007582105
2325,"N3",6972001,6975000,766201.780849912,37863.034395104,17559.5756955412,9106.9190874404,25850.5721680973
2326,"N3",6975001,6978000,349528.676683508,23552.168078239,11276.657661909,5997.1097347726,18730.8333180338
2327,"N3",6978001,6981000,468069.359878146,37956.3201366179,11675.6227629196,6193.028022269,14544.3025130455
2328,"N3",6981001,6984000,397539.368187452,45870.8498043942,12979.4790917781,6368.9268730502,16646.7289493507
2329,"N3",6984001,6987000,541840.146848786,36902.4515259834,12832.4971425319,7112.9403501922,19709.33066246
2330,"N3",6987001,6990000,397744.51931027,29424.0379456773,11802.1266464371,5161.1000644665,15147.2735709235
2331,"N3",6990001,6993000,343960.822182321,32075.5908512584,12606.7493761786,7032.2933184701,21656.0506345954
2332,"N3",6993001,6996000,600914.63022019,53892.6158051015,16719.7203466986,7536.3864424363,18636.3403901744
2333,"N3",6996001,6999000,401783.774212565,40192.2234838907,13364.3441624005,7728.3495191303,18010.0973439765
2334,"N3",6999001,7002000,491661.615753132,37296.9607932105,12320.2709979274,6809.59420922,15786.341334277
2335,"N3",7002001,7005000,260448.227715481,23080.0290628731,11138.170685031,5567.499641701,17200.951956434
2336,"N3",7005001,7008000,280359.573254413,31785.0363530688,10838.5466055537,6717.4611393083,18072.0586139642
2337,"N3",7008001,7011000,469251.703807859,36335.0349365448,11137.9563378868,5430.6927855633,16299.3830193932
2338,"N3",7011001,7014000,484430.111843728,50648.6188960651,12367.5729145959,5814.9254302556,17226.0444641467
2339,"N3",7014001,7017000,386390.941702893,37589.8776588131,13176.5756076752,5407.0248045306,12801.4973676035
2340,"N3",7017001,7020000,129003.867528182,17771.417747738,6172.5055002201,2931.4968825276,8268.8216642436
2341,"N3",7020001,7023000,306440.167981827,19449.0542664248,5761.383111437,2846.4933333163,7739.0807453593
2342,"N3",7023001,7026000,277884.86170131,40182.5717282976,10172.5367444429,5760.6400596279,12019.675440976
2343,"N3",7026001,7029000,330399.582606649,41483.4282762051,11921.2868930274,6023.399809246,16651.9382828343
2344,"N3",7029001,7032000,266976.883046663,36089.5254327717,17413.7612116595,8634.0458846982,26338.2747871159
2345,"N3",7032001,7035000,252784.560881875,26200.9707651219,10564.3546576078,6284.225069758,18173.030669983
2346,"N3",7035001,7038000,262001.362797537,45216.5961137273,11689.2774165618,6530.6632667267,12808.8132392707
2347,"N3",7038001,7041000,277206.141802904,32081.5624712943,11031.5849182669,5167.0084227476,11611.4504892283
2348,"N3",7041001,7044000,261835.214109791,34935.3931961052,14111.9437692245,7817.8652830623,18914.923957251
2349,"N1",7044001,7047000,271375.345059905,40418.2129674621,13390.6916271293,6118.8348168203,16054.4429991074
2350,"N3",7047001,7050000,277657.289131215,32032.7473048018,11051.3814324168,6461.7605802012,18425.3947955366
2351,"N1",7050001,7053000,256249.646006035,26128.1605314583,11085.9112657208,5562.3447130223,13067.4588033667
2352,"N3",7053001,7056000,321342.99630819,35904.3159289894,10335.44834376,5539.0390022913,14847.7854353004
2353,"N3",7056001,7059000,401784.584790853,37221.2623880874,13393.1894363945,6966.8921145311,16015.3149484304
2354,"N1",7059001,7062000,212165.969805001,33997.160750602,11819.3989408812,6464.0668153304,18337.9069830976
2355,"N3",7062001,7065000,376670.183244507,55776.6184788634,14230.4302196784,8282.8362642949,17361.395463948
2356,"N3",7065001,7068000,263376.147838047,32753.7539836266,12674.0930452095,9178.7246324052,25652.9650455336
2357,"N3",7068001,7071000,285552.372657209,28992.7092360334,10463.3424990111,6269.302837681,16529.696530458
2358,"N1",7071001,7074000,162888.43240633,16540.2535084077,7134.8804820244,3227.5911938825,9236.1407077815
2359,"N3",7074001,7077000,219981.147432425,21874.0338683981,7300.6358397523,4060.2910732844,10081.6710476113
2360,"N3",7077001,7080000,214461.201203005,30296.5659738572,10097.1647188937,5175.7636171452,12914.5178137925
2361,"N3",7080001,7083000,439099.524204718,36651.1200950184,12561.145394405,7394.1936965145,15340.0609642932
2362,"N3",7083001,7086000,449289.887498679,38941.5892183345,12191.8233901572,6046.6097832048,13843.8369487809
2363,"N3",7086001,7089000,436444.81550051,31687.1943244457,12879.541012076,5012.0812558344,12260.991000799
2364,"N3",7089001,7092000,303384.792881113,33046.221424161,12761.5128518522,6260.2782743553,16815.8005032104
2365,"N3",7092001,7095000,398427.796263139,40280.5852435391,12276.3203305829,6049.1089437517,15646.8170067332
2366,"N3",7095001,7098000,504740.774061542,40520.9880118023,16084.3377864138,8761.0649233768,20900.1260859859
2367,"N3",7098001,7101000,386440.47945293,46212.6189967009,19349.6426198788,11086.3827168728,36956.883930167
2368,"N3",7101001,7104000,692801.617755309,57483.643207942,18916.1216036662,8749.2248355454,22735.7890590487
2369,"N3",7104001,7107000,411138.608829566,46748.839673955,13413.037869877,6425.2602874078,13138.6750782503
2370,"N3",7107001,7110000,883855.254062052,57615.1774033952,17628.0600499364,10516.6442142305,24906.7989765923
2371,"N3",7110001,7113000,474337.54310558,34390.9559403575,13745.8846385727,7441.2658798953,18382.2056980491
2372,"N3",7113001,7116000,348349.274840813,23893.0528746597,8407.1227156595,4054.1572112421,9886.4161057452
2373,"N3",7116001,7119000,246533.066512555,23545.9284468983,11037.0371424695,5193.4796789266,14451.9981173191
2374,"N3",7119001,7122000,335644.443254935,31182.9299476179,10993.1510607542,5072.0155714729,11823.5324777204
2375,"N3",7122001,7125000,492806.370925925,43812.8265045544,14522.5973048771,6354.2914559713,13703.8290949067
2376,"N3",7125001,7128000,482946.674416902,58747.7512674913,17438.7570711334,8862.6180775793,23625.5302762523
2377,"N3",7128001,7131000,270168.268095403,30644.6249059324,11312.0194499258,5732.8558656889,15696.2327469393
2378,"N3",7131001,7134000,194608.686501062,27810.5615747296,11656.9476276114,4914.2148901929,14573.3239886263
2379,"N3",7134001,7137000,451839.487268722,37841.5809733067,14159.6805951104,7182.924062614,25809.8293705082
2380,"N3",7137001,7140000,504527.089892861,66245.5491075083,13468.4208358219,6061.0070385872,16807.3906127426
2381,"N3",7140001,7143000,445433.398418349,37929.7686319399,13209.2849302468,6996.7892052524,18508.6431176953
2382,"N3",7143001,7146000,338194.059368679,36524.662895606,10980.5574037426,6432.2367125525,16896.5468426943
2383,"N3",7146001,7149000,291414.63798453,32670.3967919498,12011.8342130181,5976.8890317018,14877.248680467
2384,"N3",7149001,7152000,371278.952898888,33449.0544631997,11400.1818546473,5848.438943739,14105.1088749523
2385,"N3",7152001,7155000,476581.736993597,33293.8792435236,12041.0227296285,5610.2551362247,13362.4449636969
2386,"N3",7155001,7158000,182730.291034928,25879.2735094095,8832.9776571159,4434.8500320381,12036.1121471809
2387,"N3",7158001,7161000,449622.294613941,36993.3534108219,11030.2775562906,4439.7249627221,10973.234992467
2388,"N1",7161001,7164000,227478.469442223,33151.6199630181,13309.4265712505,6938.1773371455,20049.4159968014
2389,"N1",7164001,7167000,336089.210339132,32057.531450652,13362.8324628334,7148.4540955621,20175.2006477099
2390,"N3",7167001,7170000,242234.011637611,35088.5861907876,12713.6265321625,5981.4322326684,18840.0141341787
2391,"N3",7170001,7173000,201040.490652216,20483.8173039085,8351.1258962331,4936.810309715,17010.0107573043
2392,"N3",7173001,7176000,170241.80133863,21049.2936639875,7154.9215658094,4232.0991797979,10204.5370404023
2393,"N3",7176001,7179000,256129.570462275,25489.488297748,10317.758686792,7244.59282676,13873.4674057315
2394,"N3",7179001,7182000,275854.60323801,21252.7237580359,8935.7283288775,3954.5901184906,11798.5013903006
2395,"N3",7182001,7185000,230331.945444383,22415.562694144,7559.9160641465,4155.8268932692,11334.6198991638
2396,"N3",7185001,7188000,327016.448084247,37312.5368051119,12294.3055842565,6413.6061007966,15995.3110345954
2397,"N3",7188001,7191000,382218.722645047,38896.9930775917,16928.8998812354,10972.9283945869,33746.1344322252
2398,"N3",7191001,7194000,420153.21913436,38334.7408207705,17006.5265522508,10564.2447801966,31594.1021830655
2399,"N3",7194001,7197000,254191.216422173,39004.251081672,18442.5466887292,10199.5897181369,34708.4501114355
2400,"N3",7197001,7200000,458411.783132605,42689.3399539222,15171.3216278081,8579.4450879083,27399.8893245741
2401,"N3",7200001,7203000,574623.621718398,31339.307216402,10401.4097184101,5640.3094617309,16416.9497582042
2402,"N3",7203001,7206000,247085.959611975,19234.4461454376,8724.061190772,4137.8763119318,11350.2017443439
2403,"N3",7206001,7209000,249002.079994802,23079.8296237456,9402.2662321207,4287.8356952305,10883.3053378849
2404,"N3",7209001,7212000,179037.911556707,20187.36047149,6994.6165636022,3605.1987535574,9622.7672584195
2405,"N3",7212001,7215000,222698.801246985,20845.8104203059,7531.1532543012,3678.9135770321,10283.1288623478
2406,"N3",7215001,7218000,514507.643747857,39052.5586476434,14513.3748745933,8727.6657988859,24720.0899045401
2407,"N3",7218001,7221000,497958.254921445,39507.148045766,16663.7705752282,9258.0109574769,27127.8928658583
2408,"N3",7221001,7224000,514423.176539119,38981.9912151305,15842.198861159,9433.4760183193,32282.7788142369
2409,"N3",7224001,7227000,430886.71688527,32855.6922949147,15379.8774720666,8934.028015036,28917.7273080198
2410,"N3",7227001,7230000,910807.808143984,54020.2196879004,16961.6511248977,8625.5370149504,29531.2546116746
2411,"N3",7230001,7233000,540819.798915934,42252.2329557473,13594.8690281034,5621.3203231798,16038.9141580461
2412,"N3",7233001,7236000,405329.376275791,32205.5577677049,11158.2228280901,4907.4074385966,15503.8264539516
2413,"N3",7236001,7239000,462481.670348811,30219.9145413227,11455.6408432611,5573.6354821778,13971.5017744782
2414,"N3",7239001,7242000,211723.262475066,24424.5696621238,12131.1033551981,5387.6104834189,17049.5303646947
2415,"N3",7242001,7245000,247705.397884144,25087.9388184549,10346.8113858434,4749.3248368297,15265.5556925505
2416,"N3",7245001,7248000,165415.061336528,22311.0121202929,9627.591968246,5582.3703529451,15061.9607584585
2417,"N1",7248001,7251000,313976.059824426,33992.7344974211,12707.2018023958,6977.2983858458,24748.2632805737
2418,"N3",7251001,7254000,651308.512776067,45364.8669100245,18059.9046254786,8334.8506055382,23976.1690462166
2419,"N3",7254001,7257000,454402.760725344,46378.79435921,16443.8655296975,8505.6369995497,22094.423645299
2420,"N3",7257001,7260000,371402.156649525,37631.844982501,12927.1428045489,5438.7594262816,16264.9191374785
2421,"N3",7260001,7263000,416066.212880299,24638.5869217782,8414.1473423527,4780.9357281608,13241.1377108768
2422,"N3",7263001,7266000,419204.392093153,29027.4314583297,11080.4581438798,5844.1190589911,16060.9851180726
2423,"N3",7266001,7269000,450690.371409898,29297.6876850116,8628.5832759762,4185.5044703153,12626.0625808189
2424,"N3",7269001,7272000,543119.44801774,30119.6073491692,9913.1419597231,5052.2642193661,11679.222264894
2425,"N1",7272001,7275000,153541.746334481,17909.4065169161,6390.6339142873,3091.3634340889,9050.3791232683
2426,"N3",7275001,7278000,427001.569222934,25817.1040306159,7277.2298042747,3651.4103265052,9448.8169167859
2427,"N3",7278001,7281000,371002.216839517,40269.6365452716,11843.6607125518,6166.0969261379,15736.1501084485
2428,"N1",7281001,7284000,225185.628866494,31093.6900907987,10177.613976062,5253.1781744161,13540.216363154
2429,"N3",7284001,7287000,322731.961706276,32211.6530058009,11250.1056055864,6445.7619619008,14999.72296364
2430,"N3",7287001,7290000,141582.864635365,18737.0188426888,7307.8110325287,3749.2588256726,10489.8350772167
2431,"N3",7290001,7293000,380023.21384482,28283.7252303405,9842.0463036654,5424.6429205407,12156.5126424851
2432,"N1",7293001,7296000,404010.798997078,30833.1102978454,10703.8197087891,5318.9483222785,12086.7148938712
2433,"N3",7296001,7299000,143125.11091457,23704.9369789877,9424.3380056317,4849.0189363131,12066.6069747847
2434,"N3",7299001,7302000,233505.060286186,28257.3533878385,10050.8293589984,4994.1267481687,13594.3495450954
2435,"N3",7302001,7305000,248580.859958998,25478.558920974,11178.8308054873,5599.2965835008,16685.9717001793
2436,"N3",7305001,7308000,300985.895688514,43861.3417639529,15990.5462680979,8513.4405513826,23694.5260529259
2437,"N1",7308001,7311000,241460.817205443,32996.9794653536,11627.9500120993,6406.6926566347,16483.9175259696
2438,"N3",7311001,7314000,276480.347198559,32487.1857867475,10762.6253520869,5768.6783511276,15123.903358068
2439,"N1",7314001,7317000,320715.241224914,41270.4016773394,18740.9799762388,12392.2651445859,33544.5748134909
2440,"N3",7317001,7320000,369106.874797635,36231.7555851148,11910.9846817018,5576.486053752,15460.4189111486
2441,"N3",7320001,7323000,327640.944887963,31368.4733252686,11710.0221161806,6007.6227254666,14087.7298818955
2442,"N3",7323001,7326000,369986.636245754,34962.4974079805,13336.4477674187,8645.770645179,23949.6299791846
2443,"N3",7326001,7329000,466089.241302739,33633.3037377111,14425.0345079181,7028.0606206995,20373.4516863832
2444,"N3",7329001,7332000,276032.700770251,28288.8084680858,12435.7946145151,4907.2442153953,12888.1136585648
2445,"N3",7332001,7335000,251608.126864889,35459.629342855,11842.9879400615,6150.1701676114,16828.6470274106
2446,"N3",7335001,7338000,550640.935701339,34182.1047165731,15071.564449633,7992.4058160112,24207.3506171141
2447,"N3",7338001,7341000,381095.527804892,34717.177490522,12607.9166705169,6669.2004624212,19784.4951311317
2448,"N1",7341001,7344000,209828.648100094,27019.9997402964,13131.5442127406,6733.4196082443,19474.9608452848
2449,"N3",7344001,7347000,281723.209172391,31436.9546031222,12402.6813058741,6891.6201399149,19690.1531814001
2450,"N3",7347001,7350000,396718.997079641,40137.8392559554,19625.7488689757,11438.5072404177,34336.0518243507
2451,"N3",7350001,7353000,377562.758503183,43598.9331804564,12744.6088495917,6863.9407445622,18895.8866356728
2452,"N3",7353001,7356000,281274.441060645,37809.8258379074,10144.902828779,5206.2618235449,13075.3148271538
2453,"N3",7356001,7359000,265591.666620065,31225.0857389418,10589.0179992303,5928.6223268169,13941.3448204344
2454,"N3",7359001,7362000,394928.435679638,37792.8327141063,13542.3099057701,8085.8597808378,25185.6063316382
2455,"N3",7362001,7365000,590283.154781089,43415.6642882567,15439.0044882956,7267.3297369386,17324.5261568936
2456,"N3",7365001,7368000,332438.72296358,37282.4536531458,12312.5548352398,6569.4858375037,16868.3867531597
2457,"N3",7368001,7371000,235874.266499562,30524.0363406235,14516.0072469765,9539.3093239869,29757.3198791317
2458,"N3",7371001,7374000,276472.558073096,36828.8998102194,13460.8733222716,7492.8627897502,22001.9396660643
2459,"N1",7374001,7377000,214234.540011887,38701.0417149314,10330.5294813517,5919.3879234729,15511.1767299679
2460,"N3",7377001,7380000,365646.53983373,35003.7164673247,12036.6918982649,6709.3737033061,17704.9927283656
2461,"N3",7380001,7383000,205188.508913248,26366.4836465319,12599.2857879879,5748.8626047001,18696.2237148991
2462,"N3",7383001,7386000,419944.539875697,41671.6707233248,20379.0339576628,11073.0254659375,35485.920310886
2463,"N3",7386001,7389000,224977.738387373,28212.5486035707,10274.1842818523,4626.1998255906,10866.2426822357
2464,"N3",7389001,7392000,251894.880764964,35579.4174645079,10234.2450152676,5277.477590793,14017.4750308145
2465,"N3",7392001,7395000,224596.145258106,29686.9448376887,9919.5266145195,4730.7987834884,14750.1162175551
2466,"N3",7395001,7398000,444619.107444143,37491.3167626909,12430.5025714304,6705.4920753678,15601.2287806487
2467,"N3",7398001,7401000,458320.984011486,50295.9653950674,12963.0533172502,7026.8278148117,16635.5177267311
2468,"N1",7401001,7404000,305509.279585333,35854.7051486002,18731.5486205959,9696.7537149843,22078.2694416577
2469,"N3",7404001,7407000,355281.624292403,28514.5111816124,8502.3175614138,4704.5093675524,10886.4039604541
2470,"N3",7407001,7410000,427008.94854751,36086.2560727863,12297.6676325949,5121.664915737,14095.6971043693
2471,"N3",7410001,7413000,322723.181079718,45980.6688639213,16153.6755674198,7316.199334786,19487.5585186008
2472,"N3",7413001,7416000,389702.723735847,46539.641727881,13731.3476663168,7504.8254175996,20666.338278764
2473,"N3",7416001,7419000,484891.967440441,46840.2645028626,14164.2218095965,7974.1303193149,18725.3485934616
2474,"N3",7419001,7422000,360733.284452633,48294.1167927751,14438.3415428891,6913.6462346522,19882.0895272887
2475,"N3",7422001,7425000,538535.557220332,42932.54500164,13481.2730733185,7966.7024168915,23094.4286391541
2476,"N3",7425001,7428000,292638.46921843,29405.8374699103,12320.5954476394,5654.9751794167,14273.8317341576
2477,"N3",7428001,7431000,454957.213924809,35167.6446232464,11420.7293070616,6772.7650909038,16198.3178206287
2478,"N3",7431001,7434000,271643.174106622,30447.2813271458,11476.49700508,4695.9322752261,11812.3082845645
2479,"N3",7434001,7437000,390192.753152543,40806.4763614686,12452.410599879,6367.5355698409,16271.924700339
2480,"N3",7437001,7440000,245653.396317965,25948.4181687267,10465.8644671936,5961.6141796313,15884.2938191715
2481,"N3",7440001,7443000,264552.739063538,33913.0420185009,12241.4076442164,7019.6252077673,20751.8112343282
2482,"N3",7443001,7446000,366331.961402244,43140.4396343593,13162.1152499279,9465.5786416398,24077.5032372639
2483,"N1",7446001,7449000,259138.844853447,31957.8447570706,14819.7894783332,8341.4886544658,23864.4733769637
2484,"N1",7449001,7452000,254047.685130495,35117.0045592412,11965.823778902,6706.6588951247,14714.164443897
2485,"N3",7452001,7455000,402684.36904158,37446.9851236974,12249.2993274966,5854.4206790103,15193.5954892229
2486,"N3",7455001,7458000,402261.291982418,35635.0685844726,14093.6212682631,6919.0219485991,20664.4939268864
2487,"N3",7458001,7461000,245603.189763623,21520.4282950354,8598.3167662046,4170.6456041657,11139.0443401232
2488,"N3",7461001,7464000,233319.237727588,24284.114868129,7743.1886197586,4199.0703572107,10512.111828245
2489,"N3",7464001,7467000,279169.90467456,30311.5712097205,10166.5345816158,4695.3879769767,14134.5214220205
2490,"N3",7467001,7470000,382317.28378782,26376.9701115143,11378.4629000194,6408.7242920779,18138.8847397622
2491,"N3",7470001,7473000,329764.469217592,30689.1408491409,18359.9497402805,10417.0683913553,31896.6749898288
2492,"N1",7473001,7476000,211655.659609965,26393.0909552731,11610.9621048139,6821.9991309477,18960.2327325834
2493,"N3",7476001,7479000,192104.876699772,31564.73381822,11144.8175474039,4064.5400910075,10431.2264986469
2494,"N3",7479001,7482000,172314.400383833,30178.7586211889,7496.1726566067,3946.050757843,8442.0439616042
2495,"N3",7482001,7485000,300633.809283617,34624.4032819614,9538.2167507762,4516.7412623057,12521.3445434901
2496,"N3",7485001,7488000,240874.595747701,24007.5569841815,10824.4642148008,5977.7687369053,12974.1598994162
2497,"N3",7488001,7491000,330309.552809679,37966.2632573001,14363.728710824,7976.9452370196,25856.7628953991
2498,"N3",7491001,7494000,250206.891065868,26368.3646408863,10967.8430280504,6301.8041269695,16665.7647456485
2499,"N3",7494001,7497000,383349.029808319,45095.5303883078,14817.2166915989,7559.4091434207,21775.1783155251
2500,"N3",7497001,7500000,354447.386433999,37112.5332422592,13723.4734561545,7574.5662203598,20576.5548478773
2501,"N1",7500001,7503000,318144.675792501,34508.2941766596,11664.465769664,6144.6226884565,15234.1997275068
2502,"N3",7503001,7506000,245086.784363228,23320.5519387168,9719.6094721881,5125.3338377749,15737.2993301075
2503,"N3",7506001,7509000,168383.7579892,16995.9957183146,7986.2167002814,4175.5449430964,9862.0944834193
2504,"N3",7509001,7512000,173338.060700174,18169.5541708015,10626.3590268669,6240.9623863243,15200.9520794063
2505,"N3",7512001,7515000,342427.908634941,39799.962915584,11579.6136649275,5515.3084457046,15627.0947739071
2506,"N3",7515001,7518000,310324.673582474,40359.0635955525,14788.204366786,8903.8001653356,21380.4782866424
2507,"N3",7518001,7521000,242838.606084826,23521.499247445,9887.2729373999,4515.6261413594,15261.4746830425
2508,"N3",7521001,7524000,261920.265327568,27038.8562876897,12323.7472542414,6732.4031785906,15827.2404733529
2509,"N3",7524001,7527000,422079.338391283,33163.0481666494,11643.244700759,6262.1752179963,18492.178473093
2510,"N3",7527001,7530000,149683.524116748,23131.5185141224,10742.7869541611,5392.9788348675,15089.0932878706
2511,"N3",7530001,7533000,217919.470572009,24169.105222343,8716.3987085556,4031.9122329875,11728.6326962477
2512,"N3",7533001,7536000,292760.619374527,19417.7954099111,9824.3510005013,4667.7517626937,11983.4246817506
2513,"N1",7536001,7539000,162298.231134735,24001.4887944219,9554.2573543767,5246.3860227696,15950.8910362414
2514,"N3",7539001,7542000,322133.206237581,22059.7900157229,10853.2998334787,6765.8870537011,19611.2032882201
2515,"N3",7542001,7545000,215550.672094513,23426.7942101707,9525.7844548875,4828.0020336083,12712.4286863619
2516,"N3",7545001,7548000,223671.343140439,23850.4599003092,11805.0211440196,6359.097737465,18011.375216706
2517,"N1",7548001,7551000,223209.875058124,25032.2435810269,12793.3568680206,6599.4218220989,21401.5968954158
2518,"N1",7551001,7554000,221920.071282478,30657.0655469488,12069.4936550739,7247.1897187931,19603.4226086386
2519,"N3",7554001,7557000,212842.539316632,28683.1684624166,9341.4519422426,4477.6272486016,12730.4675355743
2520,"N3",7557001,7560000,249264.34848072,21894.6250366978,8838.556159627,4823.78413236,13448.1210792995
2521,"N1",7560001,7563000,250126.476952093,29692.6378767123,14560.3896256625,6755.1640448712,26446.8126545965
2522,"N3",7563001,7566000,321496.29492961,32855.4966597428,12332.6720564433,6989.43949907,17971.7414432822
2523,"N3",7566001,7569000,404208.08576626,37265.8554429879,12967.9480598263,6823.9326194896,16576.0122814662
2524,"N3",7569001,7572000,400526.125648879,39559.925933654,10953.3826726119,6495.530149246,20165.2724493744
2525,"N3",7572001,7575000,493678.922049305,42331.5109259779,12002.1179441716,6347.1313096575,18415.3741309325
2526,"N3",7575001,7578000,299061.525446054,19568.2485866996,9283.5136240863,5098.835505008,15338.1150880037
2527,"N3",7578001,7581000,165069.45374305,22577.8647080885,11099.8240156223,4985.83549846,19310.6571047784
2528,"N3",7581001,7584000,149826.518195378,26935.6032205605,9038.4118807575,4702.1570280344,16226.0443587241
2529,"N3",7584001,7587000,455979.43033998,34141.4664324105,12394.5946813237,6323.25253581,16005.4847265937
2530,"N3",7587001,7590000,809127.240183394,51651.9061201975,14611.115900166,7190.7293294358,16171.1633168514
2531,"N3",7590001,7593000,444869.897431921,46275.5204595446,16613.6852717064,8003.3908822721,20928.8067557117
2532,"N3",7593001,7596000,417160.703768449,47295.7138723284,14846.205679599,7269.1363270534,16738.2656019595
2533,"N3",7596001,7599000,459213.000415424,38327.890583712,12641.7233140547,6519.9052859976,14746.5468196491
2534,"N3",7599001,7602000,368869.733747644,40782.3469640832,12763.3502025238,6485.2454753787,16055.4756285975
2535,"N3",7602001,7605000,182897.928082827,15525.2296462821,7151.9074904673,3822.4339224427,11548.7406937331
2536,"N3",7605001,7608000,124517.236187012,14558.588303318,5380.174043463,2614.1874046334,6894.0565552236
2537,"N3",7608001,7611000,293701.75278042,29422.6276003452,11565.7269909307,5728.7213034837,14503.3284041748
2538,"N3",7611001,7614000,160112.492117888,29305.204505157,10001.0644509987,4957.3466126398,12995.7042386328
2539,"N1",7614001,7617000,38580.9687964701,12895.3981712778,5522.0952254988,2510.5896261906,7562.0349085167
2540,"N3",7617001,7620000,74229.0493531847,15969.1993932097,5807.1558153403,3012.7587125898,7988.6146914403
2541,"N3",7620001,7623000,73424.8336656043,13907.7760640065,5946.236956856,2761.0157189271,8009.8791264232
2542,"N3",7623001,7626000,118173.887129932,17762.2072768598,6304.7726887197,3076.2004979703,9017.7675414776
2543,"N3",7626001,7629000,99235.1892274288,14325.3978740714,5498.1530168236,3171.868980799,8455.9103745066
2544,"N3",7629001,7632000,390158.351596911,38388.0972587524,14454.187466964,6723.8637377664,18317.0489556408
2545,"N1",7632001,7635000,321583.375902714,31030.5477962175,11433.4058863346,6047.989609423,17166.1862065525
2546,"N3",7635001,7638000,432598.086135002,40327.8232627483,16765.8409876436,7877.3176888551,24008.1105738698
2547,"N3",7638001,7641000,313343.547186868,28757.5516323633,13382.221007821,7532.9758653939,18918.6629845033
2548,"N3",7641001,7644000,336323.469122924,40258.7491921526,13220.1394930644,6590.1912860126,15562.2570312474
2549,"N3",7644001,7647000,338044.309240332,31596.9720370334,12352.3619781345,5696.0198245602,16707.8388626542
2550,"N3",7647001,7650000,124642.721109907,16840.9799474224,6885.2657201184,4253.0451416277,11124.3732440467
2551,"N3",7650001,7653000,315867.45946073,35799.5647655471,12326.7066639982,5419.8487663428,14813.7772407881
2552,"N1",7653001,7656000,233177.788728572,22824.8769126307,11340.8262990214,6465.6299454609,19904.2587551833
2553,"N3",7656001,7659000,209166.305677818,17896.0542613277,10316.4420839198,4736.2627825222,15136.3281183842
2554,"N3",7659001,7662000,292941.251804085,21421.5213388346,9779.3483509331,4832.5092538571,13331.9039817592
2555,"N3",7662001,7665000,281859.109579016,17984.9435410032,7966.9090640785,3737.6350118248,11600.856234763
2556,"N1",7665001,7668000,251508.941522188,21194.4983119468,8806.4963198013,4815.8575981145,14227.4589763591
2557,"N3",7668001,7671000,421039.765837351,21397.7076357966,7999.6322989986,3874.7219217126,8845.2197743006
2558,"N3",7671001,7674000,274116.245762619,23280.1586885488,7647.8445594182,4011.1898633377,9655.2212522261
2559,"N3",7674001,7677000,529628.936336449,34383.2917160876,10677.5307444779,4998.9521509414,11921.4024427577
2560,"N3",7677001,7680000,356383.950721411,46546.6087226751,15250.1736571794,7491.0053914206,15068.5533992214
2561,"N3",7680001,7683000,424986.552895989,44853.7265909776,14045.7992590448,6018.5708399237,13257.1609787503
2562,"N3",7683001,7686000,538488.245674643,47141.5903704805,13361.0717058249,6639.7256332321,20454.0546194332
2563,"N3",7686001,7689000,233266.913936116,33245.9727880765,11357.0730967157,5316.6312495932,16392.8358365707
2564,"N3",7689001,7692000,297145.871373182,29811.3384311912,11547.752379354,6347.361243856,17615.1419856007
2565,"N3",7692001,7695000,323156.857984506,28602.3717936583,11983.889005711,6875.8009072834,19331.5367772879
2566,"N3",7695001,7698000,427103.363556778,41356.3457988088,14891.2947579397,7440.1125295239,17523.6944328301
2567,"N3",7698001,7701000,549080.032806592,50581.960251037,16757.5153817045,8231.3871323495,20982.3758922528
2568,"N3",7701001,7704000,331172.547510611,35792.1323701482,11589.1282451124,6107.4316142558,15323.9195530547
2569,"N3",7704001,7707000,420152.875919279,34636.1087934451,14324.2517925021,7682.546011087,22041.5302686771
2570,"N3",7707001,7710000,601397.757128119,45459.3002857355,15047.3802010048,9498.269770504,20778.781687204
2571,"N3",7710001,7713000,286926.460600902,30942.9411976966,13000.5857141065,6696.7301389921,16112.7886638767
2572,"N3",7713001,7716000,128844.756905943,18681.8499713931,8764.0376174907,4416.3971524349,10122.8242113306
2573,"N3",7716001,7719000,367267.992321991,39038.9092920266,16857.4010489915,8640.6802538974,25606.8924226776
2574,"N3",7719001,7722000,401139.523813695,67580.278819627,19025.3023796593,10091.9762753589,27037.6785693992
2575,"N3",7722001,7725000,365152.934713648,35554.2284232232,13723.3278612196,7493.2632271305,21349.2641316685
2576,"N3",7725001,7728000,338307.447369433,30199.9981404351,10129.6740181775,5669.8935041192,16657.1029612468
2577,"N3",7728001,7731000,404491.655991464,45322.2617749862,13561.622393408,7506.3930593534,16947.219891287
2578,"N3",7731001,7734000,547770.34735584,63180.091646421,21538.5318884134,10478.1913507807,27680.6947056836
2579,"N3",7734001,7737000,188080.134275089,23475.9042983948,9780.3207700305,5631.6851761201,14370.4535693575
2580,"N3",7737001,7740000,467485.740453912,41912.3407380925,11723.0673910561,5515.6972690687,10734.2475479506
2581,"N3",7740001,7743000,315753.17992596,36096.3781690203,12376.9370869453,5277.3035934659,14483.5948171708
2582,"N3",7743001,7746000,197012.635296195,33762.9317090367,12356.4599701645,6190.7805400816,15038.915348964
2583,"N3",7746001,7749000,193799.843094843,26827.7738312597,10102.02594619,4522.6653067894,9431.8224539567
2584,"N3",7749001,7752000,369416.625199098,30194.1284610927,11389.7243273613,5148.4128695989,10311.1783516416
2585,"N3",7752001,7755000,204684.594922104,22332.7780322074,9461.2606451505,4129.9507462332,9340.273267845
2586,"N3",7755001,7758000,350930.364430107,36661.1387667339,11034.1528995833,4965.377063825,10501.0179362052
2587,"N3",7758001,7761000,291703.420927325,34009.4334245127,9408.2132234363,4045.8200014296,11332.8202702571
2588,"N3",7761001,7764000,147132.253075274,24781.8280697713,9295.744060998,4078.9142951536,10790.7393119456
2589,"N3",7764001,7767000,401925.776499991,55204.638984075,12507.8435025366,4675.4267192014,10140.901889736
2590,"N3",7767001,7770000,297243.044137227,41528.7094007992,11779.2067559752,5299.9560081156,11926.8068858702
2591,"N3",7770001,7773000,337571.335268789,39401.2133075283,9597.9461422941,4350.1716779337,8114.1532136308
2592,"N3",7773001,7776000,593193.305748257,45255.3678608275,14797.0999953224,5156.08659119,10406.6805667703
2593,"N3",7776001,7779000,435034.014373709,42214.0660163848,12605.8407123855,5839.1780525594,11126.9066843136
2594,"N3",7779001,7782000,448803.597784908,46055.9541199128,12333.3362777214,5216.2041242221,9893.0156668046
2595,"N3",7782001,7785000,426469.548823095,34801.8615215563,10596.2946429814,3978.6127796528,10505.6325343362
2596,"N3",7785001,7788000,276301.194670179,40631.8610356065,10153.812955056,4488.9838256151,9248.3201658495
2597,"N3",7788001,7791000,241778.949040281,41877.7971986953,11222.5894907689,5413.9758817976,13599.3456829317
2598,"N3",7791001,7794000,299761.682000191,51755.163212239,11628.88423645,5345.1094381084,16040.4377333325
2599,"N3",7794001,7797000,159550.478408045,26070.0433007258,7405.152156868,3935.3191493147,8990.0195821367
2600,"N3",7797001,7800000,249645.593496261,29764.4408911748,8817.6027163941,4086.8680947095,8677.8299255965
2601,"N3",7800001,7803000,241837.261760464,41321.0935757657,11945.3068683869,5183.8236198342,9848.0985476523
2602,"N3",7803001,7806000,181104.416649875,29938.6213972055,9958.6516921382,4694.3058935717,9189.624130804
2603,"N3",7806001,7809000,273260.428123655,47222.2488152994,12200.9622983272,5308.3280358151,11651.4655088677
2604,"N3",7809001,7812000,256689.405578631,25799.3220763244,7930.3275244576,3616.5387638742,7228.8756900262
2605,"N3",7812001,7815000,503710.856848511,55552.3225370291,13060.2552913713,5749.5826606821,11284.0051739814
2606,"N3",7815001,7818000,311137.956046997,39310.1469081957,11340.1933859615,5158.4464166662,11192.7468242329
2607,"N3",7818001,7821000,242850.562025485,40073.0156069749,12725.936896338,5394.6567352633,12927.8734693955
2608,"N3",7821001,7824000,423587.075904776,43474.4809851229,13292.3698092367,4217.8943516365,9480.8990607749
2609,"N3",7824001,7827000,300659.872208852,41018.1838267733,10482.951090344,5119.0026573073,10142.5222414445
2610,"N3",7827001,7830000,355498.334508708,48500.6512602304,11348.6149518526,4646.9024584321,8805.605285486
2611,"N3",7830001,7833000,225589.399430309,40028.350646301,11456.4172072457,4585.3844364164,9540.252013682
2612,"N3",7833001,7836000,273647.65639867,36881.8175395739,13068.1956067415,5382.7076087186,14181.2776380399
2613,"N3",7836001,7839000,456180.640174625,36967.4103113146,12350.1500063267,4137.7352404709,9422.8835760651
2614,"N3",7839001,7842000,422464.172795611,47526.3148401914,9715.5478785,4197.4106693332,10227.2230920968
2615,"N3",7842001,7845000,299458.329999467,52434.8271845818,12591.7013943943,5141.4895682092,12444.6697433777
2616,"N3",7845001,7848000,355880.248384285,38473.3617720258,10427.9914475622,4878.8179464244,12122.7474914314
2617,"N3",7848001,7851000,221175.006911943,45628.920400386,17016.233402795,5778.0495188791,10033.9234556121
2618,"N3",7851001,7854000,261972.309163707,40946.2784290261,9867.2943466914,4425.9643401339,11939.1343982178
2619,"N3",7854001,7857000,213539.727963153,35233.5703244354,10930.8132980811,4895.9932955184,12653.8781094455
2620,"N3",7857001,7860000,128021.178128736,24719.9398834148,8064.255465065,4118.8453068015,9640.2466633276
2621,"N3",7860001,7863000,180508.08902969,31981.8536065755,9975.5588694328,4531.4629825934,11869.8289495696
2622,"N3",7863001,7866000,248404.110220666,29379.0464247802,8646.6873967011,3360.2941095018,6833.7971183702
2623,"N3",7866001,7869000,220523.697982393,34225.7912126187,9568.4212677753,3583.7322127361,7989.9300537162
2624,"N3",7869001,7872000,196669.294517919,31264.942993663,10058.451063402,3981.6158998738,8569.9490006319
2625,"N3",7872001,7875000,215657.953471926,38585.8022473576,11494.4975158805,4175.6842271752,9030.7119220619
2626,"N3",7875001,7878000,287466.235527018,30627.6937101801,11415.8786152886,5496.2757118168,11879.4766144027
2627,"N3",7878001,7881000,437226.039881676,43203.2800431324,12562.3633151002,6516.801546607,13685.4623803794
2628,"N3",7881001,7884000,135777.764437788,28172.2156561124,9715.8649566681,4998.4439506731,12557.4542140828
2629,"N3",7884001,7887000,191263.314029755,41847.9015907814,11953.8027762708,4380.849051981,10231.91317684
2630,"N3",7887001,7890000,232204.397781245,32836.5826172605,11070.9289407729,4244.711833806,10011.6639935449
2631,"N3",7890001,7893000,690234.089735748,73047.3497548124,21160.6609509512,10426.0639738512,26548.7491489167
2632,"N3",7893001,7896000,468196.826223611,79840.7822445998,23446.5235528933,12322.3719827221,32451.6218717868
2633,"N3",7896001,7899000,583056.405811277,81477.0672453567,21349.7232392176,11146.8739549845,23478.1183943535
2634,"N1",7899001,7902000,484826.609234184,67862.9026728031,18088.2338046999,9147.4437827084,19754.9782442964
2635,"N3",7902001,7905000,584440.504244073,59415.7284099392,15181.0476393733,7811.8046245229,14932.098863852
2636,"N3",7905001,7908000,665493.888482266,83829.5993264894,23419.321791913,16559.0220666882,39687.7753001538
2637,"N3",7908001,7911000,726534.078281626,114264.39709497,28028.0519724486,13518.1064811312,30096.0715926773
2638,"N3",7911001,7914000,329911.844185185,31965.7920804634,14217.9447755636,9182.4564860752,32781.3593588518
2639,"N3",7914001,7917000,786275.247666095,77718.1472712878,19911.9607142257,16214.8106047017,34312.993172244
2640,"N3",7917001,7920000,584386.786101988,49900.2689004608,13643.7678101871,7039.4155194689,17154.0478735571
2641,"N3",7920001,7923000,464859.318168303,70023.4565718486,13777.6951987324,4722.3143726331,10872.981849973
2642,"N3",7923001,7926000,684258.266944732,56368.964856761,12945.0985311493,5733.527783032,11422.2775473518
2643,"N3",7926001,7929000,583526.096515496,45605.1847958139,12532.2153346761,7121.9701384352,16435.2538594447
2644,"N3",7929001,7932000,149501.60941524,28476.8123264647,9019.243998671,4454.3485967374,12155.5828863942
2645,"N3",7932001,7935000,173849.054601399,35952.2982014763,8809.7339934063,4010.2832943951,9303.2108917498
2646,"N3",7935001,7938000,188946.088254391,25804.0121995518,9083.2945855284,3921.0722842807,10478.6554101025
2647,"N3",7938001,7941000,302826.740439707,32260.5693759244,11411.7462010786,5156.6055232589,14522.5999777033
2648,"N3",7941001,7944000,159017.161857846,29692.650772551,10458.9045536884,3622.5870137026,9150.9101383234
2649,"N3",7944001,7947000,387603.32431475,31099.2891322826,10309.3797356139,4496.2369453102,11520.7262044963
2650,"N3",7947001,7950000,262299.129048049,43695.3637958248,12090.7978009456,6140.7297012283,12888.3654964696
