epoch,start_sec,expert_stage,pred_stage,rel_delta,rel_theta,rel_alpha,rel_sigma,rel_beta
1,0.0,W,N3,0.827779,0.136389,0.016579,0.006151,0.013102
2,30.0,W,N3,0.761773,0.097893,0.041142,0.02668,0.072512
3,60.0,W,N3,0.84448,0.047148,0.071767,0.010854,0.025751
4,90.0,W,N3,0.662628,0.101253,0.194787,0.012022,0.02931
5,120.0,W,N3,0.620168,0.197958,0.147341,0.01212,0.022413
6,150.0,W,N3,0.737662,0.211277,0.024815,0.008099,0.018147
7,180.0,W,N3,0.834069,0.08082,0.028603,0.013296,0.043212
8,210.0,W,N3,0.888379,0.078993,0.013316,0.005989,0.013323
9,240.0,W,N3,0.767856,0.163149,0.031495,0.010822,0.026677
10,270.0,W,N3,0.852301,0.077125,0.022953,0.012204,0.035418
11,300.0,W,N3,0.883853,0.059528,0.023226,0.01005,0.023344
12,330.0,W,N3,0.87466,0.072772,0.018249,0.009716,0.024603
13,360.0,W,N3,0.85278,0.098154,0.020067,0.008565,0.020434
14,390.0,W,N3,0.834776,0.1018,0.022933,0.0133,0.027192
15,420.0,W,N3,0.828263,0.093232,0.026925,0.015793,0.035787
16,450.0,W,N3,0.846414,0.084065,0.027928,0.012295,0.029298
17,480.0,W,N3,0.776435,0.123735,0.04166,0.019673,0.038496
18,510.0,W,N3,0.822815,0.097799,0.030946,0.013515,0.034924
19,540.0,W,N3,0.824984,0.10764,0.030026,0.013045,0.024305
20,570.0,W,N3,0.75938,0.113962,0.03955,0.020785,0.066323
21,600.0,W,N3,0.84853,0.075282,0.030559,0.013597,0.032032
22,630.0,W,N3,0.751837,0.134234,0.050185,0.023003,0.040741
23,660.0,W,N3,0.733489,0.101131,0.063496,0.029288,0.072596
24,690.0,W,N3,0.681484,0.131109,0.067799,0.035892,0.083715
25,720.0,W,N3,0.809858,0.111589,0.030568,0.015389,0.032596
26,750.0,W,N3,0.872563,0.066581,0.02486,0.010982,0.025014
27,780.0,W,N1,0.80843,0.096211,0.036437,0.018728,0.040194
28,810.0,W,N3,0.72058,0.127838,0.057631,0.027695,0.066256
29,840.0,W,N3,0.81054,0.10077,0.036979,0.016257,0.035453
30,870.0,W,N3,0.851543,0.085607,0.025567,0.012923,0.02436
31,900.0,W,N3,0.818976,0.093636,0.033993,0.017998,0.035397
32,930.0,W,N3,0.624729,0.194106,0.070085,0.032765,0.078315
33,960.0,W,N3,0.789055,0.101436,0.044445,0.021127,0.043938
34,990.0,W,N1,0.739997,0.123763,0.052915,0.025768,0.057558
35,1020.0,W,N3,0.76774,0.128318,0.048235,0.017576,0.038131
36,1050.0,W,N3,0.858412,0.082998,0.025467,0.010219,0.022903
37,1080.0,W,N3,0.827095,0.075652,0.034394,0.016972,0.045887
38,1110.0,W,N3,0.814508,0.101277,0.039501,0.015572,0.029142
39,1140.0,W,N3,0.648733,0.165653,0.064474,0.032565,0.088576
40,1170.0,W,N3,0.794027,0.104925,0.03822,0.016803,0.046026
41,1200.0,W,N3,0.847259,0.083292,0.030498,0.01223,0.02672
42,1230.0,W,N3,0.85644,0.075341,0.028555,0.011228,0.028436
43,1260.0,W,N3,0.882065,0.066653,0.019152,0.009701,0.02243
44,1290.0,W,N3,0.816628,0.094181,0.031342,0.015964,0.041885
45,1320.0,W,N3,0.808832,0.086239,0.047131,0.018075,0.039724
46,1350.0,W,N3,0.745034,0.133188,0.043788,0.020913,0.057078
47,1380.0,W,N3,0.717577,0.124469,0.063914,0.027635,0.066406
48,1410.0,W,N3,0.754176,0.113189,0.045643,0.02126,0.065733
49,1440.0,W,N3,0.85285,0.072901,0.030853,0.013441,0.029955
50,1470.0,W,N3,0.856298,0.078426,0.028458,0.012362,0.024456
51,1500.0,W,N3,0.747832,0.145907,0.044991,0.018685,0.042584
52,1530.0,W,N3,0.845393,0.073171,0.034341,0.014333,0.032762
53,1560.0,W,N1,0.747306,0.127387,0.05061,0.020575,0.054123
54,1590.0,W,N3,0.80637,0.086927,0.038067,0.020519,0.048117
55,1620.0,W,N3,0.720954,0.140593,0.048689,0.02734,0.062424
56,1650.0,W,N3,0.830687,0.085565,0.031269,0.014993,0.037485
57,1680.0,W,N3,0.720299,0.119582,0.057936,0.026087,0.076097
58,1710.0,W,N1,0.456961,0.34564,0.077756,0.033909,0.085734
59,1740.0,W,N1,0.489819,0.269641,0.111698,0.037033,0.091809
60,1770.0,W,N3,0.828291,0.086597,0.035136,0.013979,0.035996
61,1800.0,W,N3,0.782532,0.113331,0.044648,0.018503,0.040987
62,1830.0,W,N3,0.789275,0.120929,0.038813,0.01659,0.034393
63,1860.0,W,N1,0.675935,0.158774,0.062386,0.029026,0.073879
64,1890.0,W,N3,0.807274,0.099847,0.039024,0.015916,0.037939
65,1920.0,W,N3,0.82774,0.087319,0.031518,0.015363,0.038061
66,1950.0,W,N3,0.811121,0.094095,0.033495,0.017061,0.044228
67,1980.0,W,N3,0.859248,0.071902,0.023966,0.011684,0.033199
68,2010.0,W,N3,0.799288,0.089107,0.059846,0.016484,0.035275
69,2040.0,W,N3,0.864179,0.079332,0.023675,0.009084,0.023729
70,2070.0,W,N3,0.832367,0.082007,0.028516,0.01426,0.04285
71,2100.0,W,N3,0.876831,0.063106,0.021705,0.010231,0.028126
72,2130.0,W,N1,0.831483,0.073006,0.037871,0.018084,0.039556
73,2160.0,W,N3,0.850057,0.084999,0.026727,0.011122,0.027095
74,2190.0,W,N3,0.78699,0.110794,0.043007,0.020912,0.038298
75,2220.0,W,N3,0.823757,0.099938,0.035461,0.013403,0.027442
76,2250.0,W,N3,0.71846,0.156583,0.050888,0.019978,0.054091
77,2280.0,W,N3,0.802621,0.103744,0.042001,0.015682,0.035952
78,2310.0,W,N3,0.845771,0.084637,0.029867,0.012368,0.027357
79,2340.0,W,N3,0.806875,0.086748,0.038802,0.019528,0.048048
80,2370.0,W,N1,0.665673,0.151756,0.068965,0.033044,0.080562
81,2400.0,W,N3,0.796337,0.099722,0.040072,0.017036,0.046832
82,2430.0,W,N3,0.764601,0.095786,0.053285,0.023195,0.063132
83,2460.0,W,N3,0.864945,0.063523,0.031441,0.010835,0.029256
84,2490.0,W,N3,0.835417,0.088244,0.030067,0.014385,0.031887
85,2520.0,W,N3,0.837746,0.076011,0.029618,0.014323,0.042302
86,2550.0,W,N3,0.82799,0.093104,0.028602,0.013944,0.036359
87,2580.0,W,N3,0.86382,0.073702,0.021543,0.01234,0.028595
88,2610.0,W,N3,0.842059,0.072307,0.02888,0.01438,0.042373
89,2640.0,W,N3,0.811298,0.075858,0.031637,0.018971,0.062236
90,2670.0,W,N3,0.865626,0.070223,0.020893,0.012415,0.030843
91,2700.0,W,N3,0.810284,0.091556,0.030064,0.015075,0.05302
92,2730.0,W,N3,0.821972,0.086486,0.029337,0.015916,0.046289
93,2760.0,W,N3,0.804929,0.112168,0.030293,0.015428,0.037182
94,2790.0,W,N3,0.800963,0.108101,0.030929,0.016955,0.043052
95,2820.0,W,N3,0.80121,0.115607,0.029913,0.015023,0.038247
96,2850.0,W,N3,0.830783,0.086183,0.026514,0.015042,0.041479
97,2880.0,W,N3,0.832628,0.110277,0.023286,0.011343,0.022467
98,2910.0,W,N3,0.82523,0.103955,0.027559,0.012533,0.030722
99,2940.0,W,N3,0.828405,0.086487,0.028462,0.014164,0.042482
100,2970.0,W,N3,0.796988,0.110981,0.033231,0.015555,0.043245
101,3000.0,W,N3,0.871913,0.075816,0.020615,0.009528,0.022127
102,3030.0,W,N3,0.805201,0.140958,0.024211,0.010671,0.018959
103,3060.0,W,N3,0.849984,0.09064,0.021958,0.01233,0.025088
104,3090.0,W,N3,0.846933,0.085893,0.022372,0.011413,0.033389
105,3120.0,W,N3,0.885654,0.06572,0.021692,0.008979,0.017955
106,3150.0,W,N3,0.82593,0.074955,0.029912,0.015957,0.053246
107,3180.0,W,N3,0.901713,0.048411,0.016511,0.007819,0.025547
108,3210.0,W,N3,0.852729,0.096323,0.021823,0.009204,0.01992
109,3240.0,W,N3,0.811174,0.110676,0.034839,0.015242,0.028068
110,3270.0,W,N3,0.830791,0.100545,0.028855,0.013737,0.026072
111,3300.0,W,N3,0.761171,0.12266,0.043395,0.022453,0.050322
112,3330.0,W,N3,0.917474,0.054226,0.013175,0.00526,0.009864
113,3360.0,W,N1,0.894728,0.059486,0.01882,0.008704,0.018262
114,3390.0,W,N1,0.891672,0.070727,0.018169,0.006607,0.012825
115,3420.0,W,N1,0.907163,0.046469,0.016462,0.008558,0.021347
116,3450.0,W,N3,0.844487,0.098189,0.029829,0.010134,0.017361
117,3480.0,W,N3,0.72943,0.156506,0.042962,0.021609,0.049493
118,3510.0,W,N3,0.844625,0.08,0.024468,0.013566,0.03734
119,3540.0,W,N3,0.860781,0.075316,0.025411,0.012099,0.026393
120,3570.0,W,N3,0.846389,0.09301,0.026445,0.012858,0.021298
121,3600.0,W,N3,0.757706,0.11603,0.052402,0.018987,0.054876
122,3630.0,W,N3,0.757587,0.123644,0.045198,0.022891,0.05068
123,3660.0,W,N3,0.834876,0.106264,0.024578,0.010898,0.023383
124,3690.0,W,N3,0.838645,0.091777,0.028977,0.014068,0.026533
125,3720.0,W,N3,0.769815,0.114659,0.041088,0.021486,0.052952
126,3750.0,W,N3,0.810776,0.106071,0.037894,0.013711,0.031548
127,3780.0,W,N3,0.841851,0.08723,0.032871,0.012101,0.025947
128,3810.0,W,N3,0.794445,0.119849,0.032654,0.014819,0.038233
129,3840.0,W,N3,0.881621,0.066163,0.020033,0.00964,0.022544
130,3870.0,W,N3,0.830375,0.109208,0.02688,0.013088,0.020449
131,3900.0,W,N3,0.865134,0.092017,0.018301,0.008361,0.016187
132,3930.0,W,N3,0.808714,0.114997,0.032421,0.014116,0.029753
133,3960.0,W,N3,0.793732,0.122156,0.034216,0.015164,0.034732
134,3990.0,W,N3,0.754534,0.129064,0.047203,0.020054,0.049146
135,4020.0,W,N3,0.807418,0.128925,0.027969,0.012578,0.02311
136,4050.0,W,N3,0.842741,0.075681,0.029147,0.016043,0.036388
137,4080.0,W,N3,0.844712,0.093846,0.025246,0.012789,0.023407
138,4110.0,W,N3,0.803096,0.127869,0.03005,0.013365,0.025621
139,4140.0,W,N3,0.79403,0.116292,0.036705,0.018432,0.034541
140,4170.0,W,N3,0.759768,0.11456,0.052878,0.022686,0.050109
141,4200.0,W,N3,0.80242,0.112896,0.032274,0.017173,0.035237
142,4230.0,W,N3,0.798816,0.103995,0.037847,0.019221,0.04012
143,4260.0,W,N3,0.830426,0.093187,0.026062,0.014612,0.035713
144,4290.0,W,N3,0.839776,0.08781,0.029606,0.014763,0.028045
145,4320.0,W,N3,0.814135,0.104092,0.031529,0.015673,0.034571
146,4350.0,W,N3,0.825531,0.096177,0.029744,0.013913,0.034635
147,4380.0,W,N3,0.789171,0.106706,0.03716,0.018153,0.048811
148,4410.0,W,N3,0.823983,0.086646,0.031806,0.016085,0.04148
149,4440.0,W,N3,0.804635,0.114896,0.035173,0.014423,0.030873
150,4470.0,W,N3,0.817268,0.099717,0.028699,0.01542,0.038897
151,4500.0,W,N3,0.867582,0.059772,0.026655,0.014723,0.031267
152,4530.0,W,N3,0.789982,0.104644,0.039053,0.018496,0.047824
153,4560.0,W,N1,0.748437,0.102475,0.046326,0.024209,0.078553
154,4590.0,W,N3,0.73728,0.117272,0.041701,0.030196,0.073551
155,4620.0,W,N3,0.856484,0.068972,0.027294,0.012133,0.035117
156,4650.0,W,N3,0.804923,0.084455,0.036725,0.019887,0.054009
157,4680.0,W,N3,0.868058,0.063792,0.024136,0.011801,0.032213
158,4710.0,W,N3,0.807352,0.096425,0.03127,0.018262,0.046691
159,4740.0,W,N3,0.794625,0.11155,0.031434,0.019246,0.043144
160,4770.0,W,N3,0.801189,0.109873,0.03008,0.016463,0.042395
161,4800.0,W,N3,0.826813,0.075022,0.029862,0.018068,0.050236
162,4830.0,W,N3,0.795537,0.088518,0.033141,0.020176,0.062628
163,4860.0,W,N3,0.797297,0.072415,0.039059,0.024057,0.067173
164,4890.0,W,N3,0.823492,0.081346,0.03013,0.01682,0.048211
165,4920.0,W,N3,0.825416,0.084402,0.029544,0.015953,0.044685
166,4950.0,W,N3,0.771741,0.111146,0.035196,0.02061,0.061306
167,4980.0,W,N3,0.780866,0.098425,0.036033,0.021123,0.063553
168,5010.0,W,N3,0.765,0.120489,0.035336,0.02204,0.057136
169,5040.0,W,N3,0.74209,0.14392,0.041828,0.020093,0.052069
170,5070.0,W,N3,0.804668,0.125077,0.030261,0.012598,0.027397
171,5100.0,W,N3,0.76964,0.138748,0.035482,0.016119,0.040012
172,5130.0,W,N3,0.800096,0.117406,0.033603,0.015292,0.033604
173,5160.0,W,N3,0.733326,0.152078,0.045704,0.021449,0.047442
174,5190.0,W,N3,0.808614,0.086142,0.037062,0.017294,0.050887
175,5220.0,W,N3,0.838113,0.088903,0.025724,0.013425,0.033835
176,5250.0,W,N3,0.8101,0.111834,0.027627,0.014095,0.036344
177,5280.0,W,N3,0.842893,0.082767,0.027129,0.014846,0.032364
178,5310.0,W,N3,0.834576,0.094557,0.025266,0.012624,0.032978
179,5340.0,W,N3,0.851891,0.073967,0.031009,0.012089,0.031043
180,5370.0,W,N3,0.772416,0.107218,0.041186,0.023718,0.055462
181,5400.0,W,N3,0.770816,0.083199,0.040501,0.025604,0.079879
182,5430.0,W,N3,0.814098,0.05418,0.029794,0.022185,0.079743
183,5460.0,W,N3,0.782027,0.083266,0.036846,0.021005,0.076855
184,5490.0,W,N3,0.831431,0.081988,0.032826,0.016082,0.037673
185,5520.0,W,N3,0.832369,0.091499,0.02794,0.015,0.033192
186,5550.0,W,N3,0.809991,0.093997,0.035145,0.017285,0.043582
187,5580.0,W,N3,0.868889,0.067824,0.027098,0.010891,0.025297
188,5610.0,W,N3,0.883775,0.063234,0.020944,0.010644,0.021404
189,5640.0,W,N3,0.824907,0.075621,0.037933,0.01917,0.042368
190,5670.0,W,N3,0.819122,0.097566,0.032362,0.013776,0.037174
191,5700.0,W,N3,0.853503,0.077489,0.026038,0.012717,0.030253
192,5730.0,W,N3,0.871376,0.062735,0.023732,0.013419,0.028737
193,5760.0,W,N1,0.830136,0.087917,0.026301,0.015848,0.039797
194,5790.0,W,N3,0.83478,0.091009,0.032849,0.012357,0.029005
195,5820.0,W,N3,0.881517,0.051169,0.020913,0.012582,0.033818
196,5850.0,W,N1,0.890191,0.068745,0.019006,0.006971,0.015087
197,5880.0,W,N3,0.851591,0.077978,0.021216,0.013161,0.036054
198,5910.0,W,N3,0.823153,0.090773,0.031795,0.015167,0.039112
199,5940.0,W,N3,0.839186,0.082487,0.027301,0.015067,0.035959
200,5970.0,W,N3,0.857772,0.075866,0.026986,0.011748,0.027629
201,6000.0,W,N3,0.912616,0.050061,0.013918,0.006679,0.016726
202,6030.0,W,N3,0.836377,0.08626,0.030741,0.014331,0.03229
203,6060.0,W,N3,0.837753,0.070284,0.026103,0.015478,0.050382
204,6090.0,W,N3,0.819951,0.085717,0.030032,0.019242,0.045058
205,6120.0,W,N3,0.773494,0.103852,0.040561,0.021486,0.060608
206,6150.0,W,N3,0.776418,0.101424,0.040381,0.022764,0.059013
207,6180.0,W,N3,0.802604,0.086266,0.036634,0.020081,0.054414
208,6210.0,W,N3,0.833936,0.097042,0.028101,0.012926,0.027995
209,6240.0,W,N3,0.784191,0.096811,0.041949,0.022533,0.054515
210,6270.0,W,N3,0.791674,0.094974,0.039037,0.020578,0.053737
211,6300.0,W,N3,0.863514,0.070956,0.021882,0.011212,0.032437
212,6330.0,W,N3,0.830406,0.092237,0.024679,0.013157,0.039522
213,6360.0,W,N3,0.843676,0.089594,0.022776,0.013002,0.030953
214,6390.0,W,N3,0.809323,0.107357,0.028665,0.014948,0.039707
215,6420.0,W,N1,0.822356,0.08962,0.031281,0.014768,0.041975
216,6450.0,W,N3,0.738523,0.12911,0.040438,0.022707,0.069222
217,6480.0,W,N3,0.770456,0.112191,0.039309,0.021198,0.056846
218,6510.0,W,N3,0.783388,0.111301,0.039406,0.018982,0.046923
219,6540.0,W,N3,0.849048,0.079605,0.02813,0.012774,0.030442
220,6570.0,W,N3,0.791983,0.100241,0.037131,0.018954,0.051692
221,6600.0,W,N3,0.768691,0.113677,0.044773,0.020947,0.051912
222,6630.0,W,N3,0.806227,0.108143,0.030882,0.015371,0.039377
223,6660.0,W,N3,0.83947,0.075339,0.02827,0.014713,0.042207
224,6690.0,W,N3,0.744895,0.11016,0.050048,0.025659,0.069238
225,6720.0,W,N3,0.802493,0.103724,0.031502,0.017312,0.04497
226,6750.0,W,N3,0.838923,0.094259,0.026967,0.012282,0.027569
227,6780.0,W,N1,0.782416,0.118212,0.032186,0.017712,0.049474
228,6810.0,W,N3,0.858884,0.066477,0.024406,0.014078,0.036154
229,6840.0,W,N1,0.796369,0.089721,0.03296,0.02141,0.05954
230,6870.0,W,N3,0.772114,0.113278,0.037302,0.018052,0.059254
231,6900.0,W,N3,0.838526,0.079889,0.029444,0.013606,0.038535
232,6930.0,W,N3,0.819625,0.087953,0.033679,0.016465,0.042278
233,6960.0,W,N3,0.840677,0.07318,0.029477,0.016057,0.04061
234,6990.0,W,N3,0.760198,0.119496,0.042723,0.020757,0.056826
235,7020.0,W,N3,0.77213,0.112217,0.037125,0.020681,0.057847
236,7050.0,W,N3,0.844913,0.087483,0.023983,0.013221,0.0304
237,7080.0,W,N1,0.816129,0.101725,0.031593,0.015448,0.035105
238,7110.0,W,N3,0.841346,0.086193,0.025087,0.012217,0.035157
239,7140.0,W,N3,0.806726,0.094677,0.035296,0.020182,0.043118
240,7170.0,W,N3,0.835171,0.099278,0.022974,0.011589,0.030988
241,7200.0,W,N3,0.845907,0.070229,0.02634,0.014583,0.042941
242,7230.0,W,N3,0.83863,0.078026,0.025427,0.014227,0.043689
243,7260.0,W,N1,0.806975,0.072626,0.032827,0.0208,0.066772
244,7290.0,W,N3,0.918606,0.042536,0.015685,0.006983,0.01619
245,7320.0,W,N3,0.907448,0.048533,0.015292,0.008432,0.020295
246,7350.0,W,N1,0.805924,0.080003,0.034342,0.023146,0.056585
247,7380.0,W,N3,0.869324,0.064396,0.020394,0.013778,0.032108
248,7410.0,W,N3,0.864002,0.067854,0.021365,0.012414,0.034365
249,7440.0,W,N3,0.893563,0.0642,0.016085,0.007184,0.018968
250,7470.0,W,N3,0.847589,0.058588,0.024997,0.014603,0.054222
251,7500.0,W,N1,0.871443,0.055434,0.022802,0.01318,0.03714
252,7530.0,W,N3,0.889403,0.053629,0.019041,0.0089,0.029028
253,7560.0,W,N3,0.889999,0.046212,0.020289,0.009937,0.033562
254,7590.0,W,N3,0.870648,0.084499,0.018166,0.008379,0.018308
255,7620.0,W,N3,0.840011,0.079698,0.02346,0.016694,0.040137
256,7650.0,W,N3,0.833871,0.095728,0.026103,0.013729,0.030569
257,7680.0,W,N3,0.877379,0.057525,0.020094,0.01118,0.033821
258,7710.0,W,N3,0.793736,0.094701,0.037098,0.019213,0.055252
259,7740.0,W,N3,0.873759,0.067548,0.020596,0.009518,0.028578
260,7770.0,W,N3,0.771125,0.127702,0.036823,0.017282,0.047068
261,7800.0,W,N3,0.803356,0.100564,0.027232,0.017155,0.051693
262,7830.0,W,N3,0.788405,0.08707,0.03896,0.019977,0.065587
263,7860.0,W,N3,0.852545,0.079243,0.022315,0.011816,0.034081
264,7890.0,W,N3,0.845673,0.068074,0.029223,0.014177,0.042854
265,7920.0,W,N3,0.856849,0.074577,0.023287,0.012292,0.032995
266,7950.0,W,N3,0.85982,0.068837,0.022521,0.013313,0.035509
267,7980.0,W,N3,0.835839,0.080378,0.02744,0.015297,0.041046
268,8010.0,W,N3,0.849029,0.082508,0.027841,0.012312,0.028311
269,8040.0,W,N3,0.843068,0.083611,0.026487,0.013258,0.033576
270,8070.0,W,N3,0.84737,0.062876,0.028546,0.016388,0.04482
271,8100.0,W,N3,0.762892,0.108519,0.042096,0.022032,0.064461
272,8130.0,W,N1,0.86983,0.059264,0.023835,0.010959,0.036112
273,8160.0,W,N3,0.820765,0.080956,0.033852,0.015786,0.04864
274,8190.0,W,N3,0.845383,0.064773,0.027978,0.014929,0.046937
275,8220.0,W,N3,0.820629,0.086725,0.033712,0.016982,0.041952
276,8250.0,W,N3,0.882161,0.053899,0.023474,0.011127,0.029338
277,8280.0,W,N3,0.84149,0.074741,0.02573,0.01483,0.043208
278,8310.0,W,N3,0.760293,0.118514,0.041928,0.021054,0.058211
279,8340.0,W,N3,0.721171,0.12728,0.054226,0.024424,0.072899
280,8370.0,W,N3,0.890106,0.055174,0.020627,0.008979,0.025115
281,8400.0,W,N3,0.852619,0.067614,0.027015,0.013117,0.039635
282,8430.0,W,N3,0.916714,0.041587,0.017004,0.00776,0.016935
283,8460.0,W,N3,0.888695,0.053042,0.02194,0.01004,0.026282
284,8490.0,W,N3,0.888057,0.054354,0.018976,0.011179,0.027433
285,8520.0,W,N1,0.867183,0.079096,0.022889,0.010397,0.020435
286,8550.0,W,N3,0.878299,0.072338,0.019202,0.008948,0.021213
287,8580.0,W,N3,0.886805,0.057704,0.020548,0.009021,0.025922
288,8610.0,W,N3,0.848015,0.074907,0.025883,0.014458,0.036736
289,8640.0,W,N3,0.839779,0.106914,0.022268,0.009407,0.021632
290,8670.0,W,N3,0.878456,0.065422,0.020523,0.0108,0.024799
291,8700.0,W,N1,0.829198,0.099632,0.027469,0.013665,0.030036
292,8730.0,W,N3,0.851892,0.072985,0.026869,0.012742,0.035512
293,8760.0,W,N1,0.860031,0.066944,0.021535,0.014191,0.037298
294,8790.0,W,N3,0.83202,0.089755,0.030157,0.015217,0.032851
295,8820.0,W,N1,0.79542,0.095859,0.039632,0.018798,0.05029
296,8850.0,W,N3,0.785352,0.105655,0.038328,0.019341,0.051323
297,8880.0,W,N1,0.865611,0.074738,0.023842,0.010432,0.025377
298,8910.0,W,N3,0.863686,0.069282,0.025304,0.011767,0.02996
299,8940.0,W,N3,0.817907,0.09669,0.031997,0.016886,0.03652
300,8970.0,W,N1,0.78564,0.08836,0.040713,0.022668,0.062619
301,9000.0,W,N3,0.768903,0.096794,0.041365,0.021742,0.071197
302,9030.0,W,N3,0.76603,0.089591,0.047123,0.024872,0.072384
303,9060.0,W,N3,0.848496,0.059505,0.026568,0.015366,0.050066
304,9090.0,W,N1,0.861276,0.072167,0.025081,0.012615,0.02886
305,9120.0,W,N3,0.864318,0.07869,0.021723,0.010644,0.024625
306,9150.0,W,N3,0.851252,0.075591,0.026932,0.015026,0.031199
307,9180.0,W,N3,0.821905,0.081351,0.030579,0.016746,0.049419
308,9210.0,W,N3,0.79966,0.088308,0.038091,0.018844,0.055098
309,9240.0,W,N3,0.828881,0.089609,0.032406,0.015067,0.034037
310,9270.0,W,N3,0.818932,0.087541,0.032103,0.016063,0.045361
311,9300.0,W,N3,0.836771,0.075325,0.032954,0.015824,0.039126
312,9330.0,W,N3,0.77603,0.114387,0.038095,0.019482,0.052006
313,9360.0,W,N3,0.837488,0.082352,0.029466,0.014382,0.036312
314,9390.0,W,N3,0.8299,0.08739,0.029597,0.015608,0.037505
315,9420.0,W,N1,0.800041,0.084537,0.033569,0.021719,0.060133
316,9450.0,W,N3,0.794671,0.093836,0.036242,0.018291,0.05696
317,9480.0,W,N3,0.817599,0.087167,0.030138,0.017261,0.047836
318,9510.0,W,N3,0.870366,0.067517,0.018729,0.011421,0.031968
319,9540.0,W,N3,0.853992,0.06189,0.029527,0.01422,0.040372
320,9570.0,W,N3,0.754492,0.106785,0.044945,0.022753,0.071026
321,9600.0,W,N1,0.750183,0.103336,0.042871,0.026785,0.076826
322,9630.0,W,N1,0.598338,0.170123,0.064681,0.038284,0.128574
323,9660.0,W,N1,0.67356,0.155357,0.04262,0.027729,0.100734
324,9690.0,W,N3,0.772304,0.100057,0.036705,0.020889,0.070046
325,9720.0,W,N3,0.783453,0.085138,0.039231,0.020693,0.071485
326,9750.0,W,N3,0.697636,0.135674,0.05401,0.027812,0.084868
327,9780.0,W,N3,0.769648,0.09986,0.041107,0.023851,0.065535
328,9810.0,W,N3,0.86329,0.064165,0.025065,0.014269,0.03321
329,9840.0,W,N3,0.719953,0.104274,0.052602,0.029628,0.093544
330,9870.0,W,N3,0.828734,0.08856,0.029739,0.014315,0.038651
331,9900.0,W,N3,0.843274,0.079279,0.027248,0.013644,0.036555
332,9930.0,W,N3,0.799824,0.090129,0.039455,0.01948,0.051111
333,9960.0,W,N3,0.82998,0.064865,0.032323,0.019738,0.053094
334,9990.0,W,N3,0.841284,0.090574,0.027966,0.012655,0.027522
335,10020.0,W,N3,0.845719,0.078853,0.027151,0.012802,0.035475
336,10050.0,W,N3,0.831246,0.093827,0.025335,0.013524,0.036068
337,10080.0,W,N3,0.840877,0.076848,0.030894,0.012517,0.038864
338,10110.0,W,N3,0.832986,0.073795,0.029217,0.015,0.049002
339,10140.0,W,N3,0.850291,0.073107,0.025106,0.012862,0.038635
340,10170.0,W,N3,0.822,0.088825,0.030604,0.017069,0.041502
341,10200.0,W,N3,0.834157,0.066988,0.031688,0.016805,0.050363
342,10230.0,W,N1,0.794832,0.108624,0.037559,0.017991,0.040995
343,10260.0,W,N3,0.802706,0.119232,0.028857,0.014662,0.034543
344,10290.0,W,N3,0.872783,0.066176,0.024964,0.010523,0.025554
345,10320.0,W,N3,0.808221,0.076711,0.041421,0.019093,0.054554
346,10350.0,W,N3,0.818095,0.076245,0.033451,0.019026,0.053182
347,10380.0,W,N3,0.852679,0.054372,0.027791,0.016641,0.048517
348,10410.0,W,N3,0.820554,0.085714,0.028594,0.0159,0.049238
349,10440.0,W,N3,0.837427,0.073572,0.029932,0.016126,0.042942
350,10470.0,W,N3,0.763018,0.111519,0.038826,0.02077,0.065866
351,10500.0,W,N1,0.79815,0.094131,0.032999,0.019721,0.054999
352,10530.0,W,N3,0.820599,0.074802,0.034847,0.01952,0.050233
353,10560.0,W,N3,0.783478,0.101505,0.037029,0.019426,0.058562
354,10590.0,W,N1,0.689319,0.111264,0.058072,0.037189,0.104155
355,10620.0,W,N3,0.786369,0.107389,0.033907,0.016961,0.055375
356,10650.0,W,N1,0.809839,0.087528,0.036196,0.01872,0.047717
357,10680.0,W,N3,0.834619,0.086469,0.030146,0.015456,0.03331
358,10710.0,W,N1,0.756917,0.097505,0.0429,0.024941,0.077737
359,10740.0,W,N3,0.822157,0.08644,0.031464,0.016215,0.043724
360,10770.0,W,N3,0.840639,0.082247,0.024937,0.012894,0.039283
361,10800.0,W,N3,0.851457,0.080863,0.025479,0.012565,0.029637
362,10830.0,W,N3,0.804318,0.101355,0.03002,0.017326,0.04698
363,10860.0,W,N3,0.836946,0.084123,0.02636,0.013086,0.039484
364,10890.0,W,N3,0.848001,0.084687,0.022913,0.01372,0.030679
365,10920.0,W,N3,0.827764,0.082689,0.02844,0.014997,0.046111
366,10950.0,W,N1,0.808345,0.089252,0.034796,0.018604,0.049002
367,10980.0,W,N3,0.814462,0.081992,0.031249,0.016189,0.056108
368,11010.0,W,N3,0.831954,0.083224,0.028736,0.015417,0.040668
369,11040.0,W,N1,0.772937,0.088105,0.038995,0.024297,0.075665
370,11070.0,W,N3,0.785387,0.103864,0.039628,0.022092,0.049029
371,11100.0,W,N1,0.845378,0.085527,0.023859,0.014256,0.03098
372,11130.0,W,N3,0.864381,0.073024,0.023377,0.012126,0.027092
373,11160.0,W,N3,0.753868,0.110992,0.041157,0.023635,0.070348
374,11190.0,W,N3,0.823641,0.085889,0.029071,0.015923,0.045476
375,11220.0,W,N3,0.830604,0.081996,0.026391,0.016346,0.044663
376,11250.0,W,N3,0.8227,0.07508,0.027659,0.015184,0.059377
377,11280.0,W,N3,0.851722,0.074984,0.023608,0.011941,0.037746
378,11310.0,W,N3,0.781343,0.119901,0.035304,0.017427,0.046025
379,11340.0,W,N3,0.7706,0.112198,0.040131,0.020495,0.056576
380,11370.0,W,N3,0.826271,0.077399,0.030062,0.01732,0.048948
381,11400.0,W,N3,0.871799,0.051514,0.019513,0.013346,0.043829
382,11430.0,W,N3,0.818568,0.080276,0.035114,0.017886,0.048156
383,11460.0,W,N3,0.841615,0.073252,0.02538,0.014361,0.045393
384,11490.0,W,N3,0.844106,0.067866,0.028436,0.011857,0.047735
385,11520.0,W,N3,0.84803,0.060319,0.030856,0.01469,0.046105
386,11550.0,W,N3,0.878972,0.05133,0.025548,0.010593,0.033558
387,11580.0,W,N3,0.871788,0.078807,0.018183,0.008531,0.022691
388,11610.0,W,N3,0.884151,0.065357,0.018938,0.009128,0.022426
389,11640.0,W,N3,0.884858,0.059451,0.01874,0.011066,0.025884
390,11670.0,W,N1,0.762308,0.093041,0.038322,0.02546,0.080869
391,11700.0,W,N3,0.790711,0.10238,0.036145,0.016957,0.053807
392,11730.0,W,N1,0.772783,0.115375,0.03572,0.023224,0.052899
393,11760.0,W,N3,0.845048,0.081959,0.02459,0.014931,0.033471
394,11790.0,W,N3,0.840036,0.077844,0.029002,0.014421,0.038696
395,11820.0,W,N3,0.829615,0.07814,0.033262,0.015273,0.04371
396,11850.0,W,N3,0.853832,0.072176,0.026045,0.014301,0.033645
397,11880.0,W,N1,0.839154,0.078458,0.026307,0.013342,0.042739
398,11910.0,W,N3,0.718754,0.162067,0.040524,0.023013,0.055643
399,11940.0,W,N3,0.721395,0.121946,0.059455,0.030964,0.066241
400,11970.0,W,N1,0.87351,0.058342,0.023791,0.01218,0.032178
401,12000.0,W,N3,0.788761,0.097743,0.034593,0.018491,0.060412
402,12030.0,W,N3,0.76899,0.118588,0.044682,0.02089,0.04685
403,12060.0,W,N3,0.759146,0.124997,0.046837,0.019354,0.049666
404,12090.0,W,N3,0.802749,0.082924,0.044587,0.021002,0.048738
405,12120.0,W,N3,0.712445,0.151543,0.043577,0.023122,0.069314
406,12150.0,W,N3,0.822453,0.107747,0.028789,0.011179,0.029832
407,12180.0,W,N3,0.763472,0.122844,0.044444,0.019068,0.050172
408,12210.0,W,N3,0.85208,0.075562,0.025152,0.010917,0.036289
409,12240.0,W,N3,0.822699,0.096709,0.029038,0.01348,0.038074
410,12270.0,W,N1,0.772849,0.11986,0.041822,0.01993,0.045539
411,12300.0,W,N3,0.724362,0.14619,0.044366,0.02237,0.062712
412,12330.0,W,N3,0.766599,0.143916,0.03832,0.013916,0.037249
413,12360.0,W,N3,0.601161,0.210323,0.065991,0.035386,0.087139
414,12390.0,W,N3,0.839966,0.082479,0.026913,0.012741,0.0379
415,12420.0,W,N3,0.850724,0.082965,0.023185,0.012403,0.030724
416,12450.0,W,N3,0.823203,0.07295,0.034511,0.016038,0.053298
417,12480.0,W,N3,0.752843,0.133164,0.044245,0.017248,0.0525
418,12510.0,W,N3,0.719572,0.16826,0.037411,0.017876,0.056882
419,12540.0,W,N3,0.778333,0.129959,0.03235,0.01766,0.041698
420,12570.0,W,N3,0.744946,0.128604,0.051248,0.018507,0.056695
421,12600.0,W,N3,0.670968,0.164198,0.065069,0.025957,0.073808
422,12630.0,W,N3,0.81011,0.084362,0.034001,0.016641,0.054887
423,12660.0,W,N3,0.754873,0.165489,0.027197,0.012523,0.039917
424,12690.0,W,N3,0.795886,0.128008,0.029716,0.010643,0.035747
425,12720.0,W,N3,0.839241,0.079465,0.024262,0.014092,0.04294
426,12750.0,W,N3,0.793312,0.128647,0.032636,0.013281,0.032124
427,12780.0,W,N3,0.831249,0.102565,0.024174,0.011243,0.030769
428,12810.0,W,N3,0.802708,0.105957,0.035685,0.014572,0.041078
429,12840.0,W,N3,0.797578,0.097268,0.036412,0.018002,0.05074
430,12870.0,W,N3,0.749954,0.137777,0.040108,0.019161,0.053001
431,12900.0,W,N3,0.838181,0.093234,0.024136,0.012254,0.032195
432,12930.0,W,N3,0.819571,0.087648,0.038073,0.017905,0.036803
433,12960.0,W,N3,0.853973,0.091093,0.03172,0.008152,0.015062
434,12990.0,W,N3,0.81291,0.123424,0.028528,0.011178,0.02396
435,13020.0,W,N3,0.8267,0.115466,0.022228,0.010393,0.025213
436,13050.0,W,N3,0.754006,0.146118,0.037346,0.016452,0.046078
437,13080.0,W,N3,0.67201,0.154657,0.056684,0.030568,0.08608
438,13110.0,W,N3,0.741156,0.146359,0.046942,0.018938,0.046605
439,13140.0,W,N3,0.815553,0.112838,0.027316,0.012679,0.031614
440,13170.0,W,N3,0.830957,0.113043,0.023225,0.009906,0.022869
441,13200.0,W,N3,0.879552,0.077664,0.019785,0.008188,0.01481
442,13230.0,W,N3,0.816252,0.094473,0.030723,0.016588,0.041964
443,13260.0,W,N3,0.811884,0.08309,0.034445,0.018824,0.051757
444,13290.0,W,N3,0.769935,0.120234,0.042154,0.019655,0.048022
445,13320.0,W,N3,0.782808,0.085466,0.042398,0.023212,0.066116
446,13350.0,W,N1,0.711139,0.105536,0.048381,0.03018,0.104763
447,13380.0,W,N1,0.622002,0.151365,0.060243,0.045737,0.120653
448,13410.0,W,N3,0.770241,0.098295,0.037619,0.02362,0.070225
449,13440.0,W,N1,0.681378,0.132789,0.064289,0.027913,0.09363
450,13470.0,W,N1,0.771203,0.098807,0.0433,0.018478,0.068211
451,13500.0,W,N1,0.769197,0.124888,0.038612,0.017767,0.049537
452,13530.0,W,N3,0.780878,0.120716,0.033766,0.016534,0.048105
453,13560.0,W,N3,0.80623,0.106707,0.033745,0.015113,0.038205
454,13590.0,W,N3,0.837413,0.081625,0.026502,0.01404,0.04042
455,13620.0,W,N3,0.768624,0.143235,0.034372,0.01469,0.039079
456,13650.0,W,N3,0.847697,0.093123,0.021986,0.009494,0.0277
457,13680.0,W,N3,0.805014,0.123535,0.028499,0.011648,0.031303
458,13710.0,W,N3,0.849508,0.068138,0.026862,0.014558,0.040934
459,13740.0,W,N3,0.854863,0.073709,0.024076,0.012948,0.034405
460,13770.0,W,N3,0.713611,0.158613,0.04638,0.021846,0.05955
461,13800.0,W,N3,0.697545,0.170763,0.049188,0.021487,0.061017
462,13830.0,W,N3,0.751839,0.136291,0.036461,0.018558,0.056851
463,13860.0,W,N3,0.826167,0.096745,0.025237,0.012872,0.038979
464,13890.0,W,N3,0.773925,0.095425,0.040217,0.024793,0.06564
465,13920.0,W,N3,0.835061,0.098734,0.024545,0.011954,0.029706
466,13950.0,W,N3,0.797592,0.090778,0.036162,0.020099,0.055369
467,13980.0,W,N1,0.767076,0.111169,0.045616,0.0196,0.056539
468,14010.0,W,N3,0.692753,0.152021,0.050757,0.024996,0.079472
469,14040.0,W,N3,0.817253,0.094339,0.027992,0.013446,0.04697
470,14070.0,W,N3,0.748823,0.13473,0.04219,0.015582,0.058676
471,14100.0,W,N3,0.795096,0.110515,0.033475,0.0142,0.046714
472,14130.0,W,N3,0.799358,0.118802,0.035585,0.012331,0.033923
473,14160.0,W,N3,0.801527,0.116984,0.030296,0.012033,0.039161
474,14190.0,W,N3,0.791811,0.12821,0.028329,0.01238,0.039269
475,14220.0,W,N3,0.793051,0.122309,0.025506,0.01401,0.045124
476,14250.0,W,N3,0.820722,0.11917,0.020895,0.009742,0.02947
477,14280.0,W,N3,0.753636,0.15145,0.034551,0.012663,0.0477
478,14310.0,W,N3,0.861623,0.070399,0.020173,0.01249,0.035315
479,14340.0,W,N3,0.865788,0.074645,0.022406,0.009926,0.027236
480,14370.0,W,N3,0.888762,0.064323,0.019152,0.008819,0.018943
481,14400.0,W,N3,0.833432,0.101316,0.022835,0.010688,0.031729
482,14430.0,W,N3,0.832457,0.091761,0.031145,0.01112,0.033517
483,14460.0,W,N1,0.74163,0.139826,0.048846,0.015612,0.054087
484,14490.0,W,N3,0.84395,0.106442,0.018609,0.007991,0.023008
485,14520.0,W,N3,0.822162,0.108942,0.023381,0.012357,0.033157
486,14550.0,W,N1,0.849689,0.087927,0.021102,0.012183,0.0291
487,14580.0,W,N3,0.827684,0.103847,0.026817,0.011317,0.030336
488,14610.0,W,N3,0.780212,0.13211,0.038429,0.011841,0.037409
489,14640.0,W,N3,0.745592,0.158508,0.032056,0.015085,0.048759
490,14670.0,W,N3,0.816955,0.089731,0.03203,0.015792,0.045491
491,14700.0,W,N3,0.849013,0.078364,0.024182,0.011931,0.03651
492,14730.0,W,N3,0.856913,0.072319,0.025195,0.01251,0.033063
493,14760.0,W,N3,0.733828,0.149612,0.039014,0.018432,0.059114
494,14790.0,W,N3,0.704569,0.145432,0.058213,0.020616,0.071171
495,14820.0,W,N3,0.680292,0.157705,0.063428,0.020426,0.078149
496,14850.0,W,N3,0.752625,0.135041,0.045986,0.01616,0.050188
497,14880.0,W,N3,0.853419,0.078408,0.024885,0.011371,0.031917
498,14910.0,W,N3,0.806562,0.09411,0.034692,0.016337,0.048299
499,14940.0,W,N3,0.808186,0.091385,0.037104,0.020626,0.042699
500,14970.0,W,N3,0.800535,0.099271,0.033945,0.015185,0.051064
501,15000.0,W,N3,0.804146,0.094232,0.03084,0.018444,0.052338
502,15030.0,W,N3,0.856451,0.061466,0.024663,0.012087,0.045334
503,15060.0,W,N1,0.776759,0.087439,0.042782,0.022971,0.070049
504,15090.0,W,N3,0.832671,0.0816,0.03227,0.015846,0.037613
505,15120.0,W,N3,0.806823,0.108997,0.029468,0.016572,0.038141
506,15150.0,W,N3,0.852938,0.087933,0.022287,0.011886,0.024956
507,15180.0,W,N3,0.840758,0.079024,0.028644,0.015126,0.036449
508,15210.0,W,N3,0.840588,0.09082,0.02757,0.011951,0.029072
509,15240.0,W,N3,0.816371,0.085763,0.031315,0.018834,0.047716
510,15270.0,W,N3,0.801474,0.097221,0.037562,0.018177,0.045566
511,15300.0,W,N3,0.851479,0.081482,0.027688,0.012333,0.027018
512,15330.0,W,N3,0.827613,0.079463,0.034925,0.016099,0.0419
513,15360.0,W,N3,0.819342,0.082944,0.035115,0.015952,0.046647
514,15390.0,W,N1,0.791427,0.10671,0.044538,0.017438,0.039886
515,15420.0,W,N3,0.812499,0.06693,0.042175,0.020406,0.05799
516,15450.0,W,N3,0.741685,0.125282,0.046597,0.025004,0.061432
517,15480.0,W,N1,0.875778,0.054353,0.024283,0.010113,0.035473
518,15510.0,W,N3,0.83856,0.094111,0.022702,0.011908,0.032719
519,15540.0,W,N3,0.833301,0.101599,0.025283,0.011773,0.028044
520,15570.0,W,N3,0.877899,0.081098,0.015558,0.008282,0.017163
521,15600.0,W,N3,0.889305,0.06952,0.015392,0.007939,0.017844
522,15630.0,W,N3,0.875477,0.066901,0.021353,0.010558,0.025711
523,15660.0,W,N3,0.825414,0.105219,0.028484,0.011673,0.02921
524,15690.0,W,N1,0.85987,0.082418,0.023856,0.010405,0.023452
525,15720.0,W,N3,0.824685,0.128415,0.017752,0.009716,0.019431
526,15750.0,W,N3,0.827984,0.1144,0.022539,0.010035,0.025042
527,15780.0,W,N3,0.7867,0.111334,0.038065,0.018524,0.045377
528,15810.0,W,N3,0.752824,0.145177,0.051015,0.016534,0.034452
529,15840.0,W,N3,0.796792,0.114805,0.035776,0.015594,0.037034
530,15870.0,W,N1,0.721693,0.119559,0.05923,0.02684,0.072678
531,15900.0,W,N3,0.834561,0.065291,0.030297,0.015984,0.053867
532,15930.0,W,N3,0.784888,0.072604,0.042046,0.023933,0.076528
533,15960.0,W,N3,0.844788,0.080425,0.029464,0.01344,0.031884
534,15990.0,W,N3,0.800965,0.089857,0.037031,0.019634,0.052512
535,16020.0,W,N3,0.83622,0.085784,0.034569,0.010557,0.03287
536,16050.0,W,N3,0.803848,0.118418,0.030599,0.012324,0.03481
537,16080.0,W,N3,0.880343,0.067401,0.023068,0.008821,0.020368
538,16110.0,W,N3,0.836386,0.08876,0.025821,0.011092,0.037941
539,16140.0,W,N3,0.812522,0.097905,0.032841,0.016497,0.040236
540,16170.0,W,N3,0.828322,0.086396,0.027995,0.015874,0.041413
541,16200.0,W,N3,0.816815,0.112299,0.027083,0.01403,0.029773
542,16230.0,W,N3,0.87145,0.08409,0.017297,0.008629,0.018535
543,16260.0,W,N3,0.828161,0.106001,0.023161,0.013227,0.029449
544,16290.0,W,N3,0.77106,0.154796,0.030731,0.014897,0.028517
545,16320.0,W,N3,0.765731,0.150097,0.034625,0.015521,0.034026
546,16350.0,W,N3,0.82743,0.120844,0.026514,0.008395,0.016817
547,16380.0,W,N3,0.802141,0.130094,0.02851,0.012601,0.026655
548,16410.0,W,N3,0.801428,0.105369,0.033493,0.017227,0.042484
549,16440.0,W,N3,0.819775,0.119225,0.022873,0.010112,0.028014
550,16470.0,W,N3,0.783701,0.158343,0.024484,0.010137,0.023335
551,16500.0,W,N3,0.779007,0.150453,0.030103,0.011788,0.028649
552,16530.0,W,N3,0.81698,0.12894,0.022664,0.00888,0.022536
553,16560.0,W,N3,0.78836,0.135789,0.030117,0.013956,0.031777
554,16590.0,W,N3,0.814652,0.14295,0.017681,0.0067,0.018017
555,16620.0,W,N3,0.835927,0.111382,0.020961,0.009664,0.022066
556,16650.0,W,N3,0.8603,0.095041,0.017815,0.007371,0.019473
557,16680.0,W,N3,0.786436,0.113123,0.033879,0.016927,0.049636
558,16710.0,W,N3,0.823987,0.106416,0.025687,0.013165,0.030745
559,16740.0,W,N3,0.789109,0.1306,0.030406,0.014981,0.034903
560,16770.0,W,N3,0.851103,0.097798,0.021632,0.009597,0.01987
561,16800.0,W,N3,0.748826,0.17633,0.048974,0.009685,0.016186
562,16830.0,W,N3,0.849253,0.11907,0.017011,0.005735,0.008931
563,16860.0,W,N3,0.805928,0.127967,0.032045,0.011018,0.023042
564,16890.0,W,N3,0.849465,0.107563,0.020165,0.008105,0.014701
565,16920.0,W,N3,0.827576,0.123723,0.026009,0.007939,0.014753
566,16950.0,W,N3,0.869969,0.09526,0.015831,0.00619,0.01275
567,16980.0,W,N3,0.840463,0.109683,0.018921,0.007632,0.023301
568,17010.0,W,N3,0.833078,0.124658,0.018502,0.007843,0.015919
569,17040.0,W,N3,0.812846,0.122243,0.026941,0.010541,0.027428
570,17070.0,W,N3,0.843069,0.103264,0.020013,0.009657,0.023997
571,17100.0,W,N3,0.858366,0.091142,0.022126,0.009016,0.01935
572,17130.0,W,N3,0.84581,0.111985,0.014877,0.007164,0.020164
573,17160.0,W,N3,0.8455,0.110125,0.018312,0.00938,0.016683
574,17190.0,W,N3,0.816675,0.122519,0.026234,0.009768,0.024803
575,17220.0,W,N3,0.834945,0.117428,0.021243,0.008486,0.017898
576,17250.0,W,N3,0.818782,0.109551,0.037941,0.010751,0.022976
577,17280.0,W,N3,0.868694,0.090897,0.019719,0.006981,0.01371
578,17310.0,W,N3,0.845143,0.105207,0.020959,0.008129,0.020561
579,17340.0,W,N3,0.808836,0.131295,0.027229,0.010427,0.022212
580,17370.0,W,N3,0.81453,0.116718,0.026727,0.012056,0.029968
581,17400.0,W,N3,0.846189,0.100391,0.022451,0.009595,0.021374
582,17430.0,W,N3,0.81083,0.122791,0.025577,0.012329,0.028474
583,17460.0,W,N3,0.816336,0.129505,0.022393,0.009965,0.0218
584,17490.0,W,N3,0.791569,0.141982,0.027268,0.010511,0.02867
585,17520.0,W,N3,0.838477,0.111535,0.019948,0.008014,0.022027
586,17550.0,W,N3,0.814296,0.133997,0.024033,0.008116,0.019558
587,17580.0,W,N3,0.807498,0.137972,0.020517,0.009449,0.024564
588,17610.0,W,N3,0.827775,0.11475,0.021943,0.009732,0.025799
589,17640.0,W,N3,0.841463,0.100844,0.021768,0.009668,0.026256
590,17670.0,W,N3,0.872322,0.087458,0.017409,0.006956,0.015856
591,17700.0,W,N3,0.841954,0.104307,0.024393,0.008387,0.020959
592,17730.0,W,N3,0.82833,0.109673,0.02186,0.010137,0.03
593,17760.0,W,N3,0.782059,0.141029,0.029523,0.012999,0.03439
594,17790.0,W,N3,0.817424,0.114298,0.024669,0.011412,0.032196
595,17820.0,W,N3,0.756395,0.144379,0.03989,0.015865,0.043471
596,17850.0,W,N3,0.772895,0.129695,0.031361,0.017594,0.048455
597,17880.0,W,N3,0.744203,0.178251,0.02809,0.013318,0.036137
598,17910.0,W,N3,0.755479,0.160621,0.04094,0.012583,0.030376
599,17940.0,W,N3,0.823641,0.116946,0.029625,0.008203,0.021586
600,17970.0,W,N3,0.819059,0.123253,0.022876,0.009236,0.025576
601,18000.0,W,N3,0.822722,0.115062,0.030291,0.009865,0.02206
602,18030.0,W,N3,0.815631,0.112207,0.02651,0.014083,0.031569
603,18060.0,W,N3,0.805655,0.118948,0.028929,0.01339,0.033077
604,18090.0,W,N3,0.819294,0.124952,0.026452,0.009299,0.020002
605,18120.0,W,N3,0.8257,0.128164,0.020205,0.00745,0.018481
606,18150.0,W,N3,0.852619,0.102488,0.019095,0.008137,0.017662
607,18180.0,W,N3,0.810098,0.12627,0.026142,0.011746,0.025744
608,18210.0,W,N3,0.815444,0.13127,0.022303,0.009334,0.021648
609,18240.0,W,N3,0.820804,0.132631,0.021708,0.007726,0.017131
610,18270.0,W,N3,0.788304,0.131619,0.027209,0.014534,0.038335
611,18300.0,W,N3,0.739246,0.132502,0.039351,0.02191,0.066991
612,18330.0,W,N3,0.782438,0.082166,0.041409,0.021978,0.072009
613,18360.0,W,N1,0.762017,0.06744,0.042387,0.028536,0.09962
614,18390.0,W,N1,0.806405,0.078318,0.035702,0.017013,0.062562
615,18420.0,W,N3,0.862271,0.066158,0.021371,0.01418,0.03602
616,18450.0,W,N3,0.823208,0.077183,0.031729,0.019912,0.047969
617,18480.0,W,N3,0.825284,0.096434,0.031893,0.013441,0.032949
618,18510.0,W,N3,0.849782,0.081678,0.023565,0.012836,0.03214
619,18540.0,W,N3,0.813521,0.091495,0.036973,0.017678,0.040332
620,18570.0,W,N3,0.818398,0.10128,0.029819,0.016319,0.034184
621,18600.0,W,N3,0.822487,0.057016,0.033939,0.020211,0.066347
622,18630.0,W,N3,0.836838,0.093225,0.025586,0.012456,0.031895
623,18660.0,W,N3,0.836677,0.095278,0.027293,0.01208,0.028673
624,18690.0,W,N1,0.781599,0.105523,0.045605,0.018571,0.048702
625,18720.0,W,N3,0.837987,0.086026,0.028803,0.01398,0.033204
626,18750.0,W,N3,0.789721,0.115407,0.03477,0.016994,0.043108
627,18780.0,W,N3,0.832517,0.09546,0.024463,0.012413,0.035148
628,18810.0,W,N3,0.835459,0.089894,0.028726,0.013884,0.032037
629,18840.0,W,N3,0.826546,0.095178,0.030002,0.015287,0.032987
630,18870.0,W,N3,0.876074,0.053717,0.022748,0.013517,0.033944
631,18900.0,W,N3,0.920676,0.044623,0.012983,0.007419,0.014299
632,18930.0,W,N1,0.847133,0.062469,0.025564,0.015036,0.049798
633,18960.0,W,N3,0.847229,0.064382,0.024618,0.017771,0.046001
634,18990.0,W,N1,0.853941,0.057415,0.029951,0.015305,0.043388
635,19020.0,W,N1,0.804755,0.078665,0.034682,0.019976,0.061922
636,19050.0,W,N3,0.811083,0.068077,0.035255,0.022325,0.06326
637,19080.0,W,N3,0.813621,0.110512,0.031237,0.012393,0.032237
638,19110.0,W,N3,0.859493,0.094445,0.021639,0.007689,0.016734
639,19140.0,W,N3,0.77897,0.146359,0.031972,0.013052,0.029646
640,19170.0,W,N3,0.764772,0.139669,0.038606,0.017951,0.039003
641,19200.0,W,N3,0.886463,0.063513,0.018292,0.007809,0.023923
642,19230.0,W,N3,0.820236,0.115961,0.031546,0.009986,0.022271
643,19260.0,W,N3,0.815751,0.114443,0.026845,0.011007,0.031953
644,19290.0,W,N3,0.74765,0.126939,0.044133,0.019662,0.061616
645,19320.0,W,N3,0.695737,0.143256,0.048159,0.025648,0.087199
646,19350.0,W,N3,0.744506,0.121991,0.035692,0.020484,0.077327
647,19380.0,W,N3,0.809375,0.115288,0.033321,0.011665,0.030351
648,19410.0,W,N3,0.745162,0.149376,0.04287,0.017095,0.045497
649,19440.0,W,N3,0.69216,0.200435,0.035713,0.016453,0.05524
650,19470.0,W,N3,0.721926,0.191177,0.028434,0.0127,0.045762
651,19500.0,W,N3,0.748156,0.15148,0.030969,0.015344,0.054051
652,19530.0,W,N3,0.739032,0.16909,0.038353,0.012534,0.04099
653,19560.0,W,N3,0.649774,0.233466,0.043168,0.018904,0.054688
654,19590.0,W,N3,0.678835,0.216121,0.0414,0.015264,0.04838
655,19620.0,W,N3,0.66595,0.203925,0.047252,0.018194,0.064679
656,19650.0,W,N3,0.736049,0.138725,0.038909,0.018533,0.067784
657,19680.0,W,N3,0.798582,0.098566,0.032557,0.015898,0.054397
658,19710.0,W,N3,0.795916,0.103677,0.031728,0.014912,0.053768
659,19740.0,W,N3,0.77394,0.114557,0.034427,0.016545,0.060532
660,19770.0,W,N3,0.721132,0.161132,0.038494,0.01684,0.062402
661,19800.0,W,N3,0.776011,0.114087,0.033024,0.015899,0.06098
662,19830.0,W,N3,0.705414,0.120691,0.043666,0.031981,0.098248
663,19860.0,W,N3,0.786306,0.131497,0.027154,0.01408,0.040963
664,19890.0,W,N3,0.790171,0.105156,0.034757,0.014373,0.055543
665,19920.0,W,N3,0.774554,0.127164,0.033349,0.014695,0.050238
666,19950.0,W,N3,0.812542,0.111884,0.026799,0.011992,0.036782
667,19980.0,W,N3,0.859872,0.083782,0.020351,0.011193,0.024803
668,20010.0,W,N3,0.842867,0.112121,0.020599,0.007689,0.016724
669,20040.0,W,N3,0.855182,0.087108,0.022056,0.009891,0.025762
670,20070.0,W,N3,0.810269,0.127627,0.027624,0.010462,0.024018
671,20100.0,W,N3,0.806496,0.119829,0.028618,0.010399,0.034658
672,20130.0,W,N3,0.829142,0.113564,0.022013,0.010262,0.02502
673,20160.0,W,N3,0.830136,0.101866,0.026076,0.010911,0.031011
674,20190.0,W,N3,0.796759,0.084941,0.031618,0.019461,0.067221
675,20220.0,W,N3,0.781302,0.137735,0.032779,0.014368,0.033816
676,20250.0,W,N3,0.840881,0.108454,0.022872,0.009609,0.018184
677,20280.0,W,N3,0.809086,0.128165,0.023681,0.010955,0.028113
678,20310.0,W,N3,0.854,0.094003,0.022264,0.009402,0.020331
679,20340.0,W,N3,0.840903,0.098452,0.027367,0.010191,0.023088
680,20370.0,W,N3,0.789142,0.141925,0.029512,0.011084,0.028337
681,20400.0,W,N3,0.842847,0.103319,0.022957,0.008326,0.022551
682,20430.0,W,N3,0.870081,0.081145,0.024004,0.007054,0.017715
683,20460.0,W,N3,0.856451,0.087322,0.022133,0.010425,0.02367
684,20490.0,W,N3,0.802032,0.112024,0.03064,0.015685,0.039619
685,20520.0,W,N3,0.725596,0.146791,0.047535,0.020099,0.059979
686,20550.0,W,N3,0.821522,0.09823,0.023668,0.013028,0.043552
687,20580.0,W,N3,0.811252,0.09975,0.031061,0.014342,0.043595
688,20610.0,W,N3,0.835245,0.098074,0.023558,0.012328,0.030795
689,20640.0,W,N3,0.778517,0.112656,0.035336,0.019926,0.053565
690,20670.0,W,N3,0.743038,0.138753,0.042232,0.017648,0.058329
691,20700.0,W,N3,0.827748,0.092078,0.021677,0.015428,0.043068
692,20730.0,W,N3,0.717637,0.148957,0.038898,0.020945,0.073563
693,20760.0,W,N3,0.809043,0.095915,0.033344,0.015804,0.045894
694,20790.0,W,N3,0.829578,0.097774,0.031182,0.012059,0.029408
695,20820.0,W,N3,0.796858,0.117356,0.028295,0.014628,0.042863
696,20850.0,W,N3,0.700498,0.185482,0.039394,0.01956,0.055065
697,20880.0,W,N3,0.783328,0.156061,0.028865,0.01056,0.021185
698,20910.0,W,N3,0.791541,0.137001,0.032223,0.012937,0.026298
699,20940.0,W,N3,0.829449,0.106287,0.023541,0.01095,0.029773
700,20970.0,W,N3,0.819199,0.112967,0.030024,0.011383,0.026428
701,21000.0,W,N3,0.741869,0.166423,0.040202,0.014515,0.036991
702,21030.0,W,N3,0.786581,0.131498,0.032947,0.015336,0.033639
703,21060.0,W,N3,0.803276,0.122859,0.027601,0.012138,0.034126
704,21090.0,W,N3,0.809303,0.103772,0.03039,0.013369,0.043167
705,21120.0,W,N3,0.76283,0.139753,0.038943,0.016446,0.042027
706,21150.0,W,N3,0.782697,0.123021,0.034613,0.014044,0.045625
707,21180.0,W,N3,0.765184,0.162585,0.027616,0.010667,0.033949
708,21210.0,W,N3,0.751709,0.159897,0.028697,0.013479,0.046218
709,21240.0,W,N3,0.746149,0.128238,0.040188,0.018711,0.066714
710,21270.0,W,N3,0.696876,0.202265,0.037467,0.015928,0.047463
711,21300.0,W,N3,0.821756,0.113954,0.023283,0.010655,0.030353
712,21330.0,W,N3,0.817929,0.094012,0.025475,0.013738,0.048845
713,21360.0,W,N3,0.780735,0.099352,0.031215,0.018739,0.069959
714,21390.0,W,N3,0.781911,0.129579,0.03255,0.01373,0.04223
715,21420.0,W,N3,0.764096,0.168098,0.029412,0.010054,0.028341
716,21450.0,W,N3,0.765195,0.13784,0.03601,0.014818,0.046138
717,21480.0,W,N3,0.768561,0.15834,0.029464,0.013038,0.030598
718,21510.0,W,N3,0.792629,0.128166,0.029153,0.013579,0.036474
719,21540.0,W,N3,0.808923,0.10535,0.026493,0.013761,0.045473
720,21570.0,W,N3,0.836393,0.096995,0.022805,0.011538,0.032269
721,21600.0,W,N3,0.797218,0.143275,0.025435,0.009222,0.02485
722,21630.0,W,N3,0.862952,0.093537,0.01938,0.006865,0.017266
723,21660.0,W,N3,0.787965,0.141437,0.028109,0.011006,0.031482
724,21690.0,W,N3,0.69949,0.230263,0.030313,0.009068,0.030866
725,21720.0,W,N3,0.733417,0.184034,0.036745,0.010734,0.035069
726,21750.0,W,N3,0.761132,0.156255,0.033085,0.012613,0.036915
727,21780.0,W,N3,0.746413,0.1649,0.031946,0.013228,0.043514
728,21810.0,W,N3,0.738001,0.170403,0.030842,0.013469,0.047285
729,21840.0,W,N3,0.742525,0.174399,0.031355,0.010939,0.040783
730,21870.0,W,N3,0.712999,0.186585,0.034944,0.014694,0.050778
731,21900.0,W,N3,0.792551,0.127871,0.02589,0.012375,0.041313
732,21930.0,W,N3,0.705692,0.207759,0.038569,0.012541,0.035438
733,21960.0,W,N3,0.732417,0.180579,0.032648,0.012779,0.041577
734,21990.0,W,N3,0.762963,0.171341,0.02826,0.011894,0.025542
735,22020.0,W,N3,0.774182,0.159268,0.029053,0.010643,0.026854
736,22050.0,W,N3,0.874994,0.089867,0.018099,0.005089,0.011951
737,22080.0,W,N3,0.783434,0.164001,0.022286,0.009445,0.020834
738,22110.0,W,N3,0.911038,0.053401,0.013928,0.006213,0.01542
739,22140.0,W,N3,0.859436,0.093679,0.020576,0.006874,0.019435
740,22170.0,W,N3,0.80803,0.141596,0.025933,0.006772,0.017668
741,22200.0,W,N3,0.834165,0.115704,0.021753,0.007075,0.021303
742,22230.0,W,N3,0.718002,0.109673,0.042723,0.032273,0.09733
743,22260.0,W,N3,0.753129,0.107335,0.041578,0.022715,0.075243
744,22290.0,W,N3,0.79352,0.097998,0.030349,0.019384,0.058749
745,22320.0,W,N3,0.845701,0.076449,0.023479,0.016067,0.038305
746,22350.0,W,N3,0.742446,0.15179,0.034303,0.018323,0.053137
747,22380.0,W,N3,0.737758,0.154811,0.029752,0.019643,0.058037
748,22410.0,W,N3,0.775537,0.160836,0.02425,0.009029,0.030348
749,22440.0,W,N3,0.793705,0.113376,0.029423,0.01642,0.047076
750,22470.0,W,N3,0.8203,0.127648,0.020657,0.008814,0.022581
751,22500.0,W,N3,0.803011,0.143087,0.024376,0.008195,0.021331
752,22530.0,W,N3,0.792191,0.152508,0.023275,0.00924,0.022785
753,22560.0,W,N3,0.789298,0.131334,0.02757,0.012515,0.039282
754,22590.0,W,N3,0.774423,0.172071,0.023328,0.00892,0.021259
755,22620.0,W,N3,0.795607,0.136486,0.024779,0.01118,0.031948
756,22650.0,W,N3,0.721174,0.124321,0.044505,0.027646,0.082355
757,22680.0,W,N3,0.768107,0.150672,0.0313,0.01333,0.036591
758,22710.0,W,N3,0.75182,0.133284,0.033085,0.022541,0.05927
759,22740.0,W,N3,0.811384,0.109197,0.027055,0.01293,0.039434
760,22770.0,W,N3,0.804318,0.146281,0.02262,0.007567,0.019214
761,22800.0,W,N3,0.812335,0.136302,0.023853,0.007519,0.019992
762,22830.0,W,N3,0.778438,0.164667,0.029602,0.008196,0.019097
763,22860.0,W,N3,0.828377,0.128203,0.020836,0.006416,0.016168
764,22890.0,W,N3,0.842454,0.106565,0.026222,0.007876,0.016883
765,22920.0,W,N3,0.824112,0.1152,0.025506,0.010439,0.024743
766,22950.0,W,N3,0.782809,0.157772,0.02699,0.009567,0.022861
767,22980.0,W,N3,0.833254,0.125914,0.018592,0.006997,0.015243
768,23010.0,W,N3,0.88198,0.069235,0.019129,0.008658,0.020998
769,23040.0,W,N3,0.886219,0.069276,0.018696,0.007352,0.018457
770,23070.0,W,N3,0.797643,0.125949,0.03147,0.011437,0.033502
771,23100.0,W,N3,0.76101,0.157511,0.032022,0.011429,0.038028
772,23130.0,W,N3,0.81081,0.12597,0.023635,0.009645,0.02994
773,23160.0,W,N3,0.862611,0.082008,0.019479,0.008878,0.027025
774,23190.0,W,N3,0.791434,0.118462,0.031312,0.016461,0.042331
775,23220.0,W,N3,0.795322,0.117626,0.028803,0.014919,0.043331
776,23250.0,W,N3,0.794173,0.139516,0.022638,0.011556,0.032116
777,23280.0,W,N3,0.833318,0.116507,0.019654,0.008146,0.022375
778,23310.0,W,N3,0.838745,0.106991,0.021643,0.008064,0.024557
779,23340.0,W,N3,0.838289,0.100394,0.022477,0.009534,0.029306
780,23370.0,W,N3,0.727095,0.162241,0.035711,0.020191,0.054763
781,23400.0,W,N3,0.826377,0.117969,0.024807,0.010422,0.020425
782,23430.0,W,N3,0.885435,0.069909,0.018009,0.00834,0.018306
783,23460.0,W,N3,0.770362,0.145286,0.034251,0.013501,0.0366
784,23490.0,W,N3,0.80209,0.116042,0.028916,0.01521,0.037742
785,23520.0,W,N3,0.846381,0.098546,0.018658,0.00948,0.026935
786,23550.0,W,N3,0.740612,0.171311,0.031912,0.012795,0.043369
787,23580.0,W,N3,0.813305,0.123243,0.024573,0.009703,0.029177
788,23610.0,W,N3,0.791166,0.145859,0.02665,0.00976,0.026566
789,23640.0,W,N3,0.833581,0.097062,0.021337,0.013396,0.034624
790,23670.0,W,N3,0.852566,0.085697,0.023866,0.010136,0.027735
791,23700.0,W,N3,0.749004,0.125267,0.039967,0.022791,0.062971
792,23730.0,W,N3,0.797938,0.104863,0.032742,0.017526,0.046932
793,23760.0,W,N3,0.886243,0.067568,0.015431,0.007828,0.02293
794,23790.0,W,N3,0.872443,0.072029,0.017884,0.00926,0.028383
795,23820.0,W,N3,0.816441,0.07409,0.031628,0.02044,0.0574
796,23850.0,W,N3,0.888384,0.054182,0.020469,0.00918,0.027785
797,23880.0,W,N3,0.908121,0.045997,0.016191,0.007269,0.022424
798,23910.0,W,N3,0.823523,0.103744,0.027276,0.012107,0.033349
799,23940.0,W,N3,0.844532,0.101759,0.023487,0.009154,0.021067
800,23970.0,W,N3,0.840121,0.112534,0.024105,0.006042,0.017199
801,24000.0,W,N3,0.840014,0.105551,0.024329,0.009917,0.020189
802,24030.0,W,N3,0.854029,0.093912,0.021855,0.009839,0.020365
803,24060.0,W,N3,0.82524,0.109872,0.029597,0.010839,0.024452
804,24090.0,W,N3,0.874676,0.077269,0.019655,0.008423,0.019977
805,24120.0,W,N3,0.906982,0.0545,0.016132,0.007056,0.01533
806,24150.0,W,N3,0.840309,0.093475,0.02805,0.011485,0.026681
807,24180.0,W,N3,0.782255,0.116033,0.03671,0.018139,0.046863
808,24210.0,W,N3,0.805209,0.103129,0.033081,0.015405,0.043176
809,24240.0,W,N3,0.808256,0.096132,0.028585,0.016968,0.050058
810,24270.0,W,N3,0.814607,0.120078,0.028269,0.011856,0.02519
811,24300.0,W,N3,0.846887,0.098065,0.021923,0.01047,0.022654
812,24330.0,W,N3,0.873328,0.061775,0.021433,0.012151,0.031314
813,24360.0,W,N3,0.825533,0.079,0.026807,0.016856,0.051804
814,24390.0,W,N3,0.847253,0.072613,0.028517,0.014904,0.036713
815,24420.0,W,N1,0.824358,0.070498,0.030125,0.018695,0.056325
816,24450.0,W,N3,0.815648,0.097735,0.026339,0.014095,0.046184
817,24480.0,W,N3,0.802279,0.113313,0.026046,0.012411,0.045951
818,24510.0,W,N3,0.863521,0.078911,0.019359,0.00844,0.029769
819,24540.0,W,N3,0.799226,0.131286,0.026978,0.011042,0.031469
820,24570.0,W,N3,0.787668,0.122881,0.026244,0.016421,0.046787
821,24600.0,W,N3,0.832364,0.079344,0.027203,0.016541,0.044547
822,24630.0,W,N1,0.814075,0.066399,0.03246,0.021662,0.065403
823,24660.0,W,N3,0.880562,0.042188,0.022717,0.013592,0.040941
824,24690.0,W,N3,0.874321,0.067883,0.018444,0.00934,0.030012
825,24720.0,W,N3,0.790575,0.146684,0.02519,0.009,0.028551
826,24750.0,W,N3,0.797566,0.130624,0.025777,0.009452,0.036581
827,24780.0,W,N3,0.75097,0.161239,0.030545,0.01402,0.043226
828,24810.0,W,N3,0.782197,0.140987,0.024944,0.011868,0.040004
829,24840.0,W,N3,0.781795,0.154868,0.024529,0.008791,0.030017
830,24870.0,W,N3,0.744613,0.160725,0.030215,0.015175,0.049272
831,24900.0,W,N3,0.776213,0.147748,0.025677,0.011069,0.039293
832,24930.0,W,N3,0.70961,0.185022,0.037968,0.014698,0.052702
833,24960.0,W,N3,0.78856,0.125752,0.028281,0.014585,0.042821
834,24990.0,W,N3,0.781497,0.12957,0.026241,0.012114,0.050578
835,25020.0,W,N3,0.841383,0.098754,0.024956,0.008231,0.026676
836,25050.0,W,N3,0.748249,0.16954,0.034077,0.011817,0.036317
837,25080.0,W,N3,0.84397,0.095527,0.020786,0.008208,0.031509
838,25110.0,W,N3,0.800017,0.129442,0.024724,0.011462,0.034354
839,25140.0,W,N3,0.823467,0.120889,0.022644,0.009022,0.023977
840,25170.0,W,N3,0.785909,0.134206,0.027116,0.013016,0.039752
841,25200.0,W,N3,0.778982,0.142953,0.02899,0.010845,0.03823
842,25230.0,W,N3,0.715531,0.175541,0.034181,0.015385,0.059361
843,25260.0,W,N3,0.775733,0.125379,0.0296,0.015297,0.053992
844,25290.0,W,N3,0.816265,0.117988,0.025547,0.009523,0.030676
845,25320.0,W,N3,0.801045,0.121737,0.027903,0.011894,0.037421
846,25350.0,W,N3,0.868584,0.074052,0.019238,0.009565,0.028561
847,25380.0,W,N3,0.816616,0.090879,0.022845,0.012544,0.057116
848,25410.0,W,N3,0.83588,0.100139,0.0207,0.010083,0.033198
849,25440.0,W,N3,0.854884,0.086164,0.021838,0.009547,0.027567
850,25470.0,W,N3,0.72351,0.173855,0.033282,0.01441,0.054943
851,25500.0,W,N3,0.729975,0.172938,0.032917,0.013094,0.051077
852,25530.0,W,N3,0.748782,0.160924,0.029678,0.012762,0.047854
853,25560.0,W,N3,0.783885,0.138241,0.026964,0.010093,0.040817
854,25590.0,W,N3,0.76472,0.122152,0.034893,0.017021,0.061213
855,25620.0,W,N3,0.760549,0.134047,0.031625,0.015774,0.058005
856,25650.0,W,N3,0.807177,0.104024,0.027708,0.01459,0.0465
857,25680.0,W,N3,0.808759,0.120141,0.024401,0.01183,0.034869
858,25710.0,W,N3,0.893604,0.068638,0.014269,0.005982,0.017507
859,25740.0,W,N3,0.837159,0.120229,0.019825,0.005599,0.017187
860,25770.0,W,N3,0.849992,0.099858,0.01778,0.007234,0.025136
861,25800.0,W,N3,0.859534,0.083893,0.018865,0.010569,0.02714
862,25830.0,W,N3,0.839066,0.116753,0.019235,0.007143,0.017803
863,25860.0,W,N3,0.832502,0.081273,0.021218,0.015143,0.049864
864,25890.0,W,N3,0.814014,0.0795,0.030463,0.019933,0.056091
865,25920.0,W,N3,0.90879,0.048595,0.014668,0.007794,0.020153
866,25950.0,W,N3,0.862808,0.057813,0.022989,0.014477,0.041913
867,25980.0,W,N3,0.869517,0.061271,0.023277,0.011523,0.034412
868,26010.0,W,N3,0.837839,0.072193,0.026061,0.015387,0.04852
869,26040.0,W,N3,0.899612,0.047291,0.018051,0.009524,0.025522
870,26070.0,W,N3,0.821092,0.104406,0.025005,0.013355,0.036142
871,26100.0,W,N3,0.853375,0.087224,0.02077,0.009935,0.028696
872,26130.0,W,N3,0.861008,0.076408,0.024302,0.010245,0.028037
873,26160.0,W,N3,0.850797,0.085545,0.023458,0.012002,0.028198
874,26190.0,W,N3,0.848019,0.082094,0.023128,0.013974,0.032786
875,26220.0,W,N3,0.872435,0.062356,0.023709,0.010231,0.031269
876,26250.0,W,N1,0.880759,0.066519,0.016464,0.009415,0.026843
877,26280.0,W,N3,0.795352,0.086974,0.03273,0.019754,0.06519
878,26310.0,W,N3,0.8386,0.074516,0.029034,0.016527,0.041323
879,26340.0,W,N3,0.8576,0.075288,0.021626,0.011764,0.033723
880,26370.0,W,N3,0.839297,0.058275,0.028889,0.018726,0.054813
881,26400.0,W,N3,0.82403,0.068642,0.02809,0.019478,0.059761
882,26430.0,W,N3,0.843776,0.059172,0.025728,0.019133,0.052192
883,26460.0,W,N3,0.843635,0.076698,0.024776,0.013382,0.04151
884,26490.0,W,N3,0.827799,0.10583,0.024618,0.010662,0.031091
885,26520.0,W,N3,0.857001,0.072689,0.022199,0.013347,0.034763
886,26550.0,W,N3,0.868439,0.069179,0.021554,0.010967,0.029862
887,26580.0,W,N3,0.836351,0.071224,0.02583,0.016915,0.04968
888,26610.0,W,N3,0.879018,0.049585,0.023179,0.011942,0.036276
889,26640.0,W,N3,0.844069,0.072893,0.026287,0.014579,0.042172
890,26670.0,W,N3,0.850315,0.063215,0.021642,0.016041,0.048786
891,26700.0,W,N3,0.858266,0.061326,0.022647,0.014308,0.043452
892,26730.0,W,N3,0.885113,0.04641,0.017734,0.011964,0.038778
893,26760.0,W,N3,0.876237,0.063902,0.01708,0.010227,0.032554
894,26790.0,W,N3,0.868059,0.058197,0.020738,0.013304,0.039701
895,26820.0,W,N3,0.892919,0.057387,0.017319,0.008417,0.023958
896,26850.0,W,N3,0.89152,0.053143,0.01559,0.009661,0.030086
897,26880.0,W,N3,0.934308,0.032399,0.011593,0.005654,0.016046
898,26910.0,W,N3,0.918568,0.039927,0.013434,0.00813,0.019942
899,26940.0,W,N3,0.923478,0.044119,0.012265,0.005313,0.014825
900,26970.0,W,N3,0.877407,0.068688,0.020083,0.009865,0.023958
901,27000.0,W,N1,0.89307,0.04602,0.018186,0.011326,0.031399
902,27030.0,W,N3,0.852507,0.074959,0.023505,0.012834,0.036194
903,27060.0,W,N3,0.881896,0.067842,0.016686,0.008373,0.025203
904,27090.0,W,N1,0.815714,0.120327,0.024211,0.012386,0.027362
905,27120.0,W,N3,0.822705,0.125895,0.019271,0.009328,0.022802
906,27150.0,W,N3,0.854211,0.096421,0.02111,0.008018,0.02024
907,27180.0,W,N3,0.868164,0.081301,0.021358,0.009482,0.019695
908,27210.0,W,N3,0.848218,0.105822,0.019452,0.007562,0.018946
909,27240.0,W,N3,0.809623,0.12614,0.022978,0.010862,0.030396
910,27270.0,W,N3,0.859883,0.083758,0.021354,0.008761,0.026245
911,27300.0,W,N1,0.89587,0.063874,0.01638,0.006465,0.017411
912,27330.0,W,N3,0.909851,0.041718,0.015539,0.008497,0.024395
913,27360.0,W,N3,0.872592,0.06539,0.021305,0.010219,0.030494
914,27390.0,W,N3,0.850121,0.0842,0.028285,0.009447,0.027946
915,27420.0,W,N3,0.881907,0.089096,0.010866,0.005562,0.012569
916,27450.0,W,N3,0.86854,0.070521,0.020128,0.0101,0.030712
917,27480.0,W,N3,0.850687,0.093291,0.022424,0.009821,0.023777
918,27510.0,W,N3,0.872816,0.078512,0.018052,0.007945,0.022675
919,27540.0,W,N3,0.833348,0.115094,0.018519,0.009011,0.024028
920,27570.0,W,N3,0.874153,0.093757,0.014048,0.005565,0.012477
921,27600.0,W,N3,0.871821,0.092605,0.014768,0.006066,0.014739
922,27630.0,W,N3,0.881846,0.091244,0.014275,0.00497,0.007666
923,27660.0,W,N3,0.895467,0.073276,0.016804,0.004341,0.010112
924,27690.0,W,N3,0.858776,0.092115,0.019124,0.007718,0.022267
925,27720.0,W,N3,0.807135,0.122121,0.028075,0.012883,0.029786
926,27750.0,W,N3,0.817551,0.115444,0.024434,0.011716,0.030856
927,27780.0,W,N3,0.861593,0.09951,0.01773,0.006561,0.014606
928,27810.0,W,N3,0.753217,0.143995,0.036454,0.018459,0.047875
929,27840.0,W,N3,0.824177,0.101893,0.032049,0.011923,0.029958
930,27870.0,W,N3,0.866809,0.083488,0.02152,0.007342,0.020842
931,27900.0,W,N3,0.838285,0.099534,0.028651,0.010846,0.022684
932,27930.0,W,N3,0.847836,0.088672,0.027656,0.009313,0.026523
933,27960.0,W,N3,0.840192,0.102888,0.022706,0.009308,0.024906
934,27990.0,W,N3,0.841788,0.104012,0.019925,0.008861,0.025415
935,28020.0,W,N3,0.807507,0.124794,0.021081,0.00988,0.036738
936,28050.0,W,N3,0.811897,0.121858,0.02693,0.011099,0.028217
937,28080.0,W,N3,0.774952,0.139662,0.029987,0.015528,0.039872
938,28110.0,W,N3,0.84202,0.100956,0.017178,0.011882,0.027965
939,28140.0,W,N3,0.82016,0.112012,0.022075,0.010773,0.03498
940,28170.0,W,N3,0.865437,0.079621,0.018444,0.008258,0.028239
941,28200.0,W,N3,0.837799,0.099514,0.021667,0.011262,0.029757
942,28230.0,W,N3,0.827613,0.092566,0.026546,0.013708,0.039567
943,28260.0,W,N3,0.834361,0.076977,0.02934,0.012958,0.046364
944,28290.0,W,N3,0.769807,0.111364,0.03578,0.016922,0.066127
945,28320.0,W,N3,0.800051,0.08397,0.026792,0.018458,0.070729
946,28350.0,W,N3,0.805772,0.097538,0.022439,0.013939,0.060312
947,28380.0,W,N3,0.771465,0.090647,0.041959,0.017877,0.078053
948,28410.0,W,N3,0.839603,0.096063,0.018154,0.009091,0.037088
949,28440.0,W,N3,0.804645,0.094885,0.029535,0.014821,0.056113
950,28470.0,W,N3,0.748063,0.105856,0.032709,0.020443,0.092929
951,28500.0,W,N3,0.702806,0.09101,0.042108,0.028938,0.135137
952,28530.0,W,N3,0.808513,0.069857,0.026717,0.016893,0.078019
953,28560.0,W,N3,0.787388,0.085375,0.031015,0.0161,0.080122
954,28590.0,W,N3,0.777122,0.08967,0.044645,0.015395,0.073168
955,28620.0,W,N3,0.789392,0.093536,0.033314,0.017195,0.066563
956,28650.0,W,N3,0.838996,0.086252,0.026146,0.009527,0.039079
957,28680.0,W,N3,0.871212,0.080469,0.020014,0.008226,0.02008
958,28710.0,W,N3,0.863914,0.083656,0.025903,0.007068,0.019459
959,28740.0,W,N3,0.860307,0.095661,0.01495,0.007538,0.021544
960,28770.0,W,N3,0.863129,0.10433,0.013968,0.005893,0.01268
961,28800.0,W,N3,0.883535,0.082866,0.015102,0.005577,0.012919
962,28830.0,W,N3,0.847444,0.086435,0.03417,0.010236,0.021715
963,28860.0,W,N3,0.868463,0.084401,0.021989,0.006309,0.018838
964,28890.0,W,N3,0.90277,0.072779,0.010871,0.003948,0.009632
965,28920.0,W,N3,0.875415,0.07762,0.014108,0.008401,0.024456
966,28950.0,W,N3,0.866774,0.079875,0.024177,0.008438,0.020736
967,28980.0,W,N3,0.872913,0.081866,0.016409,0.007443,0.021369
968,29010.0,W,N3,0.886476,0.074922,0.011719,0.006772,0.020111
969,29040.0,W,N3,0.896645,0.065329,0.016054,0.00693,0.015042
970,29070.0,W,N3,0.880842,0.081968,0.015197,0.006446,0.015548
971,29100.0,W,N3,0.881195,0.080243,0.017118,0.005949,0.015496
972,29130.0,W,N3,0.816168,0.139513,0.022255,0.006963,0.015101
973,29160.0,W,N3,0.817725,0.123261,0.025694,0.009649,0.023672
974,29190.0,W,N3,0.772916,0.141708,0.029409,0.014422,0.041545
975,29220.0,W,N3,0.813594,0.106663,0.040801,0.010651,0.028291
976,29250.0,W,N3,0.838078,0.106392,0.024875,0.008106,0.022548
977,29280.0,W,N3,0.860166,0.089986,0.017736,0.008105,0.024007
978,29310.0,W,N3,0.827496,0.105242,0.024023,0.011573,0.031666
979,29340.0,W,N3,0.82183,0.120743,0.021449,0.008696,0.027281
980,29370.0,W,N3,0.823355,0.094542,0.029399,0.013516,0.039188
981,29400.0,W,N3,0.830798,0.0803,0.027756,0.015287,0.045859
982,29430.0,W,N3,0.810516,0.090191,0.036669,0.017948,0.044676
983,29460.0,W,N1,0.809731,0.099157,0.036114,0.013937,0.041061
984,29490.0,W,N3,0.800736,0.111411,0.032583,0.014968,0.040303
985,29520.0,W,N3,0.867579,0.078551,0.01831,0.008441,0.027118
986,29550.0,W,N3,0.797026,0.107207,0.029288,0.016075,0.050404
987,29580.0,W,N3,0.812535,0.11651,0.027789,0.012412,0.030754
988,29610.0,W,N3,0.79823,0.132142,0.027562,0.011793,0.030273
989,29640.0,W,N3,0.870194,0.06762,0.025346,0.010412,0.026428
990,29670.0,W,N3,0.859192,0.069499,0.032104,0.011287,0.027918
991,29700.0,W,N3,0.813356,0.096347,0.031607,0.015622,0.043067
992,29730.0,W,N1,0.818629,0.077721,0.030278,0.017196,0.056176
993,29760.0,W,N3,0.826512,0.078442,0.029353,0.016276,0.049416
994,29790.0,W,N3,0.828588,0.085583,0.028477,0.014909,0.042443
995,29820.0,W,N3,0.866951,0.056635,0.024046,0.014225,0.038143
996,29850.0,W,N3,0.845987,0.085526,0.020745,0.011986,0.035756
997,29880.0,W,N1,0.850747,0.072364,0.023576,0.014008,0.039305
998,29910.0,W,N1,0.807671,0.103288,0.032005,0.013386,0.04365
999,29940.0,W,N3,0.810718,0.105841,0.026129,0.012943,0.04437
1000,29970.0,W,N3,0.815265,0.078005,0.027188,0.018595,0.060947
1001,30000.0,W,N3,0.877407,0.056277,0.021555,0.010377,0.034383
1002,30030.0,W,N3,0.851968,0.095872,0.021365,0.008926,0.02187
1003,30060.0,W,N3,0.834494,0.09291,0.030461,0.01073,0.031405
1004,30090.0,W,N3,0.81275,0.088258,0.033512,0.018679,0.046801
1005,30120.0,W,N1,0.856181,0.077772,0.028322,0.010755,0.02697
1006,30150.0,W,N3,0.860875,0.062807,0.02489,0.013367,0.038061
1007,30180.0,W,N3,0.862567,0.067677,0.023302,0.01254,0.033914
1008,30210.0,W,N3,0.84728,0.096772,0.020833,0.009473,0.025644
1009,30240.0,W,N3,0.86905,0.098006,0.014523,0.005214,0.013206
1010,30270.0,W,N3,0.867709,0.074671,0.019795,0.009613,0.028212
1011,30300.0,W,N1,0.949024,0.020719,0.015352,0.003666,0.01124
1012,30330.0,W,N1,0.700532,0.076877,0.179145,0.012373,0.031072
1013,30360.0,W,N3,0.582241,0.193379,0.184435,0.014463,0.025482
1014,30390.0,W,N1,0.375207,0.349062,0.216812,0.022266,0.036653
1015,30420.0,W,REM,0.317059,0.415345,0.216459,0.021884,0.029253
1016,30450.0,W,REM,0.370658,0.401731,0.177977,0.020915,0.028719
1017,30480.0,W,REM,0.254118,0.53118,0.174758,0.016761,0.023183
1018,30510.0,W,REM,0.247971,0.576694,0.139053,0.018952,0.017331
1019,30540.0,W,REM,0.261157,0.49492,0.204331,0.017269,0.022323
1020,30570.0,W,REM,0.26039,0.505161,0.189441,0.022162,0.022847
1021,30600.0,W,REM,0.307564,0.450503,0.188639,0.023112,0.030182
1022,30630.0,N1,N1,0.441895,0.269127,0.232137,0.027508,0.029333
1023,30660.0,N1,N3,0.570923,0.298124,0.071558,0.028416,0.030978
1024,30690.0,N1,N3,0.672488,0.241491,0.047862,0.015566,0.022593
1025,30720.0,N1,N3,0.782883,0.170608,0.026469,0.007887,0.012154
1026,30750.0,N2,N3,0.812114,0.150187,0.020576,0.007955,0.009168
1027,30780.0,N2,N3,0.772679,0.192781,0.017893,0.008359,0.008289
1028,30810.0,N2,N3,0.807967,0.15223,0.018436,0.013841,0.007526
1029,30840.0,N2,N3,0.775943,0.172351,0.025746,0.0168,0.009159
1030,30870.0,N2,N3,0.798814,0.139493,0.029478,0.019627,0.012588
1031,30900.0,N2,N3,0.80993,0.133641,0.028387,0.015949,0.012094
1032,30930.0,N2,N3,0.817005,0.120383,0.030785,0.024551,0.007276
1033,30960.0,N2,N3,0.833717,0.122242,0.026371,0.010564,0.007107
1034,30990.0,N2,N3,0.736707,0.157607,0.053581,0.043475,0.008629
1035,31020.0,N2,N3,0.804156,0.139489,0.028524,0.021709,0.006121
1036,31050.0,N2,N3,0.801638,0.137554,0.037468,0.0182,0.005139
1037,31080.0,N2,N3,0.810759,0.129622,0.035405,0.018647,0.005567
1038,31110.0,N2,N3,0.82179,0.119014,0.033579,0.019676,0.005941
1039,31140.0,N3,N3,0.816833,0.1293,0.032911,0.017241,0.003715
1040,31170.0,N2,N3,0.81204,0.1384,0.030905,0.014329,0.004325
1041,31200.0,N3,N3,0.833365,0.113307,0.035465,0.014898,0.002965
1042,31230.0,N3,N3,0.86911,0.099399,0.020133,0.008961,0.002397
1043,31260.0,N3,N3,0.870417,0.095022,0.023193,0.008556,0.002812
1044,31290.0,N3,N3,0.88692,0.081385,0.021323,0.007898,0.002475
1045,31320.0,N3,N3,0.863445,0.099967,0.022333,0.011412,0.002843
1046,31350.0,N3,N3,0.910224,0.065643,0.014886,0.007441,0.001806
1047,31380.0,N3,N3,0.899295,0.071541,0.018769,0.007984,0.002411
1048,31410.0,N3,N3,0.872519,0.093643,0.022583,0.008849,0.002407
1049,31440.0,N3,N3,0.896259,0.076028,0.018166,0.007719,0.001828
1050,31470.0,N3,N3,0.915903,0.062178,0.015517,0.00447,0.001932
1051,31500.0,N3,N3,0.906919,0.070489,0.016384,0.004319,0.001889
1052,31530.0,N3,N3,0.907747,0.070007,0.014496,0.006094,0.001657
1053,31560.0,N3,N3,0.92039,0.059896,0.013287,0.004915,0.001512
1054,31590.0,N3,N3,0.901264,0.074459,0.016746,0.005768,0.001763
1055,31620.0,N3,N3,0.930022,0.052922,0.011831,0.003847,0.001378
1056,31650.0,N3,N3,0.897144,0.079143,0.015433,0.005559,0.002721
1057,31680.0,N3,N3,0.94242,0.044506,0.009066,0.002936,0.001072
1058,31710.0,N3,N3,0.916772,0.06589,0.010604,0.004805,0.001929
1059,31740.0,N3,N3,0.923932,0.059267,0.011783,0.00372,0.001297
1060,31770.0,N3,N3,0.929239,0.049655,0.014507,0.004858,0.001741
1061,31800.0,W,N3,0.791942,0.139227,0.031204,0.011651,0.025976
1062,31830.0,N3,N3,0.887315,0.087202,0.015673,0.005107,0.004703
1063,31860.0,N3,N3,0.872145,0.095896,0.019564,0.008233,0.004162
1064,31890.0,N2,N3,0.853471,0.100065,0.027879,0.0143,0.004286
1065,31920.0,N2,N3,0.858759,0.104325,0.022283,0.010759,0.003875
1066,31950.0,N3,N3,0.890522,0.082616,0.016772,0.007292,0.002798
1067,31980.0,N3,N3,0.869067,0.090332,0.026371,0.011182,0.003048
1068,32010.0,N3,N3,0.909102,0.068412,0.014924,0.005173,0.002389
1069,32040.0,N3,N3,0.899207,0.07264,0.016386,0.009548,0.002219
1070,32070.0,N3,N3,0.896002,0.078978,0.016359,0.00607,0.00259
1071,32100.0,N3,N3,0.903929,0.07223,0.015242,0.006708,0.001892
1072,32130.0,N3,N3,0.903952,0.071975,0.016818,0.005524,0.00173
1073,32160.0,N3,N3,0.908052,0.073365,0.01248,0.004418,0.001684
1074,32190.0,N3,N3,0.907996,0.070532,0.012513,0.007069,0.001891
1075,32220.0,N3,N3,0.938811,0.045571,0.010126,0.003991,0.001501
1076,32250.0,N2,N3,0.828364,0.131459,0.022752,0.007007,0.010418
1077,32280.0,N2,N3,0.910889,0.07114,0.010793,0.004079,0.003099
1078,32310.0,N2,N3,0.828802,0.122364,0.030024,0.012539,0.006271
1079,32340.0,N2,N3,0.855891,0.104144,0.020273,0.015507,0.004184
1080,32370.0,N2,N3,0.768355,0.188158,0.029258,0.008286,0.005944
1081,32400.0,N2,N3,0.858041,0.109711,0.019304,0.005803,0.007141
1082,32430.0,N2,N3,0.775011,0.159751,0.033881,0.022644,0.008713
1083,32460.0,N3,N3,0.874163,0.088845,0.019272,0.013779,0.003941
1084,32490.0,N2,N3,0.833049,0.111711,0.029526,0.021863,0.003851
1085,32520.0,N2,N3,0.854762,0.092321,0.030048,0.01857,0.004298
1086,32550.0,N3,N3,0.880805,0.082128,0.021734,0.012343,0.00299
1087,32580.0,N3,N3,0.879592,0.082243,0.0218,0.01334,0.003025
1088,32610.0,N3,N3,0.874281,0.08911,0.025143,0.007348,0.004118
1089,32640.0,N3,N3,0.866636,0.102976,0.020452,0.005434,0.004503
1090,32670.0,N1,N1,0.685214,0.171587,0.068879,0.023222,0.051098
1091,32700.0,N2,N3,0.828575,0.121478,0.024496,0.011543,0.013907
1092,32730.0,N2,N3,0.863714,0.092347,0.024192,0.012503,0.007244
1093,32760.0,N2,N3,0.845953,0.102611,0.029039,0.017786,0.004611
1094,32790.0,N2,N3,0.86323,0.092138,0.025689,0.014594,0.004349
1095,32820.0,N2,N3,0.869647,0.087458,0.026329,0.012815,0.003751
1096,32850.0,N3,N3,0.880489,0.081057,0.022795,0.011843,0.003815
1097,32880.0,N3,N3,0.875824,0.082675,0.028764,0.009472,0.003264
1098,32910.0,N2,N3,0.862552,0.096037,0.022697,0.01476,0.003954
1099,32940.0,N3,N3,0.891919,0.063198,0.025121,0.016908,0.002854
1100,32970.0,N2,N3,0.85243,0.101899,0.030121,0.012691,0.00286
1101,33000.0,N3,N3,0.915701,0.060339,0.014973,0.006646,0.002342
1102,33030.0,N3,N3,0.901432,0.071655,0.016142,0.008137,0.002634
1103,33060.0,N3,N3,0.887613,0.083854,0.018218,0.007952,0.002363
1104,33090.0,N3,N3,0.884441,0.086213,0.019329,0.007892,0.002124
1105,33120.0,N3,N3,0.898339,0.072008,0.019885,0.00782,0.001948
1106,33150.0,N3,N3,0.933928,0.047904,0.012499,0.004308,0.001361
1107,33180.0,N3,N3,0.931665,0.052778,0.010989,0.003355,0.001213
1108,33210.0,N3,N3,0.946764,0.040666,0.009171,0.002521,0.000879
1109,33240.0,N3,N3,0.925071,0.060091,0.010268,0.003539,0.001031
1110,33270.0,N3,N3,0.914222,0.066501,0.014379,0.002932,0.001966
1111,33300.0,N2,N3,0.921493,0.060294,0.011562,0.004125,0.002526
1112,33330.0,N3,N3,0.899885,0.077685,0.013016,0.006122,0.003291
1113,33360.0,N3,N3,0.883933,0.075454,0.023618,0.013985,0.00301
1114,33390.0,N3,N3,0.907978,0.063871,0.016454,0.009268,0.00243
1115,33420.0,N3,N3,0.864343,0.09008,0.027587,0.015395,0.002595
1116,33450.0,N3,N3,0.908896,0.062402,0.018284,0.008553,0.001865
1117,33480.0,N3,N3,0.911709,0.062644,0.017327,0.00691,0.001411
1118,33510.0,N3,N3,0.936408,0.047107,0.011141,0.004203,0.001141
1119,33540.0,N3,N3,0.929801,0.054305,0.011346,0.003556,0.000992
1120,33570.0,N3,N3,0.933531,0.049982,0.010899,0.004216,0.001372
1121,33600.0,N3,N3,0.948592,0.039425,0.008858,0.002311,0.000813
1122,33630.0,N3,N3,0.928542,0.052774,0.013596,0.003821,0.001266
1123,33660.0,N3,N3,0.936306,0.049277,0.011037,0.00249,0.00089
1124,33690.0,N3,N3,0.935192,0.044471,0.015144,0.004169,0.001023
1125,33720.0,N3,N3,0.94368,0.042221,0.010217,0.00314,0.000741
1126,33750.0,N3,N3,0.960182,0.030463,0.006683,0.002087,0.000585
1127,33780.0,N3,N3,0.955962,0.03262,0.007694,0.002853,0.000871
1128,33810.0,N3,N3,0.952057,0.034698,0.010417,0.002141,0.000687
1129,33840.0,N3,N3,0.957183,0.030676,0.008193,0.00236,0.001587
1130,33870.0,N3,N3,0.96051,0.02805,0.008832,0.001928,0.000681
1131,33900.0,N3,N3,0.94355,0.042104,0.010209,0.003167,0.00097
1132,33930.0,N3,N3,0.945268,0.040703,0.009987,0.002675,0.001366
1133,33960.0,N3,N3,0.955024,0.033786,0.007924,0.002295,0.000972
1134,33990.0,N3,N3,0.959802,0.029435,0.007846,0.002082,0.000835
1135,34020.0,N3,N3,0.954752,0.033434,0.007968,0.002602,0.001244
1136,34050.0,N3,N3,0.953218,0.035334,0.008754,0.00194,0.000754
1137,34080.0,N3,N3,0.946677,0.038411,0.011943,0.002159,0.00081
1138,34110.0,N3,N3,0.961047,0.026502,0.009446,0.002099,0.000906
1139,34140.0,N3,N3,0.959806,0.030082,0.007552,0.001831,0.000728
1140,34170.0,N3,N3,0.951955,0.033991,0.010526,0.002573,0.000955
1141,34200.0,N3,N3,0.937904,0.046152,0.012468,0.002543,0.000933
1142,34230.0,N3,N3,0.947258,0.038962,0.010575,0.002153,0.001053
1143,34260.0,N3,N3,0.961062,0.028509,0.007895,0.001779,0.000754
1144,34290.0,N3,N3,0.957386,0.030403,0.009131,0.002239,0.000841
1145,34320.0,N3,N3,0.963671,0.02729,0.007175,0.001309,0.000555
1146,34350.0,N3,N3,0.961133,0.029513,0.006849,0.00182,0.000685
1147,34380.0,N3,N3,0.957422,0.032708,0.007447,0.001798,0.000625
1148,34410.0,N3,N3,0.95491,0.033793,0.008833,0.001794,0.000671
1149,34440.0,N3,N3,0.969499,0.023903,0.004879,0.001072,0.000647
1150,34470.0,N3,N3,0.962364,0.027955,0.00681,0.002211,0.000661
1151,34500.0,N3,N3,0.954762,0.034801,0.007379,0.002304,0.000755
1152,34530.0,N3,N3,0.967782,0.024372,0.005502,0.001726,0.000618
1153,34560.0,N3,N3,0.950395,0.039768,0.007573,0.00156,0.000704
1154,34590.0,N3,N3,0.95607,0.032762,0.007979,0.002315,0.000875
1155,34620.0,N3,N3,0.948261,0.03852,0.009796,0.00212,0.001303
1156,34650.0,N3,N3,0.957817,0.03144,0.007592,0.002295,0.000855
1157,34680.0,N3,N3,0.958863,0.032196,0.00689,0.001469,0.000582
1158,34710.0,N3,N3,0.9552,0.034902,0.007423,0.001763,0.000712
1159,34740.0,N3,N3,0.948358,0.03609,0.011921,0.002913,0.000718
1160,34770.0,N3,N3,0.955217,0.033215,0.008855,0.00178,0.000933
1161,34800.0,N3,N3,0.953775,0.033883,0.009579,0.002154,0.000609
1162,34830.0,N3,N3,0.961944,0.028659,0.006547,0.001825,0.001026
1163,34860.0,N3,N3,0.956096,0.03338,0.007431,0.002177,0.000916
1164,34890.0,N3,N3,0.955679,0.03284,0.009284,0.001536,0.000661
1165,34920.0,N3,N3,0.966295,0.027105,0.005053,0.001033,0.000513
1166,34950.0,N3,N3,0.958293,0.0314,0.00751,0.001958,0.000839
1167,34980.0,N3,N3,0.957406,0.033571,0.006324,0.00198,0.000718
1168,35010.0,N3,N3,0.964208,0.028566,0.005054,0.001545,0.000627
1169,35040.0,N3,N3,0.970153,0.023823,0.004492,0.000992,0.00054
1170,35070.0,N3,N3,0.960987,0.030729,0.006144,0.001325,0.000815
1171,35100.0,N3,N3,0.959166,0.030303,0.00761,0.002242,0.000678
1172,35130.0,N3,N3,0.95966,0.030538,0.007583,0.001554,0.000665
1173,35160.0,N3,N3,0.949031,0.037437,0.011105,0.001524,0.000904
1174,35190.0,N3,N3,0.958335,0.031273,0.0075,0.001972,0.00092
1175,35220.0,N3,N3,0.955636,0.031964,0.009373,0.002241,0.000787
1176,35250.0,N3,N3,0.968149,0.023022,0.006485,0.001791,0.000554
1177,35280.0,N3,N3,0.959298,0.030358,0.0076,0.002025,0.000719
1178,35310.0,N3,N3,0.964042,0.027923,0.005361,0.001704,0.00097
1179,35340.0,N3,N3,0.959985,0.029899,0.006607,0.002155,0.001353
1180,35370.0,N3,N3,0.934346,0.042959,0.012482,0.003042,0.00717
1181,35400.0,N1,N3,0.83723,0.110503,0.027422,0.006672,0.018173
1182,35430.0,N3,N3,0.899564,0.081925,0.011184,0.003337,0.00399
1183,35460.0,N3,N3,0.887891,0.09166,0.012632,0.003434,0.004382
1184,35490.0,N3,N3,0.881145,0.104119,0.00896,0.003089,0.002687
1185,35520.0,N3,N3,0.838962,0.137386,0.014409,0.00543,0.003813
1186,35550.0,N3,N3,0.84761,0.128436,0.014028,0.005482,0.004444
1187,35580.0,N3,N3,0.837464,0.141293,0.012154,0.00461,0.004478
1188,35610.0,N3,N3,0.878664,0.096681,0.015158,0.005784,0.003713
1189,35640.0,N2,N3,0.851867,0.106045,0.025244,0.011973,0.004871
1190,35670.0,N2,N3,0.864026,0.099583,0.020165,0.011301,0.004925
1191,35700.0,N3,N3,0.896467,0.076445,0.015222,0.009065,0.002801
1192,35730.0,N3,N3,0.825355,0.143679,0.016336,0.011996,0.002634
1193,35760.0,N3,N3,0.867847,0.112155,0.01229,0.0057,0.002007
1194,35790.0,N2,N3,0.768155,0.200731,0.019297,0.006311,0.005506
1195,35820.0,N2,N3,0.725835,0.228659,0.027173,0.012613,0.005719
1196,35850.0,N2,N3,0.729085,0.229549,0.022824,0.007449,0.011092
1197,35880.0,N2,N3,0.634562,0.295404,0.03438,0.014277,0.021378
1198,35910.0,N2,N3,0.810448,0.143163,0.025405,0.014037,0.006948
1199,35940.0,N3,N3,0.712906,0.2379,0.030566,0.013921,0.004707
1200,35970.0,REM,N3,0.58684,0.350932,0.043267,0.009774,0.009187
1201,36000.0,REM,N3,0.597826,0.337564,0.045094,0.010219,0.009298
1202,36030.0,REM,N3,0.628493,0.305117,0.049526,0.008002,0.008862
1203,36060.0,REM,N3,0.60354,0.285358,0.084324,0.013197,0.013582
1204,36090.0,REM,N3,0.619453,0.287506,0.066858,0.012511,0.013671
1205,36120.0,REM,N3,0.585692,0.261789,0.125718,0.013089,0.013712
1206,36150.0,REM,N3,0.602183,0.343206,0.036724,0.008937,0.008951
1207,36180.0,REM,N3,0.517705,0.320345,0.131652,0.014516,0.015782
1208,36210.0,REM,N3,0.60649,0.259531,0.103772,0.015233,0.014974
1209,36240.0,REM,N3,0.629639,0.240839,0.093053,0.01817,0.018299
1210,36270.0,REM,N3,0.6696,0.196921,0.103117,0.013492,0.016871
1211,36300.0,REM,N3,0.626644,0.265189,0.078336,0.014666,0.015165
1212,36330.0,REM,N3,0.529625,0.365537,0.077,0.012489,0.015349
1213,36360.0,REM,N1,0.57292,0.257379,0.135177,0.015928,0.018597
1214,36390.0,REM,N3,0.630262,0.227662,0.109312,0.015576,0.017189
1215,36420.0,REM,N3,0.723066,0.172438,0.071234,0.016181,0.017081
1216,36450.0,REM,N3,0.586804,0.249604,0.121322,0.019897,0.022372
1217,36480.0,REM,N3,0.562191,0.231902,0.165673,0.017327,0.022906
1218,36510.0,REM,N3,0.561887,0.230578,0.175151,0.012187,0.020197
1219,36540.0,REM,N3,0.654093,0.232327,0.081733,0.013872,0.017975
1220,36570.0,REM,N3,0.60632,0.230532,0.119007,0.018075,0.026067
1221,36600.0,REM,N3,0.763642,0.176153,0.039991,0.008181,0.012033
1222,36630.0,REM,N3,0.664226,0.215989,0.08169,0.018931,0.019164
1223,36660.0,REM,N3,0.63729,0.226964,0.104093,0.015004,0.016649
1224,36690.0,REM,N3,0.581677,0.261151,0.125763,0.014586,0.016824
1225,36720.0,REM,N3,0.553444,0.294882,0.097132,0.024502,0.03004
1226,36750.0,REM,N3,0.611122,0.270027,0.085408,0.01437,0.019072
1227,36780.0,REM,N3,0.6254,0.290906,0.057307,0.01301,0.013377
1228,36810.0,REM,N3,0.616512,0.243542,0.098572,0.019226,0.022148
1229,36840.0,N1,REM,0.406511,0.42471,0.073342,0.026778,0.068659
1230,36870.0,N1,N1,0.794396,0.138535,0.037949,0.009276,0.019845
1231,36900.0,N1,N1,0.563126,0.261648,0.123473,0.017342,0.03441
1232,36930.0,N1,N3,0.719305,0.198804,0.047148,0.014882,0.019862
1233,36960.0,N1,N3,0.80921,0.120196,0.042145,0.012603,0.015846
1234,36990.0,N1,N3,0.804683,0.118904,0.040884,0.02185,0.01368
1235,37020.0,N2,N3,0.805371,0.146155,0.02826,0.013103,0.007112
1236,37050.0,N2,N3,0.776158,0.13613,0.046106,0.024625,0.01698
1237,37080.0,N2,N3,0.771791,0.095431,0.071964,0.050585,0.01023
1238,37110.0,N2,N3,0.766079,0.109058,0.069411,0.04391,0.011542
1239,37140.0,N2,N3,0.815187,0.107192,0.046736,0.022219,0.008666
1240,37170.0,N2,N3,0.774683,0.139106,0.050371,0.025943,0.009897
1241,37200.0,N2,N3,0.751847,0.139765,0.064569,0.033577,0.010242
1242,37230.0,N2,N3,0.83865,0.105811,0.034032,0.016516,0.00499
1243,37260.0,N3,N3,0.886237,0.079158,0.021998,0.008797,0.003809
1244,37290.0,N1,N3,0.662488,0.253699,0.051452,0.013961,0.0184
1245,37320.0,N1,N3,0.579091,0.327331,0.05891,0.015661,0.019007
1246,37350.0,N1,N1,0.503518,0.360734,0.097887,0.018416,0.019445
1247,37380.0,N1,N3,0.613092,0.287598,0.05725,0.02154,0.02052
1248,37410.0,N2,N3,0.843967,0.112395,0.02466,0.008449,0.010529
1249,37440.0,N2,N3,0.764442,0.174638,0.036094,0.014969,0.009857
1250,37470.0,N2,N3,0.581058,0.315015,0.064153,0.019268,0.020506
1251,37500.0,N1,N1,0.448357,0.383945,0.120258,0.02252,0.02492
1252,37530.0,N2,N3,0.780416,0.152298,0.040911,0.012512,0.013862
1253,37560.0,N2,N3,0.854477,0.10079,0.024544,0.01102,0.009169
1254,37590.0,N2,N3,0.831163,0.0974,0.038746,0.025784,0.006907
1255,37620.0,N2,N3,0.787552,0.135983,0.040592,0.026157,0.009716
1256,37650.0,N2,N3,0.754905,0.111311,0.074219,0.049722,0.009843
1257,37680.0,N2,N3,0.786583,0.10468,0.057133,0.041037,0.010568
1258,37710.0,N2,N3,0.826489,0.09405,0.045757,0.026217,0.007488
1259,37740.0,N2,N3,0.82797,0.095736,0.042107,0.026113,0.008074
1260,37770.0,N2,N3,0.860482,0.080872,0.033736,0.018891,0.006019
1261,37800.0,N2,N3,0.761454,0.128718,0.065861,0.036177,0.007789
1262,37830.0,N2,N3,0.813507,0.102896,0.049695,0.028286,0.005615
1263,37860.0,N2,N3,0.722234,0.141144,0.080676,0.046016,0.009929
1264,37890.0,N2,N3,0.822653,0.120697,0.034553,0.016498,0.005599
1265,37920.0,N2,N3,0.804201,0.116942,0.04478,0.02793,0.006148
1266,37950.0,N2,N3,0.838286,0.106984,0.032479,0.016116,0.006136
1267,37980.0,N2,N3,0.831367,0.100009,0.043942,0.018263,0.006419
1268,38010.0,N2,N3,0.856349,0.106181,0.025655,0.007774,0.004041
1269,38040.0,N2,N3,0.846607,0.088652,0.036877,0.02318,0.004683
1270,38070.0,N2,N3,0.842348,0.112248,0.027268,0.014202,0.003934
1271,38100.0,N2,N3,0.83314,0.104484,0.034329,0.023552,0.004495
1272,38130.0,N2,N3,0.82546,0.103372,0.043397,0.022505,0.005266
1273,38160.0,N2,N3,0.878161,0.075168,0.026932,0.01693,0.002809
1274,38190.0,N2,N3,0.869152,0.087859,0.025159,0.013235,0.004595
1275,38220.0,N2,N3,0.825476,0.117594,0.033516,0.019467,0.003946
1276,38250.0,N2,N3,0.859123,0.08877,0.033198,0.014672,0.004237
1277,38280.0,N2,N3,0.863204,0.092781,0.027617,0.012915,0.003482
1278,38310.0,N2,N3,0.863597,0.090304,0.032128,0.010709,0.003263
1279,38340.0,N2,N3,0.853157,0.085758,0.037177,0.019835,0.004074
1280,38370.0,N2,N3,0.879855,0.075844,0.028892,0.01258,0.002829
1281,38400.0,N2,N3,0.867679,0.098372,0.023854,0.007143,0.002952
1282,38430.0,N2,N3,0.85899,0.096088,0.030442,0.011341,0.003139
1283,38460.0,N3,N3,0.888689,0.083135,0.018946,0.00669,0.002541
1284,38490.0,N2,N3,0.8906,0.076812,0.022565,0.00755,0.002474
1285,38520.0,N3,N3,0.902797,0.069988,0.01765,0.007467,0.002098
1286,38550.0,N3,N3,0.922058,0.059942,0.012382,0.004058,0.001559
1287,38580.0,N3,N3,0.9213,0.05901,0.012891,0.00479,0.002009
1288,38610.0,N3,N3,0.910094,0.06268,0.017806,0.007912,0.001508
1289,38640.0,N3,N3,0.936891,0.04744,0.010712,0.003541,0.001416
1290,38670.0,N3,N3,0.921604,0.054405,0.016186,0.006081,0.001724
1291,38700.0,N3,N3,0.929653,0.055008,0.011618,0.002335,0.001386
1292,38730.0,N3,N3,0.893956,0.072333,0.016341,0.005621,0.011749
1293,38760.0,N2,N3,0.858989,0.091209,0.026697,0.018634,0.004471
1294,38790.0,N2,N3,0.790063,0.137587,0.041774,0.025224,0.005352
1295,38820.0,N2,N3,0.863086,0.092354,0.028308,0.012559,0.003693
1296,38850.0,N2,N3,0.875743,0.081012,0.024965,0.015583,0.002697
1297,38880.0,N2,N3,0.8628,0.096017,0.026938,0.010647,0.003598
1298,38910.0,N3,N3,0.881553,0.088679,0.020773,0.006891,0.002104
1299,38940.0,N3,N3,0.910144,0.063774,0.015924,0.007711,0.002447
1300,38970.0,N3,N3,0.913013,0.063136,0.01626,0.005615,0.001976
1301,39000.0,N3,N3,0.935155,0.047801,0.011981,0.003801,0.001263
1302,39030.0,N3,N3,0.943419,0.042898,0.010167,0.002016,0.0015
1303,39060.0,N3,N3,0.918786,0.056355,0.014409,0.008659,0.001791
1304,39090.0,N3,N3,0.917545,0.055133,0.016495,0.008671,0.002156
1305,39120.0,N3,N3,0.926401,0.053105,0.012209,0.006926,0.001359
1306,39150.0,N3,N3,0.934818,0.048563,0.010641,0.004461,0.001517
1307,39180.0,N3,N3,0.952535,0.035628,0.008081,0.002721,0.001034
1308,39210.0,N3,N3,0.928843,0.057732,0.00922,0.002908,0.001297
1309,39240.0,N3,N3,0.944897,0.040521,0.009174,0.004217,0.001192
1310,39270.0,N3,N3,0.944417,0.041908,0.009014,0.003554,0.001106
1311,39300.0,N3,N3,0.946803,0.039362,0.009474,0.003246,0.001115
1312,39330.0,N3,N3,0.941522,0.045434,0.00869,0.003345,0.001009
1313,39360.0,N3,N3,0.961574,0.029914,0.005403,0.00196,0.001149
1314,39390.0,N3,N3,0.958578,0.029513,0.006858,0.003352,0.0017
1315,39420.0,N3,N3,0.93898,0.049344,0.008334,0.002003,0.001338
1316,39450.0,N3,N3,0.930684,0.047966,0.011846,0.007979,0.001524
1317,39480.0,N3,N3,0.943929,0.041849,0.00935,0.003814,0.001057
1318,39510.0,N3,N3,0.935987,0.047521,0.010594,0.004545,0.001354
1319,39540.0,N3,N3,0.951473,0.036436,0.007733,0.003274,0.001084
1320,39570.0,N3,N3,0.933116,0.050482,0.01083,0.00404,0.001533
1321,39600.0,N3,N3,0.958135,0.028481,0.009084,0.003354,0.000945
1322,39630.0,N3,N3,0.958103,0.033406,0.005408,0.002049,0.001034
1323,39660.0,N3,N3,0.956987,0.030841,0.007416,0.003664,0.001092
1324,39690.0,N3,N3,0.949103,0.035401,0.010394,0.003625,0.001477
1325,39720.0,N3,N3,0.962169,0.029184,0.006054,0.001559,0.001034
1326,39750.0,N3,N3,0.96154,0.028017,0.006388,0.002597,0.001458
1327,39780.0,N3,N3,0.961155,0.029241,0.006166,0.002646,0.000792
1328,39810.0,N3,N3,0.960495,0.028462,0.007317,0.002052,0.001676
1329,39840.0,N3,N3,0.943248,0.036905,0.010147,0.003403,0.006296
1330,39870.0,N1,N3,0.802087,0.133774,0.045022,0.007462,0.011654
1331,39900.0,N2,N3,0.91795,0.061965,0.0122,0.003766,0.004119
1332,39930.0,N2,N3,0.90347,0.05798,0.021645,0.007759,0.009146
1333,39960.0,N1,N3,0.8061,0.099712,0.047138,0.013877,0.033173
1334,39990.0,N2,N3,0.897197,0.072835,0.016978,0.007647,0.005343
1335,40020.0,N2,N3,0.867412,0.098492,0.019345,0.01028,0.004471
1336,40050.0,N2,N3,0.863505,0.111674,0.015023,0.005255,0.004543
1337,40080.0,N2,N3,0.815214,0.11923,0.033629,0.022752,0.009174
1338,40110.0,N2,N3,0.838892,0.11203,0.029542,0.01407,0.005466
1339,40140.0,N2,N3,0.854977,0.097893,0.025239,0.014996,0.006895
1340,40170.0,N2,N3,0.874522,0.088676,0.021828,0.011958,0.003016
1341,40200.0,N1,N3,0.827363,0.138132,0.021245,0.007046,0.006214
1342,40230.0,N2,N3,0.874929,0.083221,0.023425,0.013975,0.00445
1343,40260.0,N2,N3,0.867726,0.09082,0.024567,0.00941,0.007477
1344,40290.0,N1,N3,0.779106,0.162973,0.038211,0.009956,0.009753
1345,40320.0,N2,N3,0.851249,0.080657,0.031779,0.030353,0.005961
1346,40350.0,N2,N3,0.870582,0.080863,0.02412,0.021656,0.002779
1347,40380.0,N2,N3,0.750898,0.181258,0.041146,0.01796,0.008737
1348,40410.0,N2,N3,0.75438,0.208963,0.020436,0.008977,0.007245
1349,40440.0,N2,N3,0.844223,0.121813,0.020752,0.006889,0.006323
1350,40470.0,N2,N3,0.728713,0.201283,0.045264,0.016435,0.008306
1351,40500.0,REM,N3,0.590985,0.3255,0.05846,0.013381,0.011675
1352,40530.0,REM,N3,0.662249,0.270135,0.044793,0.011747,0.011077
1353,40560.0,REM,N3,0.580719,0.250483,0.132505,0.014801,0.021493
1354,40590.0,REM,N3,0.553868,0.312909,0.09551,0.016217,0.021495
1355,40620.0,REM,N3,0.629096,0.277473,0.066041,0.011811,0.015579
1356,40650.0,REM,N3,0.547155,0.272302,0.147846,0.014844,0.017854
1357,40680.0,REM,N3,0.542792,0.260631,0.156792,0.017919,0.021867
1358,40710.0,REM,N3,0.623394,0.258419,0.081994,0.014853,0.021341
1359,40740.0,REM,N3,0.547925,0.281644,0.137287,0.01431,0.018833
1360,40770.0,REM,N3,0.743041,0.144309,0.087444,0.009796,0.01541
1361,40800.0,REM,N3,0.594402,0.236642,0.121242,0.021129,0.026586
1362,40830.0,REM,N3,0.680868,0.179148,0.105736,0.013508,0.020739
1363,40860.0,REM,N3,0.700268,0.165931,0.103962,0.012336,0.017502
1364,40890.0,REM,N3,0.54003,0.258657,0.157029,0.02078,0.023504
1365,40920.0,REM,N1,0.601753,0.212849,0.147786,0.014481,0.023132
1366,40950.0,REM,N3,0.626467,0.178785,0.157624,0.014274,0.02285
1367,40980.0,REM,N3,0.74639,0.126967,0.090637,0.014165,0.021841
1368,41010.0,REM,N3,0.628037,0.236932,0.098584,0.015729,0.020718
1369,41040.0,REM,N3,0.586893,0.260835,0.109314,0.017753,0.025206
1370,41070.0,REM,N3,0.593773,0.2159,0.150444,0.016321,0.023563
1371,41100.0,REM,N3,0.653652,0.196523,0.11408,0.014273,0.021473
1372,41130.0,REM,N1,0.577858,0.238901,0.141083,0.016733,0.025425
1373,41160.0,REM,N3,0.744728,0.158385,0.064474,0.015411,0.017002
1374,41190.0,REM,N3,0.653639,0.172791,0.132344,0.017946,0.023281
1375,41220.0,REM,N3,0.680051,0.187268,0.091983,0.017293,0.023404
1376,41250.0,REM,N3,0.679107,0.180465,0.097498,0.017381,0.025548
1377,41280.0,REM,N3,0.672317,0.176132,0.108113,0.018024,0.025414
1378,41310.0,REM,N1,0.426039,0.407571,0.112832,0.02239,0.031167
1379,41340.0,REM,N3,0.701053,0.219705,0.055714,0.011312,0.012216
1380,41370.0,N2,N3,0.930362,0.031535,0.018607,0.00513,0.014366
1381,41400.0,N1,N3,0.65961,0.212058,0.086354,0.013812,0.028166
1382,41430.0,N1,N3,0.725232,0.164117,0.066499,0.017137,0.027016
1383,41460.0,W,N1,0.554266,0.15675,0.196232,0.023522,0.06923
1384,41490.0,N1,N1,0.404395,0.397721,0.150173,0.02146,0.02625
1385,41520.0,N1,REM,0.390879,0.399861,0.164906,0.019707,0.024647
1386,41550.0,N1,N3,0.60373,0.272418,0.07453,0.018882,0.030441
1387,41580.0,N1,N3,0.819885,0.11735,0.037031,0.012018,0.013715
1388,41610.0,N2,N3,0.724079,0.209985,0.040256,0.012183,0.013497
1389,41640.0,N2,N3,0.816464,0.131894,0.029552,0.011859,0.010231
1390,41670.0,N2,N3,0.779235,0.144983,0.039111,0.024998,0.011673
1391,41700.0,N2,N3,0.80079,0.134624,0.03221,0.023257,0.00912
1392,41730.0,N2,N3,0.802497,0.111056,0.046474,0.031023,0.008951
1393,41760.0,N2,N3,0.771073,0.174386,0.029355,0.018099,0.007087
1394,41790.0,N2,N3,0.804675,0.123021,0.041951,0.019856,0.010497
1395,41820.0,N2,N3,0.775786,0.125964,0.05289,0.034264,0.011096
1396,41850.0,N2,N3,0.812036,0.109683,0.0403,0.02919,0.00879
1397,41880.0,N2,N3,0.821033,0.110622,0.036904,0.02388,0.00756
1398,41910.0,N2,N3,0.821939,0.115391,0.040276,0.015772,0.006622
1399,41940.0,N2,N3,0.845914,0.098362,0.030318,0.017762,0.007643
1400,41970.0,N2,N3,0.791578,0.112494,0.048521,0.037826,0.009581
1401,42000.0,N2,N3,0.780214,0.121947,0.058168,0.030116,0.009555
1402,42030.0,N2,N3,0.843696,0.110139,0.027258,0.011024,0.007883
1403,42060.0,N2,N3,0.873634,0.084991,0.024038,0.011648,0.00569
1404,42090.0,N2,N3,0.728769,0.151353,0.066094,0.043929,0.009855
1405,42120.0,N2,N3,0.816727,0.11115,0.037573,0.026395,0.008155
1406,42150.0,N2,N3,0.845231,0.106878,0.027572,0.014643,0.005677
1407,42180.0,N2,N3,0.880034,0.085344,0.020559,0.010082,0.003981
1408,42210.0,N2,N3,0.830703,0.120262,0.029959,0.013648,0.005429
1409,42240.0,N2,N3,0.862348,0.089,0.029356,0.009729,0.009567
1410,42270.0,N2,N3,0.874083,0.088311,0.022577,0.009849,0.005181
1411,42300.0,N2,N3,0.876804,0.086439,0.023172,0.007188,0.006397
1412,42330.0,N2,N3,0.85382,0.092436,0.028485,0.017152,0.008108
1413,42360.0,N2,N3,0.780466,0.111282,0.056873,0.041643,0.009735
1414,42390.0,N2,N3,0.836491,0.075239,0.046071,0.034146,0.008054
1415,42420.0,N2,N3,0.783038,0.160848,0.036181,0.011075,0.008858
1416,42450.0,N2,N3,0.793187,0.149852,0.035616,0.011045,0.0103
1417,42480.0,N1,N3,0.677477,0.209582,0.048439,0.017906,0.046595
1418,42510.0,N2,N3,0.740867,0.139784,0.068686,0.033909,0.016755
1419,42540.0,N1,N3,0.69231,0.193915,0.082501,0.015087,0.016187
1420,42570.0,N2,N3,0.756474,0.126437,0.061688,0.043321,0.01208
1421,42600.0,N2,N3,0.768287,0.122687,0.053787,0.044737,0.010504
1422,42630.0,N2,N3,0.809526,0.099768,0.04786,0.035503,0.007343
1423,42660.0,N2,N3,0.847442,0.094006,0.03223,0.019775,0.006547
1424,42690.0,N2,N3,0.842428,0.083465,0.039378,0.027842,0.006888
1425,42720.0,N2,N3,0.792672,0.122301,0.048582,0.029017,0.007429
1426,42750.0,N2,N3,0.873509,0.07697,0.029386,0.014347,0.005789
1427,42780.0,N2,N3,0.785551,0.131544,0.046641,0.029669,0.006595
1428,42810.0,N2,N3,0.846401,0.096784,0.033973,0.017978,0.004864
1429,42840.0,N2,N3,0.82625,0.117938,0.034302,0.016198,0.005312
1430,42870.0,N3,N3,0.931194,0.051974,0.011068,0.003601,0.002164
1431,42900.0,N2,N3,0.855047,0.09357,0.028156,0.016994,0.006233
1432,42930.0,N2,N3,0.79742,0.127512,0.038237,0.030575,0.006255
1433,42960.0,N2,N3,0.826332,0.106006,0.03701,0.02384,0.006812
1434,42990.0,N2,N3,0.869277,0.083963,0.030855,0.011755,0.00415
1435,43020.0,N2,N3,0.778258,0.124694,0.05529,0.035116,0.006642
1436,43050.0,N2,N3,0.764108,0.118334,0.065662,0.043451,0.008445
1437,43080.0,N2,N3,0.83778,0.100184,0.038329,0.018762,0.004945
1438,43110.0,N2,N3,0.803688,0.119977,0.044613,0.025465,0.006257
1439,43140.0,N2,N3,0.823968,0.106341,0.044111,0.020676,0.004904
1440,43170.0,N2,N3,0.808008,0.112891,0.048433,0.025622,0.005046
1441,43200.0,N2,N3,0.839982,0.085154,0.044127,0.027266,0.003472
1442,43230.0,N2,N3,0.876829,0.080285,0.02645,0.013125,0.003311
1443,43260.0,N2,N3,0.881065,0.080159,0.024949,0.01067,0.003158
1444,43290.0,N3,N3,0.915406,0.062201,0.014737,0.005591,0.002065
1445,43320.0,N2,N3,0.87751,0.090014,0.018924,0.010849,0.002702
1446,43350.0,N3,N3,0.887939,0.084044,0.019221,0.006827,0.001969
1447,43380.0,N2,N3,0.899565,0.077889,0.015169,0.00503,0.002346
1448,43410.0,N3,N3,0.894694,0.07763,0.016894,0.008335,0.002447
1449,43440.0,N3,N3,0.919896,0.059763,0.012576,0.006007,0.001757
1450,43470.0,N3,N3,0.88605,0.08505,0.020616,0.006137,0.002147
1451,43500.0,N3,N3,0.920234,0.055058,0.014626,0.007359,0.002723
1452,43530.0,N3,N3,0.909965,0.060644,0.018827,0.007586,0.002978
1453,43560.0,N3,N3,0.908702,0.06517,0.017965,0.005758,0.002405
1454,43590.0,N3,N3,0.928547,0.052614,0.012282,0.004748,0.00181
1455,43620.0,N3,N3,0.928494,0.053755,0.011867,0.004706,0.001177
1456,43650.0,N3,N3,0.943983,0.041294,0.009739,0.003895,0.001089
1457,43680.0,N3,N3,0.917628,0.054843,0.016927,0.003773,0.00683
1458,43710.0,N2,N3,0.913067,0.063988,0.014492,0.005236,0.003217
1459,43740.0,N2,N3,0.859821,0.085484,0.027013,0.02368,0.004002
1460,43770.0,N2,N3,0.860126,0.100235,0.023013,0.012698,0.003928
1461,43800.0,N2,N3,0.858976,0.096289,0.028305,0.012998,0.003431
1462,43830.0,N2,N3,0.888216,0.079056,0.019072,0.010453,0.003204
1463,43860.0,N2,N3,0.870233,0.079217,0.029596,0.017465,0.003489
1464,43890.0,N2,N3,0.887106,0.065838,0.027581,0.016491,0.002984
1465,43920.0,N3,N3,0.906026,0.070377,0.015438,0.006092,0.002067
1466,43950.0,N3,N3,0.92162,0.059504,0.011523,0.005927,0.001426
1467,43980.0,N2,N3,0.915655,0.056825,0.015803,0.009118,0.002599
1468,44010.0,N3,N3,0.95695,0.031175,0.007543,0.002351,0.001981
1469,44040.0,N3,N3,0.930845,0.05315,0.009635,0.004698,0.001672
1470,44070.0,N3,N3,0.923284,0.055884,0.01246,0.006325,0.002046
1471,44100.0,N3,N3,0.930434,0.046143,0.014052,0.007813,0.001558
1472,44130.0,N3,N3,0.924941,0.053055,0.013547,0.006822,0.001636
1473,44160.0,N3,N3,0.93571,0.044835,0.012564,0.005414,0.001476
1474,44190.0,N3,N3,0.916627,0.063047,0.01368,0.005118,0.001528
1475,44220.0,N3,N3,0.936687,0.048111,0.009807,0.004104,0.001291
1476,44250.0,N3,N3,0.947479,0.036992,0.009448,0.004961,0.001119
1477,44280.0,N3,N3,0.942253,0.04064,0.01159,0.004098,0.00142
1478,44310.0,N3,N3,0.955672,0.032346,0.008265,0.002728,0.000989
1479,44340.0,N3,N3,0.930929,0.049301,0.012002,0.006358,0.00141
1480,44370.0,N3,N3,0.959705,0.032793,0.004988,0.001537,0.000977
1481,44400.0,N3,N3,0.918569,0.062328,0.011567,0.005395,0.00214
1482,44430.0,N3,N3,0.928067,0.038601,0.014469,0.007168,0.011695
1483,44460.0,N3,N3,0.910429,0.068632,0.014327,0.003933,0.002679
1484,44490.0,N3,N3,0.91391,0.064169,0.013664,0.005513,0.002743
1485,44520.0,N2,N3,0.769141,0.15613,0.039644,0.028,0.007084
1486,44550.0,N2,N3,0.803809,0.119296,0.040148,0.031826,0.00492
1487,44580.0,N2,N3,0.86437,0.094179,0.024997,0.013647,0.002807
1488,44610.0,N2,N3,0.911128,0.06862,0.012067,0.006092,0.002093
1489,44640.0,N3,N3,0.853688,0.116438,0.018582,0.007665,0.003627
1490,44670.0,N3,N3,0.866033,0.106833,0.019401,0.005119,0.002614
1491,44700.0,N2,N3,0.778402,0.167421,0.040596,0.007254,0.006327
1492,44730.0,REM,N3,0.671053,0.259736,0.050098,0.00885,0.010263
1493,44760.0,REM,N3,0.612904,0.254718,0.098699,0.014612,0.019068
1494,44790.0,REM,N3,0.647386,0.227106,0.093612,0.015548,0.016347
1495,44820.0,REM,N3,0.668042,0.22693,0.072123,0.014521,0.018383
1496,44850.0,REM,N3,0.694972,0.181077,0.089063,0.012192,0.022696
1497,44880.0,REM,N3,0.606142,0.206379,0.148775,0.014298,0.024406
1498,44910.0,REM,N3,0.575475,0.225976,0.159527,0.015991,0.02303
1499,44940.0,REM,N1,0.541261,0.275141,0.101816,0.028375,0.053407
1500,44970.0,N1,N1,0.51037,0.339175,0.096038,0.021206,0.033211
1501,45000.0,REM,N3,0.638304,0.24858,0.072388,0.013605,0.027123
1502,45030.0,REM,N3,0.571324,0.266372,0.116016,0.019797,0.02649
1503,45060.0,REM,N3,0.590182,0.25355,0.113855,0.019913,0.022499
1504,45090.0,REM,N3,0.726028,0.178635,0.06756,0.012841,0.014936
1505,45120.0,REM,N3,0.666404,0.218425,0.08216,0.014481,0.018529
1506,45150.0,REM,N3,0.712279,0.170778,0.076343,0.01757,0.02303
1507,45180.0,REM,N3,0.671015,0.190973,0.093458,0.019348,0.025206
1508,45210.0,REM,N3,0.704409,0.15985,0.095604,0.017741,0.022396
1509,45240.0,REM,N3,0.601869,0.237389,0.120309,0.016565,0.023867
1510,45270.0,REM,N3,0.630238,0.226719,0.100792,0.019494,0.022756
1511,45300.0,REM,N3,0.584931,0.263579,0.099607,0.021277,0.030605
1512,45330.0,REM,N3,0.726925,0.163268,0.06714,0.018362,0.024305
1513,45360.0,REM,N3,0.599649,0.256954,0.107033,0.016802,0.019561
1514,45390.0,REM,N3,0.673886,0.197054,0.084949,0.020333,0.023778
1515,45420.0,REM,N3,0.781779,0.133629,0.062296,0.010001,0.012295
1516,45450.0,REM,N3,0.7018,0.156922,0.098897,0.018014,0.024366
1517,45480.0,REM,N3,0.705173,0.155979,0.09148,0.018627,0.028741
1518,45510.0,W,N1,0.863484,0.075994,0.03091,0.007815,0.021797
1519,45540.0,N1,N1,0.385555,0.33541,0.23172,0.018516,0.028798
1520,45570.0,N1,N3,0.49734,0.285315,0.164103,0.024603,0.028638
1521,45600.0,N1,N3,0.554941,0.256747,0.137511,0.022171,0.02863
1522,45630.0,N1,N3,0.871437,0.056548,0.037045,0.008827,0.026143
1523,45660.0,W,N3,0.885132,0.051603,0.021722,0.009711,0.031833
1524,45690.0,W,N3,0.887687,0.069944,0.016881,0.007309,0.018179
1525,45720.0,W,N3,0.912968,0.048884,0.016802,0.006392,0.014954
1526,45750.0,W,N3,0.890747,0.062916,0.019071,0.006926,0.020341
1527,45780.0,W,N3,0.902761,0.050765,0.018589,0.007637,0.020248
1528,45810.0,W,N1,0.916386,0.033819,0.035779,0.003846,0.01017
1529,45840.0,W,N1,0.508668,0.226398,0.21901,0.018947,0.026977
1530,45870.0,W,N1,0.267303,0.425271,0.262053,0.018488,0.026885
1531,45900.0,W,REM,0.336842,0.457618,0.165115,0.018235,0.02219
1532,45930.0,W,N1,0.3068,0.340939,0.303543,0.022712,0.026006
1533,45960.0,W,REM,0.337618,0.413413,0.198433,0.023979,0.026557
1534,45990.0,W,N1,0.311705,0.306889,0.334959,0.019653,0.026795
1535,46020.0,W,N1,0.425012,0.294575,0.232832,0.023534,0.024047
1536,46050.0,W,N1,0.353633,0.297687,0.296488,0.019936,0.032256
1537,46080.0,W,N1,0.415714,0.283579,0.245656,0.02142,0.03363
1538,46110.0,W,N1,0.437609,0.308801,0.203613,0.022037,0.027939
1539,46140.0,N1,N3,0.542246,0.274232,0.125543,0.025594,0.032385
1540,46170.0,N1,N1,0.468861,0.353277,0.117185,0.030503,0.030173
1541,46200.0,N1,N1,0.473006,0.150169,0.303317,0.021779,0.05173
1542,46230.0,W,N1,0.379686,0.296738,0.277541,0.020714,0.025322
1543,46260.0,N1,N3,0.507479,0.260461,0.187313,0.019978,0.02477
1544,46290.0,N1,N3,0.57092,0.258897,0.109891,0.026649,0.033644
1545,46320.0,N1,N3,0.60273,0.242745,0.106469,0.019595,0.028461
1546,46350.0,N1,N3,0.767784,0.170184,0.03406,0.011682,0.01629
1547,46380.0,N2,N3,0.796207,0.15309,0.028606,0.009676,0.012421
1548,46410.0,N2,N3,0.727436,0.172773,0.06714,0.016658,0.015993
1549,46440.0,N2,N3,0.760002,0.163948,0.042359,0.017323,0.016368
1550,46470.0,N2,N3,0.828242,0.11708,0.032495,0.012013,0.01017
1551,46500.0,N2,N3,0.743154,0.180775,0.046839,0.013033,0.016199
1552,46530.0,N2,N3,0.846135,0.099384,0.0282,0.015231,0.01105
1553,46560.0,N2,N3,0.764423,0.163426,0.04081,0.017187,0.014155
1554,46590.0,N2,N3,0.781746,0.122859,0.050904,0.032499,0.011992
1555,46620.0,N2,N3,0.73466,0.157707,0.04764,0.042182,0.017811
1556,46650.0,N2,N3,0.8264,0.112337,0.029527,0.021238,0.010497
1557,46680.0,N2,N3,0.757198,0.162305,0.04893,0.016899,0.014668
1558,46710.0,N2,N3,0.75758,0.151391,0.039513,0.040329,0.011186
1559,46740.0,N2,N3,0.768707,0.113338,0.059599,0.02368,0.034676
1560,46770.0,N2,N3,0.788542,0.139813,0.04048,0.014524,0.01664
1561,46800.0,N2,N3,0.732782,0.187272,0.038688,0.028111,0.013147
1562,46830.0,N2,N3,0.747177,0.142471,0.050282,0.047309,0.01276
1563,46860.0,N2,N3,0.792578,0.129353,0.032426,0.0381,0.007543
1564,46890.0,N2,N3,0.682007,0.182869,0.066667,0.054788,0.013669
1565,46920.0,N2,N3,0.762638,0.127493,0.055883,0.044233,0.009753
1566,46950.0,N2,N3,0.796133,0.128487,0.037707,0.027477,0.010195
1567,46980.0,N2,N3,0.737615,0.162878,0.055192,0.033578,0.010737
1568,47010.0,N2,N3,0.714077,0.157704,0.066818,0.050501,0.0109
1569,47040.0,N2,N3,0.774586,0.145331,0.040605,0.030838,0.00864
1570,47070.0,W,N1,0.777317,0.062638,0.100692,0.014111,0.045242
1571,47100.0,W,N1,0.505409,0.255978,0.184807,0.020906,0.0329
1572,47130.0,N1,N3,0.805111,0.120676,0.042841,0.013203,0.018168
1573,47160.0,N2,N3,0.855805,0.095473,0.026914,0.015494,0.006314
1574,47190.0,N2,N3,0.820621,0.084243,0.049375,0.038239,0.007523
1575,47220.0,N2,N3,0.73593,0.178743,0.047523,0.018314,0.01949
1576,47250.0,N2,N3,0.776129,0.136668,0.044062,0.032194,0.010947
1577,47280.0,N2,N3,0.713072,0.122199,0.079991,0.073465,0.011272
1578,47310.0,N2,N3,0.792714,0.124556,0.042841,0.031507,0.008381
1579,47340.0,N2,N3,0.79411,0.129032,0.037724,0.031308,0.007825
1580,47370.0,N2,N3,0.779672,0.120031,0.048128,0.042614,0.009556
1581,47400.0,N2,N3,0.767597,0.141631,0.052825,0.029013,0.008934
1582,47430.0,N2,N3,0.804817,0.110701,0.044763,0.029905,0.009814
1583,47460.0,N2,N3,0.791142,0.137713,0.037485,0.026289,0.00737
1584,47490.0,N2,N3,0.827111,0.110124,0.031234,0.024791,0.00674
1585,47520.0,N2,N3,0.824854,0.105023,0.038588,0.02706,0.004475
1586,47550.0,N2,N3,0.780062,0.127732,0.048561,0.038034,0.005611
1587,47580.0,N2,N3,0.787507,0.131599,0.045837,0.029254,0.005804
1588,47610.0,N2,N3,0.858424,0.094842,0.026553,0.014299,0.005883
1589,47640.0,N2,N3,0.790631,0.1094,0.057821,0.029129,0.013019
1590,47670.0,N2,N3,0.810627,0.144881,0.024065,0.01021,0.010217
1591,47700.0,N2,N3,0.781457,0.140398,0.040339,0.03024,0.007565
1592,47730.0,N2,N3,0.853915,0.085275,0.03811,0.017154,0.005546
1593,47760.0,N2,N3,0.784311,0.151941,0.036643,0.015097,0.012008
1594,47790.0,N2,N3,0.77956,0.127435,0.044111,0.042146,0.006749
1595,47820.0,N2,N3,0.815327,0.112499,0.03853,0.027087,0.006557
1596,47850.0,N2,N3,0.776911,0.141148,0.04839,0.027279,0.006272
1597,47880.0,N2,N3,0.777259,0.155496,0.046736,0.012801,0.007707
1598,47910.0,N2,N3,0.813212,0.10592,0.03787,0.035832,0.007166
1599,47940.0,N2,N3,0.846756,0.082343,0.034338,0.031216,0.005347
1600,47970.0,N2,N3,0.79278,0.117549,0.041298,0.040955,0.007418
1601,48000.0,N2,N3,0.812627,0.117312,0.03552,0.029865,0.004676
1602,48030.0,N2,N3,0.827419,0.117867,0.033582,0.014946,0.006185
1603,48060.0,N2,N3,0.826564,0.120818,0.031071,0.016704,0.004842
1604,48090.0,N2,N3,0.799527,0.125935,0.041999,0.028437,0.004103
1605,48120.0,N2,N3,0.811746,0.115566,0.040946,0.024367,0.007376
1606,48150.0,N3,N3,0.899804,0.072524,0.016106,0.008521,0.003045
1607,48180.0,N2,N3,0.843382,0.105257,0.028834,0.017523,0.005004
1608,48210.0,N3,N3,0.901028,0.07368,0.017242,0.005471,0.002579
1609,48240.0,N3,N3,0.897665,0.07765,0.015285,0.006595,0.002805
1610,48270.0,N3,N3,0.879386,0.085081,0.021053,0.010946,0.003534
1611,48300.0,N2,N3,0.866808,0.085529,0.025955,0.017805,0.003903
1612,48330.0,N2,N3,0.845722,0.097933,0.033641,0.01915,0.003554
1613,48360.0,N2,N3,0.831591,0.121,0.026799,0.016417,0.004193
1614,48390.0,N2,N3,0.879193,0.080657,0.021672,0.015662,0.002817
1615,48420.0,N3,N3,0.910721,0.063594,0.015853,0.007698,0.002134
1616,48450.0,N3,N3,0.927468,0.050101,0.01291,0.007642,0.001878
1617,48480.0,N2,N3,0.879127,0.091053,0.019368,0.007093,0.00336
1618,48510.0,N2,N3,0.876189,0.081816,0.02306,0.015951,0.002983
1619,48540.0,N3,N3,0.895862,0.073428,0.018695,0.009797,0.002218
1620,48570.0,N2,N3,0.898622,0.071038,0.016902,0.011179,0.002259
1621,48600.0,N3,N3,0.880811,0.083146,0.021845,0.011541,0.002657
1622,48630.0,N2,N3,0.885017,0.079989,0.023413,0.008817,0.002765
1623,48660.0,N3,N3,0.936621,0.044967,0.010825,0.006133,0.001453
1624,48690.0,N3,N3,0.922818,0.056849,0.012891,0.005795,0.001646
1625,48720.0,N3,N3,0.943709,0.034768,0.011092,0.005041,0.00539
1626,48750.0,N3,N3,0.881798,0.085533,0.01609,0.007147,0.009432
1627,48780.0,N2,N3,0.854831,0.111375,0.021209,0.007791,0.004794
1628,48810.0,N2,N3,0.877713,0.093022,0.017681,0.006222,0.005361
1629,48840.0,N2,N3,0.8053,0.125309,0.035087,0.026499,0.007805
1630,48870.0,N2,N3,0.853601,0.098425,0.025741,0.015813,0.00642
1631,48900.0,N2,N3,0.866355,0.086022,0.024493,0.019075,0.004056
1632,48930.0,N2,N3,0.77311,0.172975,0.03415,0.012134,0.007632
1633,48960.0,N2,N3,0.872914,0.09264,0.019505,0.010323,0.004618
1634,48990.0,N3,N3,0.849311,0.116735,0.021973,0.007822,0.004158
1635,49020.0,N2,N3,0.813218,0.137827,0.030616,0.0102,0.00814
1636,49050.0,N2,N3,0.799285,0.150635,0.030145,0.010858,0.009077
1637,49080.0,N2,N3,0.756652,0.181691,0.04188,0.009851,0.009926
1638,49110.0,N2,N3,0.710913,0.190504,0.065061,0.015664,0.017858
1639,49140.0,N1,N3,0.586458,0.228768,0.125239,0.020297,0.039239
1640,49170.0,N1,N3,0.668483,0.213283,0.085053,0.01539,0.017791
1641,49200.0,REM,N3,0.662294,0.213602,0.087229,0.016369,0.020507
1642,49230.0,REM,N3,0.690817,0.191709,0.081551,0.017605,0.018318
1643,49260.0,REM,N3,0.713741,0.174723,0.078673,0.015611,0.017253
1644,49290.0,REM,N3,0.684631,0.203393,0.074594,0.014898,0.022485
1645,49320.0,REM,N3,0.73089,0.178188,0.063544,0.011708,0.015669
1646,49350.0,REM,N3,0.671117,0.18434,0.10111,0.017317,0.026117
1647,49380.0,REM,N3,0.634332,0.23219,0.095822,0.013964,0.023692
1648,49410.0,REM,N3,0.670025,0.173604,0.10245,0.02239,0.03153
1649,49440.0,REM,N3,0.664517,0.203174,0.092136,0.016813,0.023359
1650,49470.0,REM,N3,0.760416,0.141449,0.070565,0.01125,0.016319
1651,49500.0,REM,N3,0.741274,0.154927,0.066264,0.016265,0.02127
1652,49530.0,REM,N3,0.651211,0.221739,0.084932,0.019275,0.022842
1653,49560.0,REM,N3,0.65157,0.190284,0.113234,0.019152,0.02576
1654,49590.0,REM,N3,0.685031,0.18843,0.081574,0.019333,0.025631
1655,49620.0,REM,N3,0.705311,0.171338,0.080513,0.017236,0.025601
1656,49650.0,REM,N3,0.726589,0.15252,0.085207,0.015858,0.019827
1657,49680.0,REM,N3,0.63682,0.194491,0.121673,0.020324,0.026692
1658,49710.0,REM,N3,0.583514,0.219311,0.150782,0.016823,0.02957
1659,49740.0,REM,N3,0.64173,0.184188,0.10552,0.024385,0.044177
1660,49770.0,REM,N1,0.609292,0.229524,0.12054,0.017694,0.02295
1661,49800.0,REM,N3,0.634058,0.215779,0.09616,0.022082,0.03192
1662,49830.0,REM,N3,0.617159,0.239686,0.091691,0.019229,0.032236
1663,49860.0,REM,N3,0.68372,0.177609,0.09337,0.021338,0.023963
1664,49890.0,REM,N3,0.571775,0.231486,0.142558,0.023413,0.030767
1665,49920.0,REM,N3,0.612214,0.257661,0.087125,0.018107,0.024892
1666,49950.0,REM,N3,0.58029,0.261844,0.118401,0.016531,0.022934
1667,49980.0,REM,N3,0.657121,0.221989,0.08367,0.016654,0.020567
1668,50010.0,REM,N3,0.839116,0.092611,0.045947,0.008693,0.013633
1669,50040.0,REM,N3,0.663122,0.170447,0.114812,0.02115,0.030469
1670,50070.0,REM,N3,0.63891,0.170898,0.140508,0.020452,0.029232
1671,50100.0,REM,N3,0.583914,0.238641,0.125909,0.025226,0.02631
1672,50130.0,REM,N3,0.722062,0.137988,0.097771,0.017057,0.025122
1673,50160.0,REM,N1,0.817278,0.075936,0.050455,0.016395,0.039936
1674,50190.0,W,N3,0.574089,0.25982,0.097795,0.022159,0.046137
1675,50220.0,N1,N3,0.676721,0.181018,0.080378,0.025662,0.03622
1676,50250.0,N1,N3,0.693082,0.191309,0.063112,0.022361,0.030136
1677,50280.0,N1,N3,0.664184,0.208524,0.083393,0.019797,0.024102
1678,50310.0,N1,N3,0.625057,0.242627,0.092953,0.015968,0.023395
1679,50340.0,N1,N3,0.595572,0.221121,0.129122,0.019214,0.034971
1680,50370.0,REM,N3,0.566231,0.276391,0.112049,0.019304,0.026023
1681,50400.0,REM,N3,0.74613,0.155136,0.067272,0.013144,0.018318
1682,50430.0,REM,N3,0.592185,0.262777,0.086267,0.025307,0.033464
1683,50460.0,REM,N3,0.62242,0.25978,0.074541,0.020216,0.023043
1684,50490.0,REM,N3,0.703651,0.193409,0.055734,0.0181,0.029106
1685,50520.0,REM,N3,0.694911,0.193469,0.061725,0.021126,0.028769
1686,50550.0,REM,N3,0.675538,0.224539,0.067712,0.014753,0.017458
1687,50580.0,REM,N3,0.538261,0.222528,0.176189,0.025833,0.03719
1688,50610.0,REM,N1,0.900037,0.049489,0.02255,0.00761,0.020315
1689,50640.0,W,N1,0.940628,0.022615,0.018505,0.004396,0.013856
1690,50670.0,W,N1,0.623204,0.178919,0.16323,0.012741,0.021905
1691,50700.0,W,N1,0.329891,0.379724,0.244757,0.01958,0.026049
1692,50730.0,W,N1,0.766885,0.094385,0.098142,0.014129,0.02646
1693,50760.0,W,N1,0.797828,0.103842,0.062869,0.009988,0.025473
1694,50790.0,W,N1,0.915246,0.030712,0.035803,0.005297,0.012942
1695,50820.0,W,N3,0.925741,0.044309,0.020858,0.002952,0.00614
1696,50850.0,W,N3,0.863492,0.080248,0.040686,0.005394,0.01018
1697,50880.0,W,N3,0.559686,0.239835,0.170373,0.013178,0.016927
1698,50910.0,W,N1,0.374359,0.267019,0.31167,0.021336,0.025616
1699,50940.0,W,N1,0.410907,0.350641,0.201484,0.016723,0.020245
1700,50970.0,W,N1,0.370578,0.266266,0.313759,0.018434,0.030962
1701,51000.0,W,N1,0.327821,0.335334,0.292257,0.021712,0.022876
1702,51030.0,W,N1,0.363186,0.35938,0.236448,0.019284,0.021702
1703,51060.0,W,REM,0.35523,0.390327,0.195717,0.024572,0.034153
1704,51090.0,W,N3,0.737864,0.087648,0.106472,0.016329,0.051687
1705,51120.0,W,N1,0.349171,0.321202,0.252271,0.026744,0.050612
1706,51150.0,N1,N1,0.449318,0.277513,0.177451,0.030953,0.064766
1707,51180.0,N1,N1,0.510076,0.253343,0.144256,0.027098,0.065227
1708,51210.0,N1,N3,0.783561,0.109903,0.062281,0.016019,0.028237
1709,51240.0,W,N1,0.932735,0.025132,0.021977,0.004473,0.015683
1710,51270.0,W,N1,0.726392,0.110802,0.114608,0.011885,0.036313
1711,51300.0,W,N3,0.754849,0.100421,0.083698,0.011774,0.049258
1712,51330.0,W,N3,0.895725,0.05005,0.028767,0.007312,0.018146
1713,51360.0,W,N3,0.912434,0.049563,0.021193,0.004646,0.012163
1714,51390.0,W,N3,0.797299,0.069092,0.085436,0.011832,0.036342
1715,51420.0,W,N1,0.923377,0.036158,0.022499,0.004311,0.013656
1716,51450.0,W,N1,0.837353,0.060084,0.079263,0.005957,0.017344
1717,51480.0,W,N3,0.908884,0.046231,0.032789,0.003923,0.008172
1718,51510.0,W,N1,0.521898,0.172177,0.258726,0.015318,0.031882
1719,51540.0,N1,N1,0.445618,0.260928,0.234642,0.025332,0.03348
1720,51570.0,W,N3,0.758101,0.114124,0.102797,0.010107,0.014871
1721,51600.0,W,N3,0.904646,0.064566,0.017281,0.004418,0.009088
1722,51630.0,W,N3,0.927342,0.052062,0.013201,0.002927,0.004467
1723,51660.0,W,N3,0.898806,0.039575,0.045904,0.004447,0.011268
1724,51690.0,W,N3,0.919247,0.045357,0.017858,0.004962,0.012576
1725,51720.0,W,N3,0.896524,0.050065,0.034854,0.005136,0.01342
1726,51750.0,W,N3,0.769933,0.100549,0.108565,0.007786,0.013167
1727,51780.0,W,N3,0.700651,0.106892,0.16137,0.009942,0.021145
1728,51810.0,W,N3,0.844859,0.079707,0.060101,0.005388,0.009945
1729,51840.0,W,N1,0.503472,0.13754,0.314534,0.016694,0.02776
1730,51870.0,W,N1,0.371231,0.289834,0.283219,0.020536,0.03518
1731,51900.0,W,N1,0.639114,0.140802,0.190727,0.010491,0.018866
1732,51930.0,W,N1,0.945763,0.023982,0.014512,0.00392,0.011822
1733,51960.0,W,N3,0.918185,0.053912,0.012664,0.003825,0.011413
1734,51990.0,W,N3,0.868356,0.082602,0.029624,0.006302,0.013115
1735,52020.0,W,N3,0.861447,0.094486,0.028071,0.005736,0.01026
1736,52050.0,W,N1,0.463827,0.237563,0.255498,0.016971,0.026141
1737,52080.0,W,N1,0.414666,0.311319,0.227996,0.017313,0.028706
1738,52110.0,N1,N1,0.46944,0.284603,0.190497,0.01998,0.03548
1739,52140.0,N1,N3,0.557863,0.25774,0.125458,0.020303,0.038635
1740,52170.0,N1,N3,0.707446,0.173244,0.070328,0.021171,0.027812
1741,52200.0,N1,N3,0.667195,0.111359,0.181041,0.013363,0.027042
1742,52230.0,N1,N3,0.726407,0.12796,0.106742,0.012572,0.026318
1743,52260.0,W,N1,0.823866,0.049835,0.094087,0.008272,0.02394
1744,52290.0,W,N1,0.378278,0.29277,0.289155,0.014608,0.025189
1745,52320.0,W,N1,0.338474,0.321911,0.300066,0.016347,0.023201
1746,52350.0,W,N1,0.340589,0.318858,0.299651,0.019385,0.021516
1747,52380.0,W,N3,0.523894,0.245584,0.19435,0.0162,0.019972
1748,52410.0,W,N1,0.453742,0.244752,0.2565,0.019139,0.025868
1749,52440.0,W,N3,0.849178,0.07011,0.064184,0.005412,0.011116
1750,52470.0,W,N3,0.745133,0.081493,0.145602,0.008244,0.019529
1751,52500.0,W,N1,0.714768,0.1146,0.134548,0.010374,0.025709
1752,52530.0,W,N1,0.405912,0.32941,0.177175,0.033229,0.054275
1753,52560.0,W,N1,0.90574,0.037854,0.038916,0.004733,0.012756
1754,52590.0,W,N1,0.584812,0.129503,0.245798,0.011995,0.027893
1755,52620.0,W,N3,0.558341,0.193215,0.197517,0.015541,0.035387
1756,52650.0,W,N3,0.654759,0.146033,0.154432,0.01404,0.030736
1757,52680.0,W,N3,0.899553,0.044252,0.030764,0.007171,0.018259
1758,52710.0,W,N3,0.855485,0.052887,0.04257,0.012381,0.036677
1759,52740.0,W,N1,0.929326,0.036998,0.015308,0.00449,0.013879
1760,52770.0,W,N1,0.900751,0.057117,0.019711,0.005838,0.016582
1761,52800.0,W,N1,0.819465,0.087753,0.048796,0.010408,0.033577
1762,52830.0,W,N3,0.849237,0.098181,0.021928,0.008778,0.021876
1763,52860.0,W,N3,0.878718,0.081489,0.017568,0.006007,0.016218
1764,52890.0,W,N3,0.861887,0.070186,0.025377,0.009406,0.033144
1765,52920.0,W,N1,0.88196,0.062288,0.026527,0.008577,0.020648
1766,52950.0,W,N3,0.80655,0.101364,0.048904,0.012006,0.031176
1767,52980.0,W,N1,0.897777,0.054663,0.019973,0.006888,0.020698
1768,53010.0,W,N3,0.905928,0.05629,0.018899,0.006562,0.012322
1769,53040.0,W,N3,0.893871,0.048694,0.027042,0.008466,0.021927
1770,53070.0,W,N3,0.786336,0.087744,0.098832,0.008811,0.018277
1771,53100.0,W,N3,0.818378,0.094388,0.039073,0.014119,0.034042
1772,53130.0,W,N3,0.695383,0.160769,0.112844,0.011919,0.019084
1773,53160.0,W,N3,0.809918,0.115466,0.045397,0.010308,0.01891
1774,53190.0,W,N3,0.83977,0.101662,0.034252,0.007609,0.016706
1775,53220.0,W,N3,0.840116,0.081495,0.03432,0.01301,0.03106
1776,53250.0,W,N3,0.923241,0.04763,0.01659,0.004299,0.008241
1777,53280.0,W,N3,0.880995,0.080929,0.023249,0.005175,0.009652
1778,53310.0,W,N3,0.909945,0.048196,0.021769,0.006022,0.014069
1779,53340.0,W,N3,0.904568,0.039386,0.026041,0.007138,0.022866
1780,53370.0,W,N3,0.798033,0.077045,0.043117,0.01969,0.062115
1781,53400.0,W,N3,0.866785,0.067222,0.022166,0.011223,0.032604
1782,53430.0,W,N3,0.771564,0.100298,0.042656,0.021647,0.063835
1783,53460.0,W,N3,0.739671,0.091237,0.047263,0.027423,0.094406
1784,53490.0,W,N3,0.872361,0.067403,0.020764,0.011264,0.028209
1785,53520.0,W,N3,0.87196,0.070963,0.019345,0.011628,0.026103
1786,53550.0,W,N3,0.78246,0.083259,0.042462,0.024311,0.067508
1787,53580.0,W,N1,0.813327,0.076531,0.037231,0.017026,0.055884
1788,53610.0,W,N1,0.751214,0.131296,0.038768,0.022225,0.056497
1789,53640.0,W,N3,0.839674,0.095375,0.027068,0.010071,0.027813
1790,53670.0,W,N3,0.804542,0.095699,0.032401,0.016431,0.050927
1791,53700.0,W,N3,0.816966,0.075613,0.032205,0.016029,0.059188
1792,53730.0,W,N3,0.853085,0.096262,0.01971,0.008513,0.02243
1793,53760.0,W,N1,0.839744,0.081144,0.027481,0.012348,0.039283
1794,53790.0,W,N1,0.83112,0.093094,0.02522,0.011567,0.038999
1795,53820.0,W,N3,0.897013,0.049822,0.018005,0.01003,0.025131
1796,53850.0,W,N3,0.895698,0.050048,0.020549,0.0091,0.024606
1797,53880.0,W,N3,0.805993,0.074903,0.03645,0.021782,0.060872
1798,53910.0,W,N3,0.899785,0.046267,0.019158,0.009548,0.025242
1799,53940.0,W,N3,0.860755,0.074739,0.023035,0.011347,0.030124
1800,53970.0,W,N3,0.786594,0.085145,0.037467,0.022763,0.068031
1801,54000.0,W,N3,0.749893,0.145882,0.031945,0.020008,0.052272
1802,54030.0,W,N3,0.807427,0.085188,0.031063,0.019993,0.056329
1803,54060.0,W,N3,0.785729,0.112405,0.035673,0.017276,0.048917
1804,54090.0,W,N3,0.795853,0.103204,0.035633,0.016899,0.048411
1805,54120.0,W,N3,0.835385,0.093588,0.026693,0.013212,0.031122
1806,54150.0,W,N3,0.827008,0.097605,0.028837,0.013412,0.033138
1807,54180.0,W,N1,0.803575,0.089443,0.035205,0.017467,0.05431
1808,54210.0,W,N1,0.852079,0.064619,0.028009,0.013773,0.04152
1809,54240.0,W,N1,0.77726,0.115968,0.041199,0.01757,0.048002
1810,54270.0,W,N1,0.761903,0.117295,0.049277,0.022301,0.049224
1811,54300.0,W,N1,0.836301,0.08386,0.031149,0.013657,0.035033
1812,54330.0,W,N3,0.882125,0.065503,0.019142,0.008139,0.025091
1813,54360.0,W,N3,0.846994,0.063959,0.029565,0.016233,0.043249
1814,54390.0,W,N3,0.811801,0.090627,0.035373,0.016411,0.045788
1815,54420.0,W,N3,0.805692,0.100331,0.03601,0.017037,0.04093
1816,54450.0,W,N3,0.842339,0.076694,0.02536,0.013122,0.042485
1817,54480.0,W,N3,0.839607,0.082619,0.027077,0.013442,0.037255
1818,54510.0,W,N1,0.829801,0.095166,0.028759,0.012997,0.033277
1819,54540.0,W,N1,0.807383,0.093818,0.033877,0.017642,0.047281
1820,54570.0,W,N1,0.691098,0.112146,0.054957,0.033683,0.108115
1821,54600.0,W,N3,0.763278,0.10628,0.035325,0.024731,0.070387
1822,54630.0,W,N1,0.834832,0.093018,0.029113,0.01251,0.030528
1823,54660.0,W,N3,0.785701,0.111539,0.032515,0.019158,0.051088
1824,54690.0,W,N3,0.871963,0.06174,0.019962,0.011398,0.034938
1825,54720.0,W,N1,0.845067,0.071521,0.029011,0.012657,0.041745
1826,54750.0,W,N3,0.832419,0.085908,0.027726,0.013509,0.040439
1827,54780.0,W,N3,0.873816,0.06175,0.024566,0.011101,0.028768
1828,54810.0,W,N3,0.822241,0.091441,0.031574,0.013549,0.041196
1829,54840.0,W,N1,0.841744,0.068202,0.022183,0.014032,0.053838
1830,54870.0,W,N3,0.884578,0.055308,0.018594,0.009661,0.031859
1831,54900.0,W,N3,0.863928,0.089091,0.018427,0.00868,0.019874
1832,54930.0,W,N3,0.883375,0.064532,0.019868,0.009068,0.023158
1833,54960.0,W,N3,0.922595,0.042072,0.013202,0.006641,0.015489
1834,54990.0,W,N3,0.796491,0.121948,0.031162,0.015089,0.03531
1835,55020.0,W,N3,0.876612,0.066754,0.019713,0.010541,0.026381
1836,55050.0,W,N3,0.880096,0.067825,0.020642,0.008416,0.02302
1837,55080.0,W,N3,0.818469,0.090842,0.031547,0.015442,0.043701
1838,55110.0,W,N3,0.811148,0.090695,0.032745,0.016824,0.048587
1839,55140.0,W,N3,0.885092,0.061713,0.019382,0.009193,0.024619
1840,55170.0,W,N3,0.832155,0.095264,0.02322,0.014212,0.035148
1841,55200.0,W,N3,0.808267,0.081276,0.036576,0.019303,0.054578
1842,55230.0,W,N3,0.901854,0.066496,0.013372,0.005224,0.013053
1843,55260.0,W,N3,0.870402,0.075614,0.01934,0.009598,0.025047
1844,55290.0,W,N3,0.874478,0.058239,0.023815,0.011873,0.031596
1845,55320.0,W,N3,0.882385,0.065865,0.019357,0.008143,0.02425
1846,55350.0,W,N3,0.754986,0.138526,0.038671,0.017161,0.050657
1847,55380.0,W,N3,0.902691,0.053302,0.015898,0.007676,0.020433
1848,55410.0,W,N3,0.834232,0.100071,0.027279,0.010722,0.027696
1849,55440.0,W,N3,0.865365,0.070802,0.022592,0.010595,0.030646
1850,55470.0,W,N1,0.838679,0.07442,0.031839,0.01614,0.038921
1851,55500.0,W,N3,0.856061,0.072955,0.024737,0.012252,0.033995
1852,55530.0,W,N3,0.787031,0.085897,0.036839,0.023855,0.066377
1853,55560.0,W,N3,0.827908,0.093005,0.032964,0.01272,0.033402
1854,55590.0,W,N3,0.869212,0.070376,0.025038,0.011872,0.023502
1855,55620.0,W,N3,0.797739,0.093305,0.043622,0.020263,0.04507
1856,55650.0,W,N1,0.754812,0.11784,0.039486,0.022624,0.065239
1857,55680.0,W,N3,0.871964,0.06492,0.024317,0.009789,0.029011
1858,55710.0,W,N3,0.845524,0.078858,0.025986,0.011226,0.038406
1859,55740.0,W,N3,0.86102,0.066257,0.026648,0.012965,0.033109
1860,55770.0,W,N3,0.854846,0.097207,0.018257,0.007483,0.022207
1861,55800.0,W,N3,0.889635,0.055168,0.017852,0.009182,0.028162
1862,55830.0,W,N3,0.830878,0.076975,0.026989,0.020733,0.044424
1863,55860.0,W,N3,0.870711,0.075963,0.022781,0.010295,0.02025
1864,55890.0,W,N3,0.884835,0.063637,0.019013,0.008743,0.023772
1865,55920.0,W,N1,0.840846,0.085073,0.026408,0.012309,0.035364
1866,55950.0,W,N3,0.885051,0.06152,0.020309,0.009353,0.023768
1867,55980.0,W,N3,0.851456,0.078654,0.02249,0.011226,0.036175
1868,56010.0,W,N3,0.882752,0.065116,0.018684,0.009136,0.024312
1869,56040.0,W,N3,0.897009,0.041972,0.021502,0.010358,0.029158
1870,56070.0,W,N1,0.88102,0.060306,0.022194,0.010112,0.026369
1871,56100.0,W,N3,0.865474,0.064633,0.024685,0.012045,0.033162
1872,56130.0,W,N3,0.880176,0.063468,0.02091,0.01002,0.025427
1873,56160.0,W,N1,0.825386,0.077986,0.028633,0.016804,0.05119
1874,56190.0,W,N1,0.840961,0.078154,0.023318,0.014833,0.042734
1875,56220.0,W,N1,0.75085,0.111109,0.040722,0.024499,0.07282
1876,56250.0,W,N3,0.878431,0.064216,0.02248,0.010216,0.024657
1877,56280.0,W,N3,0.812776,0.084884,0.034849,0.017292,0.0502
1878,56310.0,W,N3,0.877615,0.071744,0.017354,0.009029,0.024258
1879,56340.0,W,N1,0.812055,0.082946,0.031966,0.018957,0.054075
1880,56370.0,W,N3,0.884036,0.055844,0.023046,0.010404,0.026671
1881,56400.0,W,N3,0.822193,0.08405,0.029078,0.016576,0.048102
1882,56430.0,W,N3,0.844435,0.07373,0.029373,0.014195,0.038267
1883,56460.0,W,N3,0.841045,0.065348,0.030913,0.014975,0.047719
1884,56490.0,W,N1,0.832417,0.077204,0.034782,0.015842,0.039755
1885,56520.0,W,N3,0.868862,0.061113,0.020985,0.010486,0.038554
1886,56550.0,W,N3,0.824226,0.082659,0.031386,0.015582,0.046146
1887,56580.0,W,N3,0.842472,0.074455,0.029583,0.012846,0.040644
1888,56610.0,W,N3,0.833151,0.082793,0.029191,0.013525,0.04134
1889,56640.0,W,N3,0.867567,0.069522,0.024161,0.009671,0.029079
1890,56670.0,W,N3,0.750439,0.151595,0.038559,0.016756,0.042651
1891,56700.0,W,N3,0.854181,0.073966,0.025752,0.011757,0.034343
1892,56730.0,W,N3,0.89976,0.051474,0.01648,0.008887,0.023399
1893,56760.0,W,N3,0.877236,0.068679,0.021025,0.008634,0.024426
1894,56790.0,W,N3,0.839052,0.066464,0.031029,0.01406,0.049395
1895,56820.0,W,N1,0.809893,0.105881,0.027415,0.014628,0.042183
1896,56850.0,W,N3,0.82876,0.069144,0.031758,0.019901,0.050437
1897,56880.0,W,N3,0.806948,0.09181,0.036252,0.018829,0.04616
1898,56910.0,W,N1,0.840226,0.073925,0.028353,0.015179,0.042317
1899,56940.0,W,N3,0.820791,0.091216,0.030792,0.013743,0.043458
1900,56970.0,W,N3,0.840518,0.091258,0.025434,0.012733,0.030056
1901,57000.0,W,N3,0.905738,0.058705,0.014262,0.006466,0.014829
1902,57030.0,W,N3,0.870457,0.075373,0.023411,0.010042,0.020717
1903,57060.0,W,N3,0.918816,0.043449,0.015325,0.006677,0.015733
1904,57090.0,W,N3,0.846553,0.082275,0.025645,0.013351,0.032176
1905,57120.0,W,N3,0.86146,0.077607,0.02329,0.010587,0.027057
1906,57150.0,W,N3,0.876115,0.058131,0.021254,0.011248,0.033252
1907,57180.0,W,N3,0.866653,0.050799,0.025257,0.013346,0.043946
1908,57210.0,W,N3,0.857767,0.064855,0.024221,0.013471,0.039686
1909,57240.0,W,N3,0.831822,0.077597,0.028254,0.016254,0.046073
1910,57270.0,W,N3,0.861933,0.065788,0.023529,0.01372,0.03503
1911,57300.0,W,N3,0.841361,0.085499,0.028406,0.012219,0.032515
1912,57330.0,W,N3,0.886986,0.067155,0.017446,0.008673,0.019741
1913,57360.0,W,N3,0.885622,0.068733,0.018243,0.008274,0.019127
1914,57390.0,W,N1,0.747521,0.09629,0.049185,0.027031,0.079972
1915,57420.0,W,N3,0.83817,0.083979,0.028374,0.012902,0.036574
1916,57450.0,W,N3,0.840187,0.086134,0.025353,0.012061,0.036265
1917,57480.0,W,N1,0.82793,0.086379,0.032474,0.016162,0.037055
1918,57510.0,W,N3,0.824979,0.085842,0.034193,0.016357,0.038629
1919,57540.0,W,N3,0.863528,0.072395,0.025331,0.010672,0.028075
1920,57570.0,W,N3,0.839483,0.083049,0.027363,0.014485,0.03562
1921,57600.0,W,N3,0.845754,0.076663,0.028172,0.012443,0.036968
1922,57630.0,W,N3,0.859984,0.069835,0.026514,0.012523,0.031144
1923,57660.0,W,N3,0.849665,0.073651,0.025062,0.013249,0.038372
1924,57690.0,W,N3,0.836919,0.074675,0.033211,0.013382,0.041813
1925,57720.0,W,N3,0.745014,0.123092,0.042696,0.023028,0.06617
1926,57750.0,W,N3,0.851067,0.061087,0.028302,0.015127,0.044416
1927,57780.0,W,N3,0.774887,0.114815,0.036633,0.020513,0.053152
1928,57810.0,W,N3,0.879339,0.061855,0.019741,0.009314,0.029752
1929,57840.0,W,N3,0.869104,0.065656,0.023658,0.011086,0.030496
1930,57870.0,W,N3,0.809134,0.094978,0.02959,0.013829,0.052469
1931,57900.0,W,N1,0.833114,0.071815,0.028221,0.015106,0.051744
1932,57930.0,W,N3,0.888257,0.056241,0.019346,0.010431,0.025726
1933,57960.0,W,N3,0.807631,0.084581,0.037409,0.018497,0.051881
1934,57990.0,W,N3,0.823927,0.087555,0.029668,0.014516,0.044333
1935,58020.0,W,N3,0.785687,0.097903,0.036191,0.02177,0.058449
1936,58050.0,W,N3,0.867092,0.069452,0.023042,0.01174,0.028674
1937,58080.0,W,N3,0.776407,0.083649,0.041695,0.022668,0.07558
1938,58110.0,W,N3,0.84629,0.064886,0.028974,0.015104,0.044747
1939,58140.0,W,N3,0.80764,0.090844,0.030718,0.017714,0.053084
1940,58170.0,W,N3,0.833335,0.090729,0.0242,0.013704,0.038033
1941,58200.0,W,N3,0.877529,0.065222,0.023999,0.009555,0.023695
1942,58230.0,W,N3,0.836832,0.072412,0.032664,0.015303,0.042788
1943,58260.0,W,N3,0.847319,0.085165,0.022285,0.010561,0.034669
1944,58290.0,W,N3,0.851132,0.068386,0.028344,0.014341,0.037797
1945,58320.0,W,N3,0.783517,0.105681,0.038975,0.018977,0.052849
1946,58350.0,W,N3,0.827222,0.086131,0.02766,0.015367,0.04362
1947,58380.0,W,N3,0.800295,0.094308,0.033689,0.018008,0.053699
1948,58410.0,W,N3,0.86231,0.065817,0.022703,0.011792,0.037377
1949,58440.0,W,N3,0.789839,0.099884,0.034696,0.020088,0.055494
1950,58470.0,W,N3,0.875455,0.06354,0.020791,0.010898,0.029316
1951,58500.0,W,N3,0.857552,0.060875,0.024591,0.013909,0.043072
1952,58530.0,W,N3,0.834011,0.050233,0.033034,0.019525,0.063196
1953,58560.0,W,N3,0.858196,0.0597,0.026671,0.015661,0.039772
1954,58590.0,W,N3,0.857749,0.073403,0.024389,0.010778,0.033681
1955,58620.0,W,N3,0.841456,0.084207,0.027973,0.013265,0.0331
1956,58650.0,W,N3,0.83131,0.077327,0.034003,0.016145,0.041215
1957,58680.0,W,N3,0.825005,0.094488,0.029134,0.014092,0.03728
1958,58710.0,W,N3,0.815715,0.092327,0.0261,0.016853,0.049005
1959,58740.0,W,N3,0.758889,0.118787,0.041449,0.019527,0.061348
1960,58770.0,W,N3,0.86795,0.052934,0.026215,0.013931,0.03897
1961,58800.0,W,N3,0.839308,0.086693,0.026307,0.012804,0.034889
1962,58830.0,W,N3,0.825283,0.098084,0.027133,0.013286,0.036214
1963,58860.0,W,N3,0.845218,0.083319,0.026554,0.013015,0.031894
1964,58890.0,W,N3,0.833623,0.089246,0.02309,0.012331,0.04171
1965,58920.0,W,N3,0.817437,0.089307,0.028077,0.015156,0.050023
1966,58950.0,W,N3,0.791917,0.089134,0.038039,0.019655,0.061255
1967,58980.0,W,N3,0.679281,0.121996,0.06076,0.032298,0.105665
1968,59010.0,W,N3,0.824639,0.07662,0.02956,0.016156,0.053026
1969,59040.0,W,N3,0.799996,0.070703,0.033916,0.022079,0.073307
1970,59070.0,W,N3,0.829472,0.07501,0.028818,0.016273,0.050428
1971,59100.0,W,N1,0.582334,0.151339,0.075585,0.042076,0.148667
1972,59130.0,W,N3,0.772424,0.085705,0.039797,0.024989,0.077085
1973,59160.0,W,N3,0.804818,0.092019,0.028218,0.017232,0.057713
1974,59190.0,W,N3,0.76058,0.098874,0.042612,0.027531,0.070404
1975,59220.0,W,N3,0.766462,0.116331,0.04739,0.021044,0.048773
1976,59250.0,W,N3,0.850747,0.082172,0.022439,0.013103,0.031539
1977,59280.0,W,N3,0.666442,0.138811,0.059722,0.035097,0.099928
1978,59310.0,W,N3,0.711156,0.113004,0.059584,0.030236,0.086021
1979,59340.0,W,N1,0.781139,0.099002,0.040949,0.020816,0.058094
1980,59370.0,W,N3,0.842358,0.068593,0.028305,0.01579,0.044954
1981,59400.0,W,N3,0.814181,0.091187,0.031438,0.01758,0.045614
1982,59430.0,W,N3,0.756854,0.087971,0.048841,0.025885,0.080449
1983,59460.0,W,N1,0.772947,0.091776,0.044331,0.023012,0.067934
1984,59490.0,W,N3,0.863104,0.060072,0.025403,0.013654,0.037766
1985,59520.0,W,N1,0.774689,0.098655,0.039165,0.022213,0.065277
1986,59550.0,W,N3,0.822822,0.087736,0.029374,0.015552,0.044516
1987,59580.0,W,N1,0.818038,0.082033,0.030818,0.0156,0.053511
1988,59610.0,W,N3,0.754485,0.115026,0.035945,0.021295,0.073249
1989,59640.0,W,N3,0.756327,0.1102,0.039823,0.021034,0.072617
1990,59670.0,W,N3,0.785575,0.0873,0.035809,0.021983,0.069333
1991,59700.0,W,N3,0.686191,0.118711,0.06132,0.032231,0.101547
1992,59730.0,W,N1,0.799793,0.084332,0.034642,0.019205,0.062027
1993,59760.0,W,N3,0.850741,0.074573,0.025372,0.014464,0.034849
1994,59790.0,W,N3,0.835575,0.088437,0.027098,0.013285,0.035605
1995,59820.0,W,N3,0.798739,0.073077,0.037202,0.020554,0.070428
1996,59850.0,W,N3,0.866671,0.069081,0.021411,0.011756,0.031081
1997,59880.0,W,N1,0.77761,0.113881,0.031967,0.018047,0.058495
1998,59910.0,W,N3,0.856301,0.06855,0.025658,0.014342,0.035148
1999,59940.0,W,N3,0.806024,0.095893,0.035282,0.016276,0.046524
2000,59970.0,W,N3,0.777545,0.095343,0.038648,0.021277,0.067186
2001,60000.0,W,N3,0.80999,0.081464,0.03465,0.019174,0.054721
2002,60030.0,W,N3,0.876066,0.063103,0.020543,0.010101,0.030188
2003,60060.0,W,N1,0.832383,0.079095,0.027255,0.015723,0.045543
2004,60090.0,W,N1,0.765352,0.124954,0.036278,0.019359,0.054056
2005,60120.0,W,N3,0.832065,0.077463,0.029793,0.016486,0.044193
2006,60150.0,W,N3,0.834034,0.065191,0.031125,0.017479,0.052171
2007,60180.0,W,N3,0.79291,0.091245,0.036256,0.01833,0.061259
2008,60210.0,W,N1,0.764883,0.09596,0.039987,0.026042,0.073128
2009,60240.0,W,N1,0.733505,0.108425,0.046136,0.027285,0.08465
2010,60270.0,W,N1,0.702183,0.121965,0.047559,0.030929,0.097363
2011,60300.0,W,N1,0.731495,0.120366,0.046543,0.025196,0.0764
2012,60330.0,W,N3,0.809868,0.083909,0.031542,0.016786,0.057894
2013,60360.0,W,N1,0.785311,0.098866,0.034891,0.020493,0.060439
2014,60390.0,W,N3,0.836265,0.067594,0.02896,0.016209,0.050973
2015,60420.0,W,N3,0.787956,0.092469,0.038961,0.020996,0.059619
2016,60450.0,W,N3,0.802267,0.109948,0.028671,0.015082,0.044032
2017,60480.0,W,N3,0.781013,0.118554,0.032432,0.018784,0.049217
2018,60510.0,W,N1,0.775085,0.077339,0.04394,0.024725,0.078912
2019,60540.0,W,N3,0.800157,0.081393,0.034665,0.020377,0.063409
2020,60570.0,W,N3,0.758357,0.101489,0.043663,0.023066,0.073426
2021,60600.0,W,N3,0.799009,0.079883,0.039636,0.021388,0.060085
2022,60630.0,W,N3,0.762526,0.103286,0.040605,0.022247,0.071336
2023,60660.0,W,N3,0.836185,0.073363,0.032257,0.014536,0.043659
2024,60690.0,W,N3,0.835239,0.068317,0.034239,0.01582,0.046386
2025,60720.0,W,N1,0.774027,0.108533,0.040299,0.022526,0.054615
2026,60750.0,W,N3,0.793029,0.0868,0.033203,0.02031,0.066659
2027,60780.0,W,N3,0.80217,0.092713,0.036534,0.017584,0.050999
2028,60810.0,W,N3,0.781622,0.102387,0.043305,0.018428,0.054258
2029,60840.0,W,N1,0.762308,0.078429,0.044243,0.02891,0.08611
2030,60870.0,W,N3,0.734085,0.098893,0.043909,0.031899,0.091213
2031,60900.0,W,N1,0.800634,0.084223,0.035973,0.019504,0.059667
2032,60930.0,W,N3,0.796987,0.100069,0.034783,0.019226,0.048936
2033,60960.0,W,N3,0.80427,0.112167,0.030334,0.015011,0.038218
2034,60990.0,W,N3,0.760436,0.112438,0.038051,0.022658,0.066417
2035,61020.0,W,N1,0.800758,0.120958,0.028245,0.012425,0.037615
2036,61050.0,W,N3,0.808989,0.086606,0.032682,0.019683,0.052039
2037,61080.0,W,N3,0.854953,0.075643,0.024179,0.012541,0.032684
2038,61110.0,W,N3,0.817299,0.097492,0.028549,0.016139,0.040522
2039,61140.0,W,N3,0.860176,0.075387,0.021526,0.011371,0.03154
2040,61170.0,W,N3,0.823045,0.071109,0.035803,0.018201,0.051841
2041,61200.0,W,N3,0.840214,0.079055,0.026944,0.013588,0.040198
2042,61230.0,W,N3,0.821211,0.094163,0.026407,0.016552,0.041668
2043,61260.0,W,N3,0.846123,0.082047,0.02582,0.013651,0.032358
2044,61290.0,W,N3,0.818293,0.12884,0.025149,0.008434,0.019284
2045,61320.0,W,N3,0.84285,0.084664,0.025391,0.013271,0.033824
2046,61350.0,W,N3,0.862898,0.075732,0.020516,0.010418,0.030436
2047,61380.0,W,N3,0.868943,0.075545,0.021373,0.010112,0.024027
2048,61410.0,W,N1,0.747305,0.113039,0.045253,0.025855,0.068549
2049,61440.0,W,N3,0.789691,0.103687,0.03498,0.019649,0.051993
2050,61470.0,W,N3,0.805166,0.085703,0.037351,0.017306,0.054475
2051,61500.0,W,N3,0.753116,0.115016,0.039573,0.021652,0.070643
2052,61530.0,W,N3,0.799039,0.088751,0.033455,0.020139,0.058616
2053,61560.0,W,N3,0.824762,0.08299,0.03042,0.016331,0.045496
2054,61590.0,W,N3,0.765491,0.107711,0.040994,0.022337,0.063467
2055,61620.0,W,N3,0.800832,0.088535,0.030865,0.020901,0.058866
2056,61650.0,W,N1,0.726645,0.137187,0.044667,0.022767,0.068734
2057,61680.0,W,N3,0.815563,0.105827,0.027806,0.013926,0.036878
2058,61710.0,W,N1,0.835771,0.074876,0.030023,0.015915,0.043415
2059,61740.0,W,N3,0.785452,0.119655,0.0348,0.017736,0.042357
2060,61770.0,W,N3,0.792829,0.09878,0.035587,0.020674,0.05213
2061,61800.0,W,N3,0.807777,0.102723,0.030058,0.016458,0.042984
2062,61830.0,W,N3,0.83011,0.097685,0.027577,0.014277,0.03035
2063,61860.0,W,N3,0.834594,0.091901,0.026843,0.012554,0.034106
2064,61890.0,W,N3,0.819901,0.098443,0.030901,0.014858,0.035897
2065,61920.0,W,N3,0.737369,0.120224,0.042345,0.025149,0.074913
2066,61950.0,W,N3,0.741643,0.115074,0.045516,0.022457,0.075309
2067,61980.0,W,N3,0.687607,0.138571,0.053811,0.032522,0.087489
2068,62010.0,W,N3,0.740224,0.125415,0.046545,0.024384,0.063433
2069,62040.0,W,N3,0.744414,0.124831,0.050737,0.022236,0.057782
2070,62070.0,W,N3,0.866175,0.065674,0.025254,0.011444,0.031454
2071,62100.0,W,N3,0.828347,0.071921,0.031276,0.017394,0.051062
2072,62130.0,W,N3,0.791929,0.104977,0.034424,0.017471,0.051198
2073,62160.0,W,N3,0.863302,0.075906,0.022799,0.0106,0.027394
2074,62190.0,W,N3,0.807882,0.099133,0.032903,0.015723,0.044359
2075,62220.0,W,N3,0.749625,0.117897,0.03603,0.02166,0.074788
2076,62250.0,W,N3,0.671096,0.129752,0.054905,0.037488,0.106758
2077,62280.0,W,N3,0.821008,0.081923,0.032048,0.015437,0.049583
2078,62310.0,W,N1,0.794414,0.098336,0.039327,0.01776,0.050163
2079,62340.0,W,N3,0.793156,0.096083,0.038579,0.019608,0.052574
2080,62370.0,W,N3,0.775233,0.106251,0.039055,0.020033,0.059427
2081,62400.0,W,N3,0.738285,0.119394,0.043064,0.023603,0.075653
2082,62430.0,W,N3,0.861251,0.068605,0.023869,0.011977,0.034298
2083,62460.0,W,N3,0.762992,0.112647,0.041876,0.021772,0.060713
2084,62490.0,W,N3,0.758438,0.120308,0.039009,0.020669,0.061577
2085,62520.0,W,N1,0.648515,0.118853,0.060991,0.040409,0.131231
2086,62550.0,W,N3,0.700622,0.149442,0.046151,0.024363,0.079423
2087,62580.0,W,N3,0.753894,0.104469,0.043515,0.023507,0.074615
2088,62610.0,W,N3,0.704644,0.135964,0.058891,0.02857,0.07193
2089,62640.0,W,N3,0.850968,0.079371,0.024828,0.011928,0.032905
2090,62670.0,W,N3,0.766958,0.109297,0.041051,0.022892,0.059803
2091,62700.0,W,N1,0.753795,0.102795,0.053215,0.024895,0.065299
2092,62730.0,W,N3,0.753069,0.106299,0.045727,0.022337,0.072568
2093,62760.0,W,N3,0.774591,0.142395,0.034044,0.01459,0.03438
2094,62790.0,W,N3,0.818811,0.077991,0.034894,0.016645,0.05166
2095,62820.0,W,N3,0.875983,0.058319,0.020569,0.011352,0.033776
2096,62850.0,W,N3,0.821175,0.077341,0.034591,0.017834,0.049059
2097,62880.0,W,N1,0.804098,0.09332,0.031604,0.017955,0.053022
2098,62910.0,W,N3,0.800036,0.09781,0.037067,0.018516,0.046572
2099,62940.0,W,N3,0.747219,0.109402,0.053712,0.025122,0.064546
2100,62970.0,W,N3,0.713002,0.162601,0.046089,0.022206,0.056102
2101,63000.0,W,N3,0.813843,0.095895,0.031897,0.017861,0.040504
2102,63030.0,W,N3,0.795789,0.107009,0.033887,0.018927,0.044387
2103,63060.0,W,N3,0.787728,0.107554,0.030303,0.016164,0.058251
2104,63090.0,W,N3,0.78305,0.105632,0.037738,0.019339,0.054241
2105,63120.0,W,N3,0.866625,0.060403,0.023058,0.014037,0.035876
2106,63150.0,W,N3,0.804109,0.100447,0.029452,0.016202,0.049789
2107,63180.0,W,N3,0.795243,0.091909,0.033329,0.019307,0.060212
2108,63210.0,W,N3,0.692677,0.110767,0.05733,0.034548,0.104678
2109,63240.0,W,N3,0.650609,0.167332,0.063544,0.032078,0.086438
2110,63270.0,W,N3,0.884816,0.058933,0.020571,0.009348,0.026333
2111,63300.0,W,N3,0.819284,0.080531,0.030001,0.017197,0.052987
2112,63330.0,W,N3,0.743448,0.123693,0.044426,0.021385,0.067047
2113,63360.0,W,N3,0.75904,0.13655,0.034912,0.019292,0.050206
2114,63390.0,W,N3,0.82685,0.082211,0.031028,0.016142,0.04377
2115,63420.0,W,N3,0.808626,0.086761,0.02767,0.019002,0.057941
2116,63450.0,W,N3,0.807668,0.092247,0.030605,0.019519,0.049961
2117,63480.0,W,N1,0.788421,0.086207,0.04175,0.020338,0.063285
2118,63510.0,W,N1,0.766072,0.104618,0.04278,0.022329,0.064201
2119,63540.0,W,N3,0.82054,0.075788,0.035164,0.016761,0.051748
2120,63570.0,W,N3,0.80528,0.108723,0.031739,0.014852,0.039406
2121,63600.0,W,N3,0.817739,0.099854,0.026788,0.014782,0.040836
2122,63630.0,W,N3,0.772404,0.114416,0.036776,0.022843,0.053562
2123,63660.0,W,N3,0.840367,0.088087,0.024107,0.012221,0.035218
2124,63690.0,W,N3,0.789385,0.098616,0.036385,0.020814,0.054799
2125,63720.0,W,N3,0.857195,0.068929,0.024171,0.013824,0.035881
2126,63750.0,W,N3,0.779923,0.107273,0.04082,0.018636,0.053348
2127,63780.0,W,N3,0.819697,0.098447,0.027713,0.014038,0.040105
2128,63810.0,W,N3,0.848191,0.07521,0.026573,0.014406,0.03562
2129,63840.0,W,N3,0.822739,0.084845,0.027768,0.017437,0.047212
2130,63870.0,W,N3,0.82235,0.087503,0.028874,0.017979,0.043293
2131,63900.0,W,N3,0.840378,0.073358,0.026999,0.015403,0.043862
2132,63930.0,W,N3,0.796183,0.110948,0.028069,0.020493,0.044307
2133,63960.0,W,N3,0.803273,0.091591,0.034455,0.019501,0.05118
2134,63990.0,W,N3,0.794853,0.095402,0.034758,0.019289,0.055698
2135,64020.0,W,N3,0.718268,0.136037,0.052487,0.026125,0.067083
2136,64050.0,W,N3,0.806941,0.106045,0.033248,0.014276,0.03949
2137,64080.0,W,N3,0.744716,0.136373,0.043617,0.020402,0.054892
2138,64110.0,W,N3,0.860066,0.07804,0.020672,0.010502,0.03072
2139,64140.0,W,N3,0.82266,0.09952,0.027182,0.013919,0.036719
2140,64170.0,W,N3,0.786854,0.115926,0.034197,0.018229,0.044794
2141,64200.0,W,N3,0.83979,0.076269,0.028177,0.015692,0.040073
2142,64230.0,W,N3,0.876857,0.063891,0.0221,0.010871,0.026282
2143,64260.0,W,N3,0.842925,0.073635,0.029714,0.015461,0.038265
2144,64290.0,W,N3,0.852674,0.06842,0.027219,0.014283,0.037404
2145,64320.0,W,N3,0.803066,0.1058,0.03213,0.017561,0.041444
2146,64350.0,W,N3,0.888531,0.051044,0.023681,0.009517,0.027227
2147,64380.0,W,N3,0.809876,0.090494,0.03304,0.016966,0.049624
2148,64410.0,W,N3,0.828859,0.079541,0.030649,0.017197,0.043754
2149,64440.0,W,N3,0.830673,0.084712,0.025509,0.01531,0.043796
2150,64470.0,W,N3,0.837537,0.07642,0.032486,0.01418,0.039377
2151,64500.0,W,N3,0.809973,0.086223,0.031245,0.018356,0.054203
2152,64530.0,W,N3,0.805894,0.094297,0.033094,0.017675,0.049039
2153,64560.0,W,N3,0.798367,0.105627,0.031627,0.017744,0.046635
2154,64590.0,W,N3,0.823298,0.097937,0.025992,0.015079,0.037693
2155,64620.0,W,N3,0.810909,0.112295,0.0293,0.015163,0.032334
2156,64650.0,W,N3,0.795916,0.0857,0.03678,0.020211,0.061392
2157,64680.0,W,N3,0.803161,0.084761,0.03466,0.018914,0.058504
2158,64710.0,W,N3,0.868388,0.054642,0.024709,0.013309,0.038953
2159,64740.0,W,N1,0.718458,0.11964,0.061053,0.025465,0.075385
2160,64770.0,W,N3,0.862145,0.068181,0.041852,0.008418,0.019403
2161,64800.0,W,N3,0.891679,0.052039,0.024013,0.008981,0.023288
2162,64830.0,W,N3,0.869459,0.050755,0.052149,0.008184,0.019453
2163,64860.0,W,N3,0.822186,0.070285,0.076363,0.009802,0.021364
2164,64890.0,W,N1,0.753011,0.062657,0.138688,0.011862,0.033782
2165,64920.0,W,N3,0.796379,0.09195,0.041707,0.019684,0.050279
2166,64950.0,W,N3,0.737116,0.103522,0.049992,0.030606,0.078764
2167,64980.0,W,N3,0.755073,0.097249,0.038316,0.028063,0.081299
2168,65010.0,W,N3,0.872778,0.061391,0.024329,0.010438,0.031065
2169,65040.0,W,N1,0.760574,0.09502,0.042818,0.026177,0.075411
2170,65070.0,W,N3,0.784133,0.083774,0.051946,0.020422,0.059725
2171,65100.0,W,N3,0.699526,0.135522,0.068884,0.026988,0.069079
2172,65130.0,W,N3,0.835531,0.081774,0.02588,0.014347,0.042468
2173,65160.0,W,N3,0.744511,0.112119,0.077591,0.01878,0.047
2174,65190.0,W,N3,0.842094,0.090863,0.022294,0.010944,0.033806
2175,65220.0,W,N3,0.816582,0.100129,0.027694,0.016597,0.038999
2176,65250.0,W,N3,0.84729,0.081936,0.025537,0.013685,0.031552
2177,65280.0,W,N3,0.783752,0.098661,0.036552,0.019494,0.061541
2178,65310.0,W,N3,0.780174,0.111857,0.041356,0.017894,0.048719
2179,65340.0,W,N3,0.758396,0.12306,0.04223,0.022549,0.053765
2180,65370.0,W,N3,0.813728,0.093948,0.032041,0.017276,0.043007
2181,65400.0,W,N3,0.773472,0.101639,0.042885,0.02219,0.059814
2182,65430.0,W,N3,0.794344,0.07017,0.041694,0.021981,0.071811
2183,65460.0,W,N3,0.82248,0.080333,0.028239,0.016697,0.052251
2184,65490.0,W,N3,0.803983,0.096459,0.033953,0.018638,0.046968
2185,65520.0,W,N3,0.745356,0.104512,0.045388,0.02592,0.078824
2186,65550.0,W,N3,0.727414,0.13554,0.041771,0.024745,0.070531
2187,65580.0,W,N3,0.814271,0.088011,0.033996,0.01633,0.047391
2188,65610.0,W,N3,0.806051,0.10097,0.030765,0.016762,0.045452
2189,65640.0,W,N3,0.825032,0.077511,0.031126,0.017355,0.048977
2190,65670.0,W,N3,0.788382,0.088902,0.041473,0.021423,0.059819
2191,65700.0,W,N3,0.74094,0.129129,0.041339,0.021138,0.067454
2192,65730.0,W,N3,0.793593,0.084469,0.038187,0.022899,0.060852
2193,65760.0,W,N3,0.766302,0.115743,0.040819,0.021557,0.055579
2194,65790.0,W,N3,0.838162,0.067867,0.029843,0.015998,0.048131
2195,65820.0,W,N3,0.794155,0.087881,0.036392,0.022807,0.058765
2196,65850.0,W,N3,0.811918,0.08484,0.034966,0.017187,0.051088
2197,65880.0,W,N3,0.820675,0.086986,0.030054,0.015401,0.046885
2198,65910.0,W,N3,0.802423,0.116819,0.030435,0.013511,0.036813
2199,65940.0,W,N1,0.762661,0.121358,0.038628,0.022237,0.055116
2200,65970.0,W,N1,0.832494,0.07892,0.030591,0.01654,0.041455
2201,66000.0,W,N3,0.85534,0.070054,0.023528,0.013316,0.037763
2202,66030.0,W,N3,0.829509,0.080926,0.034356,0.015357,0.039852
2203,66060.0,W,N3,0.820727,0.084198,0.03608,0.018612,0.040383
2204,66090.0,W,N3,0.817559,0.09793,0.031718,0.015405,0.037388
2205,66120.0,W,N3,0.846164,0.069724,0.0314,0.015747,0.036965
2206,66150.0,W,N3,0.861789,0.06984,0.024269,0.012493,0.03161
2207,66180.0,W,N3,0.831282,0.073752,0.031817,0.018944,0.044204
2208,66210.0,W,N3,0.776091,0.090118,0.037981,0.025002,0.070808
2209,66240.0,W,N3,0.81556,0.087707,0.030924,0.016923,0.048885
2210,66270.0,W,N3,0.732974,0.106148,0.054307,0.02437,0.082201
2211,66300.0,W,N3,0.845118,0.078199,0.029277,0.014006,0.0334
2212,66330.0,W,N3,0.770607,0.096501,0.03977,0.022853,0.07027
2213,66360.0,W,N3,0.810826,0.090075,0.030935,0.02052,0.047644
2214,66390.0,W,N3,0.832682,0.092946,0.029748,0.013314,0.03131
2215,66420.0,W,N3,0.836843,0.104853,0.021323,0.010105,0.026875
2216,66450.0,W,N3,0.837356,0.087377,0.029925,0.011911,0.033431
2217,66480.0,W,N3,0.836773,0.072397,0.031093,0.016172,0.043565
2218,66510.0,W,N3,0.835647,0.083616,0.029497,0.01496,0.036279
2219,66540.0,W,N3,0.881873,0.059568,0.021133,0.010418,0.027007
2220,66570.0,W,N3,0.866099,0.069731,0.025322,0.012097,0.026751
2221,66600.0,W,N3,0.82763,0.093589,0.0302,0.015023,0.033559
2222,66630.0,W,N3,0.799113,0.088156,0.040066,0.018671,0.053993
2223,66660.0,W,N3,0.855203,0.066108,0.030256,0.012142,0.036291
2224,66690.0,W,N3,0.804329,0.081307,0.042249,0.02121,0.050905
2225,66720.0,W,N3,0.772813,0.077247,0.04895,0.024581,0.07641
2226,66750.0,W,N3,0.824706,0.055197,0.032841,0.020679,0.066577
2227,66780.0,W,N3,0.827453,0.06339,0.035072,0.018299,0.055786
2228,66810.0,W,N3,0.83364,0.087148,0.031828,0.01422,0.033163
2229,66840.0,W,N3,0.887465,0.06852,0.018294,0.007682,0.01804
2230,66870.0,W,N3,0.826125,0.075858,0.03179,0.015041,0.051185
2231,66900.0,W,N3,0.812903,0.089722,0.037795,0.017131,0.042448
2232,66930.0,W,N3,0.860724,0.066343,0.024838,0.012212,0.035882
2233,66960.0,W,N3,0.893909,0.056683,0.021483,0.009531,0.018394
2234,66990.0,W,N3,0.865925,0.069988,0.024263,0.011463,0.028361
2235,67020.0,W,N3,0.809832,0.114753,0.029822,0.013496,0.032097
2236,67050.0,W,N3,0.854448,0.062307,0.028752,0.013626,0.040867
2237,67080.0,W,N3,0.847374,0.090146,0.02546,0.011327,0.025693
2238,67110.0,W,N3,0.830819,0.079368,0.031757,0.018115,0.03994
2239,67140.0,W,N3,0.7469,0.084187,0.049417,0.029401,0.090095
2240,67170.0,W,N3,0.730216,0.103528,0.050054,0.024118,0.092085
2241,67200.0,W,N3,0.794632,0.104466,0.038757,0.016604,0.045541
2242,67230.0,W,N3,0.848746,0.071702,0.023999,0.014226,0.041327
2243,67260.0,W,N3,0.790735,0.082142,0.034469,0.019513,0.073141
2244,67290.0,W,N3,0.811375,0.070297,0.032841,0.017263,0.068223
2245,67320.0,W,N3,0.843509,0.068522,0.028573,0.014368,0.045028
2246,67350.0,W,N3,0.842589,0.062196,0.026969,0.020966,0.047279
2247,67380.0,W,N3,0.854153,0.079924,0.021861,0.010812,0.03325
2248,67410.0,W,N3,0.847715,0.073973,0.027619,0.012528,0.038166
2249,67440.0,W,N3,0.856869,0.070371,0.025109,0.014109,0.033542
2250,67470.0,W,N1,0.790317,0.099815,0.039763,0.017835,0.05227
2251,67500.0,W,N3,0.823072,0.091967,0.028437,0.014759,0.041766
2252,67530.0,W,N3,0.814064,0.098407,0.033462,0.015005,0.039061
2253,67560.0,W,N3,0.887893,0.065006,0.018165,0.008848,0.020087
2254,67590.0,W,N3,0.811057,0.088927,0.033786,0.017358,0.048871
2255,67620.0,W,N3,0.825678,0.085411,0.03105,0.014075,0.043786
2256,67650.0,W,N3,0.778676,0.086392,0.04289,0.021023,0.071019
2257,67680.0,W,N3,0.735411,0.107625,0.05096,0.028575,0.07743
2258,67710.0,W,N3,0.753569,0.10062,0.043916,0.025659,0.076237
2259,67740.0,W,N3,0.855411,0.070096,0.02732,0.013655,0.033517
2260,67770.0,W,N3,0.814882,0.07788,0.032721,0.019054,0.055463
2261,67800.0,W,N3,0.81135,0.096148,0.033709,0.01601,0.042784
2262,67830.0,W,N3,0.838093,0.071935,0.026089,0.016409,0.047475
2263,67860.0,W,N3,0.789777,0.079733,0.037622,0.022126,0.070743
2264,67890.0,W,N3,0.824712,0.081452,0.02697,0.017889,0.048977
2265,67920.0,W,N1,0.822345,0.085395,0.030479,0.017526,0.044255
2266,67950.0,W,N3,0.848504,0.076593,0.023287,0.011766,0.03985
2267,67980.0,W,N3,0.819702,0.099195,0.030683,0.013505,0.036914
2268,68010.0,W,N3,0.82065,0.079435,0.029851,0.016584,0.053479
2269,68040.0,W,N3,0.839256,0.080114,0.030156,0.012888,0.037587
2270,68070.0,W,N1,0.785435,0.091474,0.038558,0.022534,0.062
2271,68100.0,W,N3,0.836775,0.081093,0.028668,0.014085,0.039379
2272,68130.0,W,N3,0.857402,0.062227,0.026665,0.014476,0.03923
2273,68160.0,W,N3,0.868387,0.060972,0.027403,0.011778,0.03146
2274,68190.0,W,N3,0.82704,0.084597,0.029903,0.017075,0.041384
2275,68220.0,W,N3,0.794559,0.106883,0.03202,0.018581,0.047957
2276,68250.0,W,N3,0.820769,0.087609,0.033458,0.015428,0.042737
2277,68280.0,W,N3,0.779181,0.10898,0.041969,0.020619,0.049251
2278,68310.0,W,N3,0.795141,0.098053,0.034532,0.018961,0.053313
2279,68340.0,W,N3,0.799634,0.093844,0.035241,0.020213,0.051069
2280,68370.0,W,N3,0.817328,0.090431,0.031211,0.017159,0.043872
2281,68400.0,W,N3,0.79596,0.091637,0.039707,0.017662,0.055034
2282,68430.0,W,N1,0.740943,0.112985,0.050295,0.025987,0.06979
2283,68460.0,W,N1,0.771312,0.093482,0.044635,0.019561,0.07101
2284,68490.0,W,N3,0.810851,0.081065,0.037252,0.017756,0.053077
2285,68520.0,W,N3,0.798067,0.096733,0.03881,0.01593,0.05046
2286,68550.0,W,N3,0.855767,0.065287,0.029058,0.011826,0.038062
2287,68580.0,W,N3,0.818037,0.082215,0.031573,0.018443,0.049733
2288,68610.0,W,N3,0.850445,0.076486,0.024606,0.013777,0.034687
2289,68640.0,W,N3,0.840648,0.072931,0.030912,0.015452,0.040058
2290,68670.0,W,N3,0.819162,0.075879,0.033433,0.017311,0.054215
2291,68700.0,W,N3,0.813761,0.087443,0.032192,0.017572,0.049031
2292,68730.0,W,N3,0.845973,0.072777,0.026463,0.013081,0.041706
2293,68760.0,W,N1,0.773286,0.087903,0.041605,0.024192,0.073013
2294,68790.0,W,N3,0.799815,0.096752,0.031616,0.019182,0.052636
2295,68820.0,W,N3,0.803304,0.066401,0.036812,0.023346,0.070136
2296,68850.0,W,N1,0.80336,0.096498,0.035941,0.018652,0.04555
2297,68880.0,W,N3,0.772016,0.108883,0.042803,0.021169,0.055129
2298,68910.0,W,N1,0.871469,0.053976,0.025318,0.012553,0.036685
2299,68940.0,W,N1,0.831845,0.088209,0.028153,0.015096,0.036697
2300,68970.0,W,N3,0.830974,0.078454,0.03081,0.014711,0.045051
2301,69000.0,W,N3,0.820344,0.077975,0.032041,0.01712,0.05252
2302,69030.0,W,N3,0.876109,0.059239,0.022873,0.01112,0.030658
2303,69060.0,W,N3,0.832395,0.08168,0.028214,0.014506,0.043205
2304,69090.0,W,N3,0.791709,0.089355,0.03756,0.02441,0.056965
2305,69120.0,W,N3,0.78229,0.11079,0.037589,0.020581,0.048751
2306,69150.0,W,N3,0.827098,0.091775,0.029397,0.013127,0.038603
2307,69180.0,W,N3,0.79459,0.095647,0.039814,0.02158,0.048369
2308,69210.0,W,N3,0.824499,0.100604,0.027948,0.014782,0.032166
2309,69240.0,W,N3,0.854927,0.063481,0.031557,0.014959,0.035075
2310,69270.0,W,N3,0.800984,0.091215,0.032388,0.018435,0.056978
2311,69300.0,W,N3,0.818225,0.077507,0.035381,0.018267,0.05062
2312,69330.0,W,N3,0.87076,0.062624,0.01977,0.010343,0.036503
2313,69360.0,W,N3,0.773732,0.107885,0.037586,0.018044,0.062754
2314,69390.0,W,N3,0.844482,0.079632,0.028008,0.014471,0.033407
2315,69420.0,W,N3,0.835258,0.097856,0.022805,0.011842,0.032239
2316,69450.0,W,N3,0.895975,0.063535,0.017339,0.006815,0.016335
2317,69480.0,W,N3,0.863933,0.074708,0.02257,0.010578,0.028212
2318,69510.0,W,N3,0.873251,0.067314,0.022945,0.010454,0.026037
2319,69540.0,W,N3,0.800529,0.092902,0.038411,0.019742,0.048416
2320,69570.0,W,N3,0.889299,0.04484,0.019521,0.012041,0.034298
2321,69600.0,W,N3,0.871233,0.054705,0.024483,0.01228,0.037299
2322,69630.0,W,N1,0.84195,0.074509,0.025954,0.016405,0.041181
2323,69660.0,W,N1,0.833922,0.076782,0.027428,0.016891,0.044976
2324,69690.0,W,N3,0.832974,0.071647,0.026731,0.016562,0.052086
2325,69720.0,W,N3,0.894487,0.044202,0.0205,0.010632,0.030179
2326,69750.0,W,N3,0.854415,0.057573,0.027566,0.01466,0.045787
2327,69780.0,W,N3,0.869309,0.070493,0.021684,0.011502,0.027012
2328,69810.0,W,N3,0.829234,0.095683,0.027074,0.013285,0.034724
2329,69840.0,W,N3,0.876201,0.059674,0.020751,0.011502,0.031872
2330,69870.0,W,N3,0.866019,0.064066,0.025697,0.011237,0.032981
2331,69900.0,W,N3,0.824191,0.076859,0.030208,0.016851,0.051892
2332,69930.0,W,N3,0.86128,0.077243,0.023964,0.010802,0.026711
2333,69960.0,W,N3,0.835172,0.083546,0.02778,0.016065,0.037437
2334,69990.0,W,N3,0.871934,0.066144,0.021849,0.012076,0.027996
2335,70020.0,W,N3,0.820478,0.072708,0.035088,0.017539,0.054187
2336,70050.0,W,N3,0.806158,0.091396,0.031166,0.019316,0.051965
2337,70080.0,W,N3,0.871478,0.06748,0.020685,0.010086,0.030271
2338,70110.0,W,N3,0.849151,0.088781,0.021679,0.010193,0.030195
2339,70140.0,W,N3,0.848528,0.082549,0.028936,0.011874,0.028113
2340,70170.0,W,N3,0.785899,0.108265,0.037603,0.017859,0.050374
2341,70200.0,W,N3,0.895406,0.056829,0.016835,0.008317,0.022613
2342,70230.0,W,N3,0.803088,0.116128,0.029399,0.016648,0.034737
2343,70260.0,W,N3,0.812832,0.102055,0.029328,0.014818,0.040966
2344,70290.0,W,N3,0.75109,0.101531,0.04899,0.02429,0.074098
2345,70320.0,W,N3,0.805028,0.083441,0.033644,0.020013,0.057875
2346,70350.0,W,N3,0.774587,0.133679,0.034558,0.019307,0.037868
2347,70380.0,W,N3,0.822332,0.09517,0.032725,0.015328,0.034445
2348,70410.0,W,N3,0.775543,0.103477,0.041799,0.023156,0.056025
2349,70440.0,W,N1,0.781257,0.116359,0.03855,0.017615,0.046219
2350,70470.0,W,N3,0.80334,0.09268,0.031975,0.018696,0.05331
2351,70500.0,W,N1,0.821067,0.083719,0.035521,0.017823,0.04187
2352,70530.0,W,N3,0.828269,0.092544,0.02664,0.014277,0.03827
2353,70560.0,W,N3,0.845184,0.078298,0.028174,0.014655,0.033689
2354,70590.0,W,N1,0.750274,0.120223,0.041796,0.022859,0.064848
2355,70620.0,W,N3,0.797487,0.11809,0.030129,0.017536,0.036758
2356,70650.0,W,N3,0.76644,0.095315,0.036882,0.026711,0.074652
2357,70680.0,W,N3,0.821007,0.083359,0.030084,0.018025,0.047525
2358,70710.0,W,N1,0.818423,0.083105,0.035849,0.016217,0.046406
2359,70740.0,W,N3,0.835484,0.083077,0.027728,0.015421,0.03829
2360,70770.0,W,N3,0.78573,0.110999,0.036993,0.018963,0.047315
2361,70800.0,W,N3,0.859217,0.071718,0.024579,0.014469,0.030017
2362,70830.0,W,N3,0.863498,0.074843,0.023432,0.011621,0.026607
2363,70860.0,W,N3,0.875895,0.063593,0.025848,0.010059,0.024606
2364,70890.0,W,N3,0.814962,0.08877,0.03428,0.016817,0.045171
2365,70920.0,W,N3,0.842911,0.085217,0.025972,0.012797,0.033102
2366,70950.0,W,N3,0.854035,0.068563,0.027215,0.014824,0.035364
2367,70980.0,W,N3,0.77281,0.092417,0.038696,0.022171,0.073907
2368,71010.0,W,N3,0.86526,0.071793,0.023625,0.010927,0.028395
2369,71040.0,W,N3,0.837581,0.095238,0.027325,0.01309,0.026766
2370,71070.0,W,N3,0.888724,0.057933,0.017725,0.010575,0.025044
2371,71100.0,W,N3,0.865109,0.062723,0.02507,0.013572,0.033526
2372,71130.0,W,N3,0.882813,0.060552,0.021306,0.010274,0.025055
2373,71160.0,W,N3,0.819696,0.078288,0.036697,0.017268,0.048051
2374,71190.0,W,N3,0.850344,0.079001,0.027851,0.01285,0.029955
2375,71220.0,W,N3,0.862756,0.076703,0.025425,0.011124,0.023991
2376,71250.0,W,N3,0.81631,0.0993,0.029476,0.01498,0.039934
2377,71280.0,W,N3,0.809969,0.091873,0.033914,0.017187,0.047058
2378,71310.0,W,N3,0.767494,0.109679,0.045972,0.019381,0.057474
2379,71340.0,W,N3,0.841675,0.07049,0.026376,0.01338,0.048078
2380,71370.0,W,N3,0.831032,0.109116,0.022185,0.009983,0.027684
2381,71400.0,W,N3,0.853193,0.072652,0.025301,0.013402,0.035452
2382,71430.0,W,N3,0.826824,0.089296,0.026845,0.015726,0.041309
2383,71460.0,W,N3,0.8164,0.091526,0.033651,0.016744,0.041679
2384,71490.0,W,N3,0.851398,0.076704,0.026142,0.013411,0.032345
2385,71520.0,W,N3,0.881108,0.061554,0.022262,0.010372,0.024705
2386,71550.0,W,N3,0.781187,0.110636,0.037762,0.018959,0.051455
2387,71580.0,W,N3,0.876356,0.072104,0.021499,0.008653,0.021388
2388,71610.0,W,N1,0.755925,0.110165,0.044228,0.023056,0.066625
2389,71640.0,W,N1,0.822069,0.078412,0.032685,0.017485,0.049348
2390,71670.0,W,N3,0.769344,0.111443,0.040379,0.018997,0.059837
2391,71700.0,W,N3,0.798343,0.081342,0.033163,0.019604,0.067548
2392,71730.0,W,N3,0.799698,0.098877,0.03361,0.01988,0.047935
2393,71760.0,W,N3,0.818162,0.081422,0.032958,0.023142,0.044316
2394,71790.0,W,N3,0.857234,0.066044,0.027768,0.012289,0.036665
2395,71820.0,W,N3,0.835148,0.081275,0.027411,0.015068,0.041098
2396,71850.0,W,N3,0.819524,0.093508,0.03081,0.016073,0.040085
2397,71880.0,W,N3,0.79173,0.080571,0.035067,0.022729,0.069902
2398,71910.0,W,N3,0.811651,0.074055,0.032853,0.020408,0.061033
2399,71940.0,W,N3,0.712927,0.109395,0.051726,0.028607,0.097346
2400,71970.0,W,N3,0.830078,0.077301,0.027472,0.015535,0.049615
2401,72000.0,W,N3,0.900069,0.049089,0.016292,0.008835,0.025715
2402,72030.0,W,N3,0.850459,0.066204,0.030028,0.014242,0.039067
2403,72060.0,W,N3,0.839365,0.0778,0.031694,0.014454,0.036687
2404,72090.0,W,N3,0.815856,0.091992,0.031874,0.016428,0.04385
2405,72120.0,W,N3,0.840253,0.078652,0.028415,0.013881,0.038799
2406,72150.0,W,N3,0.855344,0.064923,0.024128,0.014509,0.041096
2407,72180.0,W,N3,0.843261,0.066903,0.028219,0.015678,0.045939
2408,72210.0,W,N3,0.841987,0.063804,0.02593,0.01544,0.052839
2409,72240.0,W,N3,0.833478,0.063554,0.02975,0.017281,0.055937
2410,72270.0,W,N3,0.892996,0.052964,0.01663,0.008457,0.028954
2411,72300.0,W,N3,0.87465,0.068333,0.021987,0.009091,0.025939
2412,72330.0,W,N3,0.864049,0.068653,0.023786,0.010461,0.03305
2413,72360.0,W,N3,0.8831,0.057704,0.021874,0.010643,0.026678
2414,72390.0,W,N3,0.782086,0.090222,0.044811,0.019901,0.062979
2415,72420.0,W,N3,0.817092,0.082756,0.03413,0.015666,0.050356
2416,72450.0,W,N3,0.758792,0.102345,0.044164,0.025607,0.069092
2417,72480.0,W,N1,0.80014,0.086627,0.032383,0.017781,0.063069
2418,72510.0,W,N3,0.871847,0.060726,0.024175,0.011157,0.032095
2419,72540.0,W,N3,0.829466,0.08466,0.030017,0.015526,0.040331
2420,72570.0,W,N3,0.837123,0.08482,0.029137,0.012259,0.03666
2421,72600.0,W,N3,0.890665,0.052743,0.018012,0.010234,0.028345
2422,72630.0,W,N3,0.871133,0.060321,0.023026,0.012144,0.033376
2423,72660.0,W,N3,0.8917,0.057966,0.017072,0.008281,0.024981
2424,72690.0,W,N3,0.905375,0.050209,0.016525,0.008422,0.019469
2425,72720.0,W,N1,0.808185,0.094268,0.033638,0.016272,0.047638
2426,72750.0,W,N3,0.902378,0.054559,0.015379,0.007716,0.019968
2427,72780.0,W,N3,0.83368,0.09049,0.026614,0.013856,0.035361
2428,72810.0,W,N1,0.789432,0.109005,0.03568,0.018416,0.047468
2429,72840.0,W,N3,0.832558,0.083097,0.029022,0.016628,0.038695
2430,72870.0,W,N3,0.778498,0.103026,0.040182,0.020615,0.057679
2431,72900.0,W,N3,0.872153,0.064911,0.022587,0.01245,0.027899
2432,72930.0,W,N1,0.872681,0.066601,0.023121,0.011489,0.026108
2433,72960.0,W,N3,0.740928,0.122715,0.048788,0.025102,0.062466
2434,72990.0,W,N3,0.804076,0.097304,0.03461,0.017197,0.046812
2435,73020.0,W,N3,0.808331,0.082851,0.036351,0.018208,0.054259
2436,73050.0,W,N3,0.765778,0.111593,0.040684,0.02166,0.060284
2437,73080.0,W,N1,0.781486,0.106795,0.037634,0.020735,0.05335
2438,73110.0,W,N3,0.811691,0.095376,0.031597,0.016936,0.044401
2439,73140.0,W,N1,0.751682,0.096728,0.043925,0.029045,0.078621
2440,73170.0,W,N3,0.842159,0.082667,0.027176,0.012723,0.035275
2441,73200.0,W,N3,0.838353,0.080264,0.029963,0.015372,0.036047
2442,73230.0,W,N3,0.820586,0.077543,0.029579,0.019175,0.053117
2443,73260.0,W,N3,0.860659,0.062106,0.026637,0.012978,0.037621
2444,73290.0,W,N3,0.82508,0.084557,0.037171,0.014668,0.038523
2445,73320.0,W,N3,0.78166,0.110161,0.036792,0.019106,0.052281
2446,73350.0,W,N3,0.871137,0.054078,0.023844,0.012644,0.038297
2447,73380.0,W,N3,0.837804,0.076323,0.027717,0.014662,0.043494
2448,73410.0,W,N1,0.75973,0.097832,0.047546,0.02438,0.070513
2449,73440.0,W,N3,0.800021,0.089273,0.03522,0.01957,0.055915
2450,73470.0,W,N3,0.789872,0.079915,0.039075,0.022774,0.068363
2451,73500.0,W,N3,0.821385,0.094849,0.027726,0.014932,0.041108
2452,73530.0,W,N3,0.809398,0.108802,0.029193,0.014982,0.037626
2453,73560.0,W,N3,0.811523,0.095409,0.032355,0.018115,0.042598
2454,73590.0,W,N3,0.823565,0.078811,0.028241,0.016862,0.052521
2455,73620.0,W,N3,0.876142,0.064441,0.022916,0.010787,0.025714
2456,73650.0,W,N3,0.819882,0.091948,0.030366,0.016202,0.041602
2457,73680.0,W,N3,0.736622,0.095325,0.045333,0.029791,0.09293
2458,73710.0,W,N3,0.776048,0.103377,0.037784,0.021032,0.061759
2459,73740.0,W,N1,0.752501,0.135938,0.036286,0.020792,0.054483
2460,73770.0,W,N3,0.836526,0.080081,0.027538,0.01535,0.040505
2461,73800.0,W,N3,0.76392,0.098163,0.046907,0.021403,0.069606
2462,73830.0,W,N3,0.794516,0.078841,0.038556,0.02095,0.067138
2463,73860.0,W,N3,0.806496,0.101136,0.036831,0.016584,0.038953
2464,73890.0,W,N3,0.794612,0.112237,0.032284,0.016648,0.044219
2465,73920.0,W,N3,0.791714,0.104648,0.034967,0.016676,0.051995
2466,73950.0,W,N3,0.860252,0.072538,0.024051,0.012974,0.030185
2467,73980.0,W,N3,0.840582,0.092245,0.023775,0.012888,0.03051
2468,74010.0,W,N1,0.779618,0.091496,0.0478,0.024745,0.056341
2469,74040.0,W,N3,0.871024,0.069907,0.020845,0.011534,0.02669
2470,74070.0,W,N3,0.863324,0.072959,0.024863,0.010355,0.028499
2471,74100.0,W,N3,0.783953,0.111695,0.03924,0.017772,0.047339
2472,74130.0,W,N3,0.815031,0.097334,0.028718,0.015696,0.043222
2473,74160.0,W,N3,0.846831,0.081803,0.024737,0.013926,0.032703
2474,74190.0,W,N3,0.801164,0.107258,0.032067,0.015355,0.044157
2475,74220.0,W,N3,0.860266,0.068581,0.021535,0.012726,0.036891
2476,74250.0,W,N3,0.825977,0.082998,0.034775,0.015961,0.040288
2477,74280.0,W,N3,0.867384,0.067048,0.021774,0.012912,0.030882
2478,74310.0,W,N3,0.822974,0.092243,0.034769,0.014227,0.035787
2479,74340.0,W,N3,0.83716,0.08755,0.026717,0.013662,0.034911
2480,74370.0,W,N3,0.8083,0.085381,0.034437,0.019616,0.052266
2481,74400.0,W,N3,0.781594,0.100193,0.036166,0.020739,0.061309
2482,74430.0,W,N3,0.803047,0.094569,0.028853,0.02075,0.052781
2483,74460.0,W,N1,0.766405,0.094516,0.04383,0.02467,0.070579
2484,74490.0,W,N1,0.787619,0.108873,0.037097,0.020793,0.045618
2485,74520.0,W,N3,0.85057,0.079097,0.025874,0.012366,0.032093
2486,74550.0,W,N3,0.83879,0.074306,0.029388,0.014427,0.043089
2487,74580.0,W,N3,0.843906,0.073945,0.029544,0.014331,0.038274
2488,74610.0,W,N3,0.833111,0.086711,0.027649,0.014994,0.037536
2489,74640.0,W,N3,0.82478,0.089553,0.030036,0.013872,0.041759
2490,74670.0,W,N3,0.859874,0.059325,0.025591,0.014414,0.040796
2491,74700.0,W,N3,0.783052,0.072874,0.043597,0.024736,0.075741
2492,74730.0,W,N1,0.768422,0.095821,0.042154,0.024767,0.068836
2493,74760.0,W,N3,0.770546,0.126608,0.044703,0.016303,0.04184
2494,74790.0,W,N3,0.774874,0.13571,0.033709,0.017745,0.037963
2495,74820.0,W,N3,0.83086,0.095691,0.026361,0.012483,0.034605
2496,74850.0,W,N3,0.81747,0.081476,0.036736,0.020287,0.044031
2497,74880.0,W,N3,0.793111,0.091161,0.034489,0.019154,0.062085
2498,74910.0,W,N3,0.805792,0.084919,0.035322,0.020295,0.053672
2499,74940.0,W,N3,0.811155,0.095421,0.031353,0.015995,0.046076
2500,74970.0,W,N3,0.817765,0.085624,0.031662,0.017476,0.047473
2501,75000.0,W,N1,0.824858,0.08947,0.030243,0.015931,0.039498
2502,75030.0,W,N3,0.819717,0.077998,0.032508,0.017142,0.052635
2503,75060.0,W,N3,0.811865,0.081946,0.038506,0.020132,0.04755
2504,75090.0,W,N3,0.775299,0.081268,0.047529,0.027914,0.06799
2505,75120.0,W,N3,0.825227,0.095915,0.027906,0.013292,0.03766
2506,75150.0,W,N3,0.784131,0.10198,0.037367,0.022498,0.054024
2507,75180.0,W,N3,0.820333,0.079458,0.0334,0.015254,0.051555
2508,75210.0,W,N3,0.808789,0.083494,0.038055,0.020789,0.048873
2509,75240.0,W,N3,0.858513,0.067454,0.023682,0.012737,0.037613
2510,75270.0,W,N3,0.733599,0.113368,0.05265,0.026431,0.073952
2511,75300.0,W,N3,0.817508,0.090669,0.032699,0.015125,0.043999
2512,75330.0,W,N3,0.864483,0.057338,0.02901,0.013783,0.035385
2513,75360.0,W,N1,0.747742,0.11058,0.044018,0.024171,0.073489
2514,75390.0,W,N3,0.844555,0.057835,0.028455,0.017739,0.051416
2515,75420.0,W,N3,0.810208,0.088056,0.035805,0.018147,0.047783
2516,75450.0,W,N3,0.788415,0.08407,0.041611,0.022415,0.063488
2517,75480.0,W,N1,0.772255,0.086606,0.044262,0.022832,0.074045
2518,75510.0,W,N1,0.761311,0.105171,0.041405,0.024862,0.067251
2519,75540.0,W,N3,0.793966,0.106997,0.034846,0.016703,0.047488
2520,75570.0,W,N3,0.835702,0.073406,0.029633,0.016173,0.045087
2521,75600.0,W,N1,0.763555,0.090642,0.044448,0.020621,0.080734
2522,75630.0,W,N3,0.820886,0.083891,0.031489,0.017846,0.045888
2523,75660.0,W,N3,0.845904,0.077988,0.027139,0.014281,0.034689
2524,75690.0,W,N3,0.838447,0.082813,0.022929,0.013598,0.042213
2525,75720.0,W,N3,0.861907,0.073906,0.020954,0.011081,0.032151
2526,75750.0,W,N3,0.858508,0.056174,0.02665,0.014637,0.044031
2527,75780.0,W,N3,0.740077,0.101226,0.049765,0.022354,0.086578
2528,75810.0,W,N3,0.724749,0.130294,0.043721,0.022746,0.07849
2529,75840.0,W,N3,0.86879,0.065051,0.023616,0.012048,0.030496
2530,75870.0,W,N3,0.900278,0.057471,0.016257,0.008001,0.017993
2531,75900.0,W,N3,0.828912,0.086224,0.030956,0.014912,0.038996
2532,75930.0,W,N3,0.828834,0.093969,0.029497,0.014443,0.033256
2533,75960.0,W,N3,0.864077,0.07212,0.023787,0.012268,0.027748
2534,75990.0,W,N3,0.829002,0.091655,0.028685,0.014575,0.036083
2535,76020.0,W,N3,0.827794,0.070267,0.032369,0.0173,0.052269
2536,76050.0,W,N3,0.808741,0.094558,0.034944,0.016979,0.044777
2537,76080.0,W,N3,0.82751,0.082899,0.032587,0.016141,0.040863
2538,76110.0,W,N3,0.736584,0.134816,0.046009,0.022806,0.059786
2539,76140.0,W,N1,0.575225,0.192265,0.082332,0.037432,0.112747
2540,76170.0,W,N3,0.693685,0.149235,0.054269,0.028155,0.074655
2541,76200.0,W,N3,0.705671,0.133665,0.057148,0.026536,0.076981
2542,76230.0,W,N3,0.765698,0.115089,0.040851,0.019932,0.05843
2543,76260.0,W,N3,0.759338,0.109616,0.042071,0.024271,0.064704
2544,76290.0,W,N3,0.833598,0.082019,0.030882,0.014366,0.039136
2545,76320.0,W,N1,0.830404,0.080128,0.029524,0.015617,0.044327
2546,76350.0,W,N3,0.829404,0.077319,0.032145,0.015103,0.04603
2547,76380.0,W,N3,0.820411,0.075294,0.035038,0.019723,0.049534
2548,76410.0,W,N3,0.816409,0.097726,0.032091,0.015997,0.037777
2549,76440.0,W,N3,0.835921,0.078133,0.030545,0.014085,0.041315
2550,76470.0,W,N3,0.761194,0.102848,0.042048,0.025973,0.067937
2551,76500.0,W,N3,0.822085,0.093173,0.032082,0.014106,0.038555
2552,76530.0,W,N1,0.793896,0.077711,0.038612,0.022013,0.067768
2553,76560.0,W,N3,0.813081,0.069566,0.040103,0.018411,0.058839
2554,76590.0,W,N3,0.855786,0.06258,0.028569,0.014117,0.038947
2555,76620.0,W,N3,0.872225,0.055655,0.024654,0.011566,0.035899
2556,76650.0,W,N1,0.83682,0.070518,0.029301,0.016023,0.047338
2557,76680.0,W,N3,0.909065,0.0462,0.017272,0.008366,0.019098
2558,76710.0,W,N3,0.860079,0.073045,0.023996,0.012586,0.030295
2559,76740.0,W,N3,0.895233,0.058118,0.018048,0.00845,0.020151
2560,76770.0,W,N3,0.808603,0.10561,0.034601,0.016996,0.034189
2561,76800.0,W,N3,0.844632,0.089144,0.027915,0.011962,0.026348
2562,76830.0,W,N3,0.860089,0.075296,0.021341,0.010605,0.03267
2563,76860.0,W,N3,0.778648,0.110975,0.03791,0.017747,0.054719
2564,76890.0,W,N3,0.819786,0.082246,0.031859,0.017512,0.048598
2565,76920.0,W,N3,0.828713,0.073349,0.030732,0.017632,0.049574
2566,76950.0,W,N3,0.840234,0.08136,0.029295,0.014637,0.034474
2567,76980.0,W,N3,0.850452,0.078345,0.025955,0.012749,0.032499
2568,77010.0,W,N3,0.827962,0.089484,0.028974,0.015269,0.038311
2569,77040.0,W,N3,0.842264,0.069434,0.028715,0.015401,0.044186
2570,77070.0,W,N3,0.868844,0.065675,0.021739,0.013722,0.030019
2571,77100.0,W,N3,0.811261,0.087489,0.036758,0.018934,0.045558
2572,77130.0,W,N3,0.754229,0.109359,0.051303,0.025853,0.059257
2573,77160.0,W,N3,0.802926,0.085347,0.036854,0.01889,0.055982
2574,77190.0,W,N3,0.764258,0.128755,0.036247,0.019227,0.051513
2575,77220.0,W,N3,0.823765,0.080208,0.030959,0.016904,0.048163
2576,77250.0,W,N3,0.843735,0.075318,0.025263,0.014141,0.041543
2577,77280.0,W,N3,0.829167,0.092906,0.0278,0.015387,0.03474
2578,77310.0,W,N3,0.816778,0.094208,0.032116,0.015624,0.041275
2579,77340.0,W,N3,0.779321,0.097274,0.040525,0.023335,0.059545
2580,77370.0,W,N3,0.86995,0.077995,0.021816,0.010264,0.019975
2581,77400.0,W,N3,0.822301,0.094004,0.032233,0.013743,0.037719
2582,77430.0,W,N3,0.745239,0.127715,0.046741,0.023418,0.056888
2583,77460.0,W,N3,0.792041,0.109642,0.041286,0.018484,0.038547
2584,77490.0,W,N3,0.86624,0.070802,0.026708,0.012072,0.024179
2585,77520.0,W,N3,0.818906,0.089349,0.037853,0.016523,0.037369
2586,77550.0,W,N3,0.847469,0.088534,0.026647,0.011991,0.025359
2587,77580.0,W,N3,0.83225,0.097031,0.026842,0.011543,0.032333
2588,77610.0,W,N3,0.75037,0.126387,0.047408,0.020802,0.055032
2589,77640.0,W,N3,0.829646,0.113952,0.025818,0.009651,0.020933
2590,77670.0,W,N3,0.808214,0.112918,0.032028,0.014411,0.032429
2591,77700.0,W,N3,0.84597,0.098741,0.024053,0.010902,0.020334
2592,77730.0,W,N3,0.88694,0.067666,0.022125,0.007709,0.01556
2593,77760.0,W,N3,0.85836,0.083292,0.024872,0.011521,0.021954
2594,77790.0,W,N3,0.85928,0.088179,0.023613,0.009987,0.018941
2595,77820.0,W,N3,0.876874,0.071557,0.021787,0.008181,0.021601
2596,77850.0,W,N3,0.810685,0.119216,0.029792,0.013171,0.027135
2597,77880.0,W,N3,0.77026,0.133414,0.035753,0.017248,0.043325
2598,77910.0,W,N3,0.779551,0.134593,0.030242,0.0139,0.041714
2599,77940.0,W,N3,0.774701,0.126584,0.035956,0.019108,0.043651
2600,77970.0,W,N3,0.829408,0.098888,0.029295,0.013578,0.028831
2601,78000.0,W,N3,0.779779,0.133236,0.038516,0.016715,0.031754
2602,78030.0,W,N3,0.771032,0.12746,0.042398,0.019985,0.039124
2603,78060.0,W,N3,0.78154,0.135058,0.034895,0.015182,0.033324
2604,78090.0,W,N3,0.85204,0.085637,0.026323,0.012005,0.023995
2605,78120.0,W,N3,0.854679,0.094259,0.02216,0.009756,0.019146
2606,78150.0,W,N3,0.822813,0.103957,0.029989,0.013642,0.0296
2607,78180.0,W,N3,0.773478,0.127632,0.040532,0.017182,0.041175
2608,78210.0,W,N3,0.857372,0.087996,0.026905,0.008537,0.01919
2609,78240.0,W,N3,0.818295,0.111638,0.028531,0.013932,0.027605
2610,78270.0,W,N3,0.829054,0.113108,0.026466,0.010837,0.020535
2611,78300.0,W,N3,0.774689,0.13746,0.039342,0.015747,0.032762
2612,78330.0,W,N3,0.797431,0.107477,0.038082,0.015686,0.041325
2613,78360.0,W,N3,0.878861,0.07122,0.023793,0.007972,0.018154
2614,78390.0,W,N3,0.854964,0.096182,0.019662,0.008495,0.020697
2615,78420.0,W,N3,0.783777,0.137238,0.032956,0.013457,0.032572
2616,78450.0,W,N3,0.843752,0.091216,0.024724,0.011567,0.028742
2617,78480.0,W,N3,0.738155,0.152283,0.05679,0.019284,0.033487
2618,78510.0,W,N3,0.795903,0.1244,0.029978,0.013447,0.036273
2619,78540.0,W,N3,0.770195,0.12708,0.039425,0.017659,0.04564
2620,78570.0,W,N3,0.733375,0.141609,0.046196,0.023595,0.055225
2621,78600.0,W,N3,0.755685,0.13389,0.041762,0.018971,0.049692
2622,78630.0,W,N3,0.837438,0.099045,0.02915,0.011328,0.023039
2623,78660.0,W,N3,0.799313,0.124055,0.034682,0.01299,0.02896
2624,78690.0,W,N3,0.784968,0.124788,0.040146,0.015892,0.034205
2625,78720.0,W,N3,0.773121,0.138328,0.041207,0.01497,0.032375
2626,78750.0,W,N3,0.828706,0.088293,0.03291,0.015845,0.034246
2627,78780.0,W,N3,0.85197,0.084185,0.024479,0.012699,0.026667
2628,78810.0,W,N3,0.710054,0.147327,0.050809,0.02614,0.06567
2629,78840.0,W,N3,0.736541,0.161153,0.046033,0.01687,0.039402
2630,78870.0,W,N3,0.799689,0.113086,0.038127,0.014618,0.034479
2631,78900.0,W,N3,0.840297,0.088928,0.025761,0.012693,0.032321
2632,78930.0,W,N3,0.759741,0.129557,0.038047,0.019995,0.052659
2633,78960.0,W,N3,0.809229,0.113083,0.029631,0.015471,0.032585
2634,78990.0,W,N1,0.808475,0.113165,0.030163,0.015254,0.032943
2635,79020.0,W,N3,0.857226,0.087148,0.022267,0.011458,0.021902
2636,79050.0,W,N3,0.802777,0.101123,0.02825,0.019975,0.047875
2637,79080.0,W,N3,0.796253,0.125229,0.030718,0.014815,0.032984
2638,79110.0,W,N3,0.789151,0.076462,0.034009,0.021964,0.078413
2639,79140.0,W,N3,0.841446,0.083171,0.021309,0.017353,0.036721
2640,79170.0,W,N3,0.869462,0.074243,0.020299,0.010473,0.025522
2641,79200.0,W,N3,0.823845,0.124099,0.024417,0.008369,0.01927
2642,79230.0,W,N3,0.887808,0.073137,0.016796,0.007439,0.01482
2643,79260.0,W,N3,0.877192,0.068556,0.018839,0.010706,0.024706
2644,79290.0,W,N3,0.734263,0.139861,0.044297,0.021877,0.059701
2645,79320.0,W,N3,0.749593,0.155017,0.037985,0.017291,0.040113
2646,79350.0,W,N3,0.793114,0.108314,0.038128,0.016459,0.043985
2647,79380.0,W,N3,0.826993,0.088101,0.031164,0.014082,0.03966
2648,79410.0,W,N3,0.750285,0.140098,0.049348,0.017092,0.043176
2649,79440.0,W,N3,0.870962,0.069881,0.023166,0.010103,0.025888
2650,79470.0,W,N3,0.778072,0.129616,0.035866,0.018216,0.038231
