epoch,start_sec,expert_stage,pred_stage,rel_delta,rel_theta,rel_alpha,rel_sigma,rel_beta
1,0.0,W,N3,0.907749,0.068671,0.012323,0.003885,0.007373
2,30.0,W,N3,0.936527,0.045734,0.009208,0.00292,0.005612
3,60.0,W,N3,0.913499,0.056193,0.013232,0.005641,0.011435
4,90.0,W,N3,0.884326,0.018534,0.083345,0.003013,0.010781
5,120.0,W,W,0.322285,0.106156,0.484465,0.015703,0.07139
6,150.0,W,N3,0.889758,0.077066,0.025179,0.002728,0.00527
7,180.0,W,N3,0.911242,0.0604,0.014182,0.00432,0.009856
8,210.0,W,N3,0.951988,0.034145,0.007245,0.002336,0.004286
9,240.0,W,N3,0.939647,0.046742,0.009041,0.00205,0.002519
10,270.0,W,N3,0.894515,0.084279,0.012051,0.003679,0.005477
11,300.0,W,N3,0.908111,0.055544,0.015172,0.00651,0.014663
12,330.0,W,N3,0.900783,0.045317,0.022764,0.009578,0.021559
13,360.0,W,N3,0.919854,0.04386,0.015418,0.006253,0.014614
14,390.0,W,N3,0.882765,0.064876,0.021394,0.009151,0.021815
15,420.0,W,N3,0.877765,0.053286,0.023219,0.013572,0.032157
16,450.0,W,N3,0.873225,0.063446,0.024447,0.010391,0.028491
17,480.0,W,N3,0.843588,0.07177,0.033244,0.016227,0.035171
18,510.0,W,N3,0.751998,0.090352,0.052138,0.024603,0.080909
19,540.0,W,N1,0.837884,0.062155,0.036744,0.019861,0.043356
20,570.0,W,N3,0.829308,0.069359,0.032935,0.018098,0.0503
21,600.0,W,N3,0.830679,0.06863,0.034998,0.018726,0.046968
22,630.0,W,N3,0.846074,0.077148,0.027209,0.014259,0.035311
23,660.0,W,N3,0.859726,0.061921,0.027834,0.013701,0.036818
24,690.0,W,N3,0.89574,0.057407,0.019502,0.00911,0.01824
25,720.0,W,N3,0.923156,0.039961,0.014614,0.007624,0.014645
26,750.0,W,N1,0.797004,0.098557,0.038902,0.020453,0.045084
27,780.0,W,N3,0.807302,0.084432,0.04043,0.018319,0.049517
28,810.0,W,N3,0.8361,0.075129,0.030732,0.014701,0.043338
29,840.0,W,N1,0.797075,0.089154,0.040721,0.018483,0.054566
30,870.0,W,N3,0.850383,0.079388,0.024875,0.013241,0.032113
31,900.0,W,N1,0.803079,0.067171,0.031238,0.032446,0.066066
32,930.0,W,N1,0.775326,0.087332,0.03283,0.025373,0.079138
33,960.0,W,N3,0.888568,0.051209,0.019951,0.011441,0.028831
34,990.0,W,N3,0.866478,0.058521,0.021977,0.018133,0.03489
35,1020.0,W,N3,0.860654,0.050568,0.030211,0.02051,0.038057
36,1050.0,W,N3,0.869642,0.052114,0.024113,0.015856,0.038274
37,1080.0,W,N3,0.864602,0.072257,0.024077,0.010821,0.028243
38,1110.0,W,N3,0.872171,0.062844,0.021123,0.010629,0.033234
39,1140.0,W,N3,0.8788,0.07726,0.016443,0.008848,0.01865
40,1170.0,W,N3,0.906313,0.053581,0.014426,0.006869,0.018811
41,1200.0,W,N3,0.881222,0.063146,0.020831,0.01048,0.024322
42,1230.0,W,N3,0.854974,0.080505,0.023758,0.011761,0.029002
43,1260.0,W,N3,0.887456,0.081303,0.014606,0.005506,0.011128
44,1290.0,W,N3,0.902204,0.060353,0.016376,0.007265,0.013802
45,1320.0,W,N3,0.908803,0.043166,0.015004,0.010753,0.022274
46,1350.0,W,N3,0.911205,0.050993,0.014416,0.006975,0.016411
47,1380.0,W,N3,0.894048,0.055559,0.017241,0.007844,0.025308
48,1410.0,W,N3,0.835395,0.083347,0.02406,0.016125,0.041073
49,1440.0,W,N3,0.891531,0.064946,0.018182,0.007717,0.017624
50,1470.0,W,N3,0.873886,0.067637,0.019521,0.010686,0.02827
51,1500.0,W,N3,0.856522,0.063072,0.023095,0.013876,0.043434
52,1530.0,W,N3,0.773942,0.082337,0.038783,0.026911,0.078027
53,1560.0,W,N3,0.85428,0.071619,0.025229,0.013659,0.035214
54,1590.0,W,N3,0.813587,0.091327,0.031748,0.019307,0.044032
55,1620.0,W,N3,0.823359,0.072309,0.030284,0.023826,0.050221
56,1650.0,W,N3,0.864433,0.066011,0.02401,0.013742,0.031803
57,1680.0,W,N3,0.857953,0.082594,0.028795,0.009994,0.020664
58,1710.0,W,N3,0.775868,0.120943,0.041584,0.019161,0.042443
59,1740.0,W,N3,0.785668,0.122078,0.040545,0.01629,0.035418
60,1770.0,W,N3,0.85362,0.087849,0.028607,0.010435,0.019488
61,1800.0,W,N3,0.801407,0.114788,0.037076,0.015343,0.031385
62,1830.0,W,N3,0.848833,0.094541,0.026758,0.011595,0.018272
63,1860.0,W,N3,0.896644,0.057584,0.018297,0.007661,0.019814
64,1890.0,W,N3,0.811849,0.117961,0.037601,0.011576,0.021013
65,1920.0,W,N3,0.890927,0.064455,0.021905,0.007659,0.015054
66,1950.0,W,N3,0.820843,0.092911,0.043296,0.014687,0.028264
67,1980.0,W,N3,0.847134,0.089316,0.03587,0.010951,0.016729
68,2010.0,W,N3,0.837352,0.109509,0.029875,0.009549,0.013715
69,2040.0,W,N3,0.874432,0.082406,0.023381,0.007989,0.011792
70,2070.0,W,N3,0.871598,0.073354,0.028418,0.010304,0.016326
71,2100.0,W,N3,0.757146,0.13759,0.050964,0.017574,0.036726
72,2130.0,W,N3,0.832033,0.107216,0.03476,0.013329,0.012661
73,2160.0,W,N3,0.70468,0.184327,0.081131,0.01357,0.016291
74,2190.0,W,N3,0.759018,0.158591,0.046796,0.01312,0.022475
75,2220.0,W,N3,0.880826,0.088326,0.018678,0.005414,0.006755
76,2250.0,W,N3,0.886002,0.084735,0.015213,0.005755,0.008295
77,2280.0,W,N3,0.86105,0.106487,0.018101,0.006563,0.0078
78,2310.0,W,N3,0.861174,0.109056,0.017025,0.005357,0.007388
79,2340.0,W,N3,0.894857,0.083533,0.012742,0.004311,0.004557
80,2370.0,W,N3,0.901168,0.08002,0.011133,0.003353,0.004327
81,2400.0,W,N3,0.884639,0.094292,0.013648,0.003707,0.003714
82,2430.0,W,N3,0.908573,0.071463,0.011838,0.003808,0.004317
83,2460.0,W,N3,0.864529,0.115077,0.011043,0.003699,0.005653
84,2490.0,W,N3,0.859643,0.109455,0.016413,0.005556,0.008934
85,2520.0,W,N3,0.878615,0.092173,0.015495,0.004671,0.009047
86,2550.0,W,N3,0.871009,0.09578,0.014813,0.005361,0.013037
87,2580.0,W,N3,0.881253,0.09473,0.015112,0.004943,0.003962
88,2610.0,W,N3,0.892044,0.085711,0.013401,0.004237,0.004607
89,2640.0,W,N3,0.887351,0.087973,0.011909,0.005219,0.007548
90,2670.0,W,N3,0.882368,0.09221,0.015027,0.004893,0.005501
91,2700.0,W,N3,0.876544,0.100346,0.013744,0.004486,0.00488
92,2730.0,W,N3,0.844991,0.120519,0.017449,0.006337,0.010704
93,2760.0,W,N3,0.871079,0.105685,0.012821,0.004351,0.006063
94,2790.0,W,N3,0.868803,0.099613,0.014496,0.00584,0.011248
95,2820.0,W,N3,0.885261,0.089009,0.013238,0.005469,0.007024
96,2850.0,W,N3,0.875221,0.098748,0.013979,0.005373,0.006678
97,2880.0,W,N3,0.901314,0.079647,0.011272,0.004005,0.003763
98,2910.0,W,N3,0.884206,0.09456,0.013053,0.004054,0.004128
99,2940.0,W,N3,0.889267,0.089188,0.012925,0.004445,0.004175
100,2970.0,W,N3,0.865746,0.111605,0.01341,0.004499,0.00474
101,3000.0,W,N3,0.871147,0.101366,0.017063,0.005096,0.005329
102,3030.0,W,N3,0.863202,0.114202,0.013741,0.004079,0.004776
103,3060.0,W,N3,0.84474,0.114399,0.017574,0.007456,0.015831
104,3090.0,W,N3,0.858893,0.086418,0.021042,0.011349,0.022298
105,3120.0,W,N3,0.870923,0.074888,0.019205,0.011072,0.023912
106,3150.0,W,N3,0.856487,0.097407,0.015827,0.009184,0.021095
107,3180.0,W,N3,0.828809,0.076705,0.029524,0.018467,0.046496
108,3210.0,W,N3,0.902201,0.040973,0.018557,0.011367,0.026903
109,3240.0,W,N3,0.879017,0.067433,0.019529,0.007946,0.026075
110,3270.0,W,N3,0.838164,0.086705,0.023824,0.013408,0.037899
111,3300.0,W,N3,0.880057,0.064596,0.018865,0.009712,0.026771
112,3330.0,W,N3,0.914166,0.040875,0.016953,0.008814,0.019193
113,3360.0,W,N3,0.899896,0.039201,0.019112,0.013134,0.028657
114,3390.0,W,N3,0.912112,0.044917,0.013677,0.008398,0.020897
115,3420.0,W,N3,0.819506,0.091282,0.031655,0.015853,0.041704
116,3450.0,W,N3,0.880975,0.051098,0.019742,0.0127,0.035484
117,3480.0,W,N3,0.813052,0.083218,0.029606,0.020533,0.053592
118,3510.0,W,N3,0.861781,0.07853,0.018009,0.01069,0.03099
119,3540.0,W,N3,0.838918,0.083084,0.027517,0.014508,0.035973
120,3570.0,W,N3,0.853196,0.075124,0.022631,0.014705,0.034343
121,3600.0,W,N3,0.88401,0.058009,0.017712,0.011062,0.029208
122,3630.0,W,N3,0.868919,0.057849,0.02202,0.013674,0.037538
123,3660.0,W,N3,0.879265,0.056746,0.020815,0.011607,0.031567
124,3690.0,W,N3,0.87414,0.050702,0.022134,0.014653,0.03837
125,3720.0,W,N3,0.867337,0.057694,0.023574,0.015004,0.036392
126,3750.0,W,N3,0.861955,0.064646,0.02536,0.013436,0.034603
127,3780.0,W,N3,0.839186,0.074145,0.028678,0.014644,0.043348
128,3810.0,W,N3,0.846482,0.078298,0.024089,0.014479,0.036653
129,3840.0,W,N3,0.871835,0.057851,0.024952,0.013719,0.031643
130,3870.0,W,N3,0.915363,0.032642,0.014921,0.010001,0.027072
131,3900.0,W,N3,0.894251,0.043567,0.020206,0.011977,0.029999
132,3930.0,W,N3,0.796222,0.077949,0.037275,0.0267,0.061854
133,3960.0,W,N3,0.857261,0.07106,0.024074,0.013776,0.033828
134,3990.0,W,N3,0.820962,0.086738,0.034245,0.01592,0.042136
135,4020.0,W,N3,0.882454,0.062389,0.01788,0.009957,0.027321
136,4050.0,W,N3,0.856805,0.064312,0.024108,0.015622,0.039153
137,4080.0,W,N3,0.866827,0.069429,0.020227,0.010846,0.03267
138,4110.0,W,N3,0.870708,0.065974,0.020218,0.012458,0.030642
139,4140.0,W,N3,0.877416,0.074584,0.01645,0.007725,0.023825
140,4170.0,W,N3,0.889719,0.07117,0.014371,0.007476,0.017265
141,4200.0,W,N3,0.890254,0.064158,0.018354,0.008074,0.019161
142,4230.0,W,N3,0.846149,0.079312,0.025243,0.012601,0.036697
143,4260.0,W,N3,0.898494,0.052129,0.017037,0.008279,0.024062
144,4290.0,W,N3,0.881206,0.065228,0.020116,0.008241,0.02521
145,4320.0,W,N3,0.863162,0.073916,0.01861,0.010721,0.033591
146,4350.0,W,N3,0.866943,0.071388,0.021096,0.010808,0.029766
147,4380.0,W,N3,0.883628,0.061638,0.016499,0.011974,0.026261
148,4410.0,W,N3,0.90088,0.056324,0.014461,0.008701,0.019634
149,4440.0,W,N3,0.86159,0.072063,0.021746,0.014365,0.030237
150,4470.0,W,N3,0.876427,0.073831,0.020923,0.008631,0.020188
151,4500.0,W,N1,0.850595,0.06983,0.027158,0.01501,0.037406
152,4530.0,W,N3,0.837312,0.074734,0.033559,0.017106,0.037289
153,4560.0,W,N3,0.825802,0.091439,0.029797,0.017575,0.035386
154,4590.0,W,N3,0.868489,0.057362,0.027279,0.014921,0.031949
155,4620.0,W,N3,0.894502,0.059744,0.016968,0.009136,0.019651
156,4650.0,W,N3,0.843082,0.071929,0.030023,0.019365,0.0356
157,4680.0,W,N3,0.825244,0.062843,0.038148,0.024315,0.049451
158,4710.0,W,N3,0.804866,0.077298,0.041034,0.022856,0.053945
159,4740.0,W,N3,0.883729,0.057611,0.021975,0.012757,0.023929
160,4770.0,W,N3,0.850094,0.069404,0.027118,0.015802,0.037582
161,4800.0,W,N3,0.765475,0.083718,0.040656,0.034445,0.075706
162,4830.0,W,N1,0.813622,0.067699,0.038958,0.025856,0.053865
163,4860.0,W,N1,0.837771,0.069935,0.03647,0.022075,0.033749
164,4890.0,W,N3,0.854216,0.064746,0.028092,0.016124,0.036823
165,4920.0,W,N3,0.8498,0.078455,0.027619,0.012665,0.031461
166,4950.0,W,N3,0.844539,0.074037,0.026451,0.017823,0.037149
167,4980.0,W,N3,0.80397,0.07864,0.040069,0.025781,0.051541
168,5010.0,W,N3,0.843889,0.062896,0.029624,0.020387,0.043203
169,5040.0,W,N3,0.877454,0.048959,0.02431,0.015621,0.033655
170,5070.0,W,N3,0.808521,0.076206,0.037941,0.024246,0.053087
171,5100.0,W,N3,0.871907,0.056666,0.025855,0.016478,0.029094
172,5130.0,W,N3,0.855717,0.065484,0.030111,0.017618,0.031071
173,5160.0,W,N3,0.831699,0.063095,0.034364,0.020856,0.049986
174,5190.0,W,N3,0.830845,0.08104,0.035555,0.016913,0.035646
175,5220.0,W,N3,0.820553,0.078217,0.037212,0.018716,0.045301
176,5250.0,W,N3,0.829413,0.066847,0.038364,0.020301,0.045075
177,5280.0,W,N1,0.794326,0.076892,0.048729,0.023381,0.056672
178,5310.0,W,N3,0.883898,0.044219,0.028218,0.012297,0.031368
179,5340.0,W,N3,0.770163,0.074548,0.046419,0.031582,0.077288
180,5370.0,W,N3,0.848768,0.050617,0.030872,0.020558,0.049185
181,5400.0,W,N3,0.771787,0.086466,0.049285,0.027185,0.065278
182,5430.0,W,N3,0.801234,0.064062,0.050074,0.02643,0.0582
183,5460.0,W,N3,0.868379,0.04251,0.02799,0.022827,0.038295
184,5490.0,W,N3,0.871493,0.049744,0.026913,0.014146,0.037705
185,5520.0,W,N3,0.847508,0.062726,0.032281,0.015913,0.041572
186,5550.0,W,N3,0.794531,0.083,0.041812,0.022408,0.058249
187,5580.0,W,N1,0.724051,0.088725,0.063018,0.033018,0.091189
188,5610.0,W,N1,0.68691,0.089826,0.072754,0.045603,0.104908
189,5640.0,W,N3,0.878557,0.048425,0.029882,0.01347,0.029666
190,5670.0,W,N3,0.863676,0.055139,0.026059,0.016461,0.038664
191,5700.0,W,N3,0.857718,0.05536,0.03147,0.014566,0.040886
192,5730.0,W,N3,0.863198,0.056578,0.024775,0.017665,0.037784
193,5760.0,W,N3,0.79666,0.072796,0.049138,0.024321,0.057085
194,5790.0,W,N3,0.852664,0.068153,0.031373,0.014529,0.033281
195,5820.0,W,N3,0.802364,0.076052,0.045904,0.020343,0.055337
196,5850.0,W,N3,0.779827,0.066985,0.053371,0.02957,0.070247
197,5880.0,W,N3,0.743207,0.081933,0.062231,0.034889,0.07774
198,5910.0,W,N3,0.755092,0.093047,0.051189,0.028588,0.072085
199,5940.0,W,N1,0.715881,0.084784,0.072159,0.037532,0.089645
200,5970.0,W,N1,0.778435,0.074758,0.04729,0.027532,0.071984
201,6000.0,W,N3,0.885247,0.052875,0.021898,0.013464,0.026515
202,6030.0,W,N3,0.886299,0.049421,0.021063,0.013469,0.029748
203,6060.0,W,N3,0.880899,0.056785,0.024527,0.011445,0.026345
204,6090.0,W,N3,0.841681,0.07308,0.035518,0.016315,0.033406
205,6120.0,W,N3,0.836391,0.064817,0.031924,0.02171,0.045157
206,6150.0,W,N3,0.834584,0.071705,0.033101,0.018094,0.042517
207,6180.0,W,N3,0.856046,0.07641,0.024653,0.010603,0.032288
208,6210.0,W,N3,0.880039,0.073796,0.01856,0.008453,0.019152
209,6240.0,W,N3,0.806237,0.06989,0.036685,0.026107,0.06108
210,6270.0,W,N3,0.835794,0.070796,0.030922,0.015827,0.046661
211,6300.0,W,N3,0.80384,0.094093,0.038377,0.015938,0.047752
212,6330.0,W,N3,0.807901,0.095498,0.043082,0.014896,0.038623
213,6360.0,W,N3,0.855938,0.071974,0.027666,0.014382,0.030041
214,6390.0,W,N3,0.871371,0.068819,0.021836,0.011387,0.026588
215,6420.0,W,N3,0.724606,0.139214,0.055407,0.021612,0.05916
216,6450.0,W,N3,0.861409,0.073149,0.024804,0.012236,0.028403
217,6480.0,W,N3,0.803586,0.101585,0.040727,0.02006,0.034042
218,6510.0,W,N3,0.812847,0.088234,0.037641,0.018085,0.043192
219,6540.0,W,N3,0.83674,0.06038,0.034644,0.021019,0.047218
220,6570.0,W,N3,0.844556,0.066909,0.02984,0.015829,0.042865
221,6600.0,W,N1,0.743644,0.070715,0.059359,0.042899,0.083383
222,6630.0,W,N1,0.794349,0.08487,0.04068,0.024456,0.055645
223,6660.0,W,N3,0.830455,0.056244,0.036253,0.020628,0.05642
224,6690.0,W,N3,0.822477,0.075351,0.03371,0.018153,0.050309
225,6720.0,W,N3,0.865442,0.065207,0.021404,0.013331,0.034617
226,6750.0,W,N3,0.811646,0.07733,0.033245,0.021459,0.05632
227,6780.0,W,N3,0.863147,0.072008,0.024404,0.011382,0.029059
228,6810.0,W,N3,0.856593,0.072134,0.024146,0.013349,0.033779
229,6840.0,W,N3,0.86577,0.049488,0.030107,0.01725,0.037385
230,6870.0,W,N3,0.859007,0.055833,0.028962,0.017875,0.038322
231,6900.0,W,N3,0.791643,0.086796,0.041814,0.022872,0.056876
232,6930.0,W,N3,0.86586,0.053971,0.026221,0.01477,0.039178
233,6960.0,W,N3,0.873982,0.055363,0.020836,0.013603,0.036215
234,6990.0,W,N3,0.878777,0.061145,0.025189,0.011604,0.023285
235,7020.0,W,N3,0.88919,0.054029,0.01753,0.012951,0.0263
236,7050.0,W,N3,0.882487,0.064203,0.016728,0.009699,0.026884
237,7080.0,W,N3,0.893281,0.051085,0.01822,0.009305,0.02811
238,7110.0,W,N3,0.884047,0.046949,0.021464,0.011344,0.036196
239,7140.0,W,N3,0.833896,0.071345,0.031069,0.018583,0.045107
240,7170.0,W,N3,0.904465,0.050217,0.016942,0.010034,0.018342
241,7200.0,W,N3,0.914682,0.059753,0.01184,0.004756,0.00897
242,7230.0,W,N3,0.887048,0.060376,0.017116,0.008557,0.026904
243,7260.0,W,N3,0.866251,0.057986,0.02532,0.01344,0.037003
244,7290.0,W,N1,0.916518,0.044714,0.015068,0.00618,0.017519
245,7320.0,W,N3,0.939929,0.030049,0.011355,0.005436,0.013231
246,7350.0,W,N3,0.904244,0.04805,0.015816,0.008239,0.023652
247,7380.0,W,N3,0.817994,0.077476,0.034821,0.01736,0.052349
248,7410.0,W,N3,0.837949,0.055629,0.03207,0.0188,0.055553
249,7440.0,W,N3,0.847123,0.040902,0.02719,0.023485,0.0613
250,7470.0,W,N3,0.904969,0.044342,0.017126,0.008746,0.024816
251,7500.0,W,N3,0.833023,0.070201,0.031494,0.017409,0.047873
252,7530.0,W,N3,0.796043,0.076013,0.039483,0.023022,0.065439
253,7560.0,W,N3,0.815185,0.075473,0.033932,0.018625,0.056785
254,7590.0,W,N1,0.863578,0.055393,0.022772,0.017663,0.040595
255,7620.0,W,N3,0.884003,0.042953,0.024685,0.012232,0.036126
256,7650.0,W,N3,0.856303,0.057386,0.027246,0.015397,0.043669
257,7680.0,W,N3,0.864343,0.06679,0.025299,0.012778,0.030789
258,7710.0,W,N3,0.851056,0.067426,0.026486,0.016862,0.03817
259,7740.0,W,N3,0.894704,0.053392,0.01903,0.009189,0.023684
260,7770.0,W,N3,0.86046,0.065327,0.026121,0.012,0.036092
261,7800.0,W,N3,0.813286,0.076807,0.034127,0.022935,0.052845
262,7830.0,W,N3,0.847651,0.042705,0.028005,0.02355,0.058089
263,7860.0,W,N3,0.787736,0.092916,0.034077,0.019481,0.06579
264,7890.0,W,N3,0.742811,0.085545,0.048773,0.03509,0.087781
265,7920.0,W,N3,0.820393,0.070128,0.033983,0.020987,0.05451
266,7950.0,W,N3,0.813515,0.119303,0.039314,0.010224,0.017644
267,7980.0,W,N3,0.7798,0.145972,0.044538,0.010715,0.018975
268,8010.0,W,N3,0.857593,0.098974,0.026552,0.006046,0.010835
269,8040.0,W,N3,0.864877,0.08039,0.033241,0.008868,0.012624
270,8070.0,W,N3,0.837408,0.086867,0.027974,0.014285,0.033466
271,8100.0,W,N3,0.881788,0.065186,0.021892,0.010437,0.020697
272,8130.0,W,N3,0.903524,0.049162,0.016676,0.008255,0.022383
273,8160.0,W,N3,0.856688,0.087244,0.02407,0.011136,0.020862
274,8190.0,W,N3,0.910044,0.057699,0.016385,0.005657,0.010215
275,8220.0,W,N3,0.792075,0.135159,0.041321,0.011406,0.020039
276,8250.0,W,N3,0.870808,0.088268,0.023232,0.006934,0.010758
277,8280.0,W,N3,0.825345,0.121158,0.032052,0.008686,0.012758
278,8310.0,W,N3,0.788055,0.143732,0.040486,0.00975,0.017977
279,8340.0,W,N3,0.916545,0.054499,0.01374,0.004787,0.010429
280,8370.0,W,N3,0.884001,0.078324,0.020986,0.006721,0.009968
281,8400.0,W,N3,0.88752,0.072624,0.022484,0.006193,0.01118
282,8430.0,W,N3,0.878445,0.076421,0.018896,0.008064,0.018174
283,8460.0,W,N3,0.869941,0.081351,0.023021,0.008589,0.017098
284,8490.0,W,N3,0.881652,0.073425,0.021172,0.008724,0.015027
285,8520.0,W,N3,0.881362,0.074938,0.021624,0.007786,0.01429
286,8550.0,W,N3,0.935268,0.048594,0.008686,0.002857,0.004595
287,8580.0,W,N3,0.898296,0.067435,0.017767,0.00574,0.010762
288,8610.0,W,N3,0.880432,0.077067,0.024291,0.006914,0.011296
289,8640.0,W,N3,0.863466,0.092418,0.021111,0.008206,0.014798
290,8670.0,W,N3,0.805168,0.117208,0.038638,0.013894,0.025091
291,8700.0,W,N3,0.787398,0.151102,0.030815,0.01042,0.020265
292,8730.0,W,N3,0.891964,0.064845,0.01863,0.0077,0.016861
293,8760.0,W,N3,0.852965,0.09845,0.023933,0.008141,0.01651
294,8790.0,W,N3,0.827799,0.11902,0.027793,0.007895,0.017493
295,8820.0,W,N3,0.838776,0.099351,0.030568,0.009901,0.021404
296,8850.0,W,N3,0.868842,0.089645,0.022044,0.006293,0.013176
297,8880.0,W,N3,0.923562,0.047183,0.01345,0.004627,0.011177
298,8910.0,W,N3,0.827006,0.101616,0.027283,0.011011,0.033084
299,8940.0,W,N3,0.852833,0.094097,0.02055,0.008901,0.023619
300,8970.0,W,N3,0.867788,0.076486,0.019213,0.008448,0.028065
301,9000.0,W,N3,0.851895,0.081016,0.024593,0.009777,0.032719
302,9030.0,W,N3,0.851622,0.072878,0.03058,0.010553,0.034367
303,9060.0,W,N3,0.824177,0.103034,0.030438,0.009731,0.03262
304,9090.0,W,N3,0.846117,0.089012,0.027498,0.010192,0.027181
305,9120.0,W,N3,0.848256,0.100568,0.021979,0.008337,0.02086
306,9150.0,W,N3,0.822908,0.093738,0.036213,0.015527,0.031615
307,9180.0,W,N3,0.872771,0.081359,0.020773,0.007553,0.017544
308,9210.0,W,N3,0.871687,0.051298,0.022519,0.016167,0.038328
309,9240.0,W,N3,0.903837,0.044616,0.016119,0.010779,0.024648
310,9270.0,W,N3,0.911216,0.044687,0.017374,0.007702,0.019021
311,9300.0,W,N3,0.840296,0.064134,0.032512,0.018198,0.04486
312,9330.0,W,N3,0.882091,0.053846,0.021747,0.01267,0.029647
313,9360.0,W,N3,0.841283,0.086933,0.032597,0.010724,0.028463
314,9390.0,W,N3,0.830683,0.099163,0.031791,0.011502,0.026862
315,9420.0,W,N3,0.872492,0.080708,0.021118,0.008027,0.017655
316,9450.0,W,N3,0.854525,0.086876,0.02492,0.008442,0.025237
317,9480.0,W,N3,0.881989,0.058847,0.025721,0.011859,0.021584
318,9510.0,W,N3,0.878932,0.080171,0.019167,0.007756,0.013975
319,9540.0,W,N3,0.896514,0.063068,0.019614,0.007055,0.013749
320,9570.0,W,N3,0.8835,0.064101,0.022296,0.010293,0.01981
321,9600.0,W,N3,0.800481,0.088137,0.035617,0.017855,0.057911
322,9630.0,W,N3,0.878352,0.074825,0.021127,0.006682,0.019014
323,9660.0,W,N3,0.831728,0.09087,0.026743,0.013013,0.037647
324,9690.0,W,N3,0.854978,0.066907,0.025474,0.014664,0.037976
325,9720.0,W,N3,0.785867,0.099876,0.031286,0.017517,0.065454
326,9750.0,W,N3,0.886197,0.049506,0.019686,0.011534,0.033077
327,9780.0,W,N3,0.896114,0.049044,0.019903,0.011683,0.023256
328,9810.0,W,N1,0.78211,0.070813,0.046435,0.032848,0.067794
329,9840.0,W,N3,0.856499,0.053742,0.029752,0.018178,0.04183
330,9870.0,W,N3,0.741848,0.074701,0.053481,0.034111,0.095859
331,9900.0,W,N1,0.827932,0.062786,0.03364,0.018217,0.057425
332,9930.0,W,N3,0.935579,0.030578,0.012282,0.007704,0.013857
333,9960.0,W,N3,0.888289,0.050178,0.024027,0.01164,0.025867
334,9990.0,W,N3,0.839798,0.056333,0.03282,0.02063,0.050418
335,10020.0,W,N1,0.771689,0.085001,0.045864,0.029219,0.068227
336,10050.0,W,N3,0.75581,0.094177,0.051606,0.030263,0.068143
337,10080.0,W,N3,0.679889,0.090909,0.079541,0.042501,0.10716
338,10110.0,W,N3,0.696039,0.083547,0.069864,0.042243,0.108307
339,10140.0,W,N3,0.640746,0.092008,0.087578,0.048523,0.131144
340,10170.0,W,N1,0.594497,0.111833,0.099217,0.054157,0.140297
341,10200.0,W,N3,0.599881,0.103916,0.105377,0.050493,0.140333
342,10230.0,W,N3,0.685287,0.095859,0.068452,0.037282,0.11312
343,10260.0,W,N3,0.759071,0.073302,0.055952,0.036696,0.07498
344,10290.0,W,N3,0.685585,0.092655,0.078576,0.042197,0.100986
345,10320.0,W,N1,0.616905,0.123594,0.095147,0.049938,0.114415
346,10350.0,W,N3,0.788399,0.062952,0.045127,0.031543,0.071979
347,10380.0,W,N3,0.644281,0.096066,0.08584,0.049975,0.123837
348,10410.0,W,N3,0.670626,0.102466,0.073929,0.036699,0.11628
349,10440.0,W,N1,0.673027,0.087027,0.079368,0.043688,0.11689
350,10470.0,W,N3,0.69791,0.105727,0.066311,0.036458,0.093595
351,10500.0,W,N3,0.659107,0.097912,0.082475,0.049337,0.111168
352,10530.0,W,N3,0.751055,0.065374,0.062828,0.038142,0.082601
353,10560.0,W,N3,0.663875,0.089511,0.087725,0.051315,0.107576
354,10590.0,W,N3,0.729114,0.073146,0.061567,0.038114,0.098058
355,10620.0,W,N3,0.749177,0.085257,0.051886,0.034836,0.078843
356,10650.0,W,N3,0.784732,0.0683,0.04664,0.027443,0.072884
357,10680.0,W,N3,0.861609,0.047705,0.030629,0.016415,0.043641
358,10710.0,W,N3,0.700216,0.091892,0.071551,0.0345,0.10184
359,10740.0,W,N3,0.691706,0.095783,0.071488,0.047616,0.093407
360,10770.0,W,N1,0.788922,0.084462,0.049868,0.025119,0.05163
361,10800.0,W,N3,0.806661,0.07401,0.03973,0.023731,0.055868
362,10830.0,W,N1,0.841075,0.05576,0.033543,0.021792,0.04783
363,10860.0,W,N3,0.641182,0.100667,0.094697,0.047162,0.116292
364,10890.0,W,N3,0.694854,0.089655,0.06932,0.036731,0.109441
365,10920.0,W,N3,0.776698,0.063724,0.052982,0.0364,0.070195
366,10950.0,W,N3,0.836024,0.059178,0.034365,0.019573,0.05086
367,10980.0,W,N3,0.754152,0.071901,0.056895,0.036392,0.080659
368,11010.0,W,N3,0.831616,0.058732,0.032366,0.016989,0.060296
369,11040.0,W,N1,0.756266,0.101574,0.044258,0.025186,0.072716
370,11070.0,W,N1,0.655389,0.117578,0.057092,0.045741,0.124201
371,11100.0,W,N3,0.827216,0.053009,0.035391,0.025178,0.059206
372,11130.0,W,N3,0.864726,0.043581,0.027037,0.01945,0.045206
373,11160.0,W,N3,0.815646,0.06011,0.041381,0.025209,0.057654
374,11190.0,W,N3,0.841249,0.056119,0.02876,0.018975,0.054897
375,11220.0,W,N3,0.818658,0.061063,0.038172,0.020248,0.061859
376,11250.0,W,N3,0.792781,0.072231,0.041963,0.02398,0.069045
377,11280.0,W,N3,0.874862,0.049456,0.028211,0.01545,0.032021
378,11310.0,W,N3,0.867157,0.03951,0.028235,0.020639,0.044459
379,11340.0,W,N1,0.770832,0.091975,0.043344,0.02545,0.0684
380,11370.0,W,N3,0.777652,0.088588,0.04618,0.027402,0.060178
381,11400.0,W,N3,0.690164,0.104935,0.055687,0.040037,0.109177
382,11430.0,W,N3,0.717798,0.096983,0.05087,0.032617,0.101732
383,11460.0,W,N3,0.722312,0.097101,0.050924,0.031882,0.097781
384,11490.0,W,N3,0.733624,0.08984,0.049525,0.029579,0.097433
385,11520.0,W,N3,0.839265,0.068073,0.024555,0.015483,0.052623
386,11550.0,W,N3,0.843294,0.069294,0.025486,0.01749,0.044435
387,11580.0,W,N3,0.82507,0.056253,0.032216,0.023013,0.063448
388,11610.0,W,N3,0.8263,0.062319,0.03219,0.020812,0.058379
389,11640.0,W,N3,0.831012,0.07061,0.030713,0.02039,0.047276
390,11670.0,W,N3,0.881944,0.051,0.025608,0.014454,0.026994
391,11700.0,W,N3,0.828866,0.078733,0.032432,0.015376,0.044593
392,11730.0,W,N3,0.872244,0.067411,0.021585,0.010478,0.028282
393,11760.0,W,N3,0.904338,0.064579,0.016198,0.004631,0.010253
394,11790.0,W,N3,0.914853,0.052334,0.016338,0.005901,0.010575
395,11820.0,W,N3,0.911206,0.061216,0.012843,0.00429,0.010445
396,11850.0,W,N3,0.901685,0.061218,0.01669,0.00689,0.013518
397,11880.0,W,N3,0.927153,0.041214,0.011858,0.005844,0.013931
398,11910.0,W,N3,0.821336,0.056774,0.037137,0.025643,0.059109
399,11940.0,W,N3,0.82235,0.062658,0.038611,0.021395,0.054986
400,11970.0,W,N3,0.855868,0.059822,0.028459,0.017545,0.038305
401,12000.0,W,N3,0.878943,0.055458,0.021799,0.011651,0.032149
402,12030.0,W,N3,0.93961,0.038436,0.009429,0.004541,0.007984
403,12060.0,W,N3,0.950299,0.031128,0.008389,0.00342,0.006764
404,12090.0,W,N3,0.937499,0.042779,0.009699,0.003583,0.00644
405,12120.0,W,N3,0.933415,0.045115,0.010866,0.003814,0.006791
406,12150.0,W,N3,0.916725,0.058643,0.011192,0.004534,0.008906
407,12180.0,W,N3,0.929623,0.047377,0.011313,0.003629,0.008059
408,12210.0,W,N3,0.929596,0.043675,0.01218,0.004935,0.009614
409,12240.0,W,N3,0.938112,0.041939,0.009753,0.003642,0.006553
410,12270.0,W,N3,0.926037,0.055198,0.008452,0.003463,0.006851
411,12300.0,W,N3,0.938992,0.041704,0.008037,0.003855,0.007412
412,12330.0,W,N3,0.94491,0.035687,0.007737,0.003819,0.007847
413,12360.0,W,N3,0.905963,0.059599,0.01536,0.006448,0.012629
414,12390.0,W,N3,0.917591,0.055834,0.012752,0.004512,0.009311
415,12420.0,W,N3,0.909798,0.054263,0.017942,0.005399,0.012598
416,12450.0,W,N3,0.930047,0.047868,0.011258,0.003968,0.006858
417,12480.0,W,N3,0.945325,0.036643,0.009455,0.002711,0.005866
418,12510.0,W,N3,0.933549,0.045996,0.009881,0.003632,0.006943
419,12540.0,W,N3,0.92685,0.04306,0.011692,0.005462,0.012936
420,12570.0,W,N3,0.943721,0.034718,0.010443,0.004035,0.007083
421,12600.0,W,N3,0.94609,0.037777,0.007951,0.00306,0.005122
422,12630.0,W,N3,0.934689,0.043974,0.011903,0.003214,0.00622
423,12660.0,W,N3,0.945078,0.033899,0.011041,0.004055,0.005927
424,12690.0,W,N3,0.920493,0.049219,0.015224,0.005334,0.00973
425,12720.0,W,N3,0.938586,0.041132,0.010299,0.003242,0.00674
426,12750.0,W,N3,0.938068,0.041692,0.011032,0.002974,0.006233
427,12780.0,W,N3,0.929371,0.033844,0.012303,0.008331,0.01615
428,12810.0,W,N3,0.907184,0.066206,0.0139,0.003982,0.008728
429,12840.0,W,N3,0.891488,0.044239,0.019567,0.013641,0.031065
430,12870.0,W,N3,0.8118,0.071458,0.040753,0.023289,0.0527
431,12900.0,W,N3,0.813485,0.070884,0.038184,0.026323,0.051124
432,12930.0,W,N3,0.858907,0.053891,0.031602,0.016599,0.039002
433,12960.0,W,N3,0.830443,0.054402,0.038758,0.022236,0.05416
434,12990.0,W,N3,0.845655,0.056708,0.033447,0.019687,0.044503
435,13020.0,W,N1,0.803239,0.070539,0.035454,0.024431,0.066336
436,13050.0,W,N1,0.804125,0.075905,0.036417,0.022708,0.060845
437,13080.0,W,N3,0.792992,0.062892,0.044882,0.030415,0.068819
438,13110.0,W,N3,0.810139,0.077893,0.040213,0.02206,0.049695
439,13140.0,W,N3,0.81447,0.069954,0.041474,0.01933,0.054772
440,13170.0,W,N3,0.772059,0.081731,0.050936,0.022618,0.072656
441,13200.0,W,N3,0.819076,0.07238,0.035548,0.019408,0.053588
442,13230.0,W,N3,0.76874,0.086683,0.047886,0.023659,0.073032
443,13260.0,W,N1,0.783548,0.082906,0.045108,0.023362,0.065076
444,13290.0,W,N1,0.733006,0.092407,0.059059,0.029555,0.085972
445,13320.0,W,N1,0.724768,0.081447,0.066613,0.031832,0.09534
446,13350.0,W,N3,0.681096,0.105624,0.065694,0.0396,0.107986
447,13380.0,W,N3,0.752242,0.073984,0.063344,0.030505,0.079925
448,13410.0,W,N3,0.581649,0.113945,0.105016,0.058132,0.141258
449,13440.0,W,N3,0.835902,0.057473,0.034553,0.021067,0.051005
450,13470.0,W,N1,0.762659,0.069232,0.052462,0.036533,0.079114
451,13500.0,W,N3,0.762953,0.079088,0.05159,0.034334,0.072035
452,13530.0,W,N3,0.787747,0.076015,0.045597,0.027839,0.062802
453,13560.0,W,N1,0.73995,0.069437,0.062546,0.032937,0.095129
454,13590.0,W,N3,0.823854,0.065801,0.036054,0.02407,0.05022
455,13620.0,W,N1,0.836473,0.062439,0.031817,0.022369,0.046901
456,13650.0,W,N3,0.845838,0.059901,0.035004,0.017396,0.041861
457,13680.0,W,N3,0.833688,0.064834,0.033223,0.021034,0.047221
458,13710.0,W,N3,0.849574,0.050502,0.034445,0.017597,0.047882
459,13740.0,W,N3,0.875802,0.050187,0.022129,0.015806,0.036077
460,13770.0,W,N3,0.816717,0.07499,0.03194,0.020569,0.055783
461,13800.0,W,N1,0.752358,0.107313,0.042979,0.023931,0.073418
462,13830.0,W,N1,0.638872,0.119723,0.07524,0.045047,0.121118
463,13860.0,W,N3,0.818387,0.074138,0.036444,0.021013,0.050019
464,13890.0,W,N3,0.767363,0.104468,0.041372,0.02198,0.064817
465,13920.0,W,N3,0.856461,0.064452,0.023833,0.014312,0.040941
466,13950.0,W,N3,0.866901,0.052474,0.025707,0.014302,0.040616
467,13980.0,W,N3,0.89393,0.044357,0.020778,0.010777,0.030159
468,14010.0,W,N3,0.853878,0.063243,0.028785,0.012669,0.041425
469,14040.0,W,N3,0.890308,0.05044,0.020652,0.009702,0.028898
470,14070.0,W,N3,0.907123,0.044669,0.017586,0.008065,0.022557
471,14100.0,W,N3,0.887032,0.04795,0.023672,0.010029,0.031316
472,14130.0,W,N1,0.845207,0.05855,0.030979,0.017453,0.047812
473,14160.0,W,N3,0.867689,0.054151,0.0256,0.015871,0.036688
474,14190.0,W,N1,0.803115,0.090392,0.031931,0.021857,0.052704
475,14220.0,W,N1,0.858779,0.081953,0.022244,0.011109,0.025915
476,14250.0,W,N3,0.807653,0.09506,0.030316,0.01829,0.048681
477,14280.0,W,N3,0.923911,0.03857,0.012815,0.007312,0.017392
478,14310.0,W,N3,0.926662,0.048383,0.012108,0.004386,0.008462
479,14340.0,W,N3,0.908332,0.042657,0.015458,0.007949,0.025604
480,14370.0,W,N3,0.835135,0.049227,0.029936,0.022361,0.063341
481,14400.0,W,N3,0.795303,0.061899,0.038828,0.027418,0.076553
482,14430.0,W,N3,0.709487,0.09139,0.049544,0.039315,0.110264
483,14460.0,W,N1,0.53842,0.128916,0.076066,0.053734,0.202863
484,14490.0,W,N1,0.735384,0.082536,0.04493,0.030838,0.106311
485,14520.0,W,N3,0.821569,0.061342,0.031123,0.019985,0.06598
486,14550.0,W,N3,0.824485,0.052636,0.032251,0.018171,0.072457
487,14580.0,W,N3,0.741326,0.077361,0.04964,0.034314,0.097359
488,14610.0,W,N3,0.743863,0.074477,0.05138,0.028889,0.101392
489,14640.0,W,N3,0.861972,0.057246,0.026399,0.017744,0.036639
490,14670.0,W,N1,0.855818,0.052014,0.027025,0.018762,0.046381
491,14700.0,W,N3,0.851844,0.056298,0.027415,0.019578,0.044865
492,14730.0,W,N3,0.911415,0.044477,0.015547,0.009017,0.019544
493,14760.0,W,N3,0.907258,0.055642,0.015005,0.006605,0.01549
494,14790.0,W,N3,0.891202,0.058615,0.019649,0.009387,0.021148
495,14820.0,W,N3,0.92173,0.047436,0.012683,0.005749,0.012401
496,14850.0,W,N3,0.829668,0.086617,0.030776,0.014399,0.038541
497,14880.0,W,N3,0.902729,0.062309,0.015059,0.0058,0.014104
498,14910.0,W,N3,0.882162,0.072267,0.02026,0.008873,0.016438
499,14940.0,W,N3,0.866325,0.089383,0.022599,0.007643,0.01405
500,14970.0,W,N3,0.90584,0.061187,0.016765,0.005292,0.010916
501,15000.0,W,N3,0.885855,0.066611,0.017953,0.008212,0.021369
502,15030.0,W,N3,0.875207,0.066507,0.024102,0.00917,0.025014
503,15060.0,W,N3,0.81237,0.106427,0.030652,0.012125,0.038426
504,15090.0,W,N3,0.837299,0.097786,0.030052,0.010108,0.024755
505,15120.0,W,N3,0.824166,0.103589,0.031031,0.013994,0.02722
506,15150.0,W,N3,0.823606,0.105354,0.029226,0.008936,0.032878
507,15180.0,W,N3,0.81576,0.101788,0.03871,0.011969,0.031772
508,15210.0,W,N3,0.805462,0.116547,0.035272,0.010978,0.03174
509,15240.0,W,N3,0.918008,0.050756,0.01454,0.005866,0.01083
510,15270.0,W,N3,0.886536,0.067335,0.019654,0.006708,0.019767
511,15300.0,W,N3,0.811938,0.101736,0.037688,0.011996,0.036642
512,15330.0,W,N3,0.743176,0.149373,0.04164,0.017655,0.048156
513,15360.0,W,N3,0.869684,0.084912,0.021837,0.007848,0.015719
514,15390.0,W,N3,0.825883,0.109616,0.025413,0.011328,0.027759
515,15420.0,W,N1,0.851246,0.07746,0.024812,0.015839,0.030643
516,15450.0,W,N3,0.869364,0.085773,0.016815,0.007918,0.020131
517,15480.0,W,N3,0.904749,0.06127,0.01561,0.006528,0.011843
518,15510.0,W,N3,0.920626,0.045625,0.014327,0.006756,0.012666
519,15540.0,W,N1,0.854178,0.059683,0.022318,0.017562,0.046258
520,15570.0,W,N1,0.829274,0.078295,0.030368,0.017258,0.044805
521,15600.0,W,N1,0.882785,0.048889,0.023369,0.012899,0.032059
522,15630.0,W,N3,0.846978,0.065545,0.030084,0.014175,0.043219
523,15660.0,W,N3,0.838531,0.078416,0.028184,0.014291,0.040578
524,15690.0,W,N1,0.872379,0.067344,0.021843,0.010635,0.027799
525,15720.0,W,N3,0.922309,0.040838,0.015314,0.005711,0.015828
526,15750.0,W,N3,0.934612,0.035625,0.011455,0.004912,0.013396
527,15780.0,W,N3,0.895301,0.057348,0.017828,0.00799,0.021533
528,15810.0,W,N3,0.916415,0.046703,0.015249,0.006181,0.015452
529,15840.0,W,N3,0.921248,0.052108,0.012156,0.004548,0.00994
530,15870.0,W,N3,0.8915,0.0695,0.017746,0.006887,0.014368
531,15900.0,W,N3,0.914064,0.056557,0.01304,0.004397,0.011942
532,15930.0,W,N3,0.932817,0.047935,0.009714,0.003583,0.005952
533,15960.0,W,N3,0.910286,0.052966,0.016225,0.005676,0.014846
534,15990.0,W,N3,0.880552,0.071423,0.019148,0.007603,0.021274
535,16020.0,W,N3,0.928503,0.047062,0.011186,0.004195,0.009054
536,16050.0,W,N3,0.900459,0.050526,0.015882,0.009008,0.024124
537,16080.0,W,N3,0.92489,0.043299,0.013601,0.005546,0.012664
538,16110.0,W,N3,0.936411,0.042296,0.008889,0.003401,0.009003
539,16140.0,W,N3,0.933528,0.044814,0.010992,0.003005,0.007661
540,16170.0,W,N3,0.925821,0.049124,0.010347,0.004113,0.010595
541,16200.0,W,N3,0.923805,0.051625,0.012164,0.004114,0.008292
542,16230.0,W,N3,0.908091,0.059376,0.015027,0.005866,0.01164
543,16260.0,W,N3,0.896853,0.064267,0.01748,0.007031,0.014368
544,16290.0,W,N3,0.92844,0.0476,0.011921,0.0047,0.00734
545,16320.0,W,N3,0.885927,0.068227,0.021389,0.007711,0.016746
546,16350.0,W,N3,0.905657,0.060921,0.017128,0.005386,0.010908
547,16380.0,W,N3,0.903144,0.0593,0.019128,0.007163,0.011266
548,16410.0,W,N3,0.853248,0.092355,0.021484,0.010375,0.022537
549,16440.0,W,N3,0.838134,0.107632,0.023062,0.010342,0.02083
550,16470.0,W,N3,0.821835,0.10956,0.033093,0.012119,0.023392
551,16500.0,W,N3,0.866637,0.088752,0.021471,0.008811,0.014329
552,16530.0,W,N3,0.93184,0.042819,0.011633,0.004724,0.008983
553,16560.0,W,N3,0.890667,0.068801,0.018721,0.00714,0.01467
554,16590.0,W,N3,0.908495,0.05826,0.015319,0.006198,0.011728
555,16620.0,W,N3,0.952837,0.031143,0.007216,0.00306,0.005743
556,16650.0,W,N3,0.933909,0.042365,0.012067,0.004057,0.007601
557,16680.0,W,N3,0.94271,0.036959,0.010648,0.003223,0.00646
558,16710.0,W,N3,0.933358,0.042632,0.011746,0.00425,0.008013
559,16740.0,W,N3,0.931005,0.042591,0.014655,0.004194,0.007554
560,16770.0,W,N3,0.947519,0.033404,0.009542,0.003218,0.006316
561,16800.0,W,N3,0.948977,0.03586,0.007823,0.002763,0.004577
562,16830.0,W,N3,0.935096,0.041355,0.011136,0.00343,0.008984
563,16860.0,W,N3,0.942517,0.036003,0.011077,0.003609,0.006793
564,16890.0,W,N3,0.894344,0.071625,0.016978,0.005782,0.01127
565,16920.0,W,N3,0.931963,0.046357,0.010533,0.003546,0.007601
566,16950.0,W,N3,0.933514,0.043497,0.010389,0.003511,0.009088
567,16980.0,W,N3,0.894234,0.06501,0.019038,0.007229,0.014488
568,17010.0,W,N3,0.868278,0.083579,0.01968,0.008735,0.019729
569,17040.0,W,N3,0.954978,0.027493,0.007074,0.002782,0.007673
570,17070.0,W,N3,0.909488,0.057044,0.013994,0.005694,0.01378
571,17100.0,W,N3,0.927689,0.048636,0.009858,0.004472,0.009345
572,17130.0,W,N3,0.930692,0.041534,0.010637,0.005081,0.012056
573,17160.0,W,N1,0.880159,0.058964,0.021673,0.010676,0.028528
574,17190.0,W,N1,0.884636,0.067722,0.017452,0.00872,0.02147
575,17220.0,W,N3,0.847703,0.099547,0.021162,0.008386,0.023202
576,17250.0,W,N3,0.948891,0.038648,0.006131,0.002247,0.004083
577,17280.0,W,N3,0.948629,0.035696,0.008152,0.002857,0.004666
578,17310.0,W,N3,0.938533,0.039203,0.012068,0.00384,0.006356
579,17340.0,W,N3,0.945609,0.036222,0.009918,0.002864,0.005387
580,17370.0,W,N3,0.95203,0.033387,0.007518,0.002814,0.004252
581,17400.0,W,N3,0.93545,0.04725,0.008686,0.003492,0.005122
582,17430.0,W,N3,0.955513,0.032298,0.005758,0.002233,0.004198
583,17460.0,W,N3,0.953146,0.032588,0.006827,0.002657,0.004782
584,17490.0,W,N3,0.954732,0.031611,0.006729,0.002508,0.00442
585,17520.0,W,N3,0.944734,0.037565,0.008336,0.003139,0.006225
586,17550.0,W,N3,0.930047,0.04504,0.011844,0.004546,0.008522
587,17580.0,W,N3,0.946065,0.038582,0.006982,0.002682,0.00569
588,17610.0,W,N3,0.9403,0.037931,0.009658,0.003395,0.008716
589,17640.0,W,N3,0.941533,0.041525,0.008388,0.003138,0.005416
590,17670.0,W,N3,0.942994,0.038074,0.009137,0.003398,0.006397
591,17700.0,W,N3,0.933984,0.044317,0.010425,0.003564,0.007711
592,17730.0,W,N3,0.943583,0.03704,0.008623,0.003679,0.007076
593,17760.0,W,N3,0.955614,0.027941,0.007328,0.00284,0.006277
594,17790.0,W,N3,0.942238,0.035927,0.010543,0.003708,0.007584
595,17820.0,W,N3,0.939171,0.036239,0.008754,0.004957,0.010879
596,17850.0,W,N3,0.956899,0.029013,0.007043,0.002605,0.00444
597,17880.0,W,N3,0.963475,0.026208,0.004468,0.002031,0.003818
598,17910.0,W,N3,0.960241,0.029417,0.004814,0.001781,0.003747
599,17940.0,W,N3,0.954808,0.03026,0.007192,0.002795,0.004945
600,17970.0,W,N3,0.959014,0.028337,0.006444,0.00213,0.004075
601,18000.0,W,N3,0.951998,0.028276,0.010768,0.003226,0.005733
602,18030.0,W,N3,0.943566,0.03472,0.010779,0.003599,0.007337
603,18060.0,W,N3,0.947542,0.026212,0.009899,0.004549,0.011798
604,18090.0,W,N3,0.967804,0.021033,0.005691,0.002014,0.003459
605,18120.0,W,N3,0.967472,0.021687,0.005534,0.00187,0.003437
606,18150.0,W,N3,0.960501,0.026383,0.006863,0.002155,0.004098
607,18180.0,W,N3,0.969014,0.020329,0.00561,0.001804,0.003243
608,18210.0,W,N3,0.965605,0.022293,0.00601,0.002078,0.004014
609,18240.0,W,N3,0.963041,0.025239,0.005932,0.002006,0.003782
610,18270.0,W,N3,0.970799,0.019524,0.004476,0.001712,0.003488
611,18300.0,W,N3,0.969162,0.020917,0.004893,0.001473,0.003556
612,18330.0,W,N3,0.969674,0.01966,0.004818,0.001628,0.004221
613,18360.0,W,N3,0.963811,0.023787,0.00546,0.002026,0.004916
614,18390.0,W,N3,0.967148,0.020841,0.005389,0.001896,0.004726
615,18420.0,W,N3,0.960181,0.025217,0.006833,0.002442,0.005327
616,18450.0,W,N3,0.964135,0.022419,0.005838,0.002675,0.004933
617,18480.0,W,N3,0.953822,0.034854,0.006058,0.002005,0.003262
618,18510.0,W,N3,0.941077,0.044163,0.007633,0.002595,0.004533
619,18540.0,W,N3,0.954941,0.034964,0.005434,0.001569,0.003093
620,18570.0,W,N3,0.942865,0.044099,0.007306,0.002403,0.003328
621,18600.0,W,N3,0.946451,0.041728,0.006046,0.001808,0.003967
622,18630.0,W,N3,0.958563,0.03165,0.004717,0.001766,0.003304
623,18660.0,W,N3,0.948586,0.041153,0.005289,0.001641,0.00333
624,18690.0,W,N3,0.952127,0.038059,0.005031,0.001891,0.002891
625,18720.0,W,N3,0.949824,0.039161,0.005739,0.001934,0.003341
626,18750.0,W,N3,0.958529,0.03047,0.005961,0.001779,0.00326
627,18780.0,W,N3,0.946681,0.038323,0.008314,0.002458,0.004224
628,18810.0,W,N3,0.933152,0.048638,0.009203,0.003015,0.005992
629,18840.0,W,N3,0.942366,0.041383,0.007648,0.002995,0.005608
630,18870.0,W,N3,0.937124,0.046017,0.008396,0.002714,0.00575
631,18900.0,W,N3,0.932128,0.036665,0.009166,0.005805,0.016236
632,18930.0,W,N3,0.851516,0.057328,0.030246,0.018827,0.042082
633,18960.0,W,N3,0.888568,0.044093,0.020458,0.016143,0.030738
634,18990.0,W,N3,0.848004,0.06303,0.02502,0.012438,0.051509
635,19020.0,W,N3,0.930903,0.038339,0.011898,0.005693,0.013167
636,19050.0,W,N3,0.898299,0.063207,0.01517,0.007635,0.015689
637,19080.0,W,N3,0.879557,0.047463,0.024145,0.015473,0.033363
638,19110.0,W,N1,0.737324,0.093548,0.053208,0.030917,0.085003
639,19140.0,W,N3,0.875458,0.043845,0.022341,0.017731,0.040625
640,19170.0,W,N3,0.848305,0.057055,0.024424,0.017214,0.053002
641,19200.0,W,N3,0.876569,0.048441,0.022571,0.016371,0.036048
642,19230.0,W,N3,0.803017,0.06345,0.042624,0.026479,0.064429
643,19260.0,W,N3,0.895654,0.043022,0.020797,0.010283,0.030244
644,19290.0,W,N3,0.889436,0.03431,0.024263,0.014549,0.037442
645,19320.0,W,N3,0.796351,0.047281,0.039823,0.025987,0.090558
646,19350.0,W,N3,0.901566,0.049548,0.017422,0.009503,0.021962
647,19380.0,W,N3,0.815587,0.05548,0.035012,0.023158,0.070762
648,19410.0,W,N1,0.787251,0.062943,0.038729,0.030661,0.080416
649,19440.0,W,N3,0.797095,0.057235,0.033848,0.028153,0.083668
650,19470.0,W,N3,0.796134,0.063836,0.042709,0.027594,0.069728
651,19500.0,W,N3,0.776579,0.057525,0.042175,0.032067,0.091655
652,19530.0,W,N3,0.86328,0.049112,0.025002,0.017385,0.045221
653,19560.0,W,N3,0.779217,0.07105,0.043015,0.032868,0.07385
654,19590.0,W,N3,0.880228,0.052547,0.020683,0.011999,0.034543
655,19620.0,W,N3,0.767354,0.070572,0.04111,0.029379,0.091585
656,19650.0,W,N3,0.757083,0.073612,0.043053,0.03243,0.093823
657,19680.0,W,N3,0.785189,0.074894,0.035793,0.027104,0.077021
658,19710.0,W,N3,0.834787,0.06179,0.031646,0.016078,0.055699
659,19740.0,W,N3,0.821535,0.063195,0.034326,0.022388,0.058556
660,19770.0,W,N3,0.837928,0.055434,0.033882,0.020353,0.052402
661,19800.0,W,N3,0.920089,0.03215,0.016696,0.009325,0.02174
662,19830.0,W,N3,0.842225,0.071351,0.026719,0.021236,0.038469
663,19860.0,W,N1,0.758075,0.084821,0.047391,0.030693,0.079021
664,19890.0,W,N1,0.748611,0.062397,0.063468,0.042962,0.082562
665,19920.0,W,N3,0.825637,0.072797,0.033074,0.022619,0.045874
666,19950.0,W,N1,0.79261,0.064848,0.045632,0.026258,0.070652
667,19980.0,W,N3,0.820032,0.06694,0.034617,0.022269,0.056142
668,20010.0,W,N3,0.788701,0.069337,0.044584,0.027789,0.06959
669,20040.0,W,N3,0.88212,0.043946,0.024196,0.016759,0.032979
670,20070.0,W,N3,0.803665,0.064661,0.03685,0.023926,0.070898
671,20100.0,W,N3,0.783768,0.091485,0.038952,0.023957,0.061838
672,20130.0,W,N1,0.794107,0.093645,0.035158,0.022279,0.054812
673,20160.0,W,N3,0.871622,0.065287,0.022091,0.011795,0.029204
674,20190.0,W,N3,0.782095,0.084395,0.040739,0.023011,0.06976
675,20220.0,W,N1,0.682891,0.08066,0.065888,0.056158,0.114404
676,20250.0,W,N1,0.622163,0.104362,0.078971,0.049899,0.144606
677,20280.0,W,N1,0.833416,0.073422,0.025002,0.019488,0.048672
678,20310.0,W,N3,0.90041,0.055562,0.017717,0.00793,0.018381
679,20340.0,W,N3,0.918983,0.02686,0.016264,0.012942,0.024951
680,20370.0,W,N1,0.878906,0.040504,0.0225,0.019009,0.039081
681,20400.0,W,N3,0.842145,0.063603,0.026024,0.019273,0.048955
682,20430.0,W,N3,0.847606,0.072205,0.02253,0.01763,0.040029
683,20460.0,W,N3,0.822908,0.057275,0.034692,0.024241,0.060884
684,20490.0,W,N3,0.85587,0.053047,0.030749,0.015691,0.044643
685,20520.0,W,N1,0.795011,0.059487,0.037184,0.029055,0.079263
686,20550.0,W,N3,0.878589,0.053389,0.020646,0.013405,0.033971
687,20580.0,W,N3,0.880685,0.062508,0.015425,0.010608,0.030774
688,20610.0,W,N3,0.903482,0.042796,0.015328,0.012121,0.026274
689,20640.0,W,N3,0.843545,0.060968,0.027846,0.016892,0.050749
690,20670.0,W,N3,0.896982,0.050768,0.016821,0.01024,0.025189
691,20700.0,W,N3,0.833033,0.066868,0.02733,0.019271,0.053498
692,20730.0,W,N3,0.835143,0.061185,0.026861,0.01855,0.058261
693,20760.0,W,N3,0.856007,0.065078,0.025257,0.015573,0.038084
694,20790.0,W,N3,0.921249,0.048907,0.011057,0.005701,0.013087
695,20820.0,W,N3,0.933116,0.035168,0.011086,0.006169,0.014462
696,20850.0,W,N3,0.866194,0.05494,0.019597,0.015429,0.043839
697,20880.0,W,N3,0.85002,0.04827,0.02464,0.01758,0.059491
698,20910.0,W,N3,0.870556,0.046625,0.021284,0.015813,0.045722
699,20940.0,W,N3,0.855667,0.070642,0.02106,0.014085,0.038546
700,20970.0,W,N3,0.918984,0.058683,0.010764,0.004642,0.006928
701,21000.0,W,N3,0.929135,0.055995,0.007998,0.002652,0.00422
702,21030.0,W,N3,0.889659,0.060909,0.016045,0.009822,0.023565
703,21060.0,W,N3,0.89064,0.055016,0.01736,0.011784,0.0252
704,21090.0,W,N3,0.857951,0.045141,0.026218,0.025679,0.045011
705,21120.0,W,N3,0.925464,0.049048,0.009253,0.005503,0.010731
706,21150.0,W,N3,0.930002,0.057635,0.007194,0.002067,0.003102
707,21180.0,W,N3,0.928988,0.053363,0.00938,0.002509,0.00576
708,21210.0,W,N3,0.935567,0.050712,0.00735,0.002214,0.004157
709,21240.0,W,N3,0.94928,0.033426,0.006485,0.003004,0.007806
710,21270.0,W,N1,0.936604,0.027231,0.018882,0.005643,0.01164
711,21300.0,W,N1,0.844927,0.026208,0.073888,0.014745,0.040233
712,21330.0,W,N3,0.909525,0.020633,0.052447,0.003565,0.01383
713,21360.0,W,N3,0.737096,0.038035,0.177034,0.009476,0.038359
714,21390.0,W,N1,0.529155,0.090702,0.306266,0.016435,0.057442
715,21420.0,W,N3,0.60406,0.092311,0.224835,0.017745,0.061049
716,21450.0,W,N3,0.635132,0.092505,0.201271,0.019264,0.051828
717,21480.0,W,N1,0.569067,0.120793,0.216839,0.023157,0.070144
718,21510.0,W,N1,0.7195,0.10447,0.11984,0.013052,0.043137
719,21540.0,N1,N1,0.667095,0.14841,0.111877,0.018446,0.054172
720,21570.0,N1,N1,0.625836,0.182198,0.093058,0.022938,0.07597
721,21600.0,N1,N3,0.646622,0.186108,0.066865,0.022889,0.077516
722,21630.0,N1,N1,0.717971,0.146767,0.057115,0.020195,0.057952
723,21660.0,N1,N1,0.692063,0.144722,0.079341,0.022685,0.061188
724,21690.0,N1,N3,0.688099,0.176761,0.056911,0.02188,0.056348
725,21720.0,N1,N3,0.656797,0.228666,0.052626,0.016044,0.045866
726,21750.0,N1,N3,0.711643,0.192462,0.040619,0.0172,0.038077
727,21780.0,N1,N3,0.823677,0.137133,0.019933,0.007552,0.011706
728,21810.0,N1,N3,0.706461,0.20549,0.03558,0.015926,0.036544
729,21840.0,N1,N3,0.776592,0.142634,0.034239,0.012549,0.033985
730,21870.0,N1,N3,0.677729,0.230563,0.052456,0.015514,0.023738
731,21900.0,N2,N3,0.751625,0.190303,0.034803,0.010291,0.012978
732,21930.0,N2,N3,0.759344,0.17334,0.032237,0.014375,0.020704
733,21960.0,N1,N3,0.835424,0.127776,0.020708,0.006249,0.009843
734,21990.0,N1,N3,0.724541,0.186467,0.045017,0.017684,0.026291
735,22020.0,N2,N3,0.632129,0.300358,0.031307,0.024063,0.012143
736,22050.0,N2,N3,0.665148,0.225091,0.053866,0.033465,0.02243
737,22080.0,N2,N3,0.696742,0.230323,0.038409,0.021057,0.01347
738,22110.0,N2,N3,0.678292,0.208511,0.05961,0.042002,0.011584
739,22140.0,N2,N3,0.778437,0.13763,0.05273,0.020057,0.011146
740,22170.0,N2,N3,0.799212,0.122749,0.042275,0.016388,0.019376
741,22200.0,N1,N3,0.77806,0.061395,0.099339,0.013826,0.047381
742,22230.0,N1,N3,0.590062,0.13741,0.187816,0.021378,0.063335
743,22260.0,N1,N3,0.859041,0.016708,0.087533,0.007894,0.028824
744,22290.0,N1,N1,0.690139,0.134492,0.074622,0.028409,0.072338
745,22320.0,N1,N1,0.631148,0.118952,0.153278,0.027943,0.068679
746,22350.0,N1,N1,0.581399,0.12244,0.2007,0.021841,0.07362
747,22380.0,N1,N1,0.661037,0.13523,0.104903,0.022732,0.076098
748,22410.0,N1,N3,0.692017,0.129593,0.099353,0.022781,0.056256
749,22440.0,N1,N3,0.646553,0.171747,0.103942,0.024344,0.053414
750,22470.0,N1,N3,0.634693,0.117245,0.174821,0.01802,0.055221
751,22500.0,N1,N3,0.582747,0.114463,0.201016,0.021466,0.080308
752,22530.0,N1,N3,0.68088,0.177157,0.059239,0.023143,0.059581
753,22560.0,N1,N3,0.722427,0.205049,0.034571,0.013736,0.024218
754,22590.0,N1,N3,0.741718,0.153336,0.049639,0.018721,0.036585
755,22620.0,N1,N3,0.716573,0.058098,0.167933,0.012566,0.044831
756,22650.0,N1,N1,0.747353,0.051582,0.133066,0.015384,0.052615
757,22680.0,N1,N3,0.893146,0.038528,0.040828,0.006168,0.02133
758,22710.0,W,N3,0.950077,0.020293,0.020951,0.002021,0.006658
759,22740.0,N1,N3,0.887333,0.02071,0.059682,0.008751,0.023523
760,22770.0,N1,N1,0.678384,0.083515,0.173383,0.015951,0.048767
761,22800.0,N1,N1,0.674212,0.125053,0.119185,0.023443,0.058107
762,22830.0,N1,N1,0.648537,0.130409,0.114318,0.024546,0.08219
763,22860.0,N1,N3,0.725842,0.126466,0.068989,0.021577,0.057126
764,22890.0,N2,N3,0.785271,0.148687,0.028115,0.011707,0.026219
765,22920.0,N2,N3,0.745337,0.170042,0.038734,0.015712,0.030175
766,22950.0,N2,N3,0.660784,0.179839,0.083293,0.021837,0.054247
767,22980.0,N2,N3,0.818583,0.133916,0.02527,0.008987,0.013243
768,23010.0,N2,N3,0.740589,0.131135,0.079565,0.02267,0.026041
769,23040.0,N2,N3,0.684976,0.135615,0.076225,0.024768,0.078416
770,23070.0,N1,N3,0.961838,0.011565,0.011185,0.00313,0.012282
771,23100.0,N1,N3,0.82234,0.058861,0.072022,0.010817,0.03596
772,23130.0,N1,N1,0.599966,0.115374,0.209832,0.016533,0.058295
773,23160.0,N1,N3,0.639791,0.118285,0.143084,0.027127,0.071713
774,23190.0,N1,N3,0.66207,0.132038,0.088237,0.030352,0.087303
775,23220.0,N1,N3,0.709726,0.176479,0.046337,0.018877,0.048581
776,23250.0,N1,N3,0.809152,0.051151,0.092744,0.010212,0.036742
777,23280.0,W,N3,0.895611,0.046542,0.038483,0.003893,0.01547
778,23310.0,W,N3,0.642511,0.05865,0.245876,0.011465,0.041498
779,23340.0,N1,N1,0.635269,0.130685,0.141638,0.02261,0.069798
780,23370.0,N1,N3,0.631021,0.1241,0.149989,0.022737,0.072154
781,23400.0,N1,N3,0.732674,0.13831,0.06468,0.019784,0.044552
782,23430.0,N1,N3,0.764059,0.145375,0.040911,0.016352,0.033302
783,23460.0,N1,N3,0.766843,0.134788,0.038952,0.018333,0.041085
784,23490.0,N1,N3,0.824202,0.12925,0.024247,0.008586,0.013714
785,23520.0,N2,N3,0.869882,0.094362,0.019004,0.008854,0.007898
786,23550.0,N2,N3,0.802563,0.139105,0.030492,0.016593,0.011247
787,23580.0,N2,N3,0.767809,0.165862,0.035576,0.020983,0.00977
788,23610.0,N2,N3,0.675226,0.183792,0.063754,0.065128,0.012099
789,23640.0,N2,N3,0.784507,0.132549,0.045448,0.031349,0.006148
790,23670.0,N2,N3,0.683247,0.190283,0.064003,0.053035,0.009432
791,23700.0,N2,N3,0.770358,0.148211,0.042047,0.032391,0.006993
792,23730.0,N2,N3,0.673851,0.229986,0.04923,0.039306,0.007626
793,23760.0,N2,N3,0.739472,0.175792,0.041217,0.037501,0.006017
794,23790.0,N2,N3,0.766914,0.150307,0.043862,0.033289,0.005627
795,23820.0,N2,N3,0.840723,0.106349,0.024137,0.024643,0.004147
796,23850.0,N2,N3,0.798495,0.138414,0.03261,0.025599,0.004882
797,23880.0,N3,N3,0.815544,0.126367,0.029915,0.024028,0.004146
798,23910.0,N2,N3,0.828536,0.122471,0.033871,0.010335,0.004787
799,23940.0,N2,N3,0.810813,0.13959,0.02641,0.018476,0.004712
800,23970.0,N2,N3,0.8013,0.131198,0.031609,0.032008,0.003886
801,24000.0,N2,N3,0.800077,0.147866,0.02928,0.019517,0.00326
802,24030.0,N3,N3,0.846043,0.117659,0.021825,0.011807,0.002666
803,24060.0,N3,N3,0.853392,0.111632,0.018895,0.012745,0.003336
804,24090.0,N3,N3,0.861249,0.102459,0.018581,0.014298,0.003413
805,24120.0,N3,N3,0.877629,0.093605,0.017185,0.009299,0.002281
806,24150.0,N3,N3,0.868389,0.099972,0.021558,0.007605,0.002475
807,24180.0,N3,N3,0.899004,0.080354,0.013552,0.005554,0.001536
808,24210.0,N3,N3,0.853496,0.112926,0.016676,0.013912,0.00299
809,24240.0,N3,N3,0.877877,0.093539,0.015407,0.009621,0.003555
810,24270.0,N3,N3,0.903889,0.070038,0.016316,0.007467,0.002291
811,24300.0,N3,N3,0.898264,0.075166,0.014563,0.009951,0.002055
812,24330.0,N3,N3,0.914991,0.065439,0.012228,0.005515,0.001827
813,24360.0,N3,N3,0.911369,0.066945,0.013119,0.006633,0.001933
814,24390.0,N3,N3,0.891866,0.086207,0.01437,0.005858,0.001699
815,24420.0,N3,N3,0.895561,0.084505,0.012232,0.005718,0.001985
816,24450.0,N3,N3,0.902863,0.078464,0.012416,0.00447,0.001788
817,24480.0,N3,N3,0.918532,0.063323,0.009572,0.007084,0.001488
818,24510.0,N3,N3,0.913775,0.069844,0.010235,0.004325,0.001821
819,24540.0,N3,N3,0.882203,0.08811,0.017484,0.009955,0.002248
820,24570.0,N3,N3,0.904513,0.07892,0.009812,0.005012,0.001743
821,24600.0,N3,N3,0.906399,0.07582,0.011789,0.004109,0.001884
822,24630.0,N3,N3,0.90468,0.076956,0.010504,0.006049,0.00181
823,24660.0,N3,N3,0.906242,0.077127,0.009782,0.005283,0.001566
824,24690.0,N3,N3,0.927851,0.057942,0.008401,0.004277,0.001529
825,24720.0,N2,N3,0.898062,0.076611,0.015245,0.007837,0.002245
826,24750.0,N3,N3,0.92095,0.059899,0.011396,0.006085,0.001669
827,24780.0,N3,N3,0.905372,0.077434,0.009914,0.005576,0.001704
828,24810.0,N3,N3,0.92503,0.060685,0.008965,0.003932,0.001388
829,24840.0,N3,N3,0.936415,0.049485,0.009083,0.003787,0.00123
830,24870.0,N3,N3,0.935577,0.049732,0.009044,0.004117,0.00153
831,24900.0,N3,N3,0.922658,0.06328,0.00874,0.004027,0.001294
832,24930.0,N3,N3,0.889616,0.087288,0.013059,0.007988,0.002049
833,24960.0,N3,N3,0.916718,0.065621,0.010514,0.005624,0.001524
834,24990.0,N3,N3,0.919545,0.065222,0.009583,0.00449,0.001161
835,25020.0,N3,N3,0.925406,0.062403,0.008087,0.002827,0.001277
836,25050.0,N3,N3,0.914649,0.068526,0.010744,0.00469,0.001392
837,25080.0,N3,N3,0.921214,0.061223,0.010544,0.005259,0.00176
838,25110.0,N3,N3,0.935421,0.05203,0.007774,0.003531,0.001245
839,25140.0,N3,N3,0.917614,0.064302,0.010549,0.005997,0.001539
840,25170.0,N3,N3,0.92882,0.056754,0.008588,0.004642,0.001195
841,25200.0,N3,N3,0.935483,0.050586,0.008029,0.004491,0.001411
842,25230.0,N3,N3,0.922568,0.062426,0.008356,0.004844,0.001805
843,25260.0,N3,N3,0.939396,0.050753,0.006698,0.002068,0.001085
844,25290.0,N3,N3,0.941502,0.046277,0.007492,0.003326,0.001403
845,25320.0,N3,N3,0.926811,0.057718,0.009617,0.004491,0.001363
846,25350.0,N3,N3,0.909874,0.072088,0.008915,0.007621,0.001502
847,25380.0,N3,N3,0.932942,0.053567,0.008946,0.003353,0.001192
848,25410.0,N3,N3,0.922713,0.057901,0.010655,0.007087,0.001644
849,25440.0,N3,N3,0.932416,0.053496,0.008897,0.003956,0.001235
850,25470.0,N3,N3,0.910837,0.072961,0.010001,0.004798,0.001402
851,25500.0,N3,N3,0.943008,0.047365,0.0063,0.002316,0.001011
852,25530.0,N3,N3,0.908801,0.072345,0.01151,0.005758,0.001586
853,25560.0,N3,N3,0.927293,0.058856,0.009277,0.003284,0.00129
854,25590.0,N3,N3,0.91291,0.073668,0.008264,0.003957,0.001201
855,25620.0,N3,N3,0.935741,0.049838,0.008954,0.003936,0.001531
856,25650.0,N3,N3,0.922382,0.059743,0.010106,0.006158,0.001611
857,25680.0,N3,N3,0.936451,0.046236,0.010396,0.003292,0.003625
858,25710.0,N2,N3,0.900975,0.074555,0.014109,0.00441,0.005951
859,25740.0,N2,N3,0.956616,0.019311,0.013821,0.003023,0.007229
860,25770.0,N2,N3,0.887963,0.031253,0.042599,0.009978,0.028207
861,25800.0,W,N3,0.866515,0.025637,0.048321,0.014368,0.045159
862,25830.0,W,N1,0.54925,0.076634,0.115858,0.06045,0.197807
863,25860.0,W,N3,0.748841,0.05648,0.059228,0.031931,0.103521
864,25890.0,W,N3,0.942905,0.016849,0.017214,0.00647,0.016561
865,25920.0,W,N3,0.963657,0.016573,0.010322,0.002573,0.006875
866,25950.0,W,N3,0.92343,0.033603,0.022587,0.005179,0.015201
867,25980.0,W,N1,0.752117,0.064586,0.122638,0.013576,0.047083
868,26010.0,W,N3,0.894702,0.034938,0.042491,0.005942,0.021927
869,26040.0,W,N3,0.8829,0.036208,0.052372,0.00642,0.022101
870,26070.0,N1,N3,0.736251,0.093464,0.108811,0.017704,0.04377
871,26100.0,N1,N3,0.809425,0.112351,0.035005,0.01605,0.027169
872,26130.0,N1,N3,0.758777,0.146819,0.042339,0.022823,0.029241
873,26160.0,N2,N3,0.838015,0.11893,0.023044,0.009134,0.010877
874,26190.0,N2,N3,0.912264,0.063955,0.01101,0.007128,0.005643
875,26220.0,N2,N3,0.914912,0.066214,0.009719,0.004898,0.004256
876,26250.0,N2,N3,0.83672,0.10155,0.028429,0.025262,0.008039
877,26280.0,N2,N3,0.849622,0.095782,0.026439,0.022477,0.00568
878,26310.0,N2,N3,0.824029,0.103347,0.034912,0.025507,0.012205
879,26340.0,N2,N3,0.882536,0.077189,0.021269,0.012157,0.006849
880,26370.0,N2,N3,0.809814,0.106431,0.036139,0.040893,0.006723
881,26400.0,N2,N3,0.800043,0.127332,0.028486,0.036325,0.007814
882,26430.0,N2,N3,0.684093,0.212942,0.04338,0.052199,0.007385
883,26460.0,N2,N3,0.767533,0.088082,0.076603,0.051956,0.015827
884,26490.0,N2,N3,0.873441,0.090298,0.018699,0.007231,0.010331
885,26520.0,N2,N3,0.773049,0.129483,0.036913,0.051235,0.00932
886,26550.0,N2,N3,0.879852,0.075464,0.023153,0.011886,0.009645
887,26580.0,N2,N3,0.731924,0.161444,0.051373,0.044995,0.010264
888,26610.0,N2,N3,0.866938,0.076035,0.038612,0.00959,0.008825
889,26640.0,N2,N3,0.828227,0.09255,0.035435,0.024197,0.019591
890,26670.0,N2,N3,0.864769,0.079068,0.026128,0.012228,0.017807
891,26700.0,N2,N3,0.85171,0.091938,0.023881,0.012821,0.01965
892,26730.0,N2,N3,0.85644,0.088997,0.024479,0.010807,0.019277
893,26760.0,N2,N3,0.686969,0.181565,0.051491,0.063317,0.016658
894,26790.0,N2,N3,0.797901,0.131192,0.036198,0.013876,0.020833
895,26820.0,N2,N1,0.830578,0.04887,0.050034,0.017743,0.052774
896,26850.0,W,N3,0.937408,0.024753,0.014223,0.007174,0.016442
897,26880.0,W,N1,0.836132,0.025849,0.058482,0.021287,0.05825
898,26910.0,W,N1,0.863623,0.024876,0.055789,0.012899,0.042814
899,26940.0,W,N1,0.865757,0.026679,0.068226,0.0079,0.031438
900,26970.0,N1,N1,0.496782,0.091858,0.317109,0.021224,0.073028
901,27000.0,N1,N1,0.686582,0.125856,0.084984,0.031765,0.070812
902,27030.0,N1,N3,0.730992,0.126016,0.063905,0.027006,0.052082
903,27060.0,N1,N1,0.463594,0.104207,0.322124,0.026448,0.083627
904,27090.0,N1,N3,0.700129,0.139415,0.083259,0.023629,0.053569
905,27120.0,N1,N3,0.694973,0.149484,0.070802,0.02698,0.057761
906,27150.0,N1,N3,0.775885,0.109436,0.046365,0.023106,0.045208
907,27180.0,N2,N3,0.829784,0.12299,0.022497,0.010728,0.014001
908,27210.0,N2,N3,0.797159,0.129061,0.027752,0.022341,0.023687
909,27240.0,N2,N3,0.773521,0.153687,0.034472,0.013509,0.02481
910,27270.0,N2,N3,0.779443,0.145215,0.035922,0.029564,0.009855
911,27300.0,N2,N3,0.760497,0.148253,0.038315,0.044621,0.008315
912,27330.0,N2,N3,0.751024,0.117131,0.041945,0.023531,0.06637
913,27360.0,N2,N3,0.714536,0.148382,0.051077,0.027595,0.05841
914,27390.0,W,N1,0.892086,0.021732,0.033699,0.011934,0.040549
915,27420.0,N1,N3,0.850977,0.033692,0.063006,0.013288,0.039035
916,27450.0,N1,N3,0.761114,0.128768,0.045874,0.020239,0.044004
917,27480.0,N1,N3,0.700696,0.131876,0.071453,0.027137,0.068838
918,27510.0,N2,N3,0.777539,0.152553,0.033588,0.014109,0.022211
919,27540.0,N2,N3,0.847407,0.090207,0.028865,0.012701,0.02082
920,27570.0,N2,N3,0.778947,0.130662,0.043122,0.020627,0.026641
921,27600.0,N2,N3,0.817666,0.099429,0.028489,0.040248,0.014168
922,27630.0,N2,N3,0.849946,0.087724,0.029712,0.024018,0.0086
923,27660.0,N2,N3,0.702366,0.18008,0.063211,0.04188,0.012464
924,27690.0,N2,N3,0.82194,0.106259,0.02812,0.027297,0.016385
925,27720.0,N2,N3,0.777017,0.126479,0.040524,0.047322,0.008658
926,27750.0,N2,N3,0.699609,0.185134,0.045274,0.061723,0.00826
927,27780.0,N2,N3,0.699092,0.151101,0.060254,0.080631,0.008922
928,27810.0,N1,N3,0.775857,0.084803,0.089688,0.0293,0.020352
929,27840.0,N2,N3,0.862235,0.08579,0.021347,0.012808,0.017821
930,27870.0,N2,N3,0.793379,0.126893,0.034478,0.029511,0.015739
931,27900.0,N2,N3,0.724523,0.170492,0.050074,0.042248,0.012662
932,27930.0,N2,N3,0.762018,0.117001,0.045543,0.066276,0.009161
933,27960.0,N2,N3,0.780559,0.1169,0.064892,0.025979,0.011669
934,27990.0,N2,N3,0.8377,0.084082,0.041871,0.028392,0.007955
935,28020.0,N2,N3,0.790176,0.110424,0.048927,0.036567,0.013906
936,28050.0,N2,N3,0.758787,0.134665,0.046127,0.048412,0.01201
937,28080.0,N2,N3,0.84488,0.086036,0.040687,0.017089,0.011308
938,28110.0,N2,N3,0.752616,0.156989,0.039888,0.036012,0.014495
939,28140.0,N2,N3,0.815774,0.095334,0.048103,0.032998,0.007792
940,28170.0,N2,N3,0.767196,0.130995,0.055388,0.039117,0.007302
941,28200.0,N2,N3,0.684352,0.181904,0.072305,0.0521,0.00934
942,28230.0,N2,N3,0.749947,0.151299,0.049791,0.0403,0.008664
943,28260.0,N2,N3,0.770452,0.14101,0.04464,0.037005,0.006894
944,28290.0,N2,N3,0.790792,0.123979,0.044604,0.030297,0.010328
945,28320.0,N2,N3,0.802615,0.129589,0.031588,0.031123,0.005085
946,28350.0,N2,N3,0.777827,0.113769,0.077739,0.017426,0.013239
947,28380.0,N2,N3,0.851417,0.105975,0.022475,0.011673,0.00846
948,28410.0,N2,N3,0.851567,0.077299,0.035273,0.012847,0.023014
949,28440.0,N2,N3,0.772842,0.147298,0.043951,0.025187,0.010722
950,28470.0,N2,N3,0.852164,0.080445,0.02788,0.031056,0.008454
951,28500.0,N2,N3,0.81543,0.137693,0.020728,0.022017,0.004133
952,28530.0,N2,N3,0.835573,0.104526,0.024965,0.029911,0.005025
953,28560.0,N2,N3,0.8207,0.116317,0.028836,0.019176,0.014971
954,28590.0,N2,N3,0.832625,0.111833,0.037784,0.00808,0.009678
955,28620.0,N2,N3,0.853039,0.087445,0.019811,0.031343,0.008363
956,28650.0,N2,N3,0.731801,0.189373,0.047843,0.015333,0.015649
957,28680.0,N2,N3,0.755517,0.145367,0.068672,0.013744,0.016699
958,28710.0,REM,N3,0.669397,0.143679,0.108892,0.024205,0.053827
959,28740.0,REM,N3,0.740839,0.156393,0.051127,0.015975,0.035666
960,28770.0,REM,N3,0.746586,0.153678,0.053598,0.021469,0.024669
961,28800.0,REM,N3,0.774699,0.155657,0.038586,0.012082,0.018976
962,28830.0,REM,N3,0.747958,0.165597,0.050587,0.012741,0.023116
963,28860.0,REM,N3,0.642515,0.160106,0.099366,0.030482,0.067531
964,28890.0,REM,N3,0.672922,0.216043,0.060336,0.020719,0.029979
965,28920.0,REM,N3,0.764426,0.152717,0.051945,0.011534,0.019378
966,28950.0,REM,N3,0.813263,0.119972,0.034478,0.010086,0.022201
967,28980.0,REM,N3,0.6133,0.188617,0.097456,0.030546,0.070081
968,29010.0,REM,N3,0.644606,0.226721,0.071501,0.015752,0.04142
969,29040.0,REM,N3,0.715232,0.176317,0.056264,0.016865,0.035323
970,29070.0,REM,N3,0.745675,0.154541,0.062679,0.01098,0.026125
971,29100.0,REM,N3,0.792907,0.12296,0.05515,0.010977,0.018007
972,29130.0,REM,N3,0.781888,0.145489,0.043194,0.010556,0.018873
973,29160.0,REM,N3,0.700366,0.191397,0.059041,0.019008,0.030188
974,29190.0,REM,N1,0.809402,0.119267,0.042487,0.010769,0.018074
975,29220.0,REM,N3,0.674867,0.220228,0.064746,0.015466,0.024694
976,29250.0,REM,N3,0.71801,0.197217,0.052393,0.012782,0.019598
977,29280.0,REM,N3,0.789174,0.1319,0.046848,0.010988,0.02109
978,29310.0,REM,N3,0.739767,0.161118,0.050586,0.015826,0.032703
979,29340.0,REM,N3,0.746801,0.176013,0.041832,0.012388,0.022966
980,29370.0,REM,N3,0.684589,0.193655,0.085742,0.01437,0.021644
981,29400.0,REM,N3,0.730071,0.174056,0.057326,0.013991,0.024557
982,29430.0,REM,N1,0.871228,0.080422,0.028061,0.007489,0.0128
983,29460.0,REM,N3,0.814938,0.120063,0.034287,0.011688,0.019024
984,29490.0,REM,N3,0.706735,0.202547,0.054656,0.013927,0.022134
985,29520.0,REM,N3,0.738234,0.147773,0.060588,0.018658,0.034748
986,29550.0,REM,N3,0.691234,0.177077,0.077771,0.017582,0.036337
987,29580.0,REM,N3,0.806243,0.112897,0.053352,0.011316,0.016192
988,29610.0,REM,N1,0.831,0.085952,0.062335,0.007747,0.012966
989,29640.0,REM,N3,0.776122,0.150056,0.042337,0.011669,0.019817
990,29670.0,REM,N3,0.710907,0.167229,0.068371,0.020139,0.033354
991,29700.0,REM,N3,0.752795,0.160293,0.054643,0.012359,0.019909
992,29730.0,REM,N3,0.791571,0.129439,0.045861,0.011164,0.021964
993,29760.0,REM,N3,0.776093,0.149553,0.039295,0.011989,0.02307
994,29790.0,REM,N3,0.880419,0.082232,0.022196,0.005177,0.009977
995,29820.0,REM,N3,0.833491,0.103734,0.033313,0.010988,0.018475
996,29850.0,REM,N3,0.81261,0.122846,0.037221,0.009191,0.018133
997,29880.0,REM,N3,0.773431,0.130244,0.054427,0.016664,0.025233
998,29910.0,REM,N3,0.690255,0.213919,0.054703,0.01314,0.027982
999,29940.0,REM,N3,0.805887,0.124599,0.043279,0.008833,0.017402
1000,29970.0,REM,N3,0.838365,0.110407,0.030508,0.007525,0.013194
1001,30000.0,REM,N1,0.815469,0.109461,0.042819,0.012259,0.019993
1002,30030.0,REM,N1,0.80683,0.123944,0.042332,0.009891,0.017003
1003,30060.0,REM,N3,0.865343,0.086739,0.026796,0.007727,0.013396
1004,30090.0,REM,N3,0.825007,0.117486,0.033248,0.007598,0.016662
1005,30120.0,REM,N3,0.771927,0.146609,0.042078,0.014291,0.025094
1006,30150.0,REM,N3,0.73879,0.172073,0.051654,0.014322,0.023161
1007,30180.0,REM,N3,0.730332,0.178167,0.049801,0.013373,0.028327
1008,30210.0,REM,N3,0.733585,0.189122,0.045367,0.011312,0.020614
1009,30240.0,REM,N3,0.720245,0.210765,0.042718,0.009307,0.016964
1010,30270.0,REM,N3,0.697729,0.16918,0.084786,0.016594,0.031711
1011,30300.0,REM,N3,0.743985,0.149072,0.062441,0.015544,0.028957
1012,30330.0,REM,N3,0.7749,0.172275,0.027957,0.008642,0.016226
1013,30360.0,N2,N3,0.742313,0.156974,0.062168,0.015656,0.022889
1014,30390.0,N2,N3,0.822004,0.126341,0.029382,0.007647,0.014626
1015,30420.0,N2,N3,0.617111,0.320497,0.027329,0.018857,0.016206
1016,30450.0,N2,N3,0.698303,0.183456,0.06601,0.036031,0.0162
1017,30480.0,N2,N3,0.817995,0.121594,0.028006,0.025711,0.006694
1018,30510.0,N2,N3,0.744778,0.152163,0.042168,0.047683,0.013208
1019,30540.0,N2,N3,0.661326,0.244455,0.055092,0.024594,0.014532
1020,30570.0,N2,N3,0.785184,0.130857,0.03768,0.036561,0.009719
1021,30600.0,N2,N3,0.755438,0.136865,0.05765,0.017873,0.032175
1022,30630.0,N2,N3,0.814013,0.096302,0.035531,0.040462,0.013692
1023,30660.0,N2,N3,0.751122,0.14096,0.054439,0.01956,0.033918
1024,30690.0,N2,N3,0.672803,0.151089,0.089978,0.054322,0.031809
1025,30720.0,N2,N3,0.839641,0.10136,0.029489,0.012511,0.016999
1026,30750.0,N2,N3,0.6995,0.157625,0.075798,0.046424,0.020653
1027,30780.0,N2,N3,0.671032,0.132495,0.072876,0.110685,0.012912
1028,30810.0,N2,N3,0.636294,0.175094,0.071614,0.103817,0.013181
1029,30840.0,N2,N3,0.710464,0.170857,0.052849,0.056877,0.008952
1030,30870.0,N2,N3,0.652698,0.21023,0.070951,0.055387,0.010732
1031,30900.0,N2,N3,0.751155,0.120109,0.059716,0.059491,0.009529
1032,30930.0,N2,N3,0.718438,0.162575,0.046286,0.063937,0.008763
1033,30960.0,N2,N3,0.765094,0.158808,0.043551,0.024254,0.008293
1034,30990.0,N2,N3,0.779401,0.137905,0.046311,0.028884,0.007499
1035,31020.0,N2,N3,0.752205,0.153459,0.047037,0.039155,0.008144
1036,31050.0,N2,N3,0.799464,0.117341,0.035625,0.041564,0.006006
1037,31080.0,N2,N3,0.79862,0.143467,0.033062,0.019559,0.005292
1038,31110.0,N2,N3,0.780439,0.149913,0.035182,0.028177,0.006289
1039,31140.0,N2,N3,0.877216,0.082572,0.020735,0.01627,0.003207
1040,31170.0,N2,N3,0.776313,0.160748,0.029767,0.027119,0.006053
1041,31200.0,N2,N3,0.849912,0.103492,0.023232,0.019567,0.003797
1042,31230.0,N2,N3,0.817491,0.133995,0.024941,0.018544,0.00503
1043,31260.0,N2,N3,0.859308,0.102239,0.02002,0.014756,0.003678
1044,31290.0,N2,N3,0.871732,0.095394,0.02029,0.009583,0.003
1045,31320.0,N2,N3,0.831624,0.117868,0.026871,0.019676,0.003961
1046,31350.0,N2,N3,0.870956,0.093442,0.017209,0.014693,0.0037
1047,31380.0,N2,N3,0.886285,0.081595,0.015656,0.013201,0.003263
1048,31410.0,N2,N3,0.85943,0.105854,0.020309,0.011046,0.003362
1049,31440.0,N2,N3,0.884822,0.086161,0.01623,0.009867,0.002921
1050,31470.0,N3,N3,0.908517,0.073097,0.011423,0.004823,0.00214
1051,31500.0,N2,N3,0.86026,0.108007,0.016302,0.012285,0.003145
1052,31530.0,N3,N3,0.912415,0.06698,0.012273,0.006248,0.002085
1053,31560.0,N3,N3,0.917179,0.066027,0.01094,0.003464,0.00239
1054,31590.0,N3,N3,0.907523,0.069455,0.015224,0.005702,0.002095
1055,31620.0,N2,N3,0.85196,0.111614,0.019058,0.014158,0.00321
1056,31650.0,N3,N3,0.923111,0.054088,0.011592,0.009237,0.001972
1057,31680.0,N3,N3,0.904782,0.074098,0.012146,0.006648,0.002325
1058,31710.0,N3,N3,0.930997,0.050828,0.010652,0.00561,0.001913
1059,31740.0,N3,N3,0.908185,0.070004,0.010877,0.008525,0.002409
1060,31770.0,N3,N3,0.90632,0.068506,0.0132,0.009327,0.002647
1061,31800.0,N3,N3,0.923413,0.057919,0.010438,0.006372,0.001858
1062,31830.0,N3,N3,0.932546,0.052291,0.008701,0.00482,0.001642
1063,31860.0,N3,N3,0.90122,0.080551,0.011533,0.004831,0.001865
1064,31890.0,N3,N3,0.910018,0.068358,0.011989,0.007079,0.002556
1065,31920.0,N3,N3,0.924065,0.061236,0.008634,0.004104,0.00196
1066,31950.0,N3,N3,0.931496,0.051676,0.009567,0.005781,0.001479
1067,31980.0,N3,N3,0.924754,0.059221,0.010077,0.004099,0.001849
1068,32010.0,N3,N3,0.918333,0.063148,0.011488,0.005216,0.001816
1069,32040.0,N3,N3,0.932791,0.054536,0.006448,0.004579,0.001646
1070,32070.0,N3,N3,0.920781,0.061415,0.010545,0.005441,0.001819
1071,32100.0,N3,N3,0.925402,0.056652,0.009447,0.00661,0.001889
1072,32130.0,N3,N3,0.901685,0.077083,0.012544,0.006668,0.00202
1073,32160.0,N3,N3,0.930756,0.051719,0.009588,0.006133,0.001804
1074,32190.0,N3,N3,0.909747,0.06987,0.011192,0.007189,0.002002
1075,32220.0,N3,N3,0.925415,0.058167,0.008769,0.005981,0.001668
1076,32250.0,N3,N3,0.91122,0.068707,0.011972,0.005687,0.002414
1077,32280.0,N3,N3,0.931655,0.051322,0.009082,0.005639,0.002302
1078,32310.0,N3,N3,0.911419,0.066904,0.011351,0.008229,0.002098
1079,32340.0,N3,N3,0.921677,0.06067,0.010632,0.005136,0.001885
1080,32370.0,N2,N1,0.929758,0.024086,0.014951,0.007748,0.023458
1081,32400.0,N2,N3,0.882244,0.08414,0.021375,0.004858,0.007383
1082,32430.0,N2,N3,0.896425,0.074452,0.017017,0.005014,0.007092
1083,32460.0,N2,N3,0.876188,0.088893,0.018852,0.006762,0.009305
1084,32490.0,N2,N3,0.879924,0.083396,0.018812,0.008668,0.0092
1085,32520.0,N2,N3,0.892815,0.075737,0.021046,0.005451,0.00495
1086,32550.0,N2,N3,0.905561,0.068139,0.014913,0.005165,0.006221
1087,32580.0,N2,N3,0.886756,0.070179,0.021549,0.015207,0.00631
1088,32610.0,N2,N3,0.874347,0.088776,0.021533,0.006844,0.008499
1089,32640.0,N2,N3,0.898002,0.066997,0.017113,0.011605,0.006283
1090,32670.0,N2,N3,0.861627,0.079842,0.033032,0.017249,0.008249
1091,32700.0,N2,N3,0.869068,0.074286,0.030475,0.016725,0.009446
1092,32730.0,N2,N3,0.885174,0.063933,0.026207,0.0175,0.007186
1093,32760.0,N2,N3,0.871469,0.083595,0.027465,0.011213,0.006258
1094,32790.0,N2,N3,0.891927,0.071235,0.017219,0.009126,0.010492
1095,32820.0,N2,N3,0.742118,0.146684,0.048455,0.049285,0.013457
1096,32850.0,N2,N3,0.870928,0.076149,0.030189,0.016535,0.006199
1097,32880.0,N2,N3,0.875638,0.07095,0.026988,0.018742,0.007682
1098,32910.0,N2,N3,0.827682,0.096859,0.047607,0.018351,0.009502
1099,32940.0,N2,N3,0.893001,0.067419,0.019661,0.012943,0.006976
1100,32970.0,N2,N3,0.864794,0.059056,0.037746,0.022679,0.015725
1101,33000.0,N2,N3,0.899508,0.064433,0.015449,0.014027,0.006584
1102,33030.0,N2,N3,0.828338,0.095583,0.028995,0.040147,0.006937
1103,33060.0,N2,N3,0.903168,0.053474,0.017057,0.008982,0.017318
1104,33090.0,N2,N3,0.872601,0.075512,0.021008,0.017107,0.013771
1105,33120.0,N2,N3,0.898493,0.058265,0.024377,0.011848,0.007017
1106,33150.0,N1,N1,0.927396,0.021422,0.022603,0.005947,0.022631
1107,33180.0,N2,N3,0.831581,0.109954,0.031676,0.012325,0.014465
1108,33210.0,N2,N3,0.798448,0.110018,0.035821,0.046894,0.00882
1109,33240.0,N2,N3,0.884512,0.062394,0.027071,0.016464,0.009558
1110,33270.0,N2,N3,0.84438,0.090014,0.032633,0.018629,0.014344
1111,33300.0,N2,N3,0.812939,0.106433,0.037195,0.035639,0.007795
1112,33330.0,N2,N3,0.782704,0.145596,0.031633,0.028112,0.011955
1113,33360.0,N2,N3,0.862292,0.091114,0.023508,0.016741,0.006345
1114,33390.0,N2,N3,0.801738,0.104512,0.035701,0.049993,0.008056
1115,33420.0,N2,N3,0.844529,0.092638,0.026422,0.029703,0.006708
1116,33450.0,N2,N3,0.889428,0.057884,0.028105,0.014673,0.009909
1117,33480.0,N2,N3,0.872586,0.080601,0.022308,0.014977,0.009527
1118,33510.0,N2,N3,0.789354,0.107789,0.045082,0.04829,0.009485
1119,33540.0,N2,N3,0.810761,0.116994,0.032632,0.031229,0.008385
1120,33570.0,N2,N3,0.836102,0.083407,0.042621,0.028839,0.009032
1121,33600.0,N2,N3,0.861357,0.096057,0.023964,0.010663,0.00796
1122,33630.0,N2,N3,0.895662,0.059431,0.018257,0.022101,0.00455
1123,33660.0,N2,N3,0.779843,0.132119,0.0359,0.043143,0.008995
1124,33690.0,N2,N3,0.890666,0.060963,0.031173,0.009238,0.007959
1125,33720.0,N2,N3,0.895995,0.070988,0.015366,0.010726,0.006925
1126,33750.0,N2,N3,0.833959,0.089655,0.029774,0.027061,0.019551
1127,33780.0,N2,N3,0.869819,0.068674,0.032519,0.020779,0.008209
1128,33810.0,N2,N3,0.853371,0.094812,0.028464,0.013729,0.009624
1129,33840.0,N2,N3,0.766133,0.112382,0.044348,0.064358,0.012779
1130,33870.0,N2,N3,0.871232,0.087605,0.02377,0.010516,0.006878
1131,33900.0,N2,N3,0.813897,0.107069,0.033284,0.038808,0.006941
1132,33930.0,N2,N3,0.762652,0.155476,0.03688,0.036765,0.008228
1133,33960.0,N2,N3,0.783385,0.130207,0.03522,0.044796,0.006393
1134,33990.0,N2,N3,0.889964,0.068883,0.018753,0.0182,0.0042
1135,34020.0,N2,N3,0.9049,0.05015,0.022364,0.008992,0.013594
1136,34050.0,N2,N3,0.8822,0.076181,0.02375,0.011666,0.006203
1137,34080.0,N2,N3,0.829097,0.090842,0.041136,0.027916,0.011009
1138,34110.0,N2,N3,0.870106,0.078288,0.030777,0.012461,0.008369
1139,34140.0,N2,N3,0.783317,0.121328,0.044444,0.040579,0.010332
1140,34170.0,N2,N3,0.756728,0.121219,0.052231,0.060552,0.00927
1141,34200.0,N2,N3,0.786242,0.125089,0.046991,0.029395,0.012283
1142,34230.0,N1,N3,0.855625,0.058611,0.029663,0.012985,0.043114
1143,34260.0,N2,N3,0.88395,0.066997,0.021713,0.017514,0.009826
1144,34290.0,N2,N3,0.853705,0.077816,0.03515,0.015394,0.017936
1145,34320.0,N2,N3,0.807836,0.108989,0.031585,0.041489,0.010101
1146,34350.0,N2,N3,0.846368,0.085394,0.037509,0.015843,0.014886
1147,34380.0,N2,N3,0.695879,0.187173,0.043612,0.061149,0.012187
1148,34410.0,N2,N3,0.849798,0.088874,0.040109,0.013666,0.007553
1149,34440.0,N2,N3,0.813385,0.096759,0.029505,0.04874,0.01161
1150,34470.0,N2,N3,0.852806,0.094108,0.024331,0.022801,0.005954
1151,34500.0,N2,N3,0.890959,0.064616,0.020816,0.008223,0.015386
1152,34530.0,N2,N3,0.78816,0.105009,0.037979,0.060244,0.008608
1153,34560.0,N2,N3,0.778921,0.133204,0.041163,0.037053,0.009659
1154,34590.0,N2,N3,0.814264,0.101112,0.044289,0.0268,0.013534
1155,34620.0,N2,N3,0.81856,0.11143,0.044813,0.011713,0.013483
1156,34650.0,N2,N3,0.726383,0.163613,0.04297,0.053711,0.013322
1157,34680.0,N2,N3,0.832094,0.104765,0.026466,0.024517,0.012158
1158,34710.0,N2,N3,0.840696,0.099246,0.030334,0.021716,0.008009
1159,34740.0,N2,N3,0.819477,0.091208,0.04406,0.033135,0.01212
1160,34770.0,N2,N3,0.802746,0.095003,0.041807,0.050386,0.010058
1161,34800.0,N2,N3,0.765147,0.12408,0.043211,0.058435,0.009127
1162,34830.0,N2,N3,0.843196,0.095048,0.028093,0.021004,0.012659
1163,34860.0,N2,N3,0.849126,0.095881,0.025563,0.019002,0.010428
1164,34890.0,N2,N3,0.819302,0.091959,0.034761,0.047089,0.006889
1165,34920.0,N2,N3,0.802821,0.134429,0.02694,0.030713,0.005096
1166,34950.0,N2,N3,0.888072,0.066663,0.02186,0.016955,0.00645
1167,34980.0,N2,N3,0.894067,0.068447,0.022236,0.006133,0.009116
1168,35010.0,N2,N3,0.837904,0.080492,0.036012,0.033299,0.012292
1169,35040.0,N2,N3,0.77717,0.138121,0.030558,0.047125,0.007026
1170,35070.0,N2,N3,0.856265,0.077822,0.033136,0.024946,0.007832
1171,35100.0,N2,N3,0.848407,0.094742,0.027801,0.011456,0.017595
1172,35130.0,N2,N3,0.77643,0.120598,0.040385,0.051669,0.010918
1173,35160.0,N2,N3,0.80939,0.13265,0.02444,0.026825,0.006694
1174,35190.0,N2,N3,0.861973,0.077424,0.032085,0.020493,0.008025
1175,35220.0,N2,N3,0.857247,0.091872,0.024948,0.015484,0.010448
1176,35250.0,N2,N3,0.848373,0.093308,0.035003,0.015459,0.007857
1177,35280.0,N2,N3,0.921024,0.048664,0.018863,0.005786,0.005663
1178,35310.0,N2,N3,0.857241,0.070702,0.034596,0.025406,0.012055
1179,35340.0,N2,N3,0.849538,0.096167,0.026775,0.009949,0.017572
1180,35370.0,N2,N3,0.834364,0.093738,0.03496,0.025456,0.011483
1181,35400.0,N2,N3,0.846591,0.084971,0.032345,0.017949,0.018144
1182,35430.0,N2,N3,0.88669,0.061694,0.029611,0.014803,0.007201
1183,35460.0,N2,N3,0.81024,0.11989,0.027352,0.034616,0.007902
1184,35490.0,N2,N3,0.824544,0.087521,0.044364,0.02707,0.016501
1185,35520.0,N2,N3,0.774456,0.14341,0.03457,0.03909,0.008474
1186,35550.0,N2,N3,0.803628,0.099674,0.037258,0.051081,0.008358
1187,35580.0,N2,N3,0.830816,0.086901,0.037534,0.032522,0.012227
1188,35610.0,N2,N3,0.842886,0.092144,0.02892,0.028612,0.007438
1189,35640.0,N1,N3,0.863833,0.031977,0.042371,0.017924,0.043895
1190,35670.0,W,N3,0.828938,0.034773,0.07943,0.012792,0.044067
1191,35700.0,W,N3,0.923503,0.017187,0.031181,0.006209,0.02192
1192,35730.0,N1,N3,0.762479,0.126964,0.049969,0.021334,0.039254
1193,35760.0,N1,N3,0.810309,0.053246,0.085947,0.017085,0.033413
1194,35790.0,N1,N1,0.677984,0.130189,0.102119,0.027478,0.062231
1195,35820.0,W,N3,0.93008,0.019832,0.034519,0.003895,0.011673
1196,35850.0,W,N1,0.538481,0.068769,0.331605,0.016837,0.044309
1197,35880.0,W,N3,0.840351,0.029975,0.09213,0.009815,0.027729
1198,35910.0,W,N3,0.605372,0.074321,0.275593,0.013495,0.031219
1199,35940.0,N1,N3,0.563876,0.121541,0.197137,0.037697,0.079748
1200,35970.0,N1,N3,0.609044,0.106345,0.19453,0.027349,0.062732
1201,36000.0,N1,N3,0.531291,0.156052,0.196941,0.035938,0.079778
1202,36030.0,N1,N3,0.684861,0.138967,0.092259,0.027019,0.056894
1203,36060.0,N1,N3,0.822173,0.039515,0.090869,0.012034,0.035408
1204,36090.0,N1,N3,0.739141,0.142504,0.052107,0.02411,0.042138
1205,36120.0,N1,N3,0.860447,0.091042,0.026274,0.008331,0.013905
1206,36150.0,N2,N3,0.820334,0.113827,0.030419,0.020274,0.015147
1207,36180.0,N2,N3,0.865447,0.091531,0.024927,0.011227,0.006868
1208,36210.0,N2,N3,0.850064,0.104968,0.017948,0.015371,0.01165
1209,36240.0,N2,N3,0.779401,0.116494,0.043776,0.051621,0.008708
1210,36270.0,N2,N3,0.783285,0.155199,0.024773,0.023227,0.013516
1211,36300.0,N2,N3,0.831369,0.094077,0.035427,0.017106,0.022022
1212,36330.0,N2,N3,0.829821,0.101452,0.031133,0.021656,0.015938
1213,36360.0,N2,N3,0.752387,0.153417,0.043219,0.032963,0.018014
1214,36390.0,N2,N3,0.851815,0.09421,0.022599,0.023219,0.008157
1215,36420.0,N2,N3,0.773286,0.127894,0.036752,0.052591,0.009477
1216,36450.0,N2,N3,0.797049,0.088468,0.035112,0.072587,0.006784
1217,36480.0,N2,N3,0.723783,0.168671,0.064223,0.033058,0.010264
1218,36510.0,N2,N1,0.88211,0.026897,0.044674,0.012157,0.034162
1219,36540.0,W,N1,0.854507,0.033397,0.06304,0.011647,0.037408
1220,36570.0,W,N3,0.893826,0.018458,0.057366,0.007763,0.022586
1221,36600.0,W,N1,0.570079,0.057996,0.30475,0.016201,0.050974
1222,36630.0,N1,N1,0.480271,0.135709,0.284291,0.025333,0.074397
1223,36660.0,N1,N1,0.459389,0.08872,0.363206,0.02209,0.066595
1224,36690.0,W,N1,0.800397,0.035119,0.110288,0.015464,0.038732
1225,36720.0,W,W,0.433888,0.083917,0.407035,0.019922,0.055239
1226,36750.0,W,N1,0.493215,0.132124,0.282632,0.024498,0.067531
1227,36780.0,N1,N1,0.528245,0.086452,0.219651,0.055451,0.110201
1228,36810.0,W,N3,0.709524,0.056589,0.193613,0.01017,0.030104
1229,36840.0,N1,N3,0.693646,0.138542,0.095788,0.024296,0.047728
1230,36870.0,N1,N3,0.696937,0.159952,0.064212,0.02589,0.05301
1231,36900.0,W,W,0.407393,0.088119,0.420584,0.022587,0.061317
1232,36930.0,W,N3,0.743091,0.045118,0.152177,0.018848,0.040765
1233,36960.0,W,N1,0.775263,0.034724,0.105099,0.02271,0.062203
1234,36990.0,W,N3,0.538327,0.107495,0.285081,0.01904,0.050057
1235,37020.0,N1,N3,0.70649,0.130733,0.08999,0.025203,0.047585
1236,37050.0,N1,N3,0.801539,0.132177,0.036411,0.011293,0.01858
1237,37080.0,N1,N3,0.817495,0.108536,0.035968,0.01453,0.023471
1238,37110.0,N1,N3,0.793634,0.13744,0.035269,0.01184,0.021816
1239,37140.0,N2,N3,0.8025,0.126952,0.031151,0.030796,0.0086
1240,37170.0,N2,N3,0.78762,0.139228,0.027398,0.036887,0.008867
1241,37200.0,N2,N3,0.877147,0.069873,0.02933,0.014205,0.009445
1242,37230.0,N2,N3,0.798124,0.118221,0.036499,0.036046,0.01111
1243,37260.0,N2,N3,0.810681,0.098522,0.036667,0.044504,0.009626
1244,37290.0,N2,N3,0.883701,0.066121,0.024553,0.018392,0.007233
1245,37320.0,N2,N3,0.757784,0.099544,0.050956,0.0798,0.011916
1246,37350.0,N2,N3,0.869327,0.085835,0.021542,0.010303,0.012993
1247,37380.0,N2,N3,0.681109,0.164817,0.054729,0.085969,0.013377
1248,37410.0,N2,N3,0.813314,0.093111,0.042563,0.039283,0.01173
1249,37440.0,N2,N3,0.845118,0.091922,0.029245,0.027071,0.006643
1250,37470.0,N2,N3,0.813463,0.104693,0.039114,0.035341,0.007389
1251,37500.0,N2,N3,0.791655,0.123762,0.051828,0.024553,0.008202
1252,37530.0,N2,N3,0.745221,0.146659,0.0458,0.050233,0.012087
1253,37560.0,N2,N3,0.747182,0.129866,0.038779,0.069377,0.014797
1254,37590.0,N2,N3,0.835482,0.086913,0.04665,0.018693,0.012263
1255,37620.0,N2,N3,0.688199,0.158596,0.060034,0.080042,0.01313
1256,37650.0,N2,N3,0.657696,0.179247,0.055979,0.096829,0.010248
1257,37680.0,N2,N3,0.822262,0.105861,0.04284,0.020939,0.008098
1258,37710.0,N2,N3,0.832672,0.11097,0.029857,0.017246,0.009255
1259,37740.0,N2,N3,0.720469,0.161227,0.05121,0.053558,0.013537
1260,37770.0,N2,N3,0.783824,0.08803,0.058548,0.052263,0.017336
1261,37800.0,N2,N3,0.877333,0.060996,0.032733,0.013348,0.01559
1262,37830.0,N2,N3,0.824283,0.098741,0.044561,0.014489,0.017925
1263,37860.0,N2,N3,0.862577,0.071915,0.029833,0.020078,0.015597
1264,37890.0,N1,N3,0.670247,0.091116,0.156937,0.021492,0.060208
1265,37920.0,N1,N3,0.82884,0.105119,0.039054,0.013172,0.013816
1266,37950.0,N2,N3,0.726648,0.147955,0.049292,0.066748,0.009356
1267,37980.0,N2,N3,0.721078,0.1567,0.050783,0.060822,0.010617
1268,38010.0,N2,N3,0.82587,0.092997,0.043305,0.028165,0.009663
1269,38040.0,N2,N3,0.73575,0.152513,0.053912,0.041423,0.016401
1270,38070.0,N2,N3,0.769149,0.135745,0.046168,0.037336,0.011603
1271,38100.0,N2,N3,0.746544,0.127364,0.059697,0.057854,0.008541
1272,38130.0,N2,N3,0.841093,0.097172,0.028773,0.022081,0.010881
1273,38160.0,N2,N3,0.664483,0.191676,0.067421,0.062172,0.014248
1274,38190.0,N2,N3,0.768059,0.138849,0.046334,0.040555,0.006203
1275,38220.0,N2,N3,0.741493,0.166418,0.04415,0.041012,0.006927
1276,38250.0,N2,N3,0.690381,0.185755,0.074049,0.040741,0.009074
1277,38280.0,N2,N3,0.840242,0.115445,0.027053,0.010742,0.006518
1278,38310.0,N2,N3,0.789006,0.133582,0.042236,0.028473,0.006703
1279,38340.0,N2,N3,0.760041,0.15378,0.044897,0.034659,0.006624
1280,38370.0,N2,N3,0.733087,0.158766,0.064907,0.034088,0.009152
1281,38400.0,N2,N3,0.81892,0.120138,0.037754,0.014981,0.008207
1282,38430.0,N2,N3,0.833418,0.123155,0.026585,0.009967,0.006875
1283,38460.0,N2,N3,0.81869,0.131424,0.030048,0.011991,0.007846
1284,38490.0,N2,N3,0.759461,0.149348,0.045752,0.034522,0.010917
1285,38520.0,N2,N3,0.807861,0.136293,0.037521,0.008017,0.010309
1286,38550.0,REM,N3,0.780944,0.128434,0.054316,0.016367,0.019939
1287,38580.0,REM,N3,0.797842,0.122005,0.044871,0.015088,0.020195
1288,38610.0,REM,N3,0.673006,0.196009,0.079451,0.022017,0.029517
1289,38640.0,REM,N3,0.691779,0.223355,0.045548,0.025051,0.014267
1290,38670.0,REM,N3,0.772919,0.164101,0.035926,0.011952,0.015102
1291,38700.0,REM,N3,0.766359,0.157405,0.053598,0.008499,0.014138
1292,38730.0,REM,N3,0.865672,0.084304,0.029545,0.007524,0.012955
1293,38760.0,REM,N3,0.899577,0.05628,0.027811,0.006046,0.010285
1294,38790.0,REM,N3,0.75317,0.143336,0.063122,0.013931,0.026441
1295,38820.0,REM,N3,0.758163,0.155809,0.052465,0.011806,0.021756
1296,38850.0,REM,N3,0.777608,0.126987,0.067661,0.009893,0.017851
1297,38880.0,REM,N1,0.859879,0.080349,0.034898,0.009687,0.015188
1298,38910.0,REM,N3,0.797053,0.12359,0.048534,0.010979,0.019844
1299,38940.0,REM,N3,0.776073,0.135784,0.053189,0.011799,0.023155
1300,38970.0,REM,N3,0.763059,0.133212,0.061579,0.015669,0.026482
1301,39000.0,REM,N3,0.737435,0.18752,0.042728,0.012626,0.019691
1302,39030.0,REM,N1,0.791139,0.137948,0.042701,0.010357,0.017855
1303,39060.0,REM,N3,0.805062,0.135194,0.034815,0.010562,0.014367
1304,39090.0,REM,N3,0.769243,0.149613,0.045308,0.013615,0.022221
1305,39120.0,REM,N1,0.697548,0.19581,0.063884,0.015198,0.02756
1306,39150.0,REM,N1,0.76158,0.15126,0.051741,0.013076,0.022344
1307,39180.0,REM,N3,0.837443,0.106521,0.030217,0.009883,0.015936
1308,39210.0,REM,N3,0.845971,0.095359,0.032654,0.010265,0.01575
1309,39240.0,REM,N3,0.813062,0.119262,0.038642,0.011558,0.017476
1310,39270.0,REM,N1,0.69833,0.208912,0.053349,0.015353,0.024057
1311,39300.0,REM,N3,0.721335,0.199144,0.045937,0.012848,0.020736
1312,39330.0,REM,N1,0.879626,0.07474,0.026705,0.006615,0.012315
1313,39360.0,REM,N1,0.854272,0.092498,0.028367,0.008315,0.016548
1314,39390.0,REM,N3,0.837053,0.099934,0.037726,0.010316,0.014971
1315,39420.0,REM,N1,0.825223,0.116,0.034658,0.008681,0.015438
1316,39450.0,REM,N3,0.847311,0.102453,0.027189,0.008693,0.014354
1317,39480.0,REM,N3,0.7906,0.141508,0.039018,0.010239,0.018635
1318,39510.0,REM,N3,0.681367,0.212507,0.054665,0.015746,0.035715
1319,39540.0,REM,N1,0.846793,0.104895,0.030093,0.007551,0.010668
1320,39570.0,REM,N1,0.867271,0.088186,0.027507,0.006714,0.010322
1321,39600.0,REM,N3,0.814018,0.108512,0.038848,0.012212,0.02641
1322,39630.0,REM,N3,0.698545,0.202793,0.052603,0.01546,0.0306
1323,39660.0,REM,N3,0.639145,0.194253,0.104065,0.021142,0.041395
1324,39690.0,REM,N3,0.698214,0.227659,0.03885,0.0134,0.021877
1325,39720.0,N2,N3,0.764296,0.180066,0.033399,0.010203,0.012035
1326,39750.0,N2,N3,0.722658,0.196298,0.049877,0.013733,0.017433
1327,39780.0,N2,N3,0.755541,0.170704,0.039106,0.012889,0.021759
1328,39810.0,N2,N3,0.739919,0.201082,0.032975,0.011072,0.014952
1329,39840.0,N2,N3,0.672073,0.277522,0.027319,0.008854,0.014232
1330,39870.0,N2,N3,0.830122,0.121713,0.025294,0.009887,0.012984
1331,39900.0,N2,N3,0.718361,0.225007,0.030345,0.009477,0.01681
1332,39930.0,N2,N3,0.786957,0.149837,0.038134,0.012958,0.012113
1333,39960.0,N2,N3,0.744923,0.197163,0.030081,0.011873,0.01596
1334,39990.0,N2,N3,0.772443,0.142427,0.039093,0.031899,0.014138
1335,40020.0,N2,N3,0.800333,0.153708,0.027381,0.008403,0.010176
1336,40050.0,N2,N3,0.799033,0.128831,0.037123,0.022577,0.012437
1337,40080.0,N2,N3,0.696865,0.194255,0.038365,0.05458,0.015934
1338,40110.0,N2,N3,0.71874,0.223266,0.032827,0.014264,0.010902
1339,40140.0,N2,N3,0.663757,0.181294,0.079277,0.063302,0.01237
1340,40170.0,N2,N3,0.641774,0.234621,0.059554,0.050886,0.013165
1341,40200.0,N2,N3,0.717464,0.170357,0.069529,0.031498,0.011152
1342,40230.0,N2,N3,0.676542,0.214908,0.048096,0.049707,0.010747
1343,40260.0,N2,N3,0.719507,0.180096,0.056949,0.034819,0.00863
1344,40290.0,N2,N3,0.799034,0.1279,0.038535,0.022599,0.011932
1345,40320.0,N2,N3,0.675957,0.184697,0.067062,0.05799,0.014294
1346,40350.0,N2,N3,0.627157,0.197456,0.08574,0.078357,0.01129
1347,40380.0,N2,N3,0.686749,0.171111,0.056153,0.077022,0.008966
1348,40410.0,N2,N3,0.764942,0.146429,0.044483,0.034706,0.009441
1349,40440.0,N2,N3,0.643056,0.210571,0.078969,0.055781,0.011623
1350,40470.0,N2,N3,0.677588,0.186178,0.056533,0.069951,0.00975
1351,40500.0,N2,N3,0.754453,0.160264,0.044557,0.032851,0.007876
1352,40530.0,N2,N3,0.702071,0.189532,0.060713,0.04011,0.007574
1353,40560.0,N2,N3,0.740904,0.161634,0.044148,0.045972,0.007342
1354,40590.0,N2,N3,0.737537,0.177132,0.040555,0.038194,0.006582
1355,40620.0,N2,N3,0.736194,0.188079,0.039512,0.029398,0.006816
1356,40650.0,N2,N3,0.793185,0.141148,0.033514,0.025787,0.006367
1357,40680.0,N2,N3,0.823053,0.128172,0.026826,0.015812,0.006136
1358,40710.0,N2,N3,0.803322,0.133722,0.035366,0.022363,0.005227
1359,40740.0,N2,N3,0.87431,0.090915,0.017651,0.01356,0.003563
1360,40770.0,N2,N3,0.840992,0.116769,0.024214,0.014094,0.003931
1361,40800.0,N2,N3,0.835607,0.111999,0.026048,0.022768,0.003579
1362,40830.0,N2,N3,0.825699,0.124067,0.02832,0.016556,0.005359
1363,40860.0,N2,N3,0.7708,0.159014,0.037018,0.027015,0.006152
1364,40890.0,N2,N3,0.848825,0.101174,0.023882,0.021613,0.004506
1365,40920.0,N2,N3,0.840521,0.118871,0.01896,0.018788,0.00286
1366,40950.0,N2,N3,0.853573,0.104279,0.020222,0.018321,0.003606
1367,40980.0,N2,N3,0.854874,0.107612,0.01976,0.014184,0.00357
1368,41010.0,N2,N3,0.859067,0.102877,0.018847,0.015803,0.003406
1369,41040.0,N3,N3,0.870284,0.099961,0.017791,0.009328,0.002636
1370,41070.0,N3,N3,0.879187,0.089377,0.016678,0.012,0.002758
1371,41100.0,N2,N3,0.864237,0.106987,0.018202,0.007288,0.003286
1372,41130.0,N2,N3,0.869011,0.090479,0.01905,0.017967,0.003493
1373,41160.0,N2,N3,0.888045,0.076077,0.015561,0.017191,0.003126
1374,41190.0,N2,N3,0.856444,0.104505,0.017054,0.019345,0.002652
1375,41220.0,N3,N3,0.892324,0.083146,0.014262,0.007615,0.002653
1376,41250.0,N2,N3,0.870456,0.099403,0.017468,0.009017,0.003656
1377,41280.0,N3,N3,0.914236,0.063613,0.011583,0.008293,0.002274
1378,41310.0,N3,N3,0.900385,0.072417,0.015208,0.009639,0.002351
1379,41340.0,N3,N3,0.922115,0.058341,0.011507,0.005203,0.002834
1380,41370.0,N2,N3,0.870495,0.096839,0.019328,0.01072,0.002618
1381,41400.0,N2,N3,0.892348,0.08095,0.014982,0.009293,0.002427
1382,41430.0,N3,N3,0.917386,0.061199,0.012344,0.006995,0.002077
1383,41460.0,N3,N3,0.879473,0.094012,0.015433,0.008673,0.002409
1384,41490.0,N2,N3,0.893818,0.084728,0.012959,0.006225,0.002269
1385,41520.0,N2,N3,0.887742,0.087394,0.015251,0.007481,0.002132
1386,41550.0,N2,N3,0.894632,0.078123,0.014832,0.009578,0.002835
1387,41580.0,N2,N3,0.887751,0.080717,0.015527,0.013105,0.002899
1388,41610.0,N3,N3,0.905368,0.072277,0.012384,0.007955,0.002017
1389,41640.0,N3,N3,0.925198,0.057024,0.009109,0.006814,0.001855
1390,41670.0,N2,N3,0.898307,0.076693,0.015363,0.007477,0.00216
1391,41700.0,N2,N3,0.902087,0.074201,0.014178,0.007452,0.002081
1392,41730.0,N3,N3,0.903367,0.074996,0.01199,0.007843,0.001805
1393,41760.0,N2,N3,0.894839,0.080357,0.015266,0.007601,0.001937
1394,41790.0,N3,N3,0.908398,0.072832,0.010599,0.005965,0.002206
1395,41820.0,N2,N3,0.903354,0.069065,0.014118,0.010812,0.002651
1396,41850.0,N2,N3,0.925107,0.055342,0.009779,0.007759,0.002012
1397,41880.0,N3,N3,0.90869,0.076747,0.009156,0.003697,0.00171
1398,41910.0,N3,N3,0.917289,0.061999,0.012052,0.006739,0.001921
1399,41940.0,N3,N3,0.926446,0.057598,0.009636,0.004714,0.001606
1400,41970.0,N3,N3,0.908672,0.06694,0.014427,0.008084,0.001877
1401,42000.0,N3,N3,0.903384,0.070646,0.014611,0.0088,0.002559
1402,42030.0,N3,N3,0.896592,0.078963,0.014246,0.008211,0.001988
1403,42060.0,N3,N3,0.940285,0.044554,0.008994,0.00488,0.001286
1404,42090.0,N3,N3,0.907433,0.074018,0.01295,0.003856,0.001743
1405,42120.0,N3,N3,0.916744,0.057823,0.013965,0.005314,0.006154
1406,42150.0,N1,N3,0.952826,0.026846,0.010687,0.002267,0.007373
1407,42180.0,N2,N3,0.899549,0.07438,0.017085,0.00417,0.004815
1408,42210.0,N2,N3,0.913525,0.068496,0.011211,0.003216,0.003551
1409,42240.0,N2,N3,0.808254,0.122277,0.047592,0.013037,0.00884
1410,42270.0,N2,N3,0.947331,0.025693,0.00894,0.005137,0.012899
1411,42300.0,N2,N3,0.833711,0.11794,0.028001,0.010241,0.010106
1412,42330.0,N2,N3,0.838017,0.107714,0.026901,0.021247,0.006121
1413,42360.0,N2,N3,0.80966,0.116951,0.041776,0.017589,0.014023
1414,42390.0,N2,N3,0.787968,0.144102,0.040383,0.014971,0.012575
1415,42420.0,N2,N3,0.859309,0.08508,0.032551,0.014082,0.008978
1416,42450.0,N2,N3,0.809249,0.116369,0.039205,0.021119,0.014059
1417,42480.0,N2,N3,0.901069,0.057687,0.025093,0.008028,0.008123
1418,42510.0,N2,N3,0.828573,0.089234,0.035638,0.035647,0.010908
1419,42540.0,N2,N3,0.728135,0.147673,0.05557,0.051991,0.016631
1420,42570.0,N2,N3,0.764277,0.102624,0.055666,0.068805,0.008628
1421,42600.0,N2,N3,0.846732,0.09258,0.029742,0.012232,0.018713
1422,42630.0,N2,N3,0.83178,0.093882,0.029111,0.039077,0.00615
1423,42660.0,N2,N3,0.734238,0.135894,0.054253,0.057039,0.018576
1424,42690.0,N2,N3,0.775377,0.141874,0.03596,0.039389,0.0074
1425,42720.0,N2,N3,0.840812,0.0974,0.034636,0.020962,0.006189
1426,42750.0,N2,N3,0.84437,0.088428,0.040102,0.020457,0.006642
1427,42780.0,N2,N3,0.933783,0.038949,0.012556,0.004557,0.010154
1428,42810.0,N2,N3,0.841,0.094121,0.032151,0.019432,0.013295
1429,42840.0,N2,N3,0.764568,0.135175,0.043761,0.042325,0.014171
1430,42870.0,N2,N3,0.851464,0.085045,0.036944,0.014927,0.01162
1431,42900.0,N2,N3,0.778138,0.122512,0.040916,0.048411,0.010022
1432,42930.0,N2,N3,0.893622,0.066326,0.020705,0.008274,0.011072
1433,42960.0,N2,N3,0.594442,0.206042,0.079633,0.104529,0.015354
1434,42990.0,N2,N3,0.808578,0.097623,0.054639,0.032558,0.006602
1435,43020.0,N2,N3,0.778943,0.122683,0.050277,0.036852,0.011245
1436,43050.0,N2,N3,0.719252,0.159277,0.072232,0.041328,0.007911
1437,43080.0,N2,N3,0.84091,0.099989,0.034204,0.013763,0.011134
1438,43110.0,N2,N3,0.725824,0.143702,0.068186,0.05268,0.009608
1439,43140.0,N2,N3,0.849935,0.093644,0.037696,0.010003,0.008723
1440,43170.0,N2,N3,0.696821,0.16473,0.05944,0.067773,0.011237
1441,43200.0,N2,N3,0.808538,0.124938,0.037421,0.018023,0.01108
1442,43230.0,N2,N3,0.710513,0.155284,0.048649,0.074086,0.011467
1443,43260.0,N2,N3,0.794996,0.117411,0.04886,0.028369,0.010365
1444,43290.0,N2,N3,0.842869,0.089015,0.031712,0.026257,0.010147
1445,43320.0,N2,N3,0.770821,0.097881,0.083564,0.035922,0.011811
1446,43350.0,N2,N3,0.756037,0.134057,0.058191,0.039298,0.012417
1447,43380.0,N2,N3,0.802263,0.086579,0.067082,0.020235,0.023841
1448,43410.0,N1,N3,0.937849,0.035158,0.015233,0.004098,0.007663
1449,43440.0,N1,N3,0.890351,0.058819,0.02436,0.011256,0.015214
1450,43470.0,N2,N3,0.720196,0.152191,0.049938,0.065399,0.012277
1451,43500.0,N2,N3,0.771651,0.096149,0.062956,0.060287,0.008957
1452,43530.0,N2,N3,0.870651,0.080831,0.021887,0.010493,0.016138
1453,43560.0,N2,N3,0.796275,0.129932,0.030638,0.030748,0.012406
1454,43590.0,N2,N3,0.822854,0.110348,0.0378,0.015439,0.013559
1455,43620.0,N2,N3,0.649849,0.195728,0.07294,0.071055,0.010427
1456,43650.0,N2,N3,0.791501,0.097217,0.053861,0.048793,0.008629
1457,43680.0,N2,N3,0.856482,0.088897,0.035145,0.009551,0.009925
1458,43710.0,N2,N3,0.719214,0.140524,0.06325,0.066115,0.010897
1459,43740.0,N2,N3,0.641172,0.152859,0.058957,0.134389,0.012624
1460,43770.0,N2,N3,0.834559,0.099825,0.032104,0.015694,0.017818
1461,43800.0,N1,N1,0.92396,0.02201,0.021937,0.008102,0.023992
1462,43830.0,N1,N3,0.854997,0.09153,0.030569,0.009522,0.013383
1463,43860.0,N2,N3,0.779569,0.135307,0.048133,0.025444,0.011548
1464,43890.0,N2,N3,0.78699,0.136231,0.039255,0.02271,0.014814
1465,43920.0,N2,N3,0.774731,0.135664,0.048697,0.032623,0.008285
1466,43950.0,N2,N3,0.851704,0.081748,0.028787,0.030339,0.007422
1467,43980.0,N2,N3,0.815191,0.107357,0.0401,0.025447,0.011905
1468,44010.0,N2,N3,0.762907,0.136545,0.053127,0.028832,0.018589
1469,44040.0,N2,N3,0.888192,0.06526,0.027424,0.011172,0.007952
1470,44070.0,N2,N3,0.821499,0.117386,0.024757,0.028317,0.008042
1471,44100.0,N2,N3,0.80778,0.106981,0.03651,0.039815,0.008915
1472,44130.0,N2,N3,0.722572,0.153232,0.04014,0.06804,0.016016
1473,44160.0,N1,N3,0.842612,0.051446,0.040082,0.02651,0.03935
1474,44190.0,N1,N3,0.809269,0.104097,0.039693,0.016463,0.030478
1475,44220.0,N2,N3,0.827223,0.102643,0.031903,0.019477,0.018755
1476,44250.0,N2,N3,0.873192,0.070221,0.034332,0.008994,0.013261
1477,44280.0,N2,N3,0.700421,0.165061,0.083418,0.018594,0.032505
1478,44310.0,N2,N3,0.736849,0.098636,0.123572,0.022858,0.018084
1479,44340.0,N1,W,0.409595,0.089214,0.434146,0.018152,0.048893
1480,44370.0,N1,N1,0.603484,0.139254,0.153378,0.031809,0.072076
1481,44400.0,N1,N3,0.754548,0.131725,0.053716,0.020797,0.039214
1482,44430.0,N2,N3,0.814813,0.128044,0.029853,0.011753,0.015536
1483,44460.0,N2,N3,0.821568,0.109432,0.033928,0.025943,0.00913
1484,44490.0,N2,N3,0.756415,0.139233,0.04892,0.045394,0.010038
1485,44520.0,N2,N3,0.882349,0.074719,0.020127,0.016248,0.006557
1486,44550.0,N2,N3,0.849206,0.103634,0.028024,0.010928,0.008208
1487,44580.0,N2,N3,0.646352,0.174129,0.064951,0.101067,0.0135
1488,44610.0,REM,N3,0.776335,0.145027,0.032595,0.038784,0.007258
1489,44640.0,N2,N3,0.810597,0.109008,0.053148,0.013343,0.013904
1490,44670.0,N2,N3,0.711603,0.172295,0.0595,0.043959,0.012642
1491,44700.0,N2,N3,0.730845,0.138889,0.063959,0.054768,0.011538
1492,44730.0,N2,N3,0.807439,0.104773,0.058554,0.016682,0.012551
1493,44760.0,N2,N3,0.807582,0.117782,0.036861,0.026951,0.010824
1494,44790.0,N2,N3,0.768572,0.128888,0.040958,0.047935,0.013646
1495,44820.0,N2,N3,0.831196,0.104628,0.035734,0.019015,0.009428
1496,44850.0,N2,N3,0.730004,0.165044,0.054684,0.039109,0.011159
1497,44880.0,N2,N3,0.770934,0.148623,0.035433,0.034212,0.010799
1498,44910.0,W,N3,0.83851,0.056081,0.057272,0.011581,0.036557
1499,44940.0,N1,N3,0.736218,0.164633,0.044735,0.031093,0.023322
1500,44970.0,N2,N3,0.771363,0.12278,0.030832,0.065822,0.009202
1501,45000.0,N2,N3,0.769044,0.117241,0.062279,0.037399,0.014037
1502,45030.0,N2,N3,0.819307,0.113357,0.035667,0.015278,0.016391
1503,45060.0,N2,N3,0.81287,0.086949,0.045802,0.043437,0.010942
1504,45090.0,N2,N3,0.77907,0.155415,0.033376,0.023224,0.008916
1505,45120.0,N2,N3,0.789697,0.118218,0.05099,0.026352,0.014743
1506,45150.0,N2,N3,0.84761,0.109866,0.02267,0.013569,0.006286
1507,45180.0,N2,N3,0.760547,0.185118,0.028664,0.012199,0.013472
1508,45210.0,REM,N3,0.723415,0.199562,0.041777,0.017433,0.017813
1509,45240.0,REM,N3,0.728005,0.195643,0.043432,0.011967,0.020953
1510,45270.0,REM,N3,0.789645,0.136636,0.043392,0.009264,0.021063
1511,45300.0,REM,N3,0.715298,0.201775,0.04682,0.013654,0.022453
1512,45330.0,REM,N3,0.703921,0.173123,0.061546,0.021346,0.040064
1513,45360.0,REM,N3,0.709974,0.186146,0.058616,0.014673,0.030591
1514,45390.0,REM,N3,0.734994,0.164722,0.063873,0.015489,0.020922
1515,45420.0,N1,N1,0.73241,0.077106,0.101962,0.023386,0.065136
1516,45450.0,N1,N1,0.680807,0.198838,0.079607,0.015639,0.02511
1517,45480.0,REM,N1,0.77544,0.143479,0.050512,0.012396,0.018172
1518,45510.0,REM,N3,0.740475,0.153414,0.058153,0.015873,0.032085
1519,45540.0,REM,N3,0.712738,0.168543,0.071065,0.018731,0.028922
1520,45570.0,REM,N3,0.71469,0.202413,0.051074,0.012508,0.019316
1521,45600.0,REM,N3,0.747287,0.162726,0.051935,0.01467,0.023381
1522,45630.0,REM,N3,0.72001,0.197409,0.047471,0.013921,0.02119
1523,45660.0,REM,N3,0.814528,0.118332,0.041781,0.010781,0.014577
1524,45690.0,REM,N3,0.858749,0.09862,0.024602,0.007086,0.010944
1525,45720.0,REM,N3,0.802315,0.121331,0.044575,0.011435,0.020344
1526,45750.0,REM,N3,0.67838,0.187495,0.087663,0.016227,0.030236
1527,45780.0,REM,N3,0.747601,0.147438,0.065515,0.015354,0.024092
1528,45810.0,REM,N3,0.740779,0.16704,0.056775,0.012804,0.022601
1529,45840.0,REM,N1,0.751615,0.125741,0.057424,0.018534,0.046687
1530,45870.0,REM,N3,0.629984,0.238064,0.084077,0.016016,0.031858
1531,45900.0,REM,N3,0.64929,0.259547,0.052112,0.014946,0.024105
1532,45930.0,REM,N3,0.818437,0.115701,0.037445,0.011001,0.017416
1533,45960.0,REM,N3,0.725339,0.18521,0.054958,0.013057,0.021436
1534,45990.0,REM,N1,0.844714,0.103361,0.033442,0.006923,0.01156
1535,46020.0,REM,N3,0.733041,0.162798,0.058409,0.017244,0.028507
1536,46050.0,REM,N1,0.868404,0.086774,0.028089,0.006013,0.01072
1537,46080.0,REM,N3,0.747298,0.138018,0.071135,0.016413,0.027137
1538,46110.0,REM,N3,0.695867,0.206091,0.060625,0.01405,0.023366
1539,46140.0,REM,N1,0.732586,0.181261,0.045447,0.015744,0.024962
1540,46170.0,REM,N3,0.771427,0.153962,0.045358,0.011392,0.017861
1541,46200.0,REM,N1,0.863269,0.090119,0.027944,0.007094,0.011574
1542,46230.0,REM,N3,0.755077,0.143589,0.05895,0.016271,0.026113
1543,46260.0,REM,N3,0.738687,0.139468,0.075527,0.015828,0.03049
1544,46290.0,REM,N3,0.71543,0.186214,0.057327,0.01481,0.026219
1545,46320.0,REM,N3,0.712762,0.190238,0.062506,0.013193,0.0213
1546,46350.0,REM,N3,0.72547,0.178157,0.053846,0.015652,0.026875
1547,46380.0,REM,N3,0.755964,0.161366,0.04559,0.012917,0.024163
1548,46410.0,REM,N3,0.736622,0.18461,0.044641,0.012997,0.021129
1549,46440.0,REM,N3,0.812723,0.123715,0.038144,0.009344,0.016075
1550,46470.0,REM,N3,0.800258,0.142015,0.035391,0.008732,0.013605
1551,46500.0,REM,N3,0.797734,0.13864,0.030962,0.011187,0.021478
1552,46530.0,REM,N3,0.931229,0.024681,0.016047,0.006693,0.021351
1553,46560.0,N1,N3,0.797799,0.11604,0.049754,0.012674,0.023733
1554,46590.0,REM,N3,0.798433,0.138188,0.032212,0.012626,0.018541
1555,46620.0,REM,N3,0.799705,0.139035,0.036791,0.010873,0.013595
1556,46650.0,REM,N3,0.715248,0.182065,0.06927,0.01552,0.017897
1557,46680.0,N2,N3,0.727723,0.171264,0.062927,0.016487,0.0216
1558,46710.0,N2,N3,0.880753,0.046963,0.049333,0.006753,0.016198
1559,46740.0,N1,N3,0.720395,0.144357,0.097063,0.012575,0.025611
1560,46770.0,N1,N3,0.714872,0.219872,0.036979,0.013279,0.014998
1561,46800.0,N2,N3,0.819834,0.106351,0.043171,0.018698,0.011946
1562,46830.0,N2,N3,0.698358,0.196765,0.058566,0.031559,0.014752
1563,46860.0,N2,N3,0.644028,0.237197,0.046057,0.058771,0.013948
1564,46890.0,N2,N3,0.829033,0.11398,0.031765,0.013179,0.012043
1565,46920.0,N2,N3,0.766799,0.164563,0.042374,0.015647,0.010617
1566,46950.0,N2,N3,0.790856,0.107557,0.039567,0.050398,0.011621
1567,46980.0,N2,N3,0.792208,0.136686,0.040123,0.018587,0.012396
1568,47010.0,N2,N1,0.723831,0.17711,0.060583,0.015716,0.02276
1569,47040.0,N2,N3,0.625108,0.242828,0.054099,0.062745,0.01522
1570,47070.0,N2,N3,0.707684,0.170643,0.082682,0.03007,0.008921
1571,47100.0,N2,N3,0.668105,0.210884,0.062054,0.045408,0.013548
1572,47130.0,N2,N3,0.7564,0.149874,0.046789,0.035713,0.011224
1573,47160.0,N2,N3,0.776569,0.139081,0.047785,0.024584,0.011981
1574,47190.0,N2,N3,0.717346,0.191809,0.046867,0.029541,0.014437
1575,47220.0,N2,N3,0.744673,0.160712,0.051597,0.030039,0.012981
1576,47250.0,N2,N3,0.819076,0.11924,0.040041,0.010893,0.01075
1577,47280.0,N2,N3,0.741276,0.165017,0.053319,0.023578,0.016811
1578,47310.0,N2,N3,0.797536,0.135306,0.045128,0.010688,0.011341
1579,47340.0,N2,N3,0.842463,0.103408,0.029082,0.015834,0.009213
1580,47370.0,N2,N3,0.806033,0.128424,0.036412,0.014823,0.014308
1581,47400.0,N2,N3,0.79512,0.136648,0.037341,0.017418,0.013472
1582,47430.0,N2,N3,0.839056,0.107348,0.035001,0.011443,0.007151
1583,47460.0,N2,N3,0.790251,0.118069,0.044909,0.019246,0.027525
1584,47490.0,N1,N3,0.84894,0.070774,0.047494,0.008645,0.024148
1585,47520.0,N1,N3,0.81264,0.129758,0.037857,0.008274,0.011471
1586,47550.0,N2,N3,0.659789,0.199347,0.066316,0.05947,0.015078
1587,47580.0,N2,N3,0.749109,0.145281,0.045149,0.052455,0.008006
1588,47610.0,N2,N3,0.841881,0.109607,0.02985,0.009133,0.009528
1589,47640.0,N2,N3,0.782275,0.125329,0.054071,0.015599,0.022727
1590,47670.0,N2,N3,0.795227,0.131723,0.045216,0.01469,0.013144
1591,47700.0,N2,N3,0.745946,0.172426,0.051504,0.01714,0.012985
1592,47730.0,N2,N3,0.837088,0.118767,0.023103,0.014516,0.006526
1593,47760.0,N2,N3,0.777791,0.153634,0.037879,0.017772,0.012924
1594,47790.0,N1,N3,0.808147,0.111339,0.049783,0.011456,0.019276
1595,47820.0,N1,N3,0.635275,0.219785,0.075808,0.053991,0.015141
1596,47850.0,N2,N3,0.725242,0.165844,0.057113,0.04355,0.008251
1597,47880.0,N2,N3,0.77926,0.127811,0.052729,0.026254,0.013947
1598,47910.0,N2,N3,0.654187,0.188687,0.064376,0.084112,0.008638
1599,47940.0,N2,N3,0.817646,0.12516,0.027137,0.016952,0.013105
1600,47970.0,N2,N3,0.699319,0.225917,0.043381,0.013498,0.017885
1601,48000.0,N2,N3,0.80234,0.129877,0.039281,0.015204,0.013298
1602,48030.0,N2,N3,0.804858,0.117689,0.034576,0.031503,0.011375
1603,48060.0,N2,N3,0.711476,0.195571,0.054324,0.024087,0.014542
1604,48090.0,N2,N3,0.793694,0.125643,0.04757,0.023723,0.00937
1605,48120.0,N2,N3,0.814178,0.11536,0.039875,0.020991,0.009595
1606,48150.0,N2,N3,0.776377,0.149565,0.045603,0.019521,0.008935
1607,48180.0,N2,N3,0.788317,0.144042,0.03835,0.021465,0.007825
1608,48210.0,N2,N3,0.789218,0.143734,0.036221,0.019784,0.011042
1609,48240.0,N2,N3,0.746403,0.146739,0.061856,0.028597,0.016405
1610,48270.0,N2,N3,0.753032,0.150471,0.0539,0.013791,0.028806
1611,48300.0,N2,N3,0.751347,0.164407,0.055325,0.014914,0.014008
1612,48330.0,N2,N3,0.747526,0.171162,0.04208,0.023971,0.015262
1613,48360.0,N2,N3,0.806138,0.126887,0.042894,0.012701,0.01138
1614,48390.0,N2,N3,0.777062,0.160811,0.034015,0.019548,0.008563
1615,48420.0,N2,N3,0.815338,0.121333,0.035341,0.018361,0.009627
1616,48450.0,N2,N3,0.801504,0.130507,0.033703,0.026959,0.007328
1617,48480.0,N2,N3,0.789926,0.149005,0.038101,0.015349,0.00762
1618,48510.0,N2,N3,0.813865,0.12092,0.034339,0.023737,0.007139
1619,48540.0,N2,N3,0.723109,0.18551,0.047461,0.030402,0.013519
1620,48570.0,N2,N3,0.783859,0.135745,0.04613,0.023604,0.010662
1621,48600.0,N2,N3,0.801044,0.132444,0.041467,0.018008,0.007037
1622,48630.0,N2,N3,0.789424,0.126123,0.048458,0.026828,0.009167
1623,48660.0,N2,N3,0.728591,0.183791,0.045297,0.032672,0.009648
1624,48690.0,N2,N3,0.663623,0.201368,0.070495,0.052022,0.012492
1625,48720.0,N2,N3,0.764335,0.156046,0.038792,0.033455,0.007372
1626,48750.0,N2,N3,0.847906,0.098815,0.031574,0.009824,0.011881
1627,48780.0,N2,N3,0.637411,0.236463,0.049154,0.06058,0.016392
1628,48810.0,N2,N3,0.659536,0.193057,0.056406,0.082544,0.008456
1629,48840.0,N2,N3,0.829605,0.101099,0.037382,0.021828,0.010086
1630,48870.0,W,N3,0.804123,0.0452,0.095693,0.013783,0.041201
1631,48900.0,W,N1,0.427569,0.234214,0.253631,0.025872,0.058713
1632,48930.0,N1,N3,0.741635,0.176269,0.046609,0.012639,0.022847
1633,48960.0,N2,N3,0.852206,0.100698,0.03168,0.006375,0.00904
1634,48990.0,N2,N3,0.736777,0.175668,0.044241,0.03237,0.010944
1635,49020.0,N2,N3,0.645459,0.250417,0.047134,0.043463,0.013527
1636,49050.0,N2,N3,0.740438,0.162586,0.04454,0.041237,0.0112
1637,49080.0,N2,N3,0.699494,0.190727,0.040599,0.05876,0.01042
1638,49110.0,N2,N3,0.654481,0.211943,0.058464,0.064306,0.010806
1639,49140.0,N2,N3,0.658297,0.220566,0.058878,0.050411,0.011848
1640,49170.0,N2,N3,0.815728,0.137816,0.029024,0.01106,0.006371
1641,49200.0,N2,N3,0.782779,0.138563,0.047025,0.023265,0.008368
1642,49230.0,N2,N3,0.766747,0.162862,0.048027,0.013612,0.008752
1643,49260.0,N2,N3,0.664605,0.230739,0.050583,0.045142,0.008931
1644,49290.0,N2,N3,0.79169,0.151721,0.027729,0.021241,0.007619
1645,49320.0,N2,N3,0.872436,0.090739,0.02198,0.010175,0.00467
1646,49350.0,N2,N3,0.622999,0.251363,0.053291,0.059752,0.012594
1647,49380.0,N2,N3,0.768921,0.147424,0.051979,0.022865,0.008811
1648,49410.0,N2,N3,0.810206,0.143081,0.027764,0.009409,0.00954
1649,49440.0,N2,N3,0.662264,0.220059,0.054958,0.051117,0.011602
1650,49470.0,N2,N3,0.581086,0.275939,0.058353,0.072263,0.012358
1651,49500.0,N2,N3,0.829975,0.130159,0.026899,0.007071,0.005896
1652,49530.0,N2,N3,0.708983,0.196236,0.039286,0.045056,0.010439
1653,49560.0,N2,N3,0.752858,0.15865,0.046374,0.034755,0.007364
1654,49590.0,N2,N3,0.696067,0.22397,0.046293,0.023845,0.009824
1655,49620.0,N2,N3,0.877941,0.088408,0.020756,0.008324,0.004571
1656,49650.0,N2,N3,0.704743,0.191437,0.062866,0.028656,0.012298
1657,49680.0,N2,N3,0.716491,0.185473,0.051414,0.037284,0.009339
1658,49710.0,N2,N3,0.740995,0.176615,0.045256,0.030838,0.006296
1659,49740.0,N2,N3,0.754996,0.170414,0.031185,0.030875,0.01253
1660,49770.0,N2,N3,0.845161,0.097543,0.035616,0.015498,0.006182
1661,49800.0,N2,N3,0.744209,0.193399,0.03708,0.014913,0.010399
1662,49830.0,N2,N3,0.798874,0.152169,0.02893,0.013638,0.006388
1663,49860.0,N2,N3,0.802605,0.144858,0.032595,0.012028,0.007914
1664,49890.0,N2,N3,0.889457,0.079441,0.021082,0.005262,0.004757
1665,49920.0,N2,N3,0.77322,0.168509,0.034632,0.011534,0.012104
1666,49950.0,N2,N3,0.697946,0.19191,0.051668,0.045579,0.012896
1667,49980.0,N2,N3,0.764535,0.172461,0.040468,0.012265,0.010271
1668,50010.0,N2,N3,0.81705,0.138134,0.026814,0.00951,0.008492
1669,50040.0,N2,N3,0.773434,0.161954,0.035441,0.020231,0.00894
1670,50070.0,N2,N3,0.827489,0.135209,0.020873,0.007605,0.008824
1671,50100.0,N2,N3,0.732191,0.178722,0.061213,0.014721,0.013152
1672,50130.0,REM,N3,0.741408,0.207256,0.030892,0.008888,0.011557
1673,50160.0,REM,N3,0.712043,0.191033,0.051378,0.015949,0.029597
1674,50190.0,REM,N3,0.728173,0.19375,0.050491,0.010452,0.017135
1675,50220.0,REM,N3,0.724668,0.208121,0.035517,0.011756,0.019939
1676,50250.0,REM,N3,0.749919,0.170466,0.050399,0.011297,0.017919
1677,50280.0,REM,N3,0.726401,0.181416,0.05795,0.013618,0.020615
1678,50310.0,REM,N3,0.76593,0.149411,0.053326,0.01262,0.018713
1679,50340.0,REM,N3,0.736619,0.176439,0.047789,0.014795,0.024357
1680,50370.0,REM,N3,0.824121,0.117858,0.036351,0.00915,0.01252
1681,50400.0,REM,N1,0.786816,0.136378,0.046083,0.012332,0.01839
1682,50430.0,REM,N3,0.730497,0.189503,0.04853,0.011724,0.019745
1683,50460.0,REM,N3,0.779889,0.154008,0.037597,0.01068,0.017826
1684,50490.0,REM,N1,0.806723,0.13402,0.034609,0.008211,0.016437
1685,50520.0,N1,N3,0.738953,0.125678,0.081615,0.015087,0.038666
1686,50550.0,REM,N3,0.742528,0.134758,0.078587,0.015601,0.028526
1687,50580.0,REM,N3,0.754537,0.142437,0.075222,0.010012,0.017792
1688,50610.0,REM,N1,0.675607,0.184902,0.096325,0.016675,0.026491
1689,50640.0,REM,N3,0.768508,0.14161,0.057334,0.010907,0.021642
1690,50670.0,REM,N3,0.723477,0.143143,0.104243,0.0102,0.018938
1691,50700.0,REM,N3,0.733889,0.168213,0.063348,0.01304,0.021511
1692,50730.0,REM,N3,0.857729,0.058509,0.038615,0.0118,0.033346
1693,50760.0,REM,N3,0.745758,0.153585,0.063351,0.014877,0.02243
1694,50790.0,REM,N3,0.783008,0.14338,0.042463,0.011917,0.019232
1695,50820.0,REM,N3,0.745421,0.187345,0.038719,0.011142,0.017373
1696,50850.0,REM,N3,0.737398,0.211379,0.030888,0.007152,0.013183
1697,50880.0,REM,N3,0.746398,0.203226,0.033182,0.00689,0.010304
1698,50910.0,REM,N1,0.537083,0.183737,0.217214,0.019275,0.042691
1699,50940.0,REM,N3,0.696194,0.178676,0.065958,0.019708,0.039464
1700,50970.0,REM,N3,0.785702,0.159179,0.031954,0.009858,0.013308
1701,51000.0,REM,N3,0.908141,0.024534,0.040126,0.00793,0.019268
1702,51030.0,W,N1,0.831699,0.042335,0.10895,0.005191,0.011826
1703,51060.0,W,N1,0.444293,0.188514,0.30279,0.020775,0.043629
1704,51090.0,W,N3,0.829432,0.049528,0.103013,0.006367,0.01166
1705,51120.0,W,N1,0.604011,0.098807,0.261674,0.012087,0.023421
1706,51150.0,W,N3,0.972752,0.011623,0.012997,0.000916,0.001712
1707,51180.0,W,N3,0.932806,0.048517,0.012829,0.00181,0.004038
1708,51210.0,W,N3,0.931162,0.057035,0.008244,0.001509,0.002051
1709,51240.0,W,N3,0.919535,0.05678,0.011759,0.003595,0.00833
1710,51270.0,W,N3,0.939205,0.041187,0.010777,0.003046,0.005785
1711,51300.0,W,N3,0.912168,0.056539,0.013278,0.005255,0.01276
1712,51330.0,W,N3,0.911298,0.065909,0.009263,0.004394,0.009137
1713,51360.0,W,N3,0.893836,0.068955,0.013794,0.007058,0.016356
1714,51390.0,W,N3,0.882638,0.068388,0.018691,0.00791,0.022373
1715,51420.0,W,N3,0.920303,0.047513,0.012369,0.006602,0.013213
1716,51450.0,W,N3,0.91806,0.032922,0.026774,0.006048,0.016197
1717,51480.0,W,N3,0.930705,0.04268,0.012404,0.003878,0.010333
1718,51510.0,W,N3,0.905939,0.05291,0.015792,0.00704,0.018319
1719,51540.0,W,N3,0.892595,0.070314,0.015514,0.006561,0.015015
1720,51570.0,W,N3,0.840654,0.101284,0.021093,0.010223,0.026747
1721,51600.0,W,N3,0.886366,0.064202,0.017055,0.010489,0.021888
1722,51630.0,W,N3,0.74152,0.118483,0.03655,0.028607,0.07484
1723,51660.0,W,N3,0.729591,0.109968,0.04387,0.030744,0.085827
1724,51690.0,W,N3,0.75322,0.160533,0.031366,0.018151,0.03673
1725,51720.0,W,N1,0.714807,0.125406,0.039232,0.038908,0.081647
1726,51750.0,W,N3,0.884825,0.059009,0.016539,0.011863,0.027763
1727,51780.0,W,N3,0.902719,0.061077,0.012525,0.008192,0.015486
1728,51810.0,W,N3,0.918716,0.04945,0.013411,0.005924,0.0125
1729,51840.0,W,N3,0.927656,0.043323,0.011027,0.004959,0.013035
1730,51870.0,W,N3,0.922924,0.0547,0.010192,0.004416,0.007768
1731,51900.0,W,N3,0.90295,0.066303,0.012447,0.006445,0.011856
1732,51930.0,W,N3,0.887849,0.077335,0.015346,0.006992,0.012478
1733,51960.0,W,N3,0.938533,0.042614,0.0099,0.003907,0.005047
1734,51990.0,W,N3,0.918026,0.05583,0.012346,0.0056,0.008198
1735,52020.0,W,N3,0.919188,0.053845,0.012857,0.004715,0.009394
1736,52050.0,W,N3,0.908422,0.055991,0.015821,0.006251,0.013514
1737,52080.0,W,N3,0.90054,0.067966,0.014495,0.00591,0.011089
1738,52110.0,W,N3,0.924641,0.053226,0.010529,0.003976,0.007629
1739,52140.0,W,N3,0.910676,0.051675,0.012912,0.008804,0.015933
1740,52170.0,W,N3,0.897342,0.064951,0.015958,0.008129,0.013621
1741,52200.0,W,N3,0.916022,0.037509,0.015916,0.008538,0.022014
1742,52230.0,W,N3,0.862176,0.077662,0.020494,0.012927,0.026742
1743,52260.0,W,N3,0.900733,0.054148,0.014118,0.009346,0.021655
1744,52290.0,W,N3,0.929151,0.0481,0.010647,0.004177,0.007925
1745,52320.0,W,N3,0.919778,0.057064,0.01248,0.004222,0.006456
1746,52350.0,W,N3,0.92472,0.045597,0.012053,0.005586,0.012044
1747,52380.0,W,N3,0.914466,0.053692,0.013129,0.005837,0.012876
1748,52410.0,W,N3,0.906659,0.0449,0.014923,0.011897,0.021622
1749,52440.0,W,N3,0.921054,0.042993,0.015309,0.006465,0.014179
1750,52470.0,W,N3,0.888979,0.06548,0.019481,0.009205,0.016855
1751,52500.0,W,N3,0.913078,0.052618,0.014351,0.006705,0.013249
1752,52530.0,W,N3,0.909465,0.057598,0.013833,0.005741,0.013362
1753,52560.0,W,N3,0.904083,0.067513,0.013665,0.004842,0.009897
1754,52590.0,W,N3,0.88972,0.06088,0.023307,0.008276,0.017818
1755,52620.0,W,N3,0.911207,0.066613,0.011458,0.003782,0.006939
1756,52650.0,W,N3,0.934245,0.04112,0.011763,0.004607,0.008265
1757,52680.0,W,N1,0.915994,0.055318,0.011685,0.00574,0.011262
1758,52710.0,W,N3,0.901527,0.062659,0.016008,0.006353,0.013452
1759,52740.0,W,N3,0.829052,0.111741,0.028424,0.010443,0.02034
1760,52770.0,W,N3,0.921304,0.046531,0.014085,0.005573,0.012507
1761,52800.0,W,N3,0.918953,0.051945,0.01231,0.005764,0.011029
1762,52830.0,W,N3,0.918098,0.046536,0.01679,0.005809,0.012767
1763,52860.0,W,N3,0.938979,0.03668,0.010752,0.004375,0.009213
1764,52890.0,W,N3,0.904709,0.042723,0.016745,0.010527,0.025296
1765,52920.0,W,N3,0.911336,0.058192,0.01515,0.004883,0.01044
1766,52950.0,W,N3,0.916113,0.057581,0.011822,0.005128,0.009356
1767,52980.0,W,N3,0.934523,0.047175,0.008814,0.003463,0.006025
1768,53010.0,W,N3,0.924653,0.043806,0.012591,0.005693,0.013257
1769,53040.0,W,N3,0.89903,0.062101,0.018229,0.006416,0.014223
1770,53070.0,W,N3,0.869133,0.088356,0.016102,0.007708,0.018702
1771,53100.0,W,N3,0.932227,0.040322,0.010514,0.005799,0.011137
1772,53130.0,W,N3,0.894582,0.044699,0.018813,0.014125,0.02778
1773,53160.0,W,N3,0.828489,0.063536,0.036399,0.023767,0.04781
1774,53190.0,W,N3,0.870363,0.052266,0.025206,0.01651,0.035654
1775,53220.0,W,N3,0.864334,0.053079,0.025964,0.015008,0.041615
1776,53250.0,W,N3,0.864309,0.05619,0.025774,0.017718,0.036009
1777,53280.0,W,N3,0.842356,0.092192,0.024372,0.012504,0.028576
1778,53310.0,W,N3,0.872771,0.067255,0.021445,0.01079,0.027739
1779,53340.0,W,N3,0.880581,0.071711,0.020488,0.007714,0.019507
1780,53370.0,W,N3,0.884857,0.045135,0.023969,0.01719,0.02885
1781,53400.0,W,N3,0.819251,0.066342,0.036212,0.02575,0.052445
1782,53430.0,W,N3,0.79886,0.099999,0.037347,0.021358,0.042435
1783,53460.0,W,N3,0.825469,0.062113,0.034993,0.02864,0.048784
1784,53490.0,W,N3,0.851575,0.050815,0.030194,0.020479,0.046937
1785,53520.0,W,N3,0.801147,0.082725,0.037823,0.026305,0.052
1786,53550.0,W,N3,0.806915,0.101954,0.032963,0.020769,0.037399
1787,53580.0,W,N3,0.88642,0.062259,0.019243,0.011135,0.020942
1788,53610.0,W,N1,0.798665,0.079281,0.035766,0.023684,0.062603
1789,53640.0,W,N1,0.755676,0.095583,0.052423,0.02649,0.069828
1790,53670.0,W,N1,0.807036,0.072284,0.037414,0.026669,0.056598
1791,53700.0,W,N3,0.764558,0.073662,0.051815,0.026024,0.083941
1792,53730.0,W,N3,0.727177,0.073313,0.056878,0.027547,0.115085
1793,53760.0,W,N3,0.87308,0.053942,0.028116,0.014413,0.030449
1794,53790.0,W,N3,0.880652,0.04172,0.022615,0.01401,0.041004
1795,53820.0,W,N3,0.847714,0.053487,0.027505,0.019915,0.051379
1796,53850.0,W,N1,0.756396,0.057914,0.042132,0.026993,0.116565
1797,53880.0,W,N3,0.905603,0.037775,0.017615,0.012489,0.026517
1798,53910.0,W,N3,0.819869,0.085771,0.033348,0.018612,0.042399
1799,53940.0,W,N3,0.884584,0.055212,0.019987,0.01182,0.028396
1800,53970.0,W,N3,0.921699,0.048346,0.01129,0.005743,0.012923
1801,54000.0,W,N3,0.904123,0.059529,0.013673,0.006983,0.015692
1802,54030.0,W,N3,0.889785,0.056013,0.019501,0.010964,0.023737
1803,54060.0,W,N3,0.88102,0.050246,0.026013,0.012911,0.02981
1804,54090.0,W,N3,0.897346,0.058313,0.017854,0.008354,0.018134
1805,54120.0,W,N3,0.846053,0.05252,0.028479,0.020993,0.051955
1806,54150.0,W,N3,0.817691,0.07067,0.034104,0.021435,0.0561
1807,54180.0,W,N1,0.767592,0.071719,0.055865,0.029061,0.075764
1808,54210.0,W,N3,0.841669,0.061511,0.033306,0.018242,0.045273
1809,54240.0,W,N3,0.812024,0.077837,0.033402,0.018813,0.057925
1810,54270.0,W,N3,0.856383,0.069912,0.022828,0.013988,0.036889
1811,54300.0,W,N1,0.822591,0.073046,0.034193,0.019513,0.050657
1812,54330.0,W,N3,0.866809,0.060642,0.024664,0.013027,0.034858
1813,54360.0,W,N3,0.794897,0.063927,0.045173,0.028683,0.06732
1814,54390.0,W,N3,0.886268,0.058549,0.017224,0.01112,0.026839
1815,54420.0,W,N3,0.865381,0.059309,0.02393,0.015925,0.035455
1816,54450.0,W,N3,0.874078,0.059122,0.020242,0.012518,0.03404
1817,54480.0,W,N3,0.907479,0.055534,0.012659,0.008068,0.01626
1818,54510.0,W,N1,0.862629,0.059563,0.022198,0.020969,0.034641
1819,54540.0,W,N1,0.843951,0.055758,0.032049,0.023363,0.044879
1820,54570.0,W,N3,0.864674,0.063332,0.025104,0.014745,0.032144
1821,54600.0,W,N1,0.797855,0.085748,0.0392,0.022716,0.05448
1822,54630.0,W,N3,0.820046,0.082847,0.030008,0.019005,0.048094
1823,54660.0,W,N3,0.892558,0.056022,0.018471,0.010206,0.022742
1824,54690.0,W,N3,0.882204,0.070163,0.017343,0.01021,0.02008
1825,54720.0,W,N3,0.884542,0.079296,0.013728,0.006961,0.015472
1826,54750.0,W,N3,0.869027,0.07898,0.025166,0.008748,0.018078
1827,54780.0,W,N3,0.866237,0.091555,0.021509,0.008093,0.012606
1828,54810.0,W,N3,0.802698,0.131375,0.030132,0.011926,0.023868
1829,54840.0,W,N3,0.91358,0.064111,0.010752,0.004028,0.007529
1830,54870.0,W,N3,0.909969,0.061096,0.012321,0.006305,0.01031
1831,54900.0,W,N3,0.914162,0.06762,0.009545,0.003398,0.005275
1832,54930.0,W,N3,0.924113,0.054348,0.01052,0.004281,0.006737
1833,54960.0,W,N3,0.920513,0.058227,0.010762,0.003706,0.006792
1834,54990.0,W,N3,0.908615,0.068653,0.011867,0.004056,0.00681
1835,55020.0,W,N3,0.912357,0.0641,0.011632,0.004582,0.00733
1836,55050.0,W,N3,0.88545,0.085386,0.014961,0.005496,0.008707
1837,55080.0,W,N3,0.918967,0.059461,0.010563,0.004894,0.006115
1838,55110.0,W,N3,0.903259,0.076258,0.010875,0.003766,0.005842
1839,55140.0,W,N3,0.909729,0.064603,0.011723,0.004894,0.009051
1840,55170.0,W,N3,0.895405,0.075462,0.01535,0.005211,0.008572
1841,55200.0,W,N3,0.909616,0.068726,0.010953,0.003877,0.006828
1842,55230.0,W,N3,0.924644,0.05145,0.010823,0.004892,0.008191
1843,55260.0,W,N3,0.923129,0.059432,0.009069,0.003276,0.005093
1844,55290.0,W,N3,0.904601,0.06636,0.012023,0.006009,0.011006
1845,55320.0,W,N3,0.918445,0.052974,0.012139,0.005631,0.010812
1846,55350.0,W,N3,0.913931,0.067377,0.010173,0.003641,0.004878
1847,55380.0,W,N3,0.924955,0.058087,0.009048,0.003237,0.004673
1848,55410.0,W,N3,0.922661,0.054819,0.010604,0.00403,0.007886
1849,55440.0,W,N3,0.927717,0.053688,0.010275,0.003511,0.004809
1850,55470.0,W,N3,0.933611,0.03772,0.010766,0.006686,0.011218
1851,55500.0,W,N3,0.907734,0.055095,0.019278,0.006601,0.011292
1852,55530.0,W,N3,0.931347,0.047589,0.01066,0.003719,0.006686
1853,55560.0,W,N3,0.919573,0.056653,0.012296,0.004059,0.007419
1854,55590.0,W,N3,0.905524,0.067248,0.014218,0.005077,0.007933
1855,55620.0,W,N3,0.903817,0.069025,0.015589,0.004572,0.006997
1856,55650.0,W,N3,0.894368,0.071787,0.019882,0.005697,0.008267
1857,55680.0,W,N3,0.907843,0.062687,0.017687,0.004761,0.007021
1858,55710.0,W,N3,0.810747,0.122242,0.033886,0.011334,0.02179
1859,55740.0,W,N3,0.816239,0.116752,0.034306,0.012877,0.019825
1860,55770.0,W,N3,0.894031,0.067611,0.01859,0.007169,0.012598
1861,55800.0,W,N1,0.901492,0.061148,0.021978,0.006178,0.009204
1862,55830.0,W,N3,0.874859,0.080768,0.023527,0.008396,0.01245
1863,55860.0,W,N3,0.843027,0.108791,0.024752,0.008232,0.015199
1864,55890.0,W,N3,0.931448,0.044601,0.01135,0.004703,0.007898
1865,55920.0,W,N3,0.912131,0.060797,0.014387,0.004913,0.007772
1866,55950.0,W,N3,0.899496,0.076231,0.012808,0.004503,0.006961
1867,55980.0,W,N3,0.92122,0.047689,0.013143,0.005846,0.012102
1868,56010.0,W,N3,0.826503,0.08654,0.030451,0.019808,0.036699
1869,56040.0,W,N3,0.880641,0.07617,0.018909,0.009071,0.01521
1870,56070.0,W,N3,0.887983,0.062908,0.016279,0.008241,0.02459
1871,56100.0,W,N3,0.86673,0.076558,0.019101,0.012649,0.024962
1872,56130.0,W,N3,0.90322,0.063705,0.013275,0.006307,0.013493
1873,56160.0,W,N3,0.877238,0.084371,0.015724,0.006365,0.016303
1874,56190.0,W,N3,0.902359,0.054621,0.015473,0.008515,0.019031
1875,56220.0,W,N3,0.92554,0.047404,0.010155,0.005375,0.011527
1876,56250.0,W,N3,0.90884,0.060299,0.013346,0.005204,0.01231
1877,56280.0,W,N3,0.886733,0.063371,0.021678,0.007738,0.02048
1878,56310.0,W,N3,0.840765,0.076886,0.028147,0.016486,0.037716
1879,56340.0,W,N1,0.838273,0.066501,0.032247,0.018234,0.044745
1880,56370.0,W,N3,0.850712,0.092736,0.024097,0.008592,0.023863
1881,56400.0,W,N3,0.881256,0.04853,0.02218,0.012724,0.03531
1882,56430.0,W,N3,0.865731,0.076931,0.023366,0.010605,0.023367
1883,56460.0,W,N3,0.893151,0.060638,0.018815,0.007817,0.019579
1884,56490.0,W,N3,0.8534,0.070463,0.025276,0.017483,0.033378
1885,56520.0,W,N3,0.877531,0.074786,0.02073,0.008795,0.018158
1886,56550.0,W,N3,0.825598,0.111189,0.025824,0.009367,0.028021
1887,56580.0,W,N3,0.845254,0.092501,0.026187,0.010801,0.025256
1888,56610.0,W,N3,0.879824,0.057839,0.023566,0.01179,0.026981
1889,56640.0,W,N1,0.805738,0.090984,0.036082,0.020045,0.047151
1890,56670.0,W,N3,0.797898,0.08727,0.037554,0.021515,0.055763
1891,56700.0,W,N3,0.855354,0.066726,0.026037,0.016994,0.03489
1892,56730.0,W,N3,0.858904,0.049887,0.029337,0.019969,0.041903
1893,56760.0,W,N3,0.836996,0.094193,0.028217,0.014535,0.026059
1894,56790.0,W,N3,0.887913,0.095452,0.009868,0.00296,0.003806
1895,56820.0,W,N3,0.890652,0.080553,0.015771,0.004682,0.008342
1896,56850.0,W,N3,0.907623,0.071905,0.011222,0.003816,0.005434
1897,56880.0,W,N3,0.904154,0.07327,0.010424,0.00428,0.007872
1898,56910.0,W,N3,0.873521,0.093788,0.016738,0.005856,0.010096
1899,56940.0,W,N3,0.897116,0.055674,0.019392,0.009403,0.018416
1900,56970.0,W,N3,0.768092,0.14983,0.040069,0.026957,0.015053
1901,57000.0,W,N3,0.880085,0.087318,0.019149,0.005962,0.007487
1902,57030.0,W,N3,0.894543,0.077579,0.015143,0.00491,0.007825
1903,57060.0,W,N3,0.921006,0.058274,0.012049,0.00381,0.004861
1904,57090.0,W,N3,0.895196,0.084024,0.011879,0.003677,0.005224
1905,57120.0,W,N3,0.903972,0.069852,0.013647,0.00516,0.007369
1906,57150.0,W,N3,0.922801,0.052572,0.012404,0.004393,0.007829
1907,57180.0,W,N3,0.884584,0.088591,0.016032,0.004396,0.006396
1908,57210.0,W,N3,0.902613,0.07421,0.012609,0.004331,0.006237
1909,57240.0,W,N3,0.922496,0.052749,0.013405,0.004229,0.007121
1910,57270.0,W,N3,0.90224,0.062285,0.018808,0.006067,0.010601
1911,57300.0,W,N3,0.772752,0.147864,0.044789,0.014542,0.020053
1912,57330.0,W,N3,0.799522,0.126045,0.040594,0.012544,0.021295
1913,57360.0,W,N3,0.79036,0.127071,0.036612,0.014864,0.031093
1914,57390.0,W,N3,0.835933,0.06919,0.031424,0.018886,0.044567
1915,57420.0,W,N3,0.789967,0.095818,0.042071,0.024553,0.047592
1916,57450.0,W,N3,0.831999,0.080962,0.035307,0.017891,0.03384
1917,57480.0,W,N3,0.766294,0.119905,0.043023,0.022343,0.048435
1918,57510.0,W,N3,0.76744,0.118341,0.042795,0.023712,0.047711
1919,57540.0,W,N1,0.838944,0.082584,0.031784,0.014365,0.032323
1920,57570.0,W,N3,0.852713,0.07064,0.028181,0.017021,0.031445
1921,57600.0,W,N3,0.888686,0.066235,0.017631,0.009418,0.01803
1922,57630.0,W,N3,0.853908,0.05847,0.028358,0.019397,0.039867
1923,57660.0,W,N1,0.781666,0.065313,0.046373,0.036727,0.069921
1924,57690.0,W,N1,0.794657,0.067107,0.037619,0.029142,0.071475
1925,57720.0,W,N3,0.82714,0.076861,0.029219,0.02347,0.043309
1926,57750.0,W,N1,0.771874,0.081335,0.045139,0.031652,0.070001
1927,57780.0,W,N3,0.862848,0.049526,0.029589,0.019204,0.038833
1928,57810.0,W,N1,0.79197,0.070721,0.043984,0.028138,0.065187
1929,57840.0,W,N3,0.867605,0.054426,0.026793,0.016616,0.03456
1930,57870.0,W,N3,0.845865,0.060153,0.032647,0.018792,0.042543
1931,57900.0,W,N1,0.725558,0.089449,0.053233,0.039689,0.092071
1932,57930.0,W,N1,0.810854,0.090376,0.037926,0.019071,0.041773
1933,57960.0,W,N3,0.837211,0.083541,0.032919,0.015065,0.031263
1934,57990.0,W,N3,0.879446,0.058377,0.023313,0.009763,0.029101
1935,58020.0,W,N3,0.831727,0.072613,0.038155,0.018492,0.039014
1936,58050.0,W,N3,0.812797,0.086829,0.036927,0.020598,0.04285
1937,58080.0,W,N3,0.832548,0.085428,0.030603,0.015717,0.035705
1938,58110.0,W,N3,0.836443,0.07691,0.030639,0.015035,0.040974
1939,58140.0,W,N1,0.823761,0.078142,0.033952,0.019234,0.044911
1940,58170.0,W,N3,0.904943,0.047191,0.016581,0.007011,0.024274
1941,58200.0,W,N3,0.877844,0.071147,0.020468,0.008959,0.021582
1942,58230.0,W,N3,0.928041,0.040095,0.012792,0.005745,0.013328
1943,58260.0,W,N3,0.852465,0.073191,0.02544,0.014227,0.034676
1944,58290.0,W,N3,0.89252,0.05966,0.022118,0.00867,0.017033
1945,58320.0,W,N3,0.898757,0.07016,0.015847,0.005217,0.010018
1946,58350.0,W,N3,0.907461,0.066358,0.01436,0.004308,0.007514
1947,58380.0,W,N3,0.897796,0.065978,0.018492,0.005692,0.012042
1948,58410.0,W,N3,0.84031,0.077239,0.028304,0.015181,0.038967
1949,58440.0,W,N3,0.917368,0.052581,0.011655,0.006102,0.012295
1950,58470.0,W,N3,0.901859,0.047238,0.018799,0.009123,0.022982
1951,58500.0,W,N3,0.905043,0.051589,0.018528,0.007332,0.017508
1952,58530.0,W,N3,0.895648,0.060933,0.017922,0.007911,0.017585
1953,58560.0,W,N3,0.918299,0.046628,0.012841,0.00608,0.016151
1954,58590.0,W,N3,0.899387,0.058395,0.01803,0.007487,0.016701
1955,58620.0,W,N3,0.907506,0.056057,0.017239,0.006072,0.013125
1956,58650.0,W,N1,0.873179,0.064709,0.023523,0.011241,0.027348
1957,58680.0,W,N3,0.855877,0.068823,0.029288,0.013656,0.032356
1958,58710.0,W,N3,0.884275,0.049225,0.023979,0.013405,0.029116
1959,58740.0,W,N3,0.80189,0.072129,0.043423,0.026513,0.056046
1960,58770.0,W,N3,0.777044,0.082824,0.043574,0.032064,0.064495
1961,58800.0,W,N3,0.772076,0.077875,0.040569,0.022073,0.087408
1962,58830.0,W,N3,0.816064,0.070155,0.0309,0.020628,0.062253
1963,58860.0,W,N3,0.891194,0.05776,0.020117,0.008996,0.021933
1964,58890.0,W,N3,0.907025,0.048583,0.017003,0.008254,0.019136
1965,58920.0,W,N3,0.897446,0.061895,0.017897,0.006262,0.0165
1966,58950.0,W,N3,0.905716,0.046894,0.01813,0.008881,0.020379
1967,58980.0,W,N3,0.864916,0.075927,0.021732,0.011963,0.025461
1968,59010.0,W,N3,0.862493,0.068905,0.023353,0.014616,0.030634
1969,59040.0,W,N3,0.867882,0.064649,0.021108,0.014741,0.03162
1970,59070.0,W,N3,0.878513,0.052267,0.022771,0.013157,0.033292
1971,59100.0,W,N3,0.751305,0.071191,0.053355,0.033476,0.090673
1972,59130.0,W,N1,0.687446,0.094366,0.061962,0.040993,0.115233
1973,59160.0,W,N3,0.705323,0.100117,0.063502,0.03425,0.096807
1974,59190.0,W,N3,0.810593,0.062896,0.037574,0.025713,0.063224
1975,59220.0,W,N3,0.849793,0.059131,0.029516,0.016144,0.045416
1976,59250.0,W,N1,0.700029,0.098015,0.064598,0.039057,0.098301
1977,59280.0,W,N3,0.794514,0.068018,0.043969,0.023171,0.070328
1978,59310.0,W,N3,0.807913,0.079305,0.035639,0.019249,0.057894
1979,59340.0,W,N3,0.804242,0.063997,0.039254,0.024966,0.06754
1980,59370.0,W,N3,0.827933,0.066664,0.034204,0.021292,0.049906
1981,59400.0,W,N3,0.830219,0.060512,0.034613,0.023211,0.051445
1982,59430.0,W,N3,0.722991,0.073252,0.0624,0.041147,0.10021
1983,59460.0,W,N3,0.865613,0.03524,0.030013,0.020176,0.048958
1984,59490.0,W,N3,0.854339,0.056828,0.027126,0.018793,0.042913
1985,59520.0,W,N1,0.771063,0.076995,0.044911,0.030227,0.076805
1986,59550.0,W,N1,0.782552,0.080117,0.044378,0.025056,0.067897
1987,59580.0,W,N3,0.817772,0.056808,0.036036,0.024829,0.064555
1988,59610.0,W,N1,0.776708,0.072934,0.04106,0.026622,0.082675
1989,59640.0,W,N3,0.810859,0.06017,0.032797,0.027395,0.068779
1990,59670.0,W,N1,0.728867,0.07756,0.061635,0.034545,0.097393
1991,59700.0,W,N3,0.832561,0.064417,0.033128,0.020705,0.049188
1992,59730.0,W,N3,0.846044,0.045347,0.028317,0.020529,0.059763
1993,59760.0,W,N3,0.798356,0.066668,0.037464,0.02549,0.072021
1994,59790.0,W,N3,0.840619,0.040587,0.031511,0.025587,0.061696
1995,59820.0,W,N3,0.760829,0.101268,0.046661,0.027779,0.063462
1996,59850.0,W,N3,0.816404,0.068981,0.034513,0.021898,0.058204
1997,59880.0,W,N1,0.742529,0.100713,0.047741,0.026803,0.082214
1998,59910.0,W,N3,0.758771,0.088439,0.050399,0.03408,0.06831
1999,59940.0,W,N1,0.771363,0.09193,0.04711,0.024739,0.064859
2000,59970.0,W,N3,0.784324,0.088572,0.034189,0.024603,0.068312
2001,60000.0,W,N3,0.732181,0.091511,0.051442,0.036233,0.088632
2002,60030.0,W,N3,0.721652,0.102715,0.049111,0.03777,0.088752
2003,60060.0,W,N1,0.743066,0.09902,0.045448,0.025982,0.086483
2004,60090.0,W,N3,0.767258,0.078154,0.047031,0.034523,0.073034
2005,60120.0,W,N1,0.725541,0.115226,0.04656,0.027621,0.085052
2006,60150.0,W,N3,0.766473,0.077242,0.043339,0.031213,0.081732
2007,60180.0,W,N3,0.786197,0.062731,0.044459,0.027101,0.079512
2008,60210.0,W,N1,0.736876,0.082331,0.052169,0.035244,0.09338
2009,60240.0,W,N3,0.829511,0.066097,0.03022,0.021124,0.053049
2010,60270.0,W,N1,0.765725,0.088647,0.040533,0.02612,0.078975
2011,60300.0,W,N3,0.80595,0.093203,0.036187,0.018519,0.046142
2012,60330.0,W,N3,0.754801,0.069371,0.045617,0.036393,0.093818
2013,60360.0,W,N3,0.725558,0.088358,0.04951,0.034888,0.101686
2014,60390.0,W,N3,0.777217,0.07031,0.040995,0.025806,0.085673
2015,60420.0,W,N3,0.691005,0.082659,0.067888,0.042281,0.116168
2016,60450.0,W,N3,0.746342,0.081454,0.047948,0.035425,0.088831
2017,60480.0,W,N1,0.756591,0.06473,0.049871,0.035124,0.093684
2018,60510.0,W,N3,0.818559,0.063482,0.03788,0.026991,0.053088
2019,60540.0,W,N3,0.884297,0.063016,0.019866,0.009463,0.023358
2020,60570.0,W,N3,0.888842,0.058675,0.019871,0.009296,0.023316
2021,60600.0,W,N3,0.853013,0.07871,0.024074,0.014264,0.029939
2022,60630.0,W,N3,0.892361,0.061229,0.019665,0.00782,0.018925
2023,60660.0,W,N3,0.865176,0.087229,0.020778,0.00916,0.017657
2024,60690.0,W,N3,0.849169,0.089454,0.025023,0.010485,0.025869
2025,60720.0,W,N3,0.845143,0.082228,0.024189,0.012424,0.036016
2026,60750.0,W,N3,0.766032,0.1147,0.04014,0.023999,0.055129
2027,60780.0,W,N3,0.860529,0.072451,0.024931,0.010319,0.03177
2028,60810.0,W,N3,0.853885,0.078686,0.024377,0.013366,0.029686
2029,60840.0,W,N3,0.914818,0.050684,0.015356,0.006556,0.012586
2030,60870.0,W,N3,0.845095,0.101728,0.024775,0.009645,0.018758
2031,60900.0,W,N3,0.917347,0.05787,0.012102,0.004334,0.008347
2032,60930.0,W,N3,0.918601,0.056337,0.011685,0.004353,0.009025
2033,60960.0,W,N3,0.923132,0.048098,0.012296,0.005327,0.011147
2034,60990.0,W,N3,0.86929,0.086104,0.021968,0.007849,0.014789
2035,61020.0,W,N3,0.853759,0.095682,0.022915,0.008674,0.018969
2036,61050.0,W,N3,0.900697,0.067298,0.015341,0.005372,0.011293
2037,61080.0,W,N3,0.758807,0.078816,0.040718,0.031905,0.089754
2038,61110.0,W,N3,0.889011,0.072838,0.017921,0.007283,0.012948
2039,61140.0,W,N3,0.884716,0.063456,0.019002,0.010054,0.022772
2040,61170.0,W,N1,0.832786,0.093164,0.028049,0.016171,0.029829
2041,61200.0,W,N3,0.836396,0.098633,0.025989,0.011346,0.027635
2042,61230.0,W,N3,0.893249,0.069832,0.016157,0.006542,0.01422
2043,61260.0,W,N3,0.901189,0.064471,0.015176,0.00676,0.012404
2044,61290.0,W,N3,0.906505,0.055575,0.014737,0.006679,0.016504
2045,61320.0,W,N3,0.854628,0.09775,0.021031,0.008176,0.018415
2046,61350.0,W,N3,0.917638,0.053969,0.013317,0.005434,0.009643
2047,61380.0,W,N3,0.912292,0.057271,0.01642,0.004704,0.009314
2048,61410.0,W,N3,0.917844,0.049369,0.014742,0.006404,0.011639
2049,61440.0,W,N3,0.751789,0.137719,0.039159,0.019009,0.052324
2050,61470.0,W,N3,0.873773,0.077649,0.020975,0.007853,0.01975
2051,61500.0,W,N3,0.918303,0.049329,0.014344,0.005639,0.012386
2052,61530.0,W,N3,0.882824,0.059683,0.021201,0.010693,0.0256
2053,61560.0,W,N3,0.894659,0.062941,0.015079,0.007742,0.019579
2054,61590.0,W,N1,0.830104,0.102863,0.02528,0.011931,0.029822
2055,61620.0,W,N3,0.891909,0.05722,0.018978,0.008643,0.02325
2056,61650.0,W,N3,0.909463,0.05111,0.015566,0.007227,0.016633
2057,61680.0,W,N3,0.933974,0.034721,0.013251,0.005115,0.012939
2058,61710.0,W,N3,0.87348,0.073383,0.02241,0.008795,0.021933
2059,61740.0,W,N3,0.873351,0.067366,0.022878,0.010796,0.025609
2060,61770.0,W,N3,0.935668,0.04065,0.010119,0.00404,0.009524
2061,61800.0,W,N3,0.946429,0.033691,0.009288,0.003849,0.006743
2062,61830.0,W,N3,0.929141,0.046218,0.011126,0.004501,0.009014
2063,61860.0,W,N3,0.917374,0.047852,0.014475,0.006285,0.014014
2064,61890.0,W,N3,0.878109,0.060757,0.020357,0.011354,0.029423
2065,61920.0,W,N3,0.90406,0.04803,0.014101,0.008564,0.025245
2066,61950.0,W,N3,0.875768,0.070524,0.023595,0.010007,0.020106
2067,61980.0,W,N3,0.867375,0.073678,0.025601,0.010827,0.022519
2068,62010.0,W,N3,0.856008,0.080377,0.023672,0.012895,0.027047
2069,62040.0,W,N3,0.916629,0.047855,0.013791,0.006908,0.014816
2070,62070.0,W,N3,0.899209,0.056654,0.015366,0.007625,0.021147
2071,62100.0,W,N3,0.795139,0.065804,0.041486,0.032903,0.064668
2072,62130.0,W,N3,0.85234,0.064826,0.024296,0.014466,0.044072
2073,62160.0,W,N3,0.846889,0.06471,0.031713,0.01446,0.042228
2074,62190.0,W,N3,0.908399,0.05351,0.014899,0.00693,0.016262
2075,62220.0,W,N3,0.808727,0.070773,0.035807,0.024914,0.059778
2076,62250.0,W,N3,0.883005,0.051346,0.019447,0.013047,0.033156
2077,62280.0,W,N3,0.902067,0.052278,0.016896,0.008591,0.020168
2078,62310.0,W,N3,0.884515,0.05815,0.022004,0.009646,0.025685
2079,62340.0,W,N3,0.875483,0.06856,0.021549,0.009212,0.025195
2080,62370.0,W,N3,0.846672,0.070053,0.032252,0.015511,0.035512
2081,62400.0,W,N3,0.873603,0.070594,0.021909,0.009679,0.024215
2082,62430.0,W,N3,0.870603,0.062554,0.022944,0.010799,0.0331
2083,62460.0,W,N3,0.879151,0.056983,0.022494,0.011586,0.029787
2084,62490.0,W,N3,0.874746,0.068183,0.020571,0.010978,0.025523
2085,62520.0,W,N3,0.868405,0.067314,0.022354,0.012812,0.029114
2086,62550.0,W,N3,0.91462,0.05163,0.014145,0.005244,0.014361
2087,62580.0,W,N3,0.888771,0.06074,0.019039,0.009141,0.022308
2088,62610.0,W,N3,0.89009,0.059166,0.020607,0.010151,0.019986
2089,62640.0,W,N3,0.833237,0.084543,0.031289,0.012212,0.038719
2090,62670.0,W,N3,0.881269,0.071911,0.017935,0.007745,0.02114
2091,62700.0,W,N3,0.892423,0.054583,0.018964,0.008683,0.025347
2092,62730.0,W,N3,0.902874,0.060774,0.013662,0.007063,0.015628
2093,62760.0,W,N3,0.901305,0.052599,0.016727,0.008567,0.020802
2094,62790.0,W,N3,0.911134,0.042613,0.015947,0.007998,0.022308
2095,62820.0,W,N3,0.902655,0.049523,0.016495,0.009233,0.022094
2096,62850.0,W,N3,0.897271,0.047715,0.017638,0.010634,0.026741
2097,62880.0,W,N3,0.857552,0.07698,0.025189,0.010773,0.029506
2098,62910.0,W,N3,0.910489,0.040196,0.015957,0.010105,0.023253
2099,62940.0,W,N3,0.881635,0.052465,0.02258,0.010012,0.033309
2100,62970.0,W,N3,0.816409,0.069738,0.03433,0.020342,0.059181
2101,63000.0,W,N3,0.837181,0.066154,0.026515,0.020956,0.049194
2102,63030.0,W,N3,0.805784,0.077724,0.035092,0.022407,0.058993
2103,63060.0,W,N3,0.767173,0.093507,0.038095,0.028289,0.072936
2104,63090.0,W,N3,0.86589,0.069388,0.022858,0.014258,0.027606
2105,63120.0,W,N3,0.833563,0.072927,0.036094,0.019116,0.038299
2106,63150.0,W,N3,0.873551,0.057794,0.026102,0.012444,0.030109
2107,63180.0,W,N3,0.842874,0.060603,0.035561,0.01796,0.043002
2108,63210.0,W,N3,0.803844,0.065104,0.039255,0.026212,0.065585
2109,63240.0,W,N3,0.800521,0.067771,0.038109,0.030011,0.063589
2110,63270.0,W,N3,0.872332,0.068485,0.022144,0.01041,0.026629
2111,63300.0,W,N3,0.881334,0.061533,0.021452,0.009706,0.025976
2112,63330.0,W,N3,0.873075,0.073203,0.019841,0.009154,0.024727
2113,63360.0,W,N3,0.897151,0.04581,0.019807,0.011422,0.02581
2114,63390.0,W,N3,0.873026,0.05279,0.023563,0.013237,0.037384
2115,63420.0,W,N3,0.839924,0.079647,0.026656,0.01412,0.039653
2116,63450.0,W,N3,0.836554,0.068463,0.034583,0.019643,0.040757
2117,63480.0,W,N3,0.866026,0.078571,0.024115,0.009891,0.021397
2118,63510.0,W,N3,0.789242,0.104901,0.047555,0.017019,0.041282
2119,63540.0,W,N3,0.849721,0.082055,0.027529,0.013376,0.027319
2120,63570.0,W,N3,0.87067,0.069104,0.024787,0.0099,0.025538
2121,63600.0,W,N3,0.884337,0.062582,0.020661,0.010633,0.021787
2122,63630.0,W,N3,0.866242,0.067184,0.024499,0.01331,0.028765
2123,63660.0,W,N3,0.902884,0.057924,0.016544,0.006909,0.015739
2124,63690.0,W,N3,0.891335,0.064584,0.018475,0.007708,0.017897
2125,63720.0,W,N3,0.899566,0.06136,0.015425,0.00777,0.015879
2126,63750.0,W,N3,0.926569,0.045812,0.012842,0.004915,0.009861
2127,63780.0,W,N3,0.860981,0.070356,0.025313,0.012699,0.030652
2128,63810.0,W,N3,0.878511,0.065168,0.022523,0.009686,0.024113
2129,63840.0,W,N3,0.792777,0.087511,0.037141,0.022653,0.059918
2130,63870.0,W,N3,0.829223,0.088009,0.028807,0.015503,0.038458
2131,63900.0,W,N3,0.83896,0.073133,0.030681,0.016495,0.040732
2132,63930.0,W,N3,0.894047,0.054208,0.017557,0.009231,0.024957
2133,63960.0,W,N3,0.887345,0.061589,0.019539,0.010497,0.02103
2134,63990.0,W,N3,0.883531,0.069164,0.018392,0.008731,0.020182
2135,64020.0,W,N3,0.876405,0.067669,0.019085,0.010318,0.026523
2136,64050.0,W,N3,0.882076,0.054203,0.017334,0.01419,0.032197
2137,64080.0,W,N3,0.822809,0.07703,0.036338,0.019271,0.044551
2138,64110.0,W,N3,0.78449,0.083986,0.04578,0.026315,0.059428
2139,64140.0,W,N3,0.82416,0.090744,0.03516,0.015064,0.034872
2140,64170.0,W,N3,0.808163,0.080239,0.038575,0.023513,0.049511
2141,64200.0,W,N1,0.819333,0.085511,0.034843,0.018205,0.042107
2142,64230.0,W,N3,0.898218,0.056126,0.018729,0.008163,0.018763
2143,64260.0,W,N3,0.907033,0.045519,0.018727,0.008549,0.020172
2144,64290.0,W,N3,0.894746,0.051047,0.019769,0.009575,0.024864
2145,64320.0,W,N3,0.848698,0.064259,0.029081,0.018779,0.039184
2146,64350.0,W,N3,0.752226,0.134911,0.040601,0.019047,0.053215
2147,64380.0,W,N3,0.825572,0.071902,0.031978,0.018577,0.051971
2148,64410.0,W,N3,0.823168,0.082711,0.032395,0.017205,0.044522
2149,64440.0,W,N3,0.886392,0.061469,0.022032,0.008933,0.021174
2150,64470.0,W,N3,0.781418,0.097753,0.042761,0.02633,0.051738
2151,64500.0,W,N3,0.719979,0.145055,0.053506,0.022709,0.058752
2152,64530.0,W,N3,0.821615,0.082526,0.030188,0.016296,0.049376
2153,64560.0,W,N3,0.849086,0.087862,0.026177,0.010077,0.026798
2154,64590.0,W,N3,0.798423,0.076505,0.038947,0.023874,0.062252
2155,64620.0,W,N3,0.858382,0.072715,0.028304,0.01017,0.03043
2156,64650.0,W,N3,0.814051,0.064566,0.033543,0.023157,0.064683
2157,64680.0,W,N1,0.643717,0.088365,0.084086,0.04767,0.136162
2158,64710.0,W,N3,0.792775,0.087122,0.035372,0.017901,0.06683
2159,64740.0,W,N3,0.81247,0.078607,0.030474,0.01694,0.061509
2160,64770.0,W,N1,0.716806,0.106514,0.051717,0.030351,0.094611
2161,64800.0,W,N3,0.621619,0.158542,0.07857,0.034654,0.106615
2162,64830.0,W,N1,0.783293,0.085395,0.044662,0.02128,0.06537
2163,64860.0,W,N3,0.743908,0.120255,0.047665,0.024951,0.063222
2164,64890.0,W,N3,0.738584,0.143506,0.042268,0.018665,0.056977
2165,64920.0,W,N3,0.766955,0.117155,0.043586,0.015339,0.056966
2166,64950.0,W,N1,0.833143,0.081813,0.028589,0.013712,0.042743
2167,64980.0,W,N3,0.860013,0.070524,0.025832,0.011949,0.031681
2168,65010.0,W,N3,0.907683,0.046973,0.017141,0.007826,0.020377
2169,65040.0,W,N3,0.872346,0.065983,0.021996,0.010878,0.028797
2170,65070.0,W,N3,0.873863,0.070735,0.019088,0.010176,0.026138
2171,65100.0,W,N3,0.896703,0.055854,0.016152,0.007931,0.02336
2172,65130.0,W,N3,0.907618,0.045552,0.01573,0.007691,0.023408
2173,65160.0,W,N3,0.857759,0.067972,0.026987,0.012941,0.034341
2174,65190.0,W,N3,0.863784,0.069036,0.021524,0.013566,0.03209
2175,65220.0,W,N3,0.854471,0.063585,0.028112,0.013927,0.039906
2176,65250.0,W,N3,0.878104,0.068097,0.018886,0.008581,0.026332
2177,65280.0,W,N1,0.864937,0.075293,0.022141,0.010654,0.026976
2178,65310.0,W,N3,0.865856,0.063921,0.025531,0.011638,0.033054
2179,65340.0,W,N3,0.872173,0.053317,0.025541,0.015185,0.033784
2180,65370.0,W,N1,0.831952,0.086826,0.030484,0.013874,0.036864
2181,65400.0,W,N3,0.890245,0.054835,0.019263,0.010853,0.024803
2182,65430.0,W,N3,0.888381,0.056251,0.021035,0.011331,0.023001
2183,65460.0,W,N3,0.839354,0.083194,0.023741,0.013344,0.040368
2184,65490.0,W,N3,0.823604,0.075688,0.034336,0.018737,0.047635
2185,65520.0,W,N3,0.808675,0.087471,0.03196,0.02315,0.048743
2186,65550.0,W,N3,0.855695,0.075075,0.022488,0.010931,0.035811
2187,65580.0,W,N3,0.858492,0.075235,0.025567,0.011356,0.02935
2188,65610.0,W,N3,0.856626,0.071046,0.023696,0.014359,0.034273
2189,65640.0,W,N3,0.910079,0.046287,0.015864,0.008578,0.019191
2190,65670.0,W,N3,0.879279,0.064643,0.020255,0.009841,0.025982
2191,65700.0,W,N3,0.859858,0.08911,0.018527,0.010983,0.021522
2192,65730.0,W,N3,0.856292,0.078245,0.024913,0.011585,0.028964
2193,65760.0,W,N3,0.879702,0.071723,0.018773,0.008179,0.021623
2194,65790.0,W,N3,0.837885,0.102846,0.025892,0.010786,0.022591
2195,65820.0,W,N3,0.850964,0.073935,0.024003,0.014652,0.036447
2196,65850.0,W,N3,0.886145,0.05263,0.021232,0.011994,0.028
2197,65880.0,W,N3,0.809338,0.081401,0.042282,0.019602,0.047377
2198,65910.0,W,N3,0.800211,0.098402,0.033626,0.020565,0.047195
2199,65940.0,W,N1,0.808624,0.094183,0.035161,0.014158,0.047873
2200,65970.0,W,N3,0.862878,0.065817,0.024862,0.01261,0.033834
2201,66000.0,W,N3,0.902045,0.050491,0.018853,0.006534,0.022077
2202,66030.0,W,N3,0.862404,0.065472,0.027056,0.011442,0.033625
2203,66060.0,W,N3,0.790956,0.102133,0.040303,0.018515,0.048093
2204,66090.0,W,N3,0.881689,0.039925,0.02397,0.018331,0.036085
2205,66120.0,W,N3,0.868783,0.061587,0.023459,0.013848,0.032324
2206,66150.0,W,N3,0.720985,0.092175,0.055055,0.029565,0.10222
2207,66180.0,W,N3,0.901992,0.058088,0.015366,0.006379,0.018175
2208,66210.0,W,N3,0.888283,0.065911,0.018612,0.007267,0.019927
2209,66240.0,W,N3,0.880123,0.053287,0.022309,0.014324,0.029957
2210,66270.0,W,N3,0.840484,0.065347,0.030099,0.017768,0.046302
2211,66300.0,W,N3,0.810226,0.08682,0.036887,0.020997,0.04507
2212,66330.0,W,N1,0.832595,0.073044,0.029617,0.019229,0.045515
2213,66360.0,W,N3,0.899955,0.049981,0.017243,0.009885,0.022937
2214,66390.0,W,N3,0.90909,0.038104,0.016359,0.010295,0.026152
2215,66420.0,W,N3,0.795397,0.089122,0.040347,0.02456,0.050573
2216,66450.0,W,N3,0.880785,0.058688,0.021762,0.010704,0.02806
2217,66480.0,W,N3,0.873417,0.054202,0.025169,0.01396,0.033252
2218,66510.0,W,N1,0.841451,0.105358,0.024087,0.009011,0.020093
2219,66540.0,W,N3,0.923616,0.048347,0.013449,0.005001,0.009587
2220,66570.0,W,N3,0.904566,0.053936,0.018502,0.007391,0.015604
2221,66600.0,W,N3,0.813918,0.081766,0.040814,0.015963,0.047539
2222,66630.0,W,N3,0.872944,0.052201,0.028618,0.011371,0.034867
2223,66660.0,W,N3,0.857354,0.073474,0.026536,0.011897,0.030739
2224,66690.0,W,N3,0.896365,0.070879,0.015929,0.005096,0.011732
2225,66720.0,W,N3,0.883401,0.079723,0.016499,0.005206,0.015171
2226,66750.0,W,N1,0.820944,0.103321,0.028597,0.014923,0.032216
2227,66780.0,W,N3,0.862273,0.055027,0.031465,0.014763,0.036472
2228,66810.0,W,N3,0.83594,0.077334,0.031863,0.013562,0.041301
2229,66840.0,W,N3,0.87083,0.068317,0.023191,0.010181,0.027481
2230,66870.0,W,N3,0.837291,0.102058,0.024464,0.01082,0.025367
2231,66900.0,W,N3,0.833937,0.085608,0.026625,0.015527,0.038303
2232,66930.0,W,N3,0.844959,0.093551,0.022015,0.011101,0.028374
2233,66960.0,W,N3,0.87416,0.079086,0.021935,0.008308,0.016512
2234,66990.0,W,N3,0.83218,0.097211,0.028832,0.013048,0.028729
2235,67020.0,W,N3,0.870879,0.079329,0.021661,0.009339,0.018792
2236,67050.0,W,N3,0.855715,0.092387,0.019574,0.009902,0.022422
2237,67080.0,W,N3,0.889232,0.049772,0.022794,0.011682,0.02652
2238,67110.0,W,N3,0.90609,0.051014,0.014404,0.008425,0.020067
2239,67140.0,W,N3,0.832475,0.104161,0.023891,0.011272,0.028201
2240,67170.0,W,N3,0.842098,0.091459,0.023416,0.012298,0.030729
2241,67200.0,W,N3,0.847318,0.091418,0.024648,0.009517,0.027099
2242,67230.0,W,N3,0.910045,0.052237,0.015203,0.006635,0.015879
2243,67260.0,W,N3,0.898988,0.052122,0.019334,0.008097,0.02146
2244,67290.0,W,N3,0.90295,0.061211,0.014035,0.006675,0.015129
2245,67320.0,W,N3,0.868607,0.066676,0.023206,0.013064,0.028447
2246,67350.0,W,N3,0.863834,0.056806,0.025905,0.015998,0.037456
2247,67380.0,W,N3,0.864653,0.053475,0.024178,0.012761,0.044933
2248,67410.0,W,N3,0.832002,0.074498,0.024872,0.018755,0.049873
2249,67440.0,W,N3,0.847529,0.054717,0.027552,0.019139,0.051063
2250,67470.0,W,N3,0.908079,0.040937,0.021075,0.008674,0.021235
2251,67500.0,W,N3,0.895763,0.048938,0.019494,0.009093,0.026713
2252,67530.0,W,N3,0.885112,0.056801,0.020583,0.011263,0.026242
2253,67560.0,W,N3,0.886571,0.062303,0.019676,0.009822,0.021627
2254,67590.0,W,N1,0.815786,0.093097,0.034354,0.01534,0.041423
2255,67620.0,W,N3,0.848758,0.078283,0.025522,0.012585,0.034852
2256,67650.0,W,N3,0.914055,0.043349,0.016826,0.007549,0.018221
2257,67680.0,W,N3,0.906787,0.039526,0.018945,0.010733,0.024009
2258,67710.0,W,N3,0.902374,0.054157,0.015569,0.006972,0.020928
2259,67740.0,W,N1,0.782779,0.10934,0.040407,0.01855,0.048924
2260,67770.0,W,N3,0.732465,0.115925,0.061422,0.023355,0.066833
2261,67800.0,W,N3,0.893989,0.05767,0.019583,0.008188,0.02057
2262,67830.0,W,N3,0.896134,0.059196,0.017258,0.00718,0.020232
2263,67860.0,W,N3,0.854311,0.075367,0.026609,0.011462,0.032251
2264,67890.0,W,N3,0.889112,0.072819,0.017731,0.005646,0.014692
2265,67920.0,W,N1,0.90362,0.052374,0.018266,0.008267,0.017472
2266,67950.0,W,N3,0.877599,0.064409,0.022329,0.010222,0.025441
2267,67980.0,W,N3,0.813148,0.097655,0.028608,0.015077,0.045512
2268,68010.0,W,N3,0.747363,0.100515,0.041016,0.027107,0.083999
2269,68040.0,W,N3,0.754384,0.103717,0.040527,0.025402,0.075969
2270,68070.0,W,N3,0.747138,0.09803,0.049834,0.029319,0.075679
2271,68100.0,W,N3,0.864995,0.072416,0.023666,0.012809,0.026114
2272,68130.0,W,N3,0.899784,0.065015,0.015365,0.005795,0.01404
2273,68160.0,W,N1,0.906465,0.053208,0.018374,0.00696,0.014993
2274,68190.0,W,N3,0.89146,0.060445,0.018252,0.008554,0.02129
2275,68220.0,W,N3,0.838329,0.057439,0.033821,0.019337,0.051074
2276,68250.0,W,N1,0.706548,0.108838,0.059429,0.030882,0.094303
2277,68280.0,W,N3,0.828502,0.073598,0.032525,0.014036,0.05134
2278,68310.0,W,N3,0.763781,0.09638,0.039122,0.025076,0.075641
2279,68340.0,W,N3,0.862584,0.047127,0.026091,0.019021,0.045177
2280,68370.0,W,N3,0.907445,0.045565,0.020157,0.007324,0.01951
2281,68400.0,W,N3,0.855815,0.063084,0.026119,0.015052,0.03993
2282,68430.0,W,N3,0.912586,0.04946,0.01349,0.008317,0.016147
2283,68460.0,W,N3,0.843413,0.058473,0.033274,0.019932,0.044909
2284,68490.0,W,N3,0.85445,0.066648,0.026491,0.016222,0.036189
2285,68520.0,W,N3,0.870389,0.082731,0.022121,0.008272,0.016487
2286,68550.0,W,N3,0.900768,0.060332,0.016784,0.007253,0.014863
2287,68580.0,W,N3,0.880959,0.075002,0.020326,0.007422,0.01629
2288,68610.0,W,N3,0.902682,0.049568,0.015162,0.009229,0.023358
2289,68640.0,W,N3,0.891556,0.059931,0.016967,0.009308,0.022239
2290,68670.0,W,N1,0.840384,0.072861,0.028642,0.017319,0.040793
2291,68700.0,W,N3,0.866262,0.059944,0.021728,0.012311,0.039755
2292,68730.0,W,N3,0.83763,0.070661,0.029682,0.016562,0.045466
2293,68760.0,W,N3,0.860524,0.065844,0.022955,0.013463,0.037215
2294,68790.0,W,N3,0.727055,0.10542,0.056937,0.026549,0.084039
2295,68820.0,W,N3,0.877045,0.057076,0.02179,0.012336,0.031754
2296,68850.0,W,N3,0.89586,0.048629,0.021294,0.010705,0.023512
2297,68880.0,W,N3,0.894323,0.054452,0.019024,0.009386,0.022816
2298,68910.0,W,N3,0.881545,0.058709,0.020008,0.011449,0.028289
2299,68940.0,W,N3,0.913854,0.045696,0.015479,0.006902,0.018069
2300,68970.0,W,N3,0.889428,0.054758,0.018003,0.009087,0.028723
2301,69000.0,W,N3,0.901557,0.055313,0.017675,0.008138,0.017316
2302,69030.0,W,N3,0.905334,0.045335,0.019587,0.00925,0.020494
2303,69060.0,W,N3,0.832046,0.080822,0.029845,0.01598,0.041306
2304,69090.0,W,N3,0.894197,0.047254,0.018381,0.011282,0.028887
2305,69120.0,W,N3,0.846776,0.095945,0.022914,0.010456,0.023909
2306,69150.0,W,N3,0.868497,0.077779,0.020331,0.00975,0.023642
2307,69180.0,W,N3,0.854853,0.091378,0.023359,0.008928,0.021482
2308,69210.0,W,N3,0.868887,0.060776,0.022689,0.014805,0.032844
2309,69240.0,W,N3,0.848229,0.060959,0.029777,0.019061,0.041973
2310,69270.0,W,N1,0.827171,0.078001,0.033489,0.019794,0.041545
2311,69300.0,W,N3,0.796179,0.074562,0.043758,0.021509,0.063994
2312,69330.0,W,N3,0.800718,0.070997,0.03399,0.023448,0.070847
2313,69360.0,W,N3,0.816317,0.067062,0.036759,0.021514,0.058349
2314,69390.0,W,N3,0.66893,0.104222,0.071311,0.036598,0.11894
2315,69420.0,W,N3,0.788761,0.085398,0.04182,0.025722,0.058299
2316,69450.0,W,N3,0.729425,0.091584,0.057811,0.03268,0.088499
2317,69480.0,W,N3,0.832206,0.058853,0.032188,0.020212,0.056541
2318,69510.0,W,N3,0.804567,0.087362,0.033469,0.02095,0.053652
2319,69540.0,W,N3,0.757916,0.071401,0.047665,0.029436,0.093582
2320,69570.0,W,N3,0.722345,0.072424,0.058215,0.037755,0.10926
2321,69600.0,W,N3,0.648683,0.092423,0.075783,0.04506,0.138052
2322,69630.0,W,N3,0.809038,0.07303,0.040472,0.020535,0.056925
2323,69660.0,W,N3,0.89025,0.064613,0.017451,0.006997,0.020689
2324,69690.0,W,N3,0.829361,0.09114,0.030768,0.01143,0.037301
2325,69720.0,W,N3,0.867757,0.072709,0.021345,0.011044,0.027145
2326,69750.0,W,N3,0.874071,0.065384,0.023146,0.010555,0.026844
2327,69780.0,W,N3,0.870451,0.06954,0.023233,0.010669,0.026108
2328,69810.0,W,N3,0.913663,0.04491,0.014805,0.007691,0.018931
2329,69840.0,W,N3,0.855924,0.059583,0.027158,0.015187,0.042148
2330,69870.0,W,N3,0.880823,0.051913,0.020714,0.012139,0.034411
2331,69900.0,W,N3,0.851505,0.060641,0.027639,0.017289,0.042926
2332,69930.0,W,N3,0.825266,0.072573,0.033052,0.017525,0.051585
2333,69960.0,W,N3,0.907477,0.040626,0.018085,0.009962,0.023849
2334,69990.0,W,N3,0.894686,0.043603,0.022831,0.011718,0.027163
2335,70020.0,W,N3,0.884228,0.064131,0.021562,0.009764,0.020316
2336,70050.0,W,N1,0.81884,0.10362,0.033975,0.013866,0.0297
2337,70080.0,W,N3,0.874192,0.0585,0.022138,0.012328,0.032841
2338,70110.0,W,N3,0.818465,0.064169,0.036744,0.022743,0.05788
2339,70140.0,W,N3,0.842454,0.053815,0.029582,0.019171,0.054978
2340,70170.0,W,N3,0.858761,0.065553,0.02705,0.015731,0.032904
2341,70200.0,W,N3,0.849528,0.078695,0.025064,0.014109,0.032603
2342,70230.0,W,N3,0.826555,0.066325,0.034712,0.020499,0.051909
2343,70260.0,W,N3,0.865379,0.056641,0.025645,0.015596,0.03674
2344,70290.0,W,N3,0.832687,0.081122,0.031111,0.01846,0.036619
2345,70320.0,W,N3,0.895423,0.06122,0.019139,0.007506,0.016713
2346,70350.0,W,N3,0.858533,0.095988,0.020992,0.007003,0.017484
2347,70380.0,W,N3,0.921366,0.053901,0.010235,0.004543,0.009955
2348,70410.0,W,N3,0.884573,0.07216,0.019102,0.007142,0.017023
2349,70440.0,W,N3,0.863915,0.077021,0.023636,0.010733,0.024695
2350,70470.0,W,N3,0.877858,0.058528,0.023674,0.011242,0.028698
2351,70500.0,W,N3,0.877472,0.058579,0.025109,0.012097,0.026744
2352,70530.0,W,N3,0.878151,0.059756,0.023327,0.009797,0.028969
2353,70560.0,W,N3,0.87246,0.063909,0.024696,0.011443,0.027493
2354,70590.0,W,N3,0.900535,0.051231,0.019231,0.007644,0.02136
2355,70620.0,W,N3,0.859511,0.069397,0.026484,0.011731,0.032877
2356,70650.0,W,N3,0.862257,0.049606,0.026117,0.018479,0.043541
2357,70680.0,W,N3,0.810364,0.069873,0.036605,0.020792,0.062366
2358,70710.0,W,N3,0.715635,0.108104,0.057853,0.031478,0.08693
2359,70740.0,W,N3,0.842128,0.058624,0.033047,0.020399,0.045802
2360,70770.0,W,N3,0.754239,0.095798,0.048726,0.025088,0.076149
2361,70800.0,W,N3,0.815522,0.112038,0.027446,0.013112,0.031881
2362,70830.0,W,N3,0.863204,0.080523,0.021833,0.009559,0.024881
2363,70860.0,W,N1,0.879817,0.050689,0.026574,0.011826,0.031094
2364,70890.0,W,N3,0.850656,0.085021,0.025678,0.010083,0.028563
2365,70920.0,W,N1,0.809627,0.097489,0.038921,0.014813,0.03915
2366,70950.0,W,N3,0.906002,0.054642,0.017095,0.006771,0.01549
2367,70980.0,W,N1,0.866023,0.065931,0.024061,0.01212,0.031864
2368,71010.0,W,N1,0.704033,0.094028,0.06655,0.03892,0.096469
2369,71040.0,W,N3,0.722411,0.084857,0.05481,0.041026,0.096896
2370,71070.0,W,N3,0.767829,0.082009,0.045165,0.028238,0.076759
2371,71100.0,W,N1,0.64357,0.112568,0.072017,0.044092,0.127753
2372,71130.0,W,N1,0.703044,0.090014,0.059511,0.037788,0.109643
2373,71160.0,W,N3,0.726309,0.089093,0.051505,0.034105,0.098988
2374,71190.0,W,N3,0.739103,0.091648,0.048092,0.027821,0.093336
2375,71220.0,W,N3,0.844573,0.05184,0.036336,0.020306,0.046945
2376,71250.0,W,N3,0.859851,0.058075,0.02694,0.014171,0.040963
2377,71280.0,W,N3,0.829573,0.05911,0.033741,0.020449,0.057127
2378,71310.0,W,N3,0.792367,0.060663,0.049351,0.026157,0.071462
2379,71340.0,W,N1,0.798947,0.069873,0.04063,0.02653,0.06402
2380,71370.0,W,N3,0.799939,0.083274,0.038499,0.021899,0.056389
2381,71400.0,W,N3,0.864868,0.071139,0.026034,0.011742,0.026218
2382,71430.0,W,N3,0.776226,0.067577,0.047651,0.032522,0.076024
2383,71460.0,W,N3,0.644279,0.119042,0.06891,0.034674,0.133095
2384,71490.0,W,N3,0.85697,0.06143,0.02356,0.016606,0.041433
2385,71520.0,W,N1,0.749279,0.077442,0.051985,0.031453,0.089841
2386,71550.0,W,N3,0.793917,0.073568,0.04011,0.024445,0.06796
2387,71580.0,W,N1,0.776223,0.075169,0.045015,0.028481,0.075113
2388,71610.0,W,N3,0.864386,0.072007,0.02137,0.012181,0.030057
2389,71640.0,W,N3,0.875404,0.058669,0.022338,0.012704,0.030885
2390,71670.0,W,N3,0.848294,0.081894,0.029897,0.014319,0.025596
2391,71700.0,W,N3,0.895165,0.0598,0.016799,0.009357,0.018878
2392,71730.0,W,N3,0.882363,0.07698,0.017484,0.007822,0.015352
2393,71760.0,W,N3,0.849435,0.090972,0.023908,0.0105,0.025185
2394,71790.0,W,N3,0.876037,0.082485,0.018267,0.006933,0.016278
2395,71820.0,W,N3,0.878213,0.067912,0.020159,0.011159,0.022557
2396,71850.0,W,N3,0.858344,0.089579,0.021268,0.011235,0.019575
2397,71880.0,W,N3,0.869011,0.07929,0.021562,0.008962,0.021175
2398,71910.0,W,N3,0.871203,0.078692,0.021139,0.008959,0.020007
2399,71940.0,W,N3,0.897436,0.059607,0.017232,0.007701,0.018025
2400,71970.0,W,N3,0.891066,0.056788,0.020205,0.010071,0.021871
2401,72000.0,W,N3,0.866299,0.073845,0.023449,0.011479,0.024928
2402,72030.0,W,N3,0.887471,0.069279,0.017343,0.007934,0.017974
2403,72060.0,W,N3,0.900175,0.059051,0.016121,0.008326,0.016326
2404,72090.0,W,N3,0.853217,0.097259,0.020403,0.008576,0.020544
2405,72120.0,W,N3,0.890995,0.07208,0.015292,0.00624,0.015392
2406,72150.0,W,N3,0.917207,0.047437,0.012945,0.00767,0.014741
2407,72180.0,W,N3,0.884358,0.069061,0.017584,0.007956,0.021042
2408,72210.0,W,N3,0.897822,0.065504,0.015143,0.006332,0.015199
2409,72240.0,W,N3,0.863696,0.070546,0.023357,0.014319,0.028082
2410,72270.0,W,N3,0.862961,0.064095,0.0241,0.016793,0.032051
2411,72300.0,W,N3,0.873882,0.059814,0.018313,0.012648,0.035343
2412,72330.0,W,N3,0.813754,0.085105,0.029674,0.021329,0.050138
2413,72360.0,W,N3,0.858645,0.05386,0.026542,0.021069,0.039884
2414,72390.0,W,N3,0.862104,0.05933,0.024302,0.017634,0.03663
2415,72420.0,W,N3,0.87723,0.055387,0.022092,0.016121,0.029169
2416,72450.0,W,N3,0.874767,0.058293,0.022228,0.013806,0.030906
2417,72480.0,W,N3,0.881705,0.063218,0.020115,0.010887,0.024075
2418,72510.0,W,N3,0.887281,0.054308,0.018331,0.011991,0.02809
2419,72540.0,W,N3,0.862345,0.078062,0.022225,0.012095,0.025273
2420,72570.0,W,N3,0.891765,0.053105,0.016257,0.011873,0.027
2421,72600.0,W,N3,0.879879,0.063182,0.018456,0.012399,0.026084
2422,72630.0,W,N3,0.854649,0.087407,0.021867,0.012003,0.024074
2423,72660.0,W,N3,0.86068,0.079966,0.024117,0.010579,0.024657
2424,72690.0,W,N3,0.882349,0.072831,0.017076,0.009174,0.01857
2425,72720.0,W,N3,0.854306,0.082936,0.023422,0.011757,0.027579
2426,72750.0,W,N3,0.834085,0.096593,0.026053,0.01322,0.030049
2427,72780.0,W,N3,0.848529,0.0816,0.030235,0.012737,0.0269
2428,72810.0,W,N3,0.842059,0.091958,0.026461,0.012317,0.027206
2429,72840.0,W,N3,0.89196,0.057816,0.017138,0.009148,0.023938
2430,72870.0,W,N3,0.868261,0.078542,0.023785,0.008713,0.020699
2431,72900.0,W,N3,0.888717,0.065364,0.017994,0.00754,0.020385
2432,72930.0,W,N3,0.863738,0.073045,0.025351,0.011029,0.026837
2433,72960.0,W,N3,0.869596,0.076437,0.019135,0.009545,0.025287
2434,72990.0,W,N3,0.836382,0.096785,0.022537,0.013735,0.03056
2435,73020.0,W,N3,0.876788,0.064234,0.022156,0.01033,0.026492
2436,73050.0,W,N3,0.901691,0.065224,0.014397,0.005837,0.01285
2437,73080.0,W,N3,0.901501,0.064513,0.01514,0.005732,0.013114
2438,73110.0,W,N3,0.852178,0.101187,0.021715,0.008387,0.016534
2439,73140.0,W,N3,0.87652,0.083996,0.020183,0.006001,0.0133
2440,73170.0,W,N3,0.913654,0.059912,0.013887,0.004551,0.007996
2441,73200.0,W,N3,0.892146,0.072816,0.016222,0.00637,0.012446
2442,73230.0,W,N3,0.856328,0.078803,0.020601,0.011137,0.03313
2443,73260.0,W,N3,0.856926,0.078367,0.02185,0.011217,0.03164
2444,73290.0,W,N3,0.901,0.05686,0.016154,0.006619,0.019367
2445,73320.0,W,N3,0.897136,0.05876,0.016957,0.00638,0.020767
2446,73350.0,W,N3,0.902777,0.058694,0.014923,0.006683,0.016924
2447,73380.0,W,N3,0.906341,0.058497,0.013828,0.005638,0.015696
2448,73410.0,W,N3,0.911293,0.050694,0.015552,0.006127,0.016334
2449,73440.0,W,N3,0.909652,0.050879,0.015173,0.006418,0.017878
2450,73470.0,W,N3,0.875009,0.073124,0.021054,0.008629,0.022184
2451,73500.0,W,N3,0.908916,0.05785,0.013541,0.005694,0.013999
2452,73530.0,W,N3,0.877941,0.072567,0.017986,0.008178,0.023329
2453,73560.0,W,N3,0.851168,0.074902,0.025366,0.011698,0.036867
2454,73590.0,W,N3,0.872947,0.078595,0.01799,0.008692,0.021776
2455,73620.0,W,N1,0.902171,0.042559,0.015515,0.011028,0.028726
2456,73650.0,W,N3,0.883129,0.066359,0.017575,0.008827,0.02411
2457,73680.0,W,N3,0.867147,0.068149,0.020362,0.011882,0.03246
2458,73710.0,W,N3,0.885366,0.07246,0.017545,0.006558,0.018071
2459,73740.0,W,N3,0.900932,0.05957,0.018472,0.006619,0.014407
2460,73770.0,W,N3,0.889812,0.070869,0.018301,0.006222,0.014796
2461,73800.0,W,N3,0.897971,0.057304,0.015857,0.007762,0.021105
2462,73830.0,W,N3,0.920523,0.041471,0.013596,0.00655,0.017859
2463,73860.0,W,N3,0.922541,0.047892,0.011491,0.004821,0.013255
2464,73890.0,W,N3,0.838609,0.082336,0.026921,0.01206,0.040074
2465,73920.0,W,N3,0.924156,0.044276,0.011066,0.005665,0.014837
2466,73950.0,W,N3,0.862546,0.088825,0.019204,0.008137,0.021289
2467,73980.0,W,N3,0.895997,0.058545,0.019905,0.007676,0.017877
2468,74010.0,W,N3,0.911259,0.06001,0.011859,0.005392,0.011481
2469,74040.0,W,N3,0.905055,0.05653,0.016962,0.006152,0.015301
2470,74070.0,W,N3,0.90972,0.050218,0.014187,0.006928,0.018947
2471,74100.0,W,N3,0.901976,0.052711,0.017496,0.008092,0.019725
2472,74130.0,W,N3,0.863662,0.05372,0.024705,0.015067,0.042846
2473,74160.0,W,N3,0.923738,0.047242,0.012396,0.005656,0.010968
2474,74190.0,W,N3,0.896899,0.06592,0.018064,0.006357,0.01276
2475,74220.0,W,N3,0.811373,0.107387,0.034274,0.013809,0.033157
2476,74250.0,W,N3,0.822374,0.071957,0.03196,0.020257,0.053451
2477,74280.0,W,N3,0.784732,0.099577,0.036768,0.023553,0.055369
2478,74310.0,W,N3,0.804802,0.082029,0.039206,0.025186,0.048777
2479,74340.0,W,N3,0.865496,0.036855,0.028378,0.021671,0.0476
2480,74370.0,W,N3,0.871048,0.064146,0.020821,0.010844,0.033142
2481,74400.0,W,N3,0.851886,0.044112,0.028205,0.019258,0.056539
2482,74430.0,W,N3,0.86416,0.027279,0.030339,0.020009,0.058214
2483,74460.0,W,N3,0.87079,0.02741,0.027428,0.017653,0.056719
2484,74490.0,W,N3,0.88521,0.022919,0.024102,0.018171,0.049598
2485,74520.0,W,N3,0.899962,0.032097,0.021097,0.013999,0.032845
2486,74550.0,W,N3,0.863652,0.067044,0.024409,0.013284,0.031611
2487,74580.0,W,N3,0.886032,0.054395,0.018227,0.013437,0.027909
2488,74610.0,W,N3,0.862962,0.033779,0.029742,0.020755,0.052762
2489,74640.0,W,N3,0.815074,0.045918,0.041682,0.027961,0.069365
2490,74670.0,W,N3,0.865323,0.031622,0.027955,0.021809,0.05329
2491,74700.0,W,N3,0.846774,0.042323,0.030533,0.021679,0.058692
2492,74730.0,W,N3,0.888339,0.032077,0.023667,0.014513,0.041404
2493,74760.0,W,N3,0.871782,0.031431,0.025672,0.019537,0.051579
2494,74790.0,W,N3,0.864213,0.027658,0.027332,0.020232,0.060565
2495,74820.0,W,N3,0.865582,0.033301,0.026322,0.015225,0.05957
2496,74850.0,W,N3,0.897878,0.027694,0.019608,0.013912,0.040908
2497,74880.0,W,N3,0.862489,0.036047,0.02723,0.018237,0.055997
2498,74910.0,W,N3,0.923088,0.023365,0.014578,0.009481,0.029487
2499,74940.0,W,N3,0.915625,0.02393,0.013171,0.01043,0.036844
2500,74970.0,W,N3,0.917427,0.041596,0.013998,0.008305,0.018675
2501,75000.0,W,N3,0.909505,0.042916,0.017793,0.010255,0.019531
2502,75030.0,W,N3,0.906073,0.031977,0.016426,0.014398,0.031126
2503,75060.0,W,N3,0.85443,0.057251,0.031943,0.018588,0.037788
2504,75090.0,W,N3,0.887101,0.056889,0.020115,0.010037,0.025859
2505,75120.0,W,N3,0.936604,0.026088,0.012017,0.006417,0.018875
2506,75150.0,W,N3,0.882776,0.052596,0.024563,0.014602,0.025463
2507,75180.0,W,N3,0.876593,0.058207,0.024135,0.011869,0.029196
2508,75210.0,W,N3,0.840078,0.058558,0.031616,0.020459,0.049289
2509,75240.0,W,N3,0.80391,0.046134,0.045281,0.032495,0.07218
2510,75270.0,W,N3,0.791322,0.049695,0.04408,0.029063,0.08584
2511,75300.0,W,N3,0.866147,0.061911,0.025001,0.014574,0.032367
2512,75330.0,W,N3,0.835941,0.071883,0.032006,0.016349,0.043821
2513,75360.0,W,N3,0.866001,0.056281,0.024218,0.014434,0.039067
2514,75390.0,W,N1,0.878391,0.052762,0.023604,0.012306,0.032937
2515,75420.0,W,N3,0.900883,0.050778,0.015843,0.008867,0.02363
2516,75450.0,W,N3,0.853991,0.085006,0.024885,0.012834,0.023284
2517,75480.0,W,N3,0.878072,0.071398,0.01934,0.009939,0.021251
2518,75510.0,W,N3,0.797429,0.115418,0.032351,0.014976,0.039826
2519,75540.0,W,N3,0.883662,0.06757,0.019739,0.008003,0.021027
2520,75570.0,W,N3,0.898566,0.064338,0.016411,0.006051,0.014634
2521,75600.0,W,N3,0.905177,0.058832,0.015232,0.006519,0.01424
2522,75630.0,W,N1,0.787777,0.095458,0.036815,0.024052,0.055898
2523,75660.0,W,N3,0.78719,0.078435,0.047557,0.025794,0.061024
2524,75690.0,W,N3,0.838027,0.041161,0.034437,0.024885,0.06149
2525,75720.0,W,N3,0.857348,0.037481,0.028751,0.021906,0.054514
2526,75750.0,W,N3,0.885603,0.036749,0.023663,0.012706,0.041279
2527,75780.0,W,N1,0.86392,0.033409,0.029309,0.021516,0.051847
2528,75810.0,W,N3,0.874973,0.053089,0.022079,0.014811,0.035048
2529,75840.0,W,N3,0.850163,0.03682,0.035046,0.023479,0.054492
2530,75870.0,W,N3,0.900154,0.038381,0.015409,0.010793,0.035263
2531,75900.0,W,N3,0.84374,0.032147,0.033718,0.02211,0.068286
2532,75930.0,W,N3,0.844215,0.060266,0.029207,0.019356,0.046956
2533,75960.0,W,N3,0.859158,0.06549,0.027546,0.014255,0.033552
2534,75990.0,W,N3,0.860399,0.046389,0.026374,0.01852,0.048317
2535,76020.0,W,N3,0.879939,0.05566,0.022841,0.010666,0.030895
2536,76050.0,W,N3,0.866343,0.037636,0.029468,0.020749,0.045804
2537,76080.0,W,N3,0.783005,0.053981,0.042174,0.033791,0.087049
2538,76110.0,W,N3,0.83156,0.041979,0.039364,0.027168,0.059929
2539,76140.0,W,N3,0.895227,0.039717,0.021583,0.013777,0.029697
2540,76170.0,W,N3,0.869662,0.061231,0.023326,0.013714,0.032067
2541,76200.0,W,N3,0.885833,0.043863,0.024156,0.01347,0.032678
2542,76230.0,W,N3,0.923219,0.036765,0.014186,0.007899,0.017932
2543,76260.0,W,N3,0.888789,0.049032,0.019878,0.011511,0.030789
2544,76290.0,W,N3,0.883004,0.05155,0.023247,0.009762,0.032437
2545,76320.0,W,N3,0.852707,0.065616,0.026589,0.016989,0.0381
2546,76350.0,W,N3,0.922939,0.043521,0.012542,0.006418,0.01458
2547,76380.0,W,N3,0.926851,0.045127,0.010871,0.005285,0.011866
2548,76410.0,W,N3,0.84874,0.084384,0.022327,0.012337,0.032212
2549,76440.0,W,N3,0.893573,0.053243,0.019407,0.010493,0.023284
2550,76470.0,W,N3,0.861759,0.054307,0.025595,0.017548,0.04079
2551,76500.0,W,N3,0.843566,0.047116,0.032426,0.019234,0.057659
2552,76530.0,W,N3,0.882037,0.02944,0.022724,0.016806,0.048994
2553,76560.0,W,N3,0.899361,0.021949,0.020774,0.012734,0.045182
2554,76590.0,W,N3,0.914583,0.020435,0.016796,0.011924,0.036262
2555,76620.0,W,N3,0.854308,0.045161,0.028061,0.018491,0.053978
2556,76650.0,W,N3,0.866937,0.067836,0.021786,0.013177,0.030265
2557,76680.0,W,N1,0.732346,0.107388,0.045783,0.026327,0.088157
2558,76710.0,W,N3,0.908009,0.023199,0.01939,0.012024,0.037378
2559,76740.0,W,N3,0.913241,0.019575,0.016988,0.012333,0.037863
2560,76770.0,W,N3,0.914972,0.021143,0.01907,0.011714,0.033101
2561,76800.0,W,N3,0.894497,0.018634,0.021462,0.016135,0.049271
2562,76830.0,W,N3,0.89572,0.022673,0.022423,0.013074,0.04611
2563,76860.0,W,N3,0.865069,0.028297,0.026297,0.016171,0.064167
2564,76890.0,W,N3,0.873408,0.036568,0.02028,0.015244,0.054499
2565,76920.0,W,N3,0.891942,0.022035,0.020751,0.01621,0.049062
2566,76950.0,W,N3,0.907113,0.0212,0.017599,0.012587,0.041502
2567,76980.0,W,N3,0.875032,0.061961,0.02067,0.011593,0.030744
2568,77010.0,W,N3,0.882983,0.065205,0.018532,0.008748,0.024532
2569,77040.0,W,N3,0.897082,0.046323,0.018154,0.009419,0.029021
2570,77070.0,W,N3,0.881046,0.040075,0.021968,0.014393,0.042518
2571,77100.0,W,N3,0.836061,0.053455,0.032112,0.018627,0.059746
2572,77130.0,W,N3,0.897995,0.023142,0.023112,0.014826,0.040925
2573,77160.0,W,N3,0.898971,0.024181,0.018447,0.014828,0.043572
2574,77190.0,W,N3,0.866614,0.040878,0.027449,0.020069,0.04499
2575,77220.0,W,N3,0.849968,0.048799,0.030558,0.0197,0.050975
2576,77250.0,W,N3,0.884378,0.050787,0.018948,0.013203,0.032683
2577,77280.0,W,N3,0.840074,0.077744,0.025514,0.014983,0.041685
2578,77310.0,W,N3,0.877235,0.061627,0.02172,0.01068,0.028739
2579,77340.0,W,N3,0.914724,0.043151,0.014227,0.008102,0.019797
2580,77370.0,W,N3,0.907148,0.045306,0.016777,0.008112,0.022658
2581,77400.0,W,N3,0.865376,0.047226,0.031388,0.015816,0.040194
2582,77430.0,W,N3,0.861808,0.038297,0.027934,0.01927,0.052691
2583,77460.0,W,N3,0.895312,0.022462,0.019693,0.0185,0.044033
2584,77490.0,W,N3,0.854184,0.033949,0.027271,0.020376,0.064221
2585,77520.0,W,N3,0.895323,0.026166,0.019176,0.013417,0.045919
2586,77550.0,W,N3,0.860985,0.034061,0.02525,0.018106,0.061598
2587,77580.0,W,N3,0.913166,0.022724,0.015821,0.010314,0.037976
2588,77610.0,W,N3,0.910578,0.021374,0.017998,0.011251,0.038799
2589,77640.0,W,N3,0.921635,0.019271,0.014464,0.010941,0.033689
2590,77670.0,W,N3,0.898159,0.023068,0.022579,0.012889,0.043304
2591,77700.0,W,N3,0.905098,0.022324,0.018883,0.0152,0.038495
2592,77730.0,W,N3,0.854799,0.060591,0.026686,0.0174,0.040524
2593,77760.0,W,N3,0.887259,0.056472,0.017963,0.010332,0.027974
2594,77790.0,W,N3,0.858702,0.057739,0.027237,0.014259,0.042063
2595,77820.0,W,N3,0.927383,0.036632,0.011861,0.006813,0.01731
2596,77850.0,W,N3,0.904999,0.034723,0.017033,0.009776,0.033469
2597,77880.0,W,N3,0.884441,0.037511,0.024365,0.014849,0.038833
2598,77910.0,W,N3,0.835363,0.032576,0.036259,0.022206,0.073595
2599,77940.0,W,N3,0.904435,0.020558,0.020388,0.013859,0.04076
2600,77970.0,W,N3,0.838146,0.031579,0.033613,0.026378,0.070285
2601,78000.0,W,N3,0.864899,0.053903,0.023348,0.015855,0.041995
2602,78030.0,W,N1,0.819886,0.06408,0.035379,0.019578,0.061077
2603,78060.0,W,N3,0.86071,0.033716,0.029512,0.019601,0.056462
2604,78090.0,W,N3,0.876398,0.031379,0.024801,0.018069,0.049353
2605,78120.0,W,N3,0.88629,0.02892,0.021382,0.014826,0.048582
2606,78150.0,W,N3,0.799604,0.051262,0.036923,0.029738,0.082472
2607,78180.0,W,N3,0.891272,0.021709,0.023595,0.015496,0.047929
2608,78210.0,W,N3,0.910898,0.020775,0.016285,0.013541,0.038502
2609,78240.0,W,N3,0.904864,0.019537,0.018767,0.010924,0.045908
2610,78270.0,W,N3,0.917491,0.021302,0.016943,0.01024,0.034023
2611,78300.0,W,N3,0.896823,0.029741,0.023588,0.012141,0.037708
2612,78330.0,W,N3,0.858078,0.046941,0.034037,0.016122,0.044822
2613,78360.0,W,N3,0.798402,0.063731,0.039593,0.025787,0.072488
2614,78390.0,W,N3,0.689735,0.07055,0.065462,0.04499,0.129262
2615,78420.0,W,N3,0.866444,0.038869,0.025698,0.020802,0.048187
2616,78450.0,W,N3,0.887715,0.049378,0.022347,0.011078,0.029483
2617,78480.0,W,N3,0.822476,0.080092,0.03202,0.01994,0.045472
2618,78510.0,W,N3,0.74402,0.065671,0.058031,0.043369,0.088909
2619,78540.0,W,N3,0.887585,0.046796,0.021522,0.011397,0.0327
2620,78570.0,W,N3,0.879463,0.051755,0.022548,0.013375,0.032859
2621,78600.0,W,N1,0.882953,0.058706,0.020867,0.011338,0.026135
2622,78630.0,W,N3,0.794849,0.068318,0.045368,0.026382,0.065083
2623,78660.0,W,N3,0.769,0.076094,0.053785,0.035711,0.065409
2624,78690.0,W,N1,0.653534,0.104877,0.067339,0.042513,0.131737
2625,78720.0,W,N3,0.817618,0.074068,0.033747,0.017908,0.056659
2626,78750.0,W,N3,0.893211,0.024728,0.02249,0.018519,0.041052
2627,78780.0,W,N3,0.92378,0.015158,0.017124,0.012094,0.031844
2628,78810.0,W,N3,0.912143,0.016784,0.020412,0.01404,0.036622
2629,78840.0,W,N3,0.830972,0.051725,0.030945,0.022034,0.064325
2630,78870.0,W,N3,0.902991,0.021923,0.020064,0.014111,0.040911
2631,78900.0,W,N3,0.827591,0.074278,0.035218,0.017004,0.045909
2632,78930.0,W,N3,0.858446,0.034733,0.028029,0.021989,0.056804
2633,78960.0,W,N3,0.878768,0.042868,0.021322,0.014453,0.042588
2634,78990.0,W,N3,0.887489,0.025167,0.026113,0.015031,0.0462
2635,79020.0,W,N3,0.856176,0.036202,0.032438,0.019317,0.055867
2636,79050.0,W,N3,0.895152,0.028154,0.022878,0.011747,0.042069
2637,79080.0,W,N3,0.855105,0.046567,0.03077,0.015867,0.051691
2638,79110.0,W,N3,0.770094,0.059311,0.043115,0.030701,0.096779
2639,79140.0,W,N3,0.897003,0.022539,0.02323,0.011786,0.045443
2640,79170.0,W,N3,0.875953,0.036371,0.025446,0.016168,0.046061
2641,79200.0,W,N3,0.751424,0.084166,0.052466,0.032598,0.079346
2642,79230.0,W,N3,0.79758,0.041141,0.046895,0.033305,0.081079
2643,79260.0,W,N3,0.866721,0.03603,0.029062,0.01887,0.049317
2644,79290.0,W,N3,0.844235,0.066123,0.027231,0.016757,0.045654
2645,79320.0,W,N1,0.763774,0.065431,0.056111,0.032276,0.082409
2646,79350.0,W,N3,0.684983,0.093766,0.066124,0.037859,0.117267
2647,79380.0,W,N3,0.749919,0.070981,0.053903,0.02718,0.098016
2648,79410.0,W,N3,0.796019,0.067248,0.034468,0.024478,0.077786
2649,79440.0,W,N3,0.689319,0.09367,0.049986,0.034967,0.132058
2650,79470.0,W,N1,0.790142,0.052232,0.048301,0.030014,0.079309
2651,79500.0,W,N3,0.873551,0.057428,0.021697,0.014447,0.032878
2652,79530.0,W,N3,0.64071,0.087738,0.082474,0.046944,0.142134
2653,79560.0,W,N3,0.716874,0.10686,0.052656,0.025904,0.097706
2654,79590.0,W,N3,0.833079,0.086608,0.026794,0.015096,0.038424
2655,79620.0,W,N3,0.758214,0.072771,0.054487,0.031326,0.083202
2656,79650.0,W,N1,0.774556,0.080148,0.047047,0.030483,0.067766
2657,79680.0,W,N3,0.776485,0.06613,0.048026,0.037124,0.072235
2658,79710.0,W,N3,0.832093,0.03893,0.032944,0.028303,0.067731
2659,79740.0,W,N3,0.868037,0.025768,0.027662,0.020283,0.05825
2660,79770.0,W,N3,0.860267,0.044849,0.026238,0.017501,0.051144
2661,79800.0,W,N3,0.8826,0.041056,0.023218,0.013275,0.039852
2662,79830.0,W,N3,0.905489,0.017372,0.020955,0.014616,0.041568
2663,79860.0,W,N3,0.836764,0.038155,0.038794,0.023573,0.062714
2664,79890.0,W,N3,0.89768,0.054892,0.016159,0.009121,0.022148
2665,79920.0,W,N3,0.916282,0.029316,0.016609,0.011034,0.026759
2666,79950.0,W,N3,0.894829,0.02451,0.019951,0.012566,0.048144
2667,79980.0,W,N3,0.887473,0.025914,0.024923,0.015772,0.045918
2668,80010.0,W,N3,0.813783,0.054185,0.041214,0.029016,0.061802
2669,80040.0,W,N3,0.754503,0.094945,0.046892,0.030319,0.073341
2670,80070.0,W,N3,0.869443,0.04729,0.027739,0.019948,0.03558
2671,80100.0,W,N3,0.859869,0.023002,0.036214,0.026175,0.054741
2672,80130.0,W,N3,0.855992,0.02514,0.036673,0.027281,0.054915
2673,80160.0,W,N3,0.842697,0.031953,0.03456,0.026522,0.064268
2674,80190.0,W,N3,0.889575,0.021619,0.024539,0.018145,0.046123
2675,80220.0,W,N3,0.910861,0.018419,0.021895,0.013543,0.035282
2676,80250.0,W,N3,0.709389,0.082053,0.070111,0.037782,0.100665
2677,80280.0,W,N1,0.63788,0.112315,0.065933,0.043592,0.14028
2678,80310.0,W,N3,0.717001,0.077412,0.057202,0.035744,0.112641
2679,80340.0,W,N3,0.725363,0.060293,0.069695,0.045175,0.099474
2680,80370.0,W,N3,0.85162,0.063527,0.027626,0.016725,0.040502
2681,80400.0,W,N3,0.883909,0.030928,0.025237,0.017957,0.04197
2682,80430.0,W,N3,0.901058,0.032836,0.02236,0.013939,0.029807
2683,80460.0,W,N3,0.914088,0.051641,0.012685,0.006304,0.015282
2684,80490.0,W,N3,0.888643,0.052736,0.020841,0.010743,0.027037
2685,80520.0,W,N3,0.903677,0.053696,0.014508,0.0083,0.019818
2686,80550.0,W,N3,0.910676,0.049744,0.01371,0.008626,0.017243
2687,80580.0,W,N3,0.878143,0.054857,0.022559,0.012097,0.032345
2688,80610.0,W,N3,0.774507,0.075847,0.052831,0.030249,0.066566
2689,80640.0,W,N3,0.824894,0.052258,0.03973,0.022356,0.060761
2690,80670.0,W,N3,0.853614,0.051623,0.027189,0.016581,0.050994
2691,80700.0,W,N3,0.917895,0.036557,0.014639,0.009952,0.020957
2692,80730.0,W,N3,0.911052,0.057353,0.013397,0.005146,0.013052
2693,80760.0,W,N3,0.926914,0.041413,0.013053,0.00659,0.01203
2694,80790.0,W,N1,0.881454,0.067915,0.017811,0.009215,0.023605
2695,80820.0,W,N3,0.897949,0.052643,0.019182,0.013052,0.017175
2696,80850.0,W,N3,0.866691,0.058723,0.025517,0.0146,0.034469
2697,80880.0,W,N3,0.867516,0.073637,0.019807,0.010323,0.028717
2698,80910.0,W,N3,0.924369,0.043838,0.012134,0.006388,0.01327
2699,80940.0,W,N3,0.90236,0.049916,0.01776,0.008167,0.021798
2700,80970.0,W,N3,0.869196,0.03315,0.029193,0.022717,0.045745
2701,81000.0,W,N3,0.824719,0.056316,0.037304,0.023231,0.05843
2702,81030.0,W,N3,0.891938,0.033135,0.020653,0.01362,0.040654
2703,81060.0,W,N3,0.886384,0.028892,0.023419,0.015478,0.045827
2704,81090.0,W,N3,0.872506,0.053726,0.021789,0.013414,0.038565
2705,81120.0,W,N3,0.889176,0.032537,0.023367,0.014393,0.040527
2706,81150.0,W,N3,0.911408,0.019362,0.019324,0.014093,0.035811
2707,81180.0,W,N3,0.8974,0.029727,0.022675,0.014023,0.036175
2708,81210.0,W,N3,0.868074,0.026794,0.032379,0.020553,0.0522
2709,81240.0,W,N3,0.921176,0.019069,0.01689,0.011472,0.031393
2710,81270.0,W,N3,0.86434,0.048629,0.028593,0.014571,0.043867
2711,81300.0,W,N3,0.886287,0.045946,0.021667,0.014318,0.031782
2712,81330.0,W,N3,0.883372,0.035874,0.025671,0.013727,0.041356
2713,81360.0,W,N3,0.896585,0.045664,0.016543,0.012278,0.02893
2714,81390.0,W,N3,0.801461,0.065679,0.038551,0.025438,0.068872
2715,81420.0,W,N3,0.879398,0.043409,0.021851,0.015068,0.040275
2716,81450.0,W,N3,0.881928,0.031905,0.023346,0.015473,0.047348
2717,81480.0,W,N3,0.888361,0.035348,0.020682,0.01328,0.04233
2718,81510.0,W,N3,0.870017,0.04948,0.026994,0.016492,0.037017
2719,81540.0,W,N3,0.886134,0.031216,0.024139,0.015016,0.043496
2720,81570.0,W,N3,0.836956,0.055594,0.029558,0.01866,0.059232
2721,81600.0,W,N3,0.843055,0.047922,0.036265,0.018183,0.054574
2722,81630.0,W,N3,0.868622,0.039589,0.030233,0.016429,0.045127
2723,81660.0,W,N3,0.709317,0.085411,0.066889,0.036009,0.102374
2724,81690.0,W,N3,0.781039,0.0829,0.040181,0.02392,0.071961
2725,81720.0,W,N3,0.870587,0.057171,0.02442,0.015485,0.032338
2726,81750.0,W,N3,0.835817,0.078923,0.031031,0.015385,0.038844
2727,81780.0,W,N3,0.847021,0.078485,0.029579,0.01682,0.028095
2728,81810.0,W,N3,0.91913,0.047722,0.01524,0.005772,0.012135
2729,81840.0,W,N3,0.909139,0.063829,0.01429,0.004513,0.008229
2730,81870.0,W,N3,0.915181,0.050258,0.016984,0.006284,0.011294
2731,81900.0,W,N3,0.898683,0.063131,0.018985,0.006556,0.012646
2732,81930.0,W,N3,0.89109,0.066255,0.018445,0.007127,0.017083
2733,81960.0,W,N3,0.870311,0.060303,0.02227,0.012449,0.034667
2734,81990.0,W,N3,0.911667,0.057409,0.013771,0.005999,0.011155
2735,82020.0,W,N3,0.922952,0.043958,0.014759,0.005894,0.012437
2736,82050.0,W,N3,0.914138,0.051009,0.015319,0.005965,0.013569
2737,82080.0,W,N3,0.873403,0.071904,0.022642,0.010157,0.021894
2738,82110.0,W,N3,0.838267,0.062177,0.036253,0.017871,0.045432
2739,82140.0,W,N3,0.868678,0.058144,0.02696,0.015168,0.03105
2740,82170.0,W,N3,0.882807,0.057406,0.0201,0.012196,0.027492
2741,82200.0,W,N3,0.889848,0.052256,0.020989,0.010882,0.026025
2742,82230.0,W,N3,0.891295,0.046971,0.018999,0.013805,0.02893
2743,82260.0,W,N1,0.855893,0.06486,0.031488,0.015094,0.032665
2744,82290.0,W,N3,0.8485,0.073851,0.03114,0.015204,0.031306
2745,82320.0,W,N1,0.832994,0.072406,0.030568,0.021598,0.042434
2746,82350.0,W,N3,0.821678,0.068105,0.040856,0.022668,0.046693
2747,82380.0,W,N3,0.872652,0.062699,0.025448,0.013963,0.025238
2748,82410.0,W,N3,0.814058,0.073501,0.042827,0.021131,0.048484
2749,82440.0,W,N3,0.847344,0.063401,0.034038,0.017867,0.03735
2750,82470.0,W,N3,0.857122,0.049852,0.032455,0.016823,0.043748
2751,82500.0,W,N3,0.861749,0.057414,0.026978,0.014915,0.038945
2752,82530.0,W,N3,0.901492,0.041108,0.019243,0.011402,0.026755
2753,82560.0,W,N3,0.841166,0.059254,0.030269,0.018626,0.050685
2754,82590.0,W,N3,0.834981,0.062491,0.032111,0.023983,0.046434
2755,82620.0,W,N3,0.703529,0.108272,0.054713,0.039629,0.093857
2756,82650.0,W,N3,0.821201,0.069211,0.032571,0.018359,0.058657
2757,82680.0,W,N3,0.866705,0.031055,0.024731,0.020953,0.056555
2758,82710.0,W,N3,0.881921,0.033142,0.022511,0.017818,0.044607
2759,82740.0,W,N3,0.897049,0.032058,0.019803,0.015828,0.035263
2760,82770.0,W,N3,0.898625,0.032762,0.023396,0.0128,0.032417
2761,82800.0,W,N3,0.826348,0.041371,0.034373,0.023622,0.074285
2762,82830.0,W,N3,0.856557,0.050827,0.026307,0.020617,0.045692
2763,82860.0,W,N3,0.884326,0.050625,0.022548,0.011136,0.031365
2764,82890.0,W,N3,0.770292,0.070417,0.04826,0.030146,0.080884
2765,82920.0,W,N3,0.729416,0.079235,0.04605,0.035377,0.109923
2766,82950.0,W,N3,0.818868,0.074989,0.028565,0.019563,0.058015
2767,82980.0,W,N3,0.800012,0.074373,0.03972,0.021979,0.063915
2768,83010.0,W,N3,0.82111,0.064547,0.029003,0.0198,0.06554
2769,83040.0,W,N3,0.762107,0.08381,0.043714,0.030837,0.079532
2770,83070.0,W,N3,0.821376,0.068693,0.027893,0.019339,0.062699
2771,83100.0,W,N3,0.794882,0.058964,0.038473,0.026077,0.081604
2772,83130.0,W,N1,0.656924,0.097274,0.061981,0.038398,0.145423
2773,83160.0,W,N1,0.512721,0.146915,0.08369,0.058121,0.198553
2774,83190.0,W,N1,0.592084,0.133578,0.073009,0.045722,0.155607
2775,83220.0,W,N1,0.515387,0.135717,0.087329,0.056317,0.205251
2776,83250.0,W,N1,0.580759,0.121909,0.079546,0.051893,0.165893
2777,83280.0,W,N1,0.489498,0.11837,0.107999,0.079912,0.20422
2778,83310.0,W,N3,0.697241,0.117342,0.053143,0.036114,0.09616
2779,83340.0,W,N3,0.72802,0.102767,0.043696,0.029687,0.09583
2780,83370.0,W,N1,0.626063,0.112327,0.072228,0.050138,0.139244
2781,83400.0,W,N1,0.647537,0.118966,0.069248,0.042805,0.121444
2782,83430.0,W,N1,0.805279,0.082325,0.037087,0.021262,0.054047
2783,83460.0,W,N3,0.706179,0.092725,0.058137,0.043607,0.099352
2784,83490.0,W,N3,0.727416,0.0964,0.054338,0.032274,0.089571
2785,83520.0,W,N3,0.760692,0.078736,0.043026,0.024144,0.093403
2786,83550.0,W,N1,0.618118,0.135539,0.063063,0.05412,0.129161
2787,83580.0,W,N1,0.547424,0.132686,0.087726,0.059231,0.172932
2788,83610.0,W,N1,0.524621,0.144034,0.091049,0.061452,0.178844
2789,83640.0,W,N3,0.740987,0.086608,0.046262,0.03051,0.095633
2790,83670.0,W,N1,0.688645,0.101275,0.066091,0.044895,0.099094
2791,83700.0,W,N3,0.812392,0.068071,0.035253,0.022977,0.061308
2792,83730.0,W,N3,0.825113,0.081835,0.029601,0.017512,0.04594
2793,83760.0,W,N3,0.661723,0.094233,0.073765,0.049568,0.120711
2794,83790.0,W,N3,0.721615,0.088877,0.059623,0.032242,0.097642
2795,83820.0,W,N1,0.62814,0.106383,0.081549,0.050848,0.13308
2796,83850.0,W,N3,0.667676,0.087656,0.073509,0.047044,0.124115
2797,83880.0,W,N1,0.642715,0.118167,0.052147,0.042801,0.14417
2798,83910.0,W,N3,0.774471,0.068308,0.046153,0.030674,0.080394
2799,83940.0,W,N3,0.766689,0.059352,0.055124,0.032291,0.086543
2800,83970.0,W,N1,0.765502,0.066739,0.060273,0.029168,0.078317
2801,84000.0,W,N1,0.719506,0.08609,0.070078,0.036443,0.087883
2802,84030.0,W,N1,0.740805,0.09367,0.056457,0.035017,0.074051
