"channel","sample","time_sec","amplitude"
1,78,0.2138888889,0.84
1,371,1.0277777778,0.94
1,664,1.8416666667,0.96
1,948,2.6305555556,0.86
1,1232,3.4194444444,0.82
1,1516,4.2083333333,0.885
1,1810,5.025,0.945
1,2046,5.6805555556,0.875
1,2404,6.675,0.885
1,2707,7.5166666667,0.89
1,2999,8.3277777778,0.925
1,3284,9.1194444444,0.865
1,3561,9.8888888889,0.835
1,3864,10.7305555556,0.935
1,4172,11.5861111111,0.89
1,4467,12.4055555556,0.795
1,4766,13.2361111111,0.85
1,5062,14.0583333333,0.905
1,5348,14.8527777778,0.825
1,5635,15.65,0.97
1,5919,16.4388888889,0.895
1,6216,17.2638888889,0.975
1,6528,18.1305555556,0.875
1,6825,18.9555555556,0.88
1,7107,19.7388888889,0.935
1,7394,20.5361111111,1.05
1,7671,21.3055555556,0.88
1,7954,22.0916666667,0.92
1,8247,22.9055555556,0.955
1,8540,23.7194444444,0.845
1,8838,24.5472222222,0.725
1,9143,25.3944444444,0.83
1,9433,26.2,1.045
1,9711,26.9722222222,0.855
1,9999,27.7722222222,0.795
1,10284,28.5638888889,0.855
1,10592,29.4194444444,0.955
1,10896,30.2638888889,0.855
1,11192,31.0861111111,0.795
1,11481,31.8888888889,0.885
1,11782,32.725,1.05
1,12067,33.5166666667,0.85
1,12352,34.3083333333,0.84
1,12646,35.125,0.85
1,12951,35.9722222222,0.93
1,13268,36.8527777778,0.825
1,13563,37.6722222222,0.835
1,13843,38.45,0.93
1,14132,39.2527777778,0.925
1,14424,40.0638888889,0.77
1,14712,40.8638888889,0.77
1,15013,41.7,0.875
1,15311,42.5277777778,0.85
1,15608,43.3527777778,0.79
1,15901,44.1666666667,0.82
1,16184,44.9527777778,1.02
1,16466,45.7361111111,0.99
1,16756,46.5416666667,0.765
1,17059,47.3833333333,0.86
1,17360,48.2194444444,0.95
1,17658,49.0472222222,1.02
1,17948,49.8527777778,0.81
1,18228,50.6305555556,0.815
1,18515,51.4277777778,0.805
1,18797,52.2111111111,0.77
1,19082,53.0027777778,0.83
1,19390,53.8583333333,0.97
1,19695,54.7055555556,0.995
1,19990,55.525,0.83
1,20273,56.3111111111,0.925
1,20555,57.0944444444,1.03
1,20839,57.8833333333,0.97
1,21132,58.6972222222,0.89
1,21425,59.5111111111,1
1,21730,60.3583333333,1.045
1,22031,61.1944444444,0.925
1,22322,62.0027777778,0.85
1,22604,62.7861111111,0.91
1,22882,63.5583333333,0.99
1,23165,64.3444444444,0.875
1,23455,65.15,0.885
1,23758,65.9916666667,0.925
1,24054,66.8138888889,0.99
1,24347,67.6277777778,0.88
1,24627,68.4055555556,0.855
1,24915,69.2055555556,1.12
1,25199,69.9944444444,0.895
1,25486,70.7916666667,0.835
1,25781,71.6111111111,0.96
1,26090,72.4694444444,0.955
1,26388,73.2972222222,0.86
1,26672,74.0861111111,0.82
1,26953,74.8666666667,0.955
1,27239,75.6611111111,0.96
1,27537,76.4888888889,0.895
1,27834,77.3138888889,0.94
1,28134,78.1472222222,0.925
1,28432,78.975,0.89
1,28728,79.7972222222,0.76
1,29016,80.5972222222,0.78
1,29295,81.3722222222,0.895
1,29582,82.1694444444,1.035
1,29874,82.9805555556,0.955
1,30183,83.8388888889,0.925
1,30488,84.6861111111,1.01
1,30780,85.4972222222,0.875
1,31066,86.2916666667,0.92
1,31350,87.0805555556,0.99
1,31637,87.8777777778,0.97
1,31929,88.6888888889,0.87
1,32226,89.5138888889,0.915
1,32532,90.3638888889,1.08
1,32837,91.2111111111,0.92
1,33128,92.0194444444,0.89
1,33405,92.7888888889,0.935
1,33693,93.5888888889,1.125
1,33982,94.3916666667,0.905
1,34275,95.2055555556,0.9
1,34576,96.0416666667,1.035
1,34871,96.8611111111,1
1,35169,97.6888888889,0.895
1,35456,98.4861111111,0.925
1,35737,99.2666666667,1.03
1,36017,100.0444444444,0.97
1,36311,100.8611111111,1
1,36606,101.6805555556,0.94
1,36917,102.5444444444,0.985
1,37216,103.375,0.89
1,37501,104.1666666667,0.855
1,37784,104.9527777778,0.92
1,38072,105.7527777778,0.995
1,38357,106.5444444444,0.865
1,38653,107.3666666667,0.865
1,38951,108.1944444444,0.89
1,39253,109.0333333333,0.965
1,39549,109.8555555556,0.875
1,39827,110.6277777778,0.82
1,40097,111.3777777778,0.92
1,40383,112.1722222222,0.87
1,40679,112.9944444444,0.805
1,40971,113.8055555556,0.82
1,41273,114.6444444444,0.975
1,41568,115.4638888889,0.875
1,41851,116.25,0.8
1,42118,116.9916666667,0.84
1,42417,117.8222222222,0.965
1,42699,118.6055555556,0.91
1,42998,119.4361111111,0.815
1,43308,120.2972222222,0.91
1,43605,121.1222222222,0.89
1,43894,121.925,0.88
1,44173,122.7,0.86
1,44457,123.4888888889,0.98
1,44744,124.2861111111,0.935
1,45031,125.0833333333,0.855
1,45324,125.8972222222,0.85
1,45629,126.7444444444,0.96
1,45926,127.5694444444,0.795
1,46205,128.3444444444,0.825
1,46480,129.1083333333,0.955
1,46761,129.8888888889,0.745
1,47038,130.6583333333,0.72
1,47336,131.4861111111,0.785
1,47634,132.3138888889,0.965
1,47921,133.1111111111,0.845
1,48203,133.8944444444,0.735
1,48487,134.6833333333,0.84
1,48767,135.4611111111,0.92
1,49041,136.2222222222,0.87
1,49324,137.0083333333,0.875
1,49619,137.8277777778,0.905
1,49924,138.675,0.91
1,50215,139.4833333333,0.855
1,50492,140.2527777778,0.815
1,50772,141.0305555556,0.94
1,51057,141.8222222222,0.9
1,51341,142.6111111111,0.8
1,51628,143.4083333333,0.835
1,51922,144.225,0.975
1,52217,145.0444444444,0.9
1,52507,145.85,0.805
1,52785,146.6222222222,0.845
1,53064,147.3972222222,0.965
1,53342,148.1694444444,0.86
1,53633,148.9777777778,0.805
1,53924,149.7861111111,0.885
1,54221,150.6111111111,0.935
1,54509,151.4111111111,0.835
1,54785,152.1777777778,0.835
1,55065,152.9555555556,0.94
1,55345,153.7333333333,0.97
1,55627,154.5166666667,0.935
1,55909,155.3,0.78
1,56209,156.1333333333,0.89
1,56503,156.95,0.965
1,56786,157.7361111111,0.97
1,57056,158.4861111111,0.845
1,57334,159.2583333333,0.975
1,57617,160.0444444444,0.84
1,57902,160.8361111111,0.87
1,58193,161.6444444444,0.83
1,58491,162.4722222222,0.94
1,58789,163.3,0.87
1,59078,164.1027777778,0.795
1,59355,164.8722222222,0.9
1,59633,165.6444444444,0.965
1,59921,166.4444444444,0.81
1,60215,167.2611111111,0.825
1,60517,168.1,0.915
1,60819,168.9388888889,0.9
1,61107,169.7388888889,0.805
1,61392,170.5305555556,0.745
1,61681,171.3333333333,0.835
1,61965,172.1222222222,0.97
1,62249,172.9111111111,0.875
1,62548,173.7416666667,0.885
1,62853,174.5888888889,0.94
1,63156,175.4305555556,1.015
1,63440,176.2194444444,0.785
1,63712,176.975,0.805
1,64000,177.775,0.89
1,64289,178.5777777778,0.77
1,64583,179.3944444444,0.8
1,64877,180.2111111111,0.92
1,65175,181.0388888889,0.91
1,65465,181.8444444444,0.815
1,65751,182.6388888889,0.805
1,66032,183.4194444444,1.02
1,66309,184.1888888889,0.89
1,66605,185.0111111111,0.78
1,66793,185.5333333333,1.015
1,67132,186.475,0.91
1,67435,187.3166666667,0.94
1,67729,188.1333333333,0.78
1,68009,188.9111111111,0.8
1,68303,189.7277777778,0.955
1,68596,190.5416666667,0.925
1,68887,191.35,0.86
1,69192,192.1972222222,0.925
1,69505,193.0666666667,1.035
1,69797,193.8777777778,0.87
1,70075,194.65,0.855
1,70358,195.4361111111,0.925
1,70644,196.2305555556,0.95
1,70942,197.0583333333,0.825
1,71241,197.8888888889,0.82
1,71541,198.7222222222,0.935
1,71847,199.5722222222,0.94
1,72139,200.3833333333,0.825
1,72418,201.1583333333,0.875
1,72704,201.9527777778,1.08
1,72999,202.7722222222,0.915
1,73302,203.6138888889,0.795
1,73613,204.4777777778,0.84
1,73913,205.3111111111,1.025
1,74197,206.1,0.92
1,74484,206.8972222222,0.795
1,74768,207.6861111111,0.88
1,74987,208.2944444444,0.99
1,75333,209.2555555556,0.84
1,75633,210.0888888889,0.76
1,75937,210.9333333333,0.91
1,76235,211.7611111111,0.94
1,76516,212.5416666667,0.85
1,76787,213.2944444444,0.82
1,77075,214.0944444444,0.92
1,77368,214.9083333333,0.965
1,77665,215.7333333333,0.785
1,77955,216.5388888889,0.805
1,78252,217.3638888889,0.93
1,78540,218.1638888889,0.895
1,78826,218.9583333333,0.875
1,79101,219.7222222222,0.81
1,79387,220.5166666667,0.885
1,79690,221.3583333333,0.79
1,79993,222.2,0.69
1,80292,223.0305555556,0.79
1,80584,223.8416666667,0.895
1,80870,224.6361111111,0.815
1,81153,225.4222222222,0.865
1,81440,226.2194444444,0.915
1,81732,227.0305555556,0.88
1,82032,227.8638888889,0.75
1,82337,228.7111111111,0.875
1,82638,229.5472222222,0.925
1,82929,230.3555555556,0.91
1,83210,231.1361111111,0.77
1,83493,231.9222222222,0.82
1,83796,232.7638888889,0.91
1,84105,233.6222222222,0.88
1,84408,234.4638888889,0.8
1,84711,235.3055555556,0.88
1,85011,236.1388888889,0.915
1,85304,236.9527777778,0.785
1,85581,237.7222222222,0.815
1,85871,238.5277777778,0.88
1,86173,239.3666666667,0.85
1,86479,240.2166666667,0.795
1,86781,241.0555555556,0.93
1,87080,241.8861111111,1.14
1,87365,242.6777777778,0.83
1,87653,243.4777777778,0.825
1,87942,244.2805555556,0.925
1,88233,245.0888888889,0.875
1,88531,245.9166666667,0.775
1,88835,246.7611111111,0.89
1,89137,247.6,0.96
1,89422,248.3916666667,0.855
1,89705,249.1777777778,0.91
1,89989,249.9666666667,1.015
1,90287,250.7944444444,0.955
1,90591,251.6388888889,0.875
1,90886,252.4583333333,0.935
1,91191,253.3055555556,0.99
1,91483,254.1166666667,0.88
1,91762,254.8916666667,0.86
1,92048,255.6861111111,1.095
1,92339,256.4944444444,1.015
1,92634,257.3138888889,0.94
1,92946,258.1805555556,0.87
1,93247,259.0166666667,0.975
1,93535,259.8166666667,0.965
1,93825,260.6222222222,0.835
1,94104,261.3972222222,0.915
1,94397,262.2111111111,1.245
1,94694,263.0361111111,0.98
1,94997,263.8777777778,0.95
1,95300,264.7194444444,0.8
1,95608,265.575,0.945
1,95894,266.3694444444,0.895
1,96172,267.1416666667,0.83
1,96452,267.9194444444,0.9
1,96748,268.7416666667,1.04
1,97051,269.5833333333,0.87
1,97349,270.4111111111,0.82
1,97646,271.2361111111,0.885
1,97938,272.0472222222,0.995
1,98229,272.8555555556,0.87
1,98509,273.6333333333,0.825
1,98790,274.4138888889,0.91
1,99085,275.2333333333,0.995
1,99383,276.0611111111,0.785
1,99581,276.6111111111,0.905
1,99931,277.5833333333,0.85
1,100219,278.3833333333,0.945
1,100497,279.1555555556,0.845
1,100782,279.9472222222,0.825
1,101072,280.7527777778,0.935
1,101362,281.5583333333,0.955
1,101655,282.3722222222,0.735
1,101943,283.1722222222,0.84
1,102236,283.9861111111,0.96
1,102518,284.7694444444,0.87
1,102794,285.5361111111,0.855
1,103075,286.3166666667,0.95
1,103372,287.1416666667,0.86
1,103670,287.9694444444,0.825
1,103965,288.7888888889,0.96
1,104263,289.6166666667,1.02
1,104547,290.4055555556,0.985
1,104832,291.1972222222,0.815
1,105119,291.9944444444,0.88
1,105408,292.7972222222,0.91
1,105708,293.6305555556,0.825
1,106017,294.4888888889,0.92
1,106316,295.3194444444,1.08
1,106601,296.1111111111,0.82
1,106883,296.8944444444,0.605
1,107160,297.6638888889,0.655
1,107456,298.4861111111,1.205
1,107753,299.3111111111,1.02
1,108046,300.125,0.795
1,108343,300.95,1.005
1,108645,301.7888888889,1.035
1,108927,302.5722222222,0.9
1,109200,303.3305555556,0.89
1,109487,304.1277777778,1.005
1,109773,304.9222222222,1.035
1,110078,305.7694444444,0.87
1,110376,306.5972222222,0.97
1,110675,307.4277777778,1.045
1,110964,308.2305555556,0.89
1,111245,309.0111111111,0.865
1,111525,309.7888888889,0.975
1,111812,310.5861111111,1.06
1,112109,311.4111111111,0.925
1,112406,312.2361111111,0.925
1,112712,313.0861111111,1.025
1,113002,313.8916666667,0.975
1,113282,314.6694444444,0.88
1,113564,315.4527777778,0.92
1,113851,316.25,1.06
1,114143,317.0611111111,1.3
1,114429,317.8555555556,0.985
1,114717,318.6555555556,0.87
1,115002,319.4472222222,0.855
1,115281,320.2222222222,0.84
1,115548,320.9638888889,0.905
1,115816,321.7083333333,0.95
1,116085,322.4555555556,0.945
1,116371,323.25,0.975
1,116655,324.0388888889,0.89
1,116941,324.8333333333,0.865
1,117215,325.5944444444,0.835
1,117495,326.3722222222,0.865
1,117767,327.1277777778,0.87
1,118045,327.9,0.85
1,118324,328.675,0.875
1,118608,329.4638888889,0.82
1,118913,330.3111111111,0.72
1,119217,331.1555555556,0.68
1,119511,331.9722222222,0.745
1,119793,332.7555555556,0.775
1,120078,333.5472222222,0.795
1,120377,334.3777777778,0.845
1,120677,335.2111111111,0.88
1,120992,336.0861111111,0.76
1,121302,336.9472222222,0.755
1,121606,337.7916666667,0.825
1,121891,338.5833333333,0.83
1,122171,339.3611111111,0.89
1,122462,340.1694444444,0.855
1,122752,340.975,0.865
1,123051,341.8055555556,0.765
1,123361,342.6666666667,0.795
1,123665,343.5111111111,0.8
1,123937,344.2666666667,0.8
1,124223,345.0611111111,0.845
1,124508,345.8527777778,0.775
1,124777,346.6,0.825
1,125061,347.3888888889,0.82
1,125356,348.2083333333,0.765
1,125650,349.025,0.825
1,125927,349.7944444444,0.845
1,126205,350.5666666667,0.825
1,126477,351.3222222222,0.8
1,126748,352.075,0.825
1,127026,352.8472222222,0.755
1,127315,353.65,0.795
1,127605,354.4555555556,0.885
1,127895,355.2611111111,0.98
1,128087,355.7944444444,0.995
1,128424,356.7305555556,0.89
1,128699,357.4944444444,0.8
1,128959,358.2166666667,0.995
1,129232,358.975,0.96
1,129521,359.7777777778,0.92
1,129800,360.5527777778,0.975
1,130058,361.2694444444,0.95
1,130319,361.9944444444,0.935
1,130569,362.6888888889,0.975
1,130820,363.3861111111,0.875
1,131075,364.0944444444,0.87
1,131328,364.7972222222,0.91
1,131586,365.5138888889,0.84
1,131854,366.2583333333,1.155
1,132123,367.0055555556,0.95
1,132382,367.725,0.93
1,132630,368.4138888889,0.83
1,132884,369.1194444444,0.89
1,133133,369.8111111111,0.85
1,133391,370.5277777778,0.72
1,133664,371.2861111111,0.795
1,133934,372.0361111111,0.885
1,134198,372.7694444444,0.865
1,134465,373.5111111111,0.785
1,134739,374.2722222222,0.795
1,134991,374.9722222222,0.925
1,135244,375.675,0.835
1,135506,376.4027777778,0.865
1,135782,377.1694444444,0.895
1,136062,377.9472222222,0.915
1,136352,378.7527777778,0.825
1,136631,379.5277777778,0.96
1,136900,380.275,0.895
1,137172,381.0305555556,0.795
1,137450,381.8027777778,0.775
1,137730,382.5805555556,0.87
1,138009,383.3555555556,0.875
1,138305,384.1777777778,0.795
1,138600,384.9972222222,0.945
1,138890,385.8027777778,0.795
1,139165,386.5666666667,0.78
1,139441,387.3333333333,0.81
1,139721,388.1111111111,0.86
1,140011,388.9166666667,0.79
1,140303,389.7277777778,0.975
1,140600,390.5527777778,0.825
1,140883,391.3388888889,0.835
1,141153,392.0888888889,0.755
1,141424,392.8416666667,0.795
1,141685,393.5666666667,0.92
1,141944,394.2861111111,0.785
1,142208,395.0194444444,0.96
1,142481,395.7777777778,0.92
1,142748,396.5194444444,0.695
1,143012,397.2527777778,0.72
1,143266,397.9583333333,0.695
1,143516,398.6527777778,0.785
1,143767,399.35,0.795
1,144026,400.0694444444,0.75
1,144287,400.7944444444,0.825
1,144559,401.55,0.835
1,144833,402.3111111111,0.855
1,145113,403.0888888889,0.78
1,145383,403.8388888889,0.82
1,145648,404.575,0.86
1,145904,405.2861111111,0.79
1,146171,406.0277777778,0.88
1,146447,406.7944444444,0.875
1,146738,407.6027777778,0.925
1,147014,408.3694444444,0.905
1,147291,409.1388888889,0.96
1,147566,409.9027777778,0.935
1,147834,410.6472222222,0.985
1,148100,411.3861111111,0.915
1,148366,412.125,1.025
1,148639,412.8833333333,0.93
1,148917,413.6555555556,0.875
1,149206,414.4583333333,1.025
1,149489,415.2444444444,0.865
1,149770,416.025,0.95
1,150031,416.75,0.93
1,150305,417.5111111111,0.895
1,150577,418.2666666667,0.885
1,150850,419.025,0.88
1,151124,419.7861111111,0.825
1,151408,420.575,0.8
1,151701,421.3888888889,0.98
1,151975,422.15,0.88
1,152238,422.8805555556,0.88
1,152512,423.6416666667,0.895
1,152783,424.3944444444,0.85
1,153068,425.1861111111,0.825
1,153363,426.0055555556,0.775
1,153645,426.7888888889,0.82
1,153924,427.5638888889,0.815
1,154194,428.3138888889,0.865
1,154472,429.0861111111,0.85
1,154743,429.8388888889,0.835
1,155010,430.5805555556,0.785
1,155293,431.3666666667,0.795
1,155590,432.1916666667,0.9
1,155866,432.9583333333,0.985
1,156134,433.7027777778,0.935
1,156396,434.4305555556,0.985
1,156649,435.1333333333,1.04
1,156907,435.85,0.945
1,157170,436.5805555556,1.01
1,157432,437.3083333333,1.09
1,157697,438.0444444444,1.025
1,157961,438.7777777778,0.855
1,158235,439.5388888889,0.98
1,158491,440.25,0.995
1,158731,440.9166666667,0.895
1,158975,441.5944444444,0.9
1,159227,442.2944444444,1.025
1,159481,443,0.99
1,159739,443.7166666667,0.89
1,160003,444.45,0.835
1,160261,445.1666666667,0.935
1,160508,445.8527777778,0.885
1,160756,446.5416666667,0.945
1,161006,447.2361111111,0.845
1,161256,447.9305555556,1
1,161502,448.6138888889,1
1,161766,449.3472222222,0.885
1,162037,450.1,0.835
1,162310,450.8583333333,1.01
1,162575,451.5944444444,0.95
1,162837,452.3222222222,0.84
1,163094,453.0361111111,0.83
1,163364,453.7861111111,0.95
1,163631,454.5277777778,0.93
1,163900,455.275,0.845
1,164183,456.0611111111,0.86
1,164462,456.8361111111,0.955
1,164732,457.5861111111,0.925
1,164993,458.3111111111,0.885
1,165247,459.0166666667,0.91
1,165500,459.7194444444,0.84
1,165757,460.4333333333,0.835
1,166034,461.2027777778,0.93
1,166302,461.9472222222,0.83
1,166571,462.6944444444,0.76
1,166843,463.45,0.785
1,167113,464.2,0.85
1,167372,464.9194444444,0.9
1,167642,465.6694444444,0.8
1,167913,466.4222222222,0.765
1,168192,467.1972222222,0.765
1,168486,468.0138888889,0.81
1,168786,468.8472222222,0.87
1,169075,469.65,0.845
1,169350,470.4138888889,0.835
1,169631,471.1944444444,0.8
1,169908,471.9638888889,1.03
1,170203,472.7833333333,0.81
1,170497,473.6,0.82
1,170720,474.2194444444,0.84
1,171075,475.2055555556,0.84
1,171374,476.0361111111,0.965
1,171654,476.8138888889,0.815
1,171922,477.5583333333,0.845
1,172201,478.3333333333,0.815
1,172483,479.1166666667,0.9
1,172777,479.9333333333,0.795
1,173068,480.7416666667,0.86
1,173353,481.5333333333,0.975
1,173630,482.3027777778,0.92
1,173908,483.075,0.815
1,174177,483.8222222222,0.825
1,174453,484.5888888889,0.87
1,174738,485.3805555556,0.795
1,175025,486.1777777778,0.855
1,175324,487.0083333333,0.915
1,175610,487.8027777778,0.86
1,175878,488.5472222222,0.79
1,176146,489.2916666667,0.865
1,176429,490.0777777778,0.96
1,176700,490.8305555556,1.05
1,176977,491.6,0.92
1,177250,492.3583333333,1.045
1,177524,493.1194444444,0.99
1,177799,493.8833333333,0.99
1,178060,494.6083333333,1.06
1,178318,495.325,0.97
1,178579,496.05,1.04
1,178843,496.7833333333,1.02
1,179119,497.55,0.92
1,179389,498.3,0.93
1,179663,499.0611111111,1.015
1,179928,499.7972222222,0.935
1,180184,500.5083333333,0.9
1,180445,501.2333333333,0.91
1,180706,501.9583333333,0.965
1,180965,502.6777777778,0.755
1,181238,503.4361111111,0.845
1,181525,504.2333333333,0.925
1,181812,505.0305555556,1.02
1,182086,505.7916666667,0.93
1,182355,506.5388888889,1.05
1,182625,507.2888888889,0.965
1,182898,508.0472222222,1.175
1,183182,508.8361111111,0.9
1,183476,509.6527777778,0.935
1,183780,510.4972222222,1.025
1,184073,511.3111111111,1.125
1,184362,512.1138888889,1.04
1,184651,512.9166666667,0.965
1,184935,513.7055555556,1.04
1,185214,514.4805555556,1.04
1,185511,515.3055555556,0.945
1,185830,516.1916666667,0.88
1,186139,517.05,0.925
1,186429,517.8555555556,0.845
1,186718,518.6583333333,0.855
1,187007,519.4611111111,0.9
1,187292,520.2527777778,0.89
1,187579,521.05,0.985
1,187873,521.8666666667,0.83
1,188180,522.7194444444,0.985
1,188482,523.5583333333,0.875
1,188765,524.3444444444,0.88
1,189044,525.1194444444,1.01
1,189331,525.9166666667,0.875
1,189626,526.7361111111,0.87
1,189931,527.5833333333,0.9
1,190229,528.4111111111,0.93
1,190530,529.2472222222,0.875
1,190822,530.0583333333,0.905
1,191113,530.8666666667,0.885
1,191397,531.6555555556,0.94
1,191675,532.4277777778,0.81
1,191978,533.2694444444,0.895
1,192283,534.1166666667,0.855
1,192576,534.9305555556,0.835
1,192863,535.7277777778,0.82
1,193147,536.5166666667,0.91
1,193424,537.2861111111,0.86
1,193704,538.0638888889,0.86
1,193995,538.8722222222,0.91
1,194282,539.6694444444,0.845
1,194576,540.4861111111,0.825
1,194869,541.3,1.07
1,195157,542.1,1.09
1,195428,542.8527777778,0.91
1,195702,543.6138888889,0.785
1,195980,544.3861111111,0.895
1,196270,545.1916666667,0.935
1,196561,546,0.87
1,196849,546.8,0.855
1,197134,547.5916666667,1.005
1,197416,548.375,1.03
1,197686,549.125,0.87
1,197951,549.8611111111,0.85
1,198226,550.625,1.1
1,198506,551.4027777778,1.01
1,198793,552.2,0.96
1,199077,552.9888888889,0.915
1,199354,553.7583333333,1.06
1,199620,554.4972222222,0.97
1,199896,555.2638888889,0.875
1,200164,556.0083333333,0.945
1,200437,556.7666666667,1.14
1,200716,557.5416666667,0.975
1,200994,558.3138888889,0.865
1,201273,559.0888888889,0.88
1,201546,559.8472222222,0.985
1,201808,560.575,0.88
1,202068,561.2972222222,0.855
1,202340,562.0527777778,0.945
1,202616,562.8194444444,1.03
1,202898,563.6027777778,0.855
1,203184,564.3972222222,0.88
1,203470,565.1916666667,0.995
1,203742,565.9472222222,0.84
1,204023,566.7277777778,0.78
1,204301,567.5,0.915
1,204576,568.2638888889,1.07
1,204856,569.0416666667,0.895
1,205160,569.8861111111,0.885
1,205460,570.7194444444,0.945
1,205738,571.4916666667,0.96
1,206017,572.2666666667,0.945
1,206290,573.025,0.86
1,206568,573.7972222222,0.955
1,206846,574.5694444444,1.03
1,207131,575.3611111111,0.84
1,207422,576.1694444444,0.815
1,207726,577.0138888889,0.865
1,208006,577.7916666667,0.88
1,208279,578.55,0.775
1,208549,579.3,0.805
1,208823,580.0611111111,0.9
1,209102,580.8361111111,0.945
1,209394,581.6472222222,0.82
1,209685,582.4555555556,0.82
1,209974,583.2583333333,0.85
1,210257,584.0444444444,0.89
1,210535,584.8166666667,0.775
1,210810,585.5805555556,0.875
1,211087,586.35,0.905
1,211366,587.125,0.85
1,211655,587.9277777778,0.835
1,211952,588.7527777778,0.865
1,212229,589.5222222222,0.85
1,212503,590.2833333333,0.84
1,212779,591.05,0.845
1,213059,591.8277777778,0.87
1,213328,592.575,0.895
1,213608,593.3527777778,0.775
1,213896,594.1527777778,0.7
1,214182,594.9472222222,0.775
1,214466,595.7361111111,0.805
1,214739,596.4944444444,0.78
1,215006,597.2361111111,0.755
1,215282,598.0027777778,0.92
1,215564,598.7861111111,0.83
1,215852,599.5861111111,0.77
1,216142,600.3916666667,0.79
1,216432,601.1972222222,0.835
1,216711,601.9722222222,0.885
1,216991,602.75,0.835
1,217270,603.525,0.865
1,217548,604.2972222222,0.92
1,217826,605.0694444444,0.855
1,218123,605.8944444444,0.79
1,218418,606.7138888889,1.02
1,218706,607.5138888889,1.02
1,218974,608.2583333333,0.91
1,219247,609.0166666667,0.85
1,219531,609.8055555556,1.095
1,219814,610.5916666667,0.925
1,220100,611.3861111111,0.82
1,220393,612.2,0.785
1,220692,613.0305555556,0.92
1,220978,613.825,0.92
1,221254,614.5916666667,0.815
1,221528,615.3527777778,0.78
1,221805,616.1222222222,0.845
1,222083,616.8944444444,0.89
1,222376,617.7083333333,0.77
1,222667,618.5166666667,0.84
1,222953,619.3111111111,0.965
1,223229,620.0777777778,0.92
1,223508,620.8527777778,0.83
1,223785,621.6222222222,0.87
1,224048,622.3527777778,0.91
1,224331,623.1388888889,0.9
1,224623,623.95,0.83
1,224917,624.7666666667,0.92
1,225196,625.5416666667,1.025
1,225474,626.3138888889,0.935
1,225744,627.0638888889,1.035
1,226025,627.8444444444,0.945
1,226297,628.6,0.87
1,226575,629.3722222222,1.015
1,226864,630.175,0.9
1,227146,630.9583333333,1.09
1,227429,631.7444444444,0.935
1,227703,632.5055555556,0.76
1,227977,633.2666666667,0.8
1,228240,633.9972222222,0.855
1,228518,634.7694444444,0.855
1,228809,635.5777777778,0.83
1,229096,636.375,0.885
1,229378,637.1583333333,0.94
1,229661,637.9444444444,0.885
1,229937,638.7111111111,0.81
1,230215,639.4833333333,0.86
1,230486,640.2361111111,0.865
1,230762,641.0027777778,0.82
1,231059,641.8277777778,0.825
1,231359,642.6611111111,0.92
1,231640,643.4416666667,0.82
1,231915,644.2055555556,0.74
1,232191,644.9722222222,0.82
1,232461,645.7222222222,0.89
1,232733,646.4777777778,0.9
1,233017,647.2666666667,0.865
1,233303,648.0611111111,0.94
1,233590,648.8583333333,0.945
1,233876,649.6527777778,0.84
1,234152,650.4194444444,0.825
1,234416,651.1527777778,0.865
1,234686,651.9027777778,0.885
1,234960,652.6638888889,0.82
1,235251,653.4722222222,0.835
1,235548,654.2972222222,0.865
1,235829,655.0777777778,0.855
1,236110,655.8583333333,0.75
1,236391,656.6388888889,0.78
1,236666,657.4027777778,0.975
1,236929,658.1333333333,0.865
1,237206,658.9027777778,0.8
1,237497,659.7111111111,0.82
1,237785,660.5111111111,0.935
1,238072,661.3083333333,0.84
1,238345,662.0666666667,0.815
1,238611,662.8055555556,1.01
1,238885,663.5666666667,0.915
1,239159,664.3277777778,0.925
1,239435,665.0944444444,0.84
1,239719,665.8833333333,1.055
1,239998,666.6583333333,1.31
1,240268,667.4083333333,1.06
1,240542,668.1694444444,0.865
1,240811,668.9166666667,1.115
1,241067,669.6277777778,1.02
1,241320,670.3305555556,0.96
1,241590,671.0805555556,1.06
1,241857,671.8222222222,1.12
1,242116,672.5416666667,0.98
1,242375,673.2611111111,0.88
1,242633,673.9777777778,1.015
1,242881,674.6666666667,1.08
1,243133,675.3666666667,0.915
1,243390,676.0805555556,0.875
1,243644,676.7861111111,1
1,243910,677.525,0.995
1,244193,678.3111111111,0.88
1,244463,679.0611111111,1.03
1,244730,679.8027777778,1.1
1,244986,680.5138888889,1.1
1,245248,681.2416666667,1.1
1,245517,681.9888888889,0.975
1,245793,682.7555555556,1.18
1,246067,683.5166666667,1.11
1,246353,684.3111111111,0.97
1,246649,685.1333333333,0.905
1,246936,685.9305555556,1.07
1,247203,686.6722222222,1.1
1,247470,687.4138888889,0.945
1,247743,688.1722222222,0.875
1,248019,688.9388888889,0.975
1,248301,689.7222222222,0.985
1,248588,690.5194444444,0.85
1,248879,691.3277777778,0.835
1,249159,692.1055555556,1.14
1,249435,692.8722222222,0.92
1,249707,693.6277777778,0.77
1,249990,694.4138888889,0.78
1,250274,695.2027777778,0.895
1,250559,695.9944444444,0.955
1,250860,696.8305555556,0.78
1,251161,697.6666666667,0.815
1,251443,698.45,0.935
1,251713,699.2,0.95
1,251995,699.9833333333,0.82
1,252287,700.7944444444,0.82
1,252586,701.625,0.915
1,252869,702.4111111111,0.915
1,253161,703.2222222222,0.935
1,253457,704.0444444444,0.895
1,253743,704.8388888889,0.99
1,254011,705.5833333333,1
1,254284,706.3416666667,0.97
1,254586,707.1805555556,0.88
1,254893,708.0333333333,0.98
1,255172,708.8083333333,1.055
1,255454,709.5916666667,0.945
1,255739,710.3833333333,0.955
1,256028,711.1861111111,0.895
1,256297,711.9333333333,1.02
1,256574,712.7027777778,0.875
1,256862,713.5027777778,0.87
1,257159,714.3277777778,1.01
1,257441,715.1111111111,0.955
1,257711,715.8611111111,0.84
1,257967,716.5722222222,1
1,258227,717.2944444444,1.005
1,258480,717.9972222222,0.955
1,258739,718.7166666667,0.855
1,259006,719.4583333333,1.015
1,259281,720.2222222222,0.97
1,259542,720.9472222222,0.915
1,259813,721.7,0.9
1,260078,722.4361111111,0.94
1,260335,723.15,1.07
1,260587,723.85,0.955
1,260854,724.5916666667,0.965
1,261134,725.3694444444,0.965
1,261419,726.1611111111,1.095
1,261692,726.9194444444,1.07
1,261969,727.6888888889,1
1,262242,728.4472222222,0.99
1,262517,729.2111111111,1.05
1,262790,729.9694444444,0.945
1,263064,730.7305555556,0.825
1,263351,731.5277777778,0.875
1,263642,732.3361111111,1.02
1,263932,733.1416666667,0.94
1,264219,733.9388888889,0.87
1,264500,734.7194444444,0.91
1,264774,735.4805555556,1.08
1,265063,736.2833333333,0.855
1,265355,737.0944444444,0.81
1,265653,737.9222222222,0.945
1,265948,738.7416666667,0.995
1,266239,739.55,0.92
1,266530,740.3583333333,0.855
1,266816,741.1527777778,0.95
1,267100,741.9416666667,0.975
1,267377,742.7111111111,0.875
1,267680,743.5527777778,0.865
1,267980,744.3861111111,0.945
1,268261,745.1666666667,0.94
1,268546,745.9583333333,0.88
1,268824,746.7305555556,0.865
1,269103,747.5055555556,0.92
1,269385,748.2888888889,1.02
1,269671,749.0833333333,0.89
1,269962,749.8916666667,1.055
1,270258,750.7138888889,0.85
1,270552,751.5305555556,0.8
1,270823,752.2833333333,0.915
1,271096,753.0416666667,0.895
1,271371,753.8055555556,0.84
1,271657,754.6,0.855
1,271955,755.4277777778,1.04
1,272246,756.2361111111,0.925
1,272534,757.0361111111,0.83
1,272840,757.8861111111,0.87
1,273124,758.675,0.93
1,273395,759.4277777778,0.96
1,273676,760.2083333333,0.91
1,273968,761.0194444444,0.925
1,274265,761.8444444444,0.99
1,274562,762.6694444444,0.96
1,274854,763.4805555556,0.9
1,275133,764.2555555556,0.945
1,275404,765.0083333333,1.05
1,275673,765.7555555556,1.015
1,275950,766.525,0.905
1,276237,767.3222222222,0.97
1,276517,768.1,1.1
1,276806,768.9027777778,1.075
1,277104,769.7305555556,0.895
1,277390,770.525,1.035
1,277650,771.2472222222,1.08
1,277924,772.0083333333,1.11
1,278213,772.8111111111,0.96
1,278519,773.6611111111,0.905
1,278815,774.4833333333,1.19
1,279100,775.275,1.135
1,279383,776.0611111111,1.005
1,279577,776.6,0.905
1,279919,777.55,1.105
1,280210,778.3583333333,1.23
1,280512,779.1972222222,0.975
1,280816,780.0416666667,0.925
1,281111,780.8611111111,1.06
1,281403,781.6722222222,1.185
1,281683,782.45,1.07
1,281956,783.2083333333,0.995
1,282235,783.9833333333,1.085
1,282515,784.7611111111,1.235
1,282803,785.5611111111,1.145
1,283098,786.3805555556,1.065
1,283390,787.1916666667,0.995
1,283673,787.9777777778,1.135
1,283945,788.7333333333,1.21
1,284218,789.4916666667,1.085
1,284493,790.2555555556,0.98
1,284779,791.05,1.025
1,285074,791.8694444444,1.16
1,285364,792.675,1.15
1,285654,793.4805555556,1.11
1,285937,794.2666666667,1
1,286212,795.0305555556,1.17
1,286487,795.7944444444,1.185
1,286764,796.5638888889,1.21
1,287053,797.3666666667,1.015
1,287355,798.2055555556,1.215
1,287658,799.0472222222,1.23
1,287946,799.8472222222,1.12
1,288227,800.6277777778,0.97
1,288508,801.4083333333,1.005
1,288795,802.2055555556,1.27
1,289077,802.9888888889,1.165
1,289374,803.8138888889,1.04
1,289668,804.6305555556,0.985
1,289972,805.475,1.145
1,290259,806.2722222222,1.04
1,290539,807.05,0.995
1,290815,807.8166666667,1.01
1,291112,808.6416666667,1.2
1,291409,809.4666666667,1.16
1,291697,810.2666666667,0.995
1,291991,811.0833333333,0.995
1,292282,811.8916666667,1.105
1,292568,812.6861111111,1.02
1,292846,813.4583333333,0.9
1,293124,814.2305555556,0.915
1,293413,815.0333333333,1.075
1,293714,815.8694444444,1.05
1,294012,816.6972222222,0.92
1,294297,817.4888888889,0.97
1,294583,818.2833333333,1.12
1,294858,819.0472222222,1.18
1,295144,819.8416666667,1.05
1,295422,820.6138888889,0.93
1,295719,821.4388888889,1.055
1,296015,822.2611111111,1.125
1,296321,823.1111111111,1.035
1,296613,823.9222222222,0.925
1,296890,824.6916666667,0.98
1,297171,825.4722222222,1.13
1,297452,826.2527777778,1.105
1,297739,827.05,0.895
1,298034,827.8694444444,1.035
1,298336,828.7083333333,1.225
1,298629,829.5222222222,1.115
1,298921,830.3333333333,1
1,299207,831.1277777778,0.925
1,299485,831.9,1.14
1,299757,832.6555555556,1.11
1,300053,833.4777777778,1.01
1,300361,834.3333333333,0.91
1,300664,835.175,1
1,300941,835.9444444444,1.11
1,301212,836.6972222222,1.04
1,301496,837.4861111111,0.885
1,301783,838.2833333333,0.91
1,302065,839.0666666667,1.255
1,302349,839.8555555556,1.04
1,302646,840.6805555556,0.965
1,302949,841.5222222222,0.94
1,303242,842.3361111111,1.05
1,303504,843.0638888889,1.175
1,303774,843.8138888889,1.055
1,304067,844.6277777778,0.835
1,304363,845.45,0.935
1,304640,846.2194444444,1.05
1,304925,847.0111111111,0.975
1,305212,847.8083333333,0.995
1,305499,848.6055555556,0.84
1,305710,849.1916666667,0.99
1,306037,850.1,1.025
1,306338,850.9361111111,0.955
1,306642,851.7805555556,0.935
1,306945,852.6222222222,1.195
1,307235,853.4277777778,1.09
1,307515,854.2055555556,1.01
1,307746,854.8472222222,0.975
1,308064,855.7305555556,0.91
1,308351,856.5277777778,1.04
1,308626,857.2916666667,0.985
1,308913,858.0888888889,0.905
1,309218,858.9361111111,0.87
1,309517,859.7666666667,0.99
1,309781,860.5,1.04
1,310054,861.2583333333,0.93
1,310334,862.0361111111,0.85
1,310629,862.8555555556,0.94
1,310916,863.6527777778,1.04
1,311200,864.4416666667,1.005
1,311490,865.2472222222,0.99
1,311784,866.0638888889,0.97
1,312063,866.8388888889,1.12
1,312329,867.5777777778,1.095
1,312606,868.3472222222,0.98
1,312828,868.9638888889,1
1,313196,869.9861111111,1.07
1,313510,870.8583333333,1.085
1,313809,871.6888888889,1.07
1,314092,872.475,0.85
1,314374,873.2583333333,1.005
1,314666,874.0694444444,1.08
1,314953,874.8666666667,1.03
1,315246,875.6805555556,0.895
1,315543,876.5055555556,0.945
1,315845,877.3444444444,1.095
1,316137,878.1555555556,1.045
1,316416,878.9305555556,0.925
1,316694,879.7027777778,1
1,316983,880.5055555556,1.225
1,317267,881.2944444444,1.06
1,317562,882.1138888889,0.995
1,317786,882.7361111111,0.865
1,318146,883.7361111111,1.035
1,318439,884.55,1.08
1,318730,885.3583333333,1.005
1,319012,886.1416666667,0.855
1,319224,886.7305555556,0.985
1,319588,887.7416666667,1.075
1,319906,888.625,1.01
1,320206,889.4583333333,0.865
1,320495,890.2611111111,0.98
1,320787,891.0722222222,1.175
1,321073,891.8666666667,1.11
1,321373,892.7,0.975
1,321664,893.5083333333,0.925
1,321969,894.3555555556,1.145
1,322276,895.2083333333,1.095
1,322574,896.0361111111,1.025
1,322858,896.825,0.9
1,323140,897.6083333333,1.07
1,323427,898.4055555556,1.105
1,323732,899.2527777778,1.08
1,324046,900.125,0.93
1,324342,900.9472222222,1.11
1,324642,901.7805555556,1.135
1,324931,902.5833333333,1.125
1,325217,903.3777777778,0.995
1,325496,904.1527777778,1
1,325784,904.9527777778,1
1,326090,905.8027777778,1.16
1,326397,906.6555555556,1.22
1,326699,907.4944444444,0.865
1,326988,908.2972222222,0.945
1,327278,909.1027777778,1.165
1,327567,909.9055555556,1.125
1,327861,910.7222222222,1.07
1,328151,911.5277777778,0.885
1,328453,912.3666666667,1.035
1,328755,913.2055555556,1.09
1,329058,914.0472222222,1.12
1,329340,914.8305555556,0.885
1,329621,915.6111111111,0.945
1,329914,916.425,1.12
1,330218,917.2694444444,1.025
1,330525,918.1222222222,0.905
1,330821,918.9444444444,0.955
1,331125,919.7888888889,1.11
1,331412,920.5861111111,0.965
1,331705,921.4,1.03
1,331990,922.1916666667,0.87
1,332281,923,1.015
1,332590,923.8583333333,1.055
1,332899,924.7166666667,0.96
1,333201,925.5555555556,0.855
1,333480,926.3305555556,0.995
1,333769,927.1333333333,1.215
1,334057,927.9333333333,1.005
1,334349,928.7444444444,0.89
1,334645,929.5666666667,0.965
1,334945,930.4,1.1
1,335250,931.2472222222,1.045
1,335544,932.0638888889,0.96
1,335824,932.8416666667,0.9
1,336101,933.6111111111,1.095
1,336387,934.4055555556,1.05
1,336681,935.2222222222,0.97
1,336981,936.0555555556,0.89
1,337283,936.8944444444,1.215
1,337572,937.6972222222,0.945
1,337865,938.5111111111,0.9
1,338147,939.2944444444,0.865
1,338433,940.0888888889,0.96
1,338723,940.8944444444,1.105
1,339026,941.7361111111,0.865
1,339328,942.575,0.82
1,339637,943.4333333333,1.14
1,339927,944.2388888889,0.97
1,340206,945.0138888889,1.055
1,340494,945.8138888889,0.94
1,340781,946.6111111111,0.92
1,341076,947.4305555556,1.08
1,341380,948.275,1.02
1,341686,949.125,0.825
1,341975,949.9277777778,0.88
1,342267,950.7388888889,1.12
1,342549,951.5222222222,1.015
1,342823,952.2833333333,0.93
1,343118,953.1027777778,0.885
1,343411,953.9166666667,0.915
1,343707,954.7388888889,1.05
1,343996,955.5416666667,0.975
1,344281,956.3333333333,1.04
1,344558,957.1027777778,0.885
1,344845,957.9,1.25
1,345130,958.6916666667,1.075
1,345417,959.4888888889,0.975
1,345724,960.3416666667,0.845
1,346019,961.1611111111,1.01
1,346310,961.9694444444,1.09
1,346598,962.7694444444,0.97
1,346805,963.3444444444,0.79
1,347149,964.3,0.875
1,347456,965.1527777778,1.09
1,347761,966,1.005
1,348064,966.8416666667,0.84
1,348369,967.6888888889,1.035
1,348660,968.4972222222,1.11
1,348936,969.2638888889,1.075
1,349223,970.0611111111,1.005
1,349504,970.8416666667,1.055
1,349806,971.6805555556,1
1,350113,972.5333333333,1.14
1,350411,973.3611111111,1.025
1,350694,974.1472222222,0.93
1,350981,974.9444444444,0.975
1,351266,975.7361111111,1.175
1,351482,976.3361111111,1.135
1,351822,977.2805555556,0.975
1,352116,978.0972222222,0.835
1,352417,978.9333333333,1.035
1,352712,979.7527777778,1.015
1,352988,980.5194444444,0.87
1,353258,981.2694444444,0.805
1,353550,982.0805555556,0.955
1,353834,982.8694444444,0.995
1,354130,983.6916666667,0.995
1,354427,984.5166666667,0.885
1,354719,985.3277777778,0.98
1,355017,986.1555555556,1.11
1,355304,986.9527777778,1.015
1,355581,987.7222222222,0.9
1,355859,988.4944444444,0.925
1,356166,989.3472222222,1.105
1,356465,990.1777777778,1.08
1,356759,990.9944444444,0.945
1,357047,991.7944444444,1
1,357329,992.5777777778,1.155
1,357612,993.3638888889,1.205
1,357902,994.1694444444,1.08
1,358187,994.9611111111,0.99
1,358484,995.7861111111,1.04
1,358791,996.6388888889,1.12
1,359088,997.4638888889,1.285
1,359366,998.2361111111,1.01
1,359635,998.9833333333,0.895
1,359904,999.7305555556,0.895
1,360183,1000.5055555556,0.975
1,360472,1001.3083333333,1.095
1,360765,1002.1222222222,1.22
1,361053,1002.9222222222,1.17
1,361346,1003.7361111111,1.095
1,361627,1004.5166666667,1.305
1,361896,1005.2638888889,1.12
1,362164,1006.0083333333,1.035
1,362452,1006.8083333333,1.13
1,362734,1007.5916666667,1.285
1,363028,1008.4083333333,1.24
1,363320,1009.2194444444,1.035
1,363607,1010.0166666667,1.085
1,363879,1010.7722222222,1.1
1,364159,1011.55,1.025
1,364448,1012.3527777778,0.97
1,364732,1013.1416666667,1.135
1,365023,1013.95,1.07
1,365331,1014.8055555556,1.03
1,365641,1015.6666666667,1.02
1,365916,1016.4305555556,1.155
1,366193,1017.2,1.06
1,366484,1018.0083333333,1.01
1,366779,1018.8277777778,1.055
1,367065,1019.6222222222,1.075
1,367364,1020.4527777778,0.935
1,367676,1021.3194444444,0.99
1,367961,1022.1111111111,1.13
1,368249,1022.9111111111,1.05
1,368532,1023.6972222222,0.965
1,368825,1024.5111111111,1.07
1,369111,1025.3055555556,1.16
1,369411,1026.1388888889,1.03
1,369716,1026.9861111111,0.93
1,370012,1027.8083333333,1.19
1,370280,1028.5527777778,1.085
1,370558,1029.325,1.045
1,370843,1030.1166666667,0.99
1,371133,1030.9222222222,1.115
1,371408,1031.6861111111,1.19
1,371705,1032.5111111111,1.02
1,372008,1033.3527777778,0.935
1,372301,1034.1666666667,1.17
1,372559,1034.8833333333,1.24
1,372836,1035.6527777778,1.315
1,373125,1036.4555555556,1.035
1,373429,1037.3,1.125
1,373714,1038.0916666667,1.195
1,374001,1038.8888888889,1.085
1,374305,1039.7333333333,1.04
1,374596,1040.5416666667,1.185
1,374856,1041.2638888889,1.255
1,375126,1042.0138888889,1.14
1,375413,1042.8111111111,0.99
1,375717,1043.6555555556,1.16
1,376000,1044.4416666667,1.17
1,376289,1045.2444444444,1.09
1,376577,1046.0444444444,1.005
1,376862,1046.8361111111,1.145
1,377083,1047.45,1.28
1,377406,1048.3472222222,1.15
1,377701,1049.1666666667,1.015
1,378007,1050.0166666667,1.18
1,378310,1050.8583333333,1.255
1,378609,1051.6888888889,1.175
1,378887,1052.4611111111,1.19
1,379160,1053.2194444444,1.25
1,379441,1054,1.24
1,379732,1054.8083333333,1.31
1,380025,1055.6222222222,0.965
1,380313,1056.4222222222,1.075
1,380612,1057.2527777778,1.215
1,380900,1058.0527777778,1.16
1,381174,1058.8138888889,1.03
1,381454,1059.5916666667,1.22
1,381727,1060.35,1.27
1,382017,1061.1555555556,1.18
1,382310,1061.9694444444,0.93
1,382610,1062.8027777778,1.29
1,382896,1063.5972222222,1.12
1,383184,1064.3972222222,0.97
1,383459,1065.1611111111,0.92
1,383745,1065.9555555556,1.11
1,384029,1066.7444444444,1.05
1,384318,1067.5472222222,1.02
1,384616,1068.375,0.92
1,384917,1069.2111111111,1.09
1,385207,1070.0166666667,1.125
1,385489,1070.8,1.09
1,385770,1071.5805555556,0.835
1,386052,1072.3638888889,0.91
1,386350,1073.1916666667,1.05
1,386651,1074.0277777778,0.975
1,386942,1074.8361111111,0.845
1,387243,1075.6722222222,0.99
1,387534,1076.4805555556,1.06
1,387813,1077.2555555556,0.975
1,388086,1078.0138888889,0.85
1,388374,1078.8138888889,1.11
1,388673,1079.6444444444,1.105
1,388981,1080.5,1.05
1,389279,1081.3277777778,0.845
1,389565,1082.1222222222,1.01
1,389861,1082.9444444444,1.125
1,390151,1083.75,0.975
1,390435,1084.5388888889,0.835
1,390732,1085.3638888889,0.995
1,391041,1086.2222222222,1.08
1,391346,1087.0694444444,1.125
1,391642,1087.8916666667,0.915
1,391925,1088.6777777778,1.07
1,392205,1089.4555555556,1.095
1,392495,1090.2611111111,0.955
1,392782,1091.0583333333,0.81
1,393078,1091.8805555556,1.06
1,393379,1092.7166666667,1.135
1,393675,1093.5388888889,1.06
1,393958,1094.325,0.885
1,394245,1095.1222222222,1.115
1,394521,1095.8888888889,1.015
1,394802,1096.6694444444,0.935
1,395097,1097.4888888889,0.86
1,395403,1098.3388888889,1.1
1,395698,1099.1583333333,1.065
1,395990,1099.9694444444,1
1,396269,1100.7444444444,0.875
1,396554,1101.5361111111,1.105
1,396847,1102.35,1.105
1,397135,1103.15,1.015
1,397337,1103.7111111111,0.93
1,397706,1104.7361111111,1.12
1,398009,1105.5777777778,1.075
1,398295,1106.3722222222,0.99
1,398570,1107.1361111111,0.95
1,398855,1107.9277777778,1.165
1,399140,1108.7194444444,1.06
1,399437,1109.5444444444,1.005
1,399732,1110.3638888889,0.96
1,400025,1111.1777777778,1.05
1,400324,1112.0083333333,1.02
1,400600,1112.775,0.8
1,400879,1113.55,0.935
1,401165,1114.3444444444,1.105
1,401454,1115.1472222222,1.15
1,401760,1115.9972222222,0.95
1,402062,1116.8361111111,0.97
1,402362,1117.6694444444,1.165
1,402647,1118.4611111111,1.1
1,402934,1119.2583333333,0.88
1,403217,1120.0444444444,0.955
1,403510,1120.8583333333,1.145
1,403806,1121.6805555556,1.115
1,404102,1122.5027777778,0.955
1,404405,1123.3444444444,0.98
1,404698,1124.1583333333,1.15
1,404981,1124.9444444444,1.035
1,405256,1125.7083333333,0.925
1,405545,1126.5111111111,1.15
1,405837,1127.3222222222,1.12
1,406132,1128.1416666667,0.995
1,406426,1128.9583333333,0.805
1,406717,1129.7666666667,1.04
1,407007,1130.5722222222,1.11
1,407290,1131.3583333333,0.95
1,407561,1132.1111111111,0.865
1,407850,1132.9138888889,1.14
1,408152,1133.7527777778,1.08
1,408453,1134.5888888889,0.895
1,408747,1135.4055555556,0.965
1,409031,1136.1944444444,1.2
1,409315,1136.9833333333,1.145
1,409598,1137.7694444444,0.965
1,409882,1138.5583333333,1.055
1,410178,1139.3805555556,1.205
1,410478,1140.2138888889,1.095
1,410783,1141.0611111111,0.9
1,411073,1141.8666666667,0.945
1,411354,1142.6472222222,1.305
1,411633,1143.4222222222,1.215
1,411917,1144.2111111111,1.03
1,412207,1145.0166666667,0.925
1,412514,1145.8694444444,1.305
1,412818,1146.7138888889,1.145
1,413110,1147.525,1.02
1,413403,1148.3388888889,0.925
1,413693,1149.1444444444,1.125
1,413970,1149.9138888889,1.085
1,414250,1150.6916666667,0.94
1,414543,1151.5055555556,0.955
1,414849,1152.3555555556,1.16
1,415145,1153.1777777778,1.075
1,415432,1153.975,1.055
1,415704,1154.7305555556,0.945
1,415996,1155.5416666667,1.155
1,416277,1156.3222222222,1.255
1,416557,1157.1,0.84
1,416851,1157.9166666667,0.92
1,417154,1158.7583333333,1.165
1,417446,1159.5694444444,1.11
1,417730,1160.3583333333,0.99
1,418008,1161.1305555556,1.11
1,418285,1161.9,1.225
1,418578,1162.7138888889,1.205
1,418867,1163.5166666667,1.005
1,419157,1164.3222222222,1.145
1,419455,1165.15,1.165
1,419746,1165.9583333333,1.08
1,420023,1166.7277777778,0.915
1,420303,1167.5055555556,1.08
1,420585,1168.2888888889,1.135
1,420875,1169.0944444444,1.045
1,421174,1169.925,0.945
1,421475,1170.7611111111,1.115
1,421768,1171.575,1.235
1,421996,1172.2083333333,1.14
1,422322,1173.1138888889,0.96
1,422605,1173.9,1.03
1,422820,1174.4972222222,1.135
1,423165,1175.4555555556,1
1,423463,1176.2833333333,0.885
1,423769,1177.1333333333,0.945
1,424065,1177.9555555556,1.105
1,424341,1178.7222222222,0.99
1,424617,1179.4888888889,0.905
1,424895,1180.2611111111,0.955
1,425189,1181.0777777778,1.24
1,425494,1181.925,1.155
1,425790,1182.7472222222,0.92
1,426079,1183.55,0.91
1,426382,1184.3916666667,1.11
1,426663,1185.1722222222,0.96
1,426939,1185.9388888889,0.82
1,427226,1186.7361111111,0.86
1,427525,1187.5666666667,1.09
1,427829,1188.4111111111,1.075
1,428130,1189.2472222222,0.95
1,428414,1190.0361111111,0.935
1,428700,1190.8305555556,1.145
1,428993,1191.6444444444,1.1
1,429278,1192.4361111111,1.11
1,429560,1193.2194444444,0.955
1,429868,1194.075,1.055
1,430167,1194.9055555556,1.035
1,430471,1195.75,0.995
1,430756,1196.5416666667,0.905
1,431036,1197.3194444444,1.17
1,431317,1198.1,1.105
1,431616,1198.9305555556,0.99
1,431912,1199.7527777778,1
1,432210,1200.5805555556,1.3
1,432510,1201.4138888889,1.155
1,432800,1202.2194444444,1.05
1,433083,1203.0055555556,0.985
1,433366,1203.7916666667,1.02
1,433649,1204.5777777778,1.13
1,433843,1205.1166666667,1.07
1,434213,1206.1444444444,0.955
1,434514,1206.9805555556,0.995
1,434812,1207.8083333333,1.125
1,435097,1208.6,1.225
1,435372,1209.3638888889,0.995
1,435660,1210.1638888889,1.1
1,435953,1210.9777777778,1.1
1,436151,1211.5277777778,1.08
1,436514,1212.5361111111,0.945
1,436821,1213.3888888889,1.01
1,437119,1214.2166666667,1.17
1,437402,1215.0027777778,1.06
1,437683,1215.7833333333,0.945
1,437966,1216.5694444444,1.225
1,438270,1217.4138888889,1.105
1,438572,1218.2527777778,1.185
1,438866,1219.0694444444,0.965
1,439159,1219.8833333333,1.03
1,439455,1220.7055555556,1.15
1,439741,1221.5,1.11
1,440024,1222.2861111111,0.91
1,440315,1223.0944444444,1.17
1,440624,1223.9527777778,1.12
1,440935,1224.8166666667,1.08
1,441232,1225.6416666667,0.91
1,441520,1226.4416666667,0.94
1,441816,1227.2638888889,1.16
1,442110,1228.0805555556,1.05
1,442407,1228.9055555556,0.92
1,442624,1229.5083333333,0.91
1,442994,1230.5361111111,1.135
1,443306,1231.4027777778,1.03
1,443608,1232.2416666667,0.93
1,443889,1233.0222222222,0.935
1,444177,1233.8222222222,1.11
1,444475,1234.65,1.015
1,444706,1235.2916666667,1.03
1,445062,1236.2805555556,0.99
1,445364,1237.1194444444,1.105
1,445660,1237.9416666667,1.12
1,445949,1238.7444444444,1.03
1,446228,1239.5194444444,0.94
1,446508,1240.2972222222,1.195
1,446801,1241.1111111111,1.14
1,447106,1241.9583333333,1.19
1,447402,1242.7805555556,1.035
1,447697,1243.6,0.985
1,447981,1244.3888888889,1.15
1,448265,1245.1777777778,1.09
1,448549,1245.9666666667,0.945
1,448837,1246.7666666667,1.19
1,449139,1247.6055555556,1.435
1,449443,1248.45,1.14
1,449749,1249.3,1.03
1,450039,1250.1055555556,1.085
1,450327,1250.9055555556,1.215
1,450608,1251.6861111111,1.11
1,450896,1252.4861111111,1.09
1,451194,1253.3138888889,1.06
1,451502,1254.1694444444,1.225
1,451807,1255.0166666667,1.205
1,452102,1255.8361111111,1.125
1,452391,1256.6388888889,1.075
1,452679,1257.4388888889,1.265
1,452960,1258.2194444444,1.275
1,453252,1259.0305555556,1.325
1,453546,1259.8472222222,1.035
1,453853,1260.7,1.13
1,454155,1261.5388888889,1.23
1,454445,1262.3444444444,1.205
1,454652,1262.9194444444,1.045
1,454998,1263.8805555556,1.155
1,455295,1264.7055555556,1.18
1,455589,1265.5222222222,1.1
1,455889,1266.3555555556,1.03
1,456191,1267.1944444444,1.325
1,456489,1268.0222222222,1.24
1,456773,1268.8111111111,1.14
1,457047,1269.5722222222,1.07
1,457334,1270.3694444444,1.15
1,457637,1271.2111111111,1.195
1,457938,1272.0472222222,1.08
1,458170,1272.6916666667,1.03
1,458525,1273.6777777778,1.26
1,458817,1274.4888888889,1.2
1,459105,1275.2888888889,1.135
1,459382,1276.0583333333,1.045
1,459665,1276.8444444444,1.18
1,459968,1277.6861111111,1.23
1,460276,1278.5416666667,1.125
1,460573,1279.3666666667,1.14
1,460860,1280.1638888889,1.05
1,461150,1280.9694444444,1.2
1,461435,1281.7611111111,1.065
1,461722,1282.5583333333,0.975
1,462015,1283.3722222222,0.97
1,462317,1284.2111111111,1.235
1,462623,1285.0611111111,1.11
1,462920,1285.8861111111,0.97
1,463199,1286.6611111111,1.155
1,463483,1287.45,1.19
1,463766,1288.2361111111,1.13
1,464050,1289.025,0.91
1,464362,1289.8916666667,1.005
1,464665,1290.7333333333,1.325
1,464961,1291.5555555556,1.175
1,465258,1292.3805555556,1.085
1,465540,1293.1638888889,0.95
1,465821,1293.9444444444,1.11
1,466106,1294.7361111111,1.225
1,466406,1295.5694444444,1.065
1,466709,1296.4111111111,0.935
1,467012,1297.2527777778,1.005
1,467309,1298.0777777778,1.12
1,467590,1298.8583333333,1.025
1,467879,1299.6611111111,0.905
1,468166,1300.4583333333,0.925
1,468460,1301.275,1.1
1,468763,1302.1166666667,1.1
1,469067,1302.9611111111,0.975
1,469364,1303.7861111111,0.97
1,469662,1304.6138888889,1.185
1,469943,1305.3944444444,1.08
1,470232,1306.1972222222,0.92
1,470532,1307.0305555556,1.045
1,470839,1307.8833333333,1.14
1,471140,1308.7194444444,1.125
1,471445,1309.5666666667,1.04
1,471728,1310.3527777778,0.98
1,472020,1311.1638888889,1.14
1,472305,1311.9555555556,1.13
1,472590,1312.7472222222,1.02
1,472889,1313.5777777778,1.055
1,473203,1314.45,1.235
1,473500,1315.275,1.2
1,473793,1316.0888888889,0.995
1,474075,1316.8722222222,0.96
1,474364,1317.675,1.11
1,474654,1318.4805555556,0.995
1,474945,1319.2888888889,1.035
1,475239,1320.1055555556,0.985
1,475549,1320.9666666667,1.135
1,475852,1321.8083333333,1.04
1,476137,1322.6,0.865
1,476418,1323.3805555556,0.94
1,476707,1324.1833333333,1.2
1,477001,1325,1.015
1,477309,1325.8555555556,0.925
1,477606,1326.6805555556,0.965
1,477900,1327.4972222222,1.13
1,478197,1328.3222222222,1.06
1,478482,1329.1138888889,0.965
1,478758,1329.8805555556,0.95
1,479041,1330.6666666667,1.135
1,479333,1331.4777777778,1.13
1,479634,1332.3138888889,1.04
1,479932,1333.1416666667,0.97
1,480219,1333.9388888889,1.055
1,480495,1334.7055555556,1.17
1,480781,1335.5,1.075
1,481058,1336.2694444444,0.98
1,481342,1337.0583333333,1.075
1,481643,1337.8944444444,1.37
1,481942,1338.725,1.19
1,482240,1339.5527777778,0.955
1,482526,1340.3472222222,0.995
1,482802,1341.1138888889,1.09
1,483072,1341.8638888889,0.98
1,483352,1342.6416666667,0.94
1,483636,1343.4305555556,1.13
1,483932,1344.2527777778,1.175
1,484222,1345.0583333333,1.115
1,484508,1345.8527777778,0.975
1,484787,1346.6277777778,1.085
1,485074,1347.425,1.24
1,485353,1348.2,1.33
1,485642,1349.0027777778,1
1,485940,1349.8305555556,1.06
1,486254,1350.7027777778,1.195
1,486558,1351.5472222222,1.145
1,486845,1352.3444444444,0.94
1,487130,1353.1361111111,0.995
1,487425,1353.9555555556,1.135
1,487720,1354.775,0.99
1,488021,1355.6111111111,0.95
1,488321,1356.4444444444,0.965
1,488637,1357.3222222222,1.095
1,488933,1358.1444444444,1.02
1,489215,1358.9277777778,0.88
1,489498,1359.7138888889,0.955
1,489790,1360.525,1.185
1,490092,1361.3638888889,1.08
1,490395,1362.2055555556,0.93
1,490696,1363.0416666667,1.07
1,490996,1363.875,1.19
1,491288,1364.6861111111,1.04
1,491571,1365.4722222222,0.865
1,491851,1366.25,0.92
1,492147,1367.0722222222,1.115
1,492446,1367.9027777778,1.075
1,492751,1368.75,0.88
1,493047,1369.5722222222,0.965
1,493341,1370.3888888889,1.2
1,493625,1371.1777777778,1.025
1,493915,1371.9833333333,0.915
1,494201,1372.7777777778,0.85
1,494493,1373.5888888889,1.13
1,494792,1374.4194444444,1.15
1,495087,1375.2388888889,0.95
1,495372,1376.0305555556,0.875
1,495650,1376.8027777778,1.155
1,495926,1377.5694444444,1.15
1,496203,1378.3388888889,1.06
1,496501,1379.1666666667,0.925
1,496714,1379.7583333333,0.93
1,497076,1380.7638888889,1.18
1,497378,1381.6027777778,1.105
1,497666,1382.4027777778,0.98
1,497946,1383.1805555556,0.955
1,498231,1383.9722222222,1.165
1,498519,1384.7722222222,1.145
1,498813,1385.5888888889,1.015
1,499116,1386.4305555556,0.925
1,499419,1387.2722222222,1.17
1,499703,1388.0611111111,1.22
1,499989,1388.8555555556,1.135
1,500270,1389.6361111111,1.02
1,500550,1390.4138888889,0.975
1,500850,1391.2472222222,1.3
1,501147,1392.0722222222,1.095
1,501449,1392.9111111111,0.885
1,501747,1393.7388888889,0.88
1,502041,1394.5555555556,1.115
1,502318,1395.325,1.085
1,502602,1396.1138888889,0.975
1,502889,1396.9111111111,0.815
1,503192,1397.7527777778,1.09
1,503498,1398.6027777778,1.14
1,503795,1399.4277777778,1.05
1,504082,1400.225,0.99
1,504376,1401.0416666667,1.2
1,504656,1401.8194444444,1.14
1,504937,1402.6,1.145
1,505229,1403.4111111111,0.96
1,505530,1404.2472222222,1.105
1,505831,1405.0833333333,1.225
1,506126,1405.9027777778,1.165
1,506399,1406.6611111111,1.02
1,506680,1407.4416666667,1.075
1,506971,1408.25,1.18
1,507257,1409.0444444444,1.095
1,507554,1409.8694444444,0.885
1,507856,1410.7083333333,0.93
1,508162,1411.5583333333,1.32
1,508457,1412.3777777778,1.13
1,508745,1413.1777777778,0.955
1,509021,1413.9444444444,0.9
1,509321,1414.7777777778,1.2
1,509625,1415.6222222222,1.22
1,509925,1416.4555555556,1.025
1,510222,1417.2805555556,1
1,510522,1418.1138888889,1.13
1,510806,1418.9027777778,1.15
1,511094,1419.7027777778,1.035
1,511373,1420.4777777778,0.94
1,511661,1421.2777777778,1.105
1,511972,1422.1416666667,1.175
1,512279,1422.9944444444,1.125
1,512569,1423.8,0.94
1,512852,1424.5861111111,1.04
1,513137,1425.3777777778,1.245
1,513425,1426.1777777778,1.15
1,513722,1427.0027777778,0.995
1,514015,1427.8166666667,0.84
1,514320,1428.6638888889,1.22
1,514629,1429.5222222222,1.12
1,514920,1430.3305555556,1.07
1,515196,1431.0972222222,1.06
1,515477,1431.8777777778,1.235
1,515764,1432.675,1.2
1,516066,1433.5138888889,1.105
1,516373,1434.3666666667,0.955
1,516668,1435.1861111111,1.12
1,516972,1436.0305555556,1.255
1,517267,1436.85,1.22
1,517555,1437.65,1.08
1,517833,1438.4222222222,0.92
1,518130,1439.2472222222,1.315
1,518428,1440.075,1.23
1,518735,1440.9277777778,1.16
1,519030,1441.7472222222,1.09
1,519309,1442.5222222222,1
1,519595,1443.3166666667,1.285
1,519883,1444.1166666667,1.205
1,520151,1444.8611111111,1.07
1,520464,1445.7305555556,1.035
1,520770,1446.5805555556,1.22
1,520983,1447.1722222222,1.145
1,521343,1448.1722222222,1.115
1,521629,1448.9666666667,0.93
1,521914,1449.7583333333,1.135
1,522210,1450.5805555556,1.2
1,522513,1451.4222222222,1.035
1,522816,1452.2638888889,1.085
1,523118,1453.1027777778,1.03
1,523418,1453.9361111111,1.195
1,523710,1454.7472222222,1.105
1,524000,1455.5527777778,0.97
1,524281,1456.3333333333,0.955
1,524579,1457.1611111111,1.215
1,524892,1458.0305555556,1.155
1,525200,1458.8861111111,1.01
1,525493,1459.7,0.9
1,525782,1460.5027777778,1.115
1,526066,1461.2916666667,1.225
1,526357,1462.1,1.05
1,526648,1462.9083333333,0.88
1,526942,1463.725,1.03
1,527245,1464.5666666667,1.135
1,527550,1465.4138888889,1.06
1,527839,1466.2166666667,0.855
1,528120,1466.9972222222,0.945
1,528404,1467.7861111111,1.17
1,528691,1468.5833333333,1.07
1,528993,1469.4222222222,0.865
1,529294,1470.2583333333,0.89
1,529601,1471.1111111111,1.285
1,529898,1471.9361111111,1.14
1,530192,1472.7527777778,0.955
1,530473,1473.5333333333,0.94
1,530765,1474.3444444444,1.185
1,531059,1475.1611111111,1.085
1,531359,1475.9944444444,0.985
1,531669,1476.8555555556,0.925
1,531969,1477.6888888889,1.07
1,532258,1478.4916666667,1.14
1,532545,1479.2888888889,1.005
1,532829,1480.0777777778,1.04
1,533123,1480.8944444444,1.11
1,533417,1481.7111111111,1.195
1,533721,1482.5555555556,1.145
1,534014,1483.3694444444,1.14
1,534309,1484.1888888889,1.035
1,534594,1484.9805555556,1.16
1,534874,1485.7583333333,1.295
1,535162,1486.5583333333,1.005
1,535460,1487.3861111111,0.99
1,535769,1488.2444444444,1.27
1,536069,1489.0777777778,1.215
1,536366,1489.9027777778,1.165
1,536646,1490.6805555556,1.015
1,536932,1491.475,1.185
1,537213,1492.2555555556,1.3
1,537507,1493.0722222222,1.215
1,537812,1493.9194444444,1.14
1,538117,1494.7666666667,1.255
1,538423,1495.6166666667,1.27
1,538709,1496.4111111111,1.24
1,538994,1497.2027777778,1.075
1,539279,1497.9944444444,0.985
1,539577,1498.8222222222,1.415
1,539876,1499.6527777778,1.245
1,540173,1500.4777777778,1.005
1,540473,1501.3111111111,0.95
1,540770,1502.1361111111,1.25
1,541053,1502.9222222222,1.175
1,541335,1503.7055555556,1.07
1,541617,1504.4888888889,0.92
1,541918,1505.325,1.14
1,542228,1506.1861111111,1.21
1,542531,1507.0277777778,1.2
1,542827,1507.85,0.94
1,543117,1508.6555555556,1.015
1,543409,1509.4666666667,1.2
1,543690,1510.2472222222,1.22
1,543984,1511.0638888889,1.1
1,544287,1511.9055555556,0.955
1,544591,1512.75,1.035
1,544896,1513.5972222222,1.215
1,545183,1514.3944444444,1.14
1,545457,1515.1555555556,0.99
1,545743,1515.95,1.1
1,546024,1516.7305555556,1.215
1,546308,1517.5194444444,1.075
1,546601,1518.3333333333,0.96
1,546873,1519.0888888889,0.74
1,547201,1520,1.11
1,547484,1520.7861111111,1.11
1,547759,1521.55,0.865
1,548033,1522.3111111111,0.915
1,548336,1523.1527777778,1.2
1,548634,1523.9805555556,1.12
1,548927,1524.7944444444,0.975
1,549219,1525.6055555556,0.885
1,549503,1526.3944444444,1.035
1,549786,1527.1805555556,1.135
1,550071,1527.9722222222,1.095
1,550350,1528.7472222222,0.895
1,550642,1529.5583333333,1.145
1,550954,1530.425,1.11
1,551255,1531.2611111111,1.115
1,551533,1532.0333333333,0.985
1,551817,1532.8222222222,1.065
1,552098,1533.6027777778,1.205
1,552387,1534.4055555556,1.145
1,552682,1535.225,1.065
1,552976,1536.0416666667,0.945
1,553284,1536.8972222222,1.205
1,553590,1537.7472222222,1.23
1,553878,1538.5472222222,1.085
1,554156,1539.3194444444,0.97
1,554440,1540.1083333333,1.145
1,554725,1540.9,1.12
1,555028,1541.7416666667,1
1,555325,1542.5666666667,0.865
1,555615,1543.3722222222,0.97
1,555916,1544.2083333333,1.24
1,556205,1545.0111111111,1.25
1,556487,1545.7944444444,1.04
1,556767,1546.5722222222,0.855
1,557057,1547.3777777778,0.95
1,557362,1548.225,1.17
1,557669,1549.0777777778,1.11
1,557963,1549.8944444444,0.96
1,558240,1550.6638888889,0.96
1,558529,1551.4666666667,1.23
1,558814,1552.2583333333,1.13
1,559104,1553.0638888889,1.035
1,559397,1553.8777777778,0.86
1,559697,1554.7111111111,0.995
1,559999,1555.55,1.21
1,560298,1556.3805555556,1.22
1,560578,1557.1583333333,0.92
1,560847,1557.9055555556,0.935
1,561143,1558.7277777778,1.16
1,561437,1559.5444444444,1.115
1,561734,1560.3694444444,1.045
1,562021,1561.1666666667,0.83
1,562310,1561.9694444444,1.015
1,562593,1562.7555555556,1.05
1,562813,1563.3666666667,1.05
1,563144,1564.2861111111,0.97
1,563425,1565.0666666667,0.95
1,563733,1565.9222222222,1.14
1,564031,1566.75,1.075
1,564321,1567.5555555556,0.96
1,564603,1568.3388888889,1.195
1,564884,1569.1194444444,1.175
1,565165,1569.9,1.085
1,565454,1570.7027777778,0.935
1,565742,1571.5027777778,0.99
1,566042,1572.3361111111,1.185
1,566261,1572.9444444444,1.14
1,566617,1573.9333333333,1.095
1,566900,1574.7194444444,1.025
1,567186,1575.5138888889,1.225
1,567381,1576.0555555556,1.355
1,567722,1577.0027777778,1.15
1,568028,1577.8527777778,0.93
1,568328,1578.6861111111,1
1,568626,1579.5138888889,1.25
1,568921,1580.3333333333,1.415
1,569205,1581.1222222222,1.04
1,569483,1581.8944444444,0.89
1,569764,1582.675,1.085
1,570060,1583.4972222222,1.205
1,570367,1584.35,1.14
1,570669,1585.1888888889,0.955
1,570959,1585.9944444444,1.01
1,571247,1586.7944444444,1.13
1,571539,1587.6055555556,1.19
1,571832,1588.4194444444,0.895
1,572124,1589.2305555556,0.935
1,572429,1590.0777777778,1.15
1,572732,1590.9194444444,1.15
1,573041,1591.7777777778,0.97
1,573329,1592.5777777778,0.935
1,573609,1593.3555555556,1.18
1,573895,1594.15,1.34
1,574194,1594.9805555556,1.125
1,574431,1595.6388888889,1.055
1,574787,1596.6277777778,1.11
1,575097,1597.4888888889,1.255
1,575388,1598.2972222222,1.2
1,575679,1599.1055555556,0.995
1,575960,1599.8861111111,1.02
1,576250,1600.6916666667,1.26
1,576552,1601.5305555556,1.16
1,576864,1602.3972222222,1.07
1,577164,1603.2305555556,0.96
1,577457,1604.0444444444,1.055
1,577742,1604.8361111111,1.17
1,578026,1605.625,1.06
1,578312,1606.4194444444,0.935
1,578602,1607.225,1.085
1,578902,1608.0583333333,1.24
1,579206,1608.9027777778,1.12
1,579449,1609.5777777778,1.005
1,579792,1610.5305555556,0.9
1,580077,1611.3222222222,1.295
1,580359,1612.1055555556,1.1
1,580649,1612.9111111111,1.05
1,580949,1613.7444444444,1
1,581247,1614.5722222222,0.92
1,581544,1615.3972222222,1.1
1,581836,1616.2083333333,1.375
1,582120,1616.9972222222,1.03
1,582396,1617.7638888889,0.885
1,582670,1618.525,1.14
1,582922,1619.225,1.045
1,583240,1620.1083333333,1.315
1,583540,1620.9416666667,1.18
1,583823,1621.7277777778,1
1,584099,1622.4944444444,0.825
1,584364,1623.2305555556,0.66
1,584636,1623.9861111111,0.63
1,584904,1624.7305555556,0.625
1,585176,1625.4861111111,0.66
1,585456,1626.2638888889,0.7
1,585732,1627.0305555556,0.795
1,586012,1627.8083333333,0.8
1,586277,1628.5444444444,0.815
1,586526,1629.2361111111,0.835
1,586772,1629.9194444444,0.9
1,587031,1630.6388888889,0.935
1,587301,1631.3888888889,0.96
1,587573,1632.1444444444,0.945
1,587844,1632.8972222222,0.925
1,588114,1633.6472222222,1.14
1,588378,1634.3805555556,0.835
1,588644,1635.1194444444,1
1,588907,1635.85,0.895
1,589179,1636.6055555556,0.9
1,589455,1637.3722222222,0.855
1,589748,1638.1861111111,0.83
1,590042,1639.0027777778,0.84
1,590317,1639.7666666667,0.865
1,590589,1640.5222222222,0.89
1,590865,1641.2888888889,0.845
1,591145,1642.0666666667,0.82
1,591419,1642.8277777778,1.005
1,591708,1643.6305555556,0.805
1,592001,1644.4444444444,0.99
1,592289,1645.2444444444,0.92
1,592573,1646.0333333333,0.875
1,592855,1646.8166666667,0.905
1,593069,1647.4111111111,0.995
1,593388,1648.2972222222,0.9
1,593685,1649.1222222222,0.79
1,593992,1649.975,0.81
1,594282,1650.7805555556,1.05
1,594564,1651.5638888889,0.78
1,594856,1652.375,0.93
1,595128,1653.1305555556,1.085
1,595403,1653.8944444444,1.025
1,595691,1654.6944444444,0.955
1,595994,1655.5361111111,1.14
1,596279,1656.3277777778,1.155
1,596585,1657.1777777778,0.96
1,596881,1658,1.15
1,597138,1658.7138888889,1.16
1,597403,1659.45,0.94
1,597671,1660.1944444444,0.96
1,597926,1660.9027777778,0.965
1,598187,1661.6277777778,0.83
1,598460,1662.3861111111,0.94
1,598715,1663.0944444444,1.045
1,598970,1663.8027777778,1.01
1,599223,1664.5055555556,0.9
1,599470,1665.1916666667,0.965
1,599705,1665.8444444444,1.05
1,599954,1666.5361111111,1.08
1,600216,1667.2638888889,0.955
1,600485,1668.0111111111,1.08
1,600740,1668.7194444444,1.125
1,601013,1669.4777777778,1.045
1,601274,1670.2027777778,0.935
1,601538,1670.9361111111,1.025
1,601801,1671.6666666667,1.02
1,602065,1672.4,0.85
1,602331,1673.1388888889,0.94
1,602612,1673.9194444444,1.14
1,602894,1674.7027777778,0.905
1,603180,1675.4972222222,0.92
1,603456,1676.2638888889,1.09
1,603724,1677.0083333333,1.07
1,603990,1677.7472222222,0.96
1,604278,1678.5472222222,0.93
1,604566,1679.3472222222,1.19
1,604846,1680.125,1.33
1,605150,1680.9694444444,1.02
1,605461,1681.8333333333,1.055
1,605738,1682.6027777778,1.155
1,606009,1683.3555555556,1.13
1,606294,1684.1472222222,0.975
1,606589,1684.9666666667,1.17
1,606882,1685.7805555556,1.135
1,607180,1686.6083333333,1.08
1,607476,1687.4305555556,0.955
1,607768,1688.2416666667,1.11
1,608045,1689.0111111111,0.895
1,608310,1689.7472222222,0.91
1,608577,1690.4888888889,1.005
1,608855,1691.2611111111,1.215
1,609138,1692.0472222222,0.95
1,609427,1692.85,0.87
1,609717,1693.6555555556,0.87
1,609989,1694.4111111111,0.765
1,610263,1695.1722222222,0.815
1,610546,1695.9583333333,0.85
1,610825,1696.7333333333,0.99
1,611110,1697.525,0.99
1,611401,1698.3333333333,0.965
1,611697,1699.1555555556,1.035
1,611988,1699.9638888889,0.955
1,612265,1700.7333333333,1.04
1,612541,1701.5,1.255
1,612821,1702.2777777778,1.15
1,613109,1703.0777777778,1.105
1,613401,1703.8888888889,1.215
1,613695,1704.7055555556,1.245
1,613986,1705.5138888889,1.215
1,614261,1706.2777777778,1.09
1,614540,1707.0527777778,1.22
1,614818,1707.825,1.295
1,615091,1708.5833333333,1.095
1,615372,1709.3638888889,1.08
1,615678,1710.2138888889,1.22
1,615969,1711.0222222222,1.16
1,616251,1711.8055555556,1.05
1,616528,1712.575,1.135
1,616804,1713.3416666667,1.265
1,617088,1714.1305555556,1.29
1,617368,1714.9083333333,1.07
1,617657,1715.7111111111,1.13
1,617951,1716.5277777778,1.14
1,618249,1717.3555555556,1.045
1,618530,1718.1361111111,0.97
1,618806,1718.9027777778,1.095
1,619083,1719.6722222222,1.19
1,619364,1720.4527777778,1.095
1,619655,1721.2611111111,1.07
1,619953,1722.0888888889,1.045
1,620251,1722.9166666667,1.2
1,620542,1723.725,1.135
1,620827,1724.5166666667,1.115
1,621104,1725.2861111111,1.225
1,621380,1726.0527777778,1.25
1,621662,1726.8361111111,1.165
1,621945,1727.6222222222,1.06
1,622248,1728.4638888889,1.17
1,622543,1729.2833333333,1.205
1,622825,1730.0666666667,1.105
1,623090,1730.8027777778,1.055
1,623369,1731.5777777778,1.185
1,623640,1732.3305555556,1.18
1,623919,1733.1055555556,1.06
1,624192,1733.8638888889,1.215
1,624483,1734.6722222222,1.205
1,624766,1735.4583333333,1.205
1,625051,1736.25,1.215
1,625311,1736.9722222222,0.99
1,625580,1737.7194444444,1.08
1,625856,1738.4861111111,1.165
1,626140,1739.275,1.045
1,626429,1740.0777777778,0.945
1,626717,1740.8777777778,1.13
1,627001,1741.6666666667,1.125
1,627282,1742.4472222222,1.075
1,627556,1743.2083333333,0.96
1,627828,1743.9638888889,1.11
1,628104,1744.7305555556,1.145
1,628392,1745.5305555556,1.065
1,628690,1746.3583333333,1.105
1,628982,1747.1694444444,1.13
1,629173,1747.7,1.135
1,629497,1748.6,1.2
1,629762,1749.3361111111,1.045
1,630029,1750.0777777778,1.075
1,630291,1750.8055555556,0.88
1,630563,1751.5611111111,0.98
1,630839,1752.3277777778,1.12
1,631111,1753.0833333333,1.01
1,631379,1753.8277777778,0.97
1,631637,1754.5444444444,0.995
1,631900,1755.275,1.185
1,632158,1755.9916666667,0.95
1,632416,1756.7083333333,0.845
1,632689,1757.4666666667,0.995
1,632960,1758.2194444444,1.215
1,633230,1758.9694444444,1.26
1,633500,1759.7194444444,1.155
1,633769,1760.4666666667,1.08
1,634029,1761.1888888889,1.135
1,634285,1761.9,1
1,634546,1762.625,1.12
1,634828,1763.4083333333,1.01
1,635109,1764.1888888889,1.11
1,635396,1764.9861111111,0.99
1,635686,1765.7916666667,0.925
1,635967,1766.5722222222,1.02
1,636240,1767.3305555556,1.08
1,636521,1768.1111111111,0.965
1,636813,1768.9222222222,0.94
1,637107,1769.7388888889,1.285
1,637401,1770.5555555556,1.055
1,637705,1771.4,0.95
1,637999,1772.2166666667,1
1,638284,1773.0083333333,1.215
1,638562,1773.7805555556,1.055
1,638848,1774.575,0.88
1,639142,1775.3916666667,0.995
1,639448,1776.2416666667,1.045
1,639746,1777.0694444444,0.99
1,640041,1777.8888888889,0.91
1,640331,1778.6944444444,0.995
1,640617,1779.4888888889,1.055
1,640902,1780.2805555556,1.055
1,641179,1781.05,0.88
1,641482,1781.8916666667,1.02
1,641778,1782.7138888889,1.025
1,642067,1783.5166666667,1.02
1,642338,1784.2694444444,1
1,642615,1785.0388888889,1.215
1,642889,1785.8,1.26
1,643166,1786.5694444444,0.965
1,643441,1787.3333333333,1.06
1,643723,1788.1166666667,1.08
1,644007,1788.9055555556,1.125
1,644288,1789.6861111111,0.87
1,644550,1790.4138888889,1.055
1,644809,1791.1333333333,1.045
1,645064,1791.8416666667,0.98
1,645322,1792.5583333333,0.875
1,645582,1793.2805555556,0.935
1,645865,1794.0666666667,0.98
1,646133,1794.8111111111,0.915
1,646395,1795.5388888889,0.945
1,646660,1796.275,1.15
1,646919,1796.9944444444,1.27
1,647169,1797.6888888889,0.945
1,647415,1798.3722222222,0.925
1,647673,1799.0888888889,0.96
1,647936,1799.8194444444,0.985
1,648205,1800.5666666667,0.88
1,648479,1801.3277777778,0.995
1,648734,1802.0361111111,1
1,648979,1802.7166666667,0.96
1,649233,1803.4222222222,0.91
1,649486,1804.125,0.93
1,649735,1804.8166666667,0.9
2,76,0.2083333333,0.58
2,369,1.0222222222,0.495
2,662,1.8361111111,0.705
2,946,2.625,0.655
2,1230,3.4138888889,0.44
2,1514,4.2027777778,0.515
2,1808,5.0194444444,0.8
2,2043,5.6722222222,0.665
2,2402,6.6694444444,0.545
2,2705,7.5111111111,0.595
2,2997,8.3222222222,0.7
2,3282,9.1138888889,0.58
2,3559,9.8833333333,0.395
2,3861,10.7222222222,0.655
2,4170,11.5805555556,0.615
2,4465,12.4,0.39
2,4764,13.2305555556,0.405
2,5059,14.05,0.66
2,5346,14.8472222222,0.58
2,5633,15.6444444444,0.495
2,5917,16.4333333333,0.495
2,6214,17.2583333333,0.71
2,6526,18.125,0.6
2,6823,18.95,0.425
2,7105,19.7333333333,0.615
2,7392,20.5305555556,0.79
2,7669,21.3,0.53
2,7952,22.0861111111,0.43
2,8245,22.9,0.75
2,8538,23.7138888889,0.675
2,8836,24.5416666667,0.44
2,9141,25.3888888889,0.43
2,9431,26.1944444444,0.815
2,9709,26.9666666667,0.605
2,9997,27.7666666667,0.41
2,10281,28.5555555556,0.42
2,10590,29.4138888889,0.73
2,10894,30.2583333333,0.57
2,11191,31.0833333333,0.345
2,11479,31.8833333333,0.49
2,11780,32.7194444444,0.85
2,12065,33.5111111111,0.66
2,12350,34.3027777778,0.48
2,12644,35.1194444444,0.52
2,12949,35.9666666667,0.715
2,13265,36.8444444444,0.61
2,13561,37.6666666667,0.495
2,13841,38.4444444444,0.735
2,14130,39.2472222222,0.84
2,14422,40.0583333333,0.635
2,14710,40.8583333333,0.5
2,15010,41.6916666667,0.735
2,15309,42.5222222222,0.7
2,15606,43.3472222222,0.45
2,15898,44.1583333333,0.405
2,16182,44.9472222222,0.765
2,16464,45.7305555556,0.725
2,16754,46.5361111111,0.4
2,17057,47.3777777778,0.46
2,17357,48.2111111111,0.68
2,17656,49.0416666667,0.735
2,17946,49.8472222222,0.38
2,18226,50.625,0.525
2,18513,51.4222222222,0.705
2,18795,52.2055555556,0.495
2,19080,52.9972222222,0.345
2,19387,53.85,0.725
2,19693,54.7,0.725
2,19988,55.5194444444,0.45
2,20270,56.3027777778,0.435
2,20553,57.0888888889,0.815
2,20837,57.8777777778,0.735
2,21130,58.6916666667,0.525
2,21422,59.5027777778,0.545
2,21728,60.3527777778,0.815
2,22028,61.1861111111,0.64
2,22320,61.9972222222,0.43
2,22602,62.7805555556,0.43
2,22880,63.5527777778,0.67
2,23163,64.3388888889,0.515
2,23452,65.1416666667,0.33
2,23755,65.9833333333,0.495
2,24052,66.8083333333,0.69
2,24344,67.6194444444,0.515
2,24624,68.3972222222,0.34
2,24913,69.2,0.77
2,25196,69.9861111111,0.625
2,25484,70.7861111111,0.42
2,25779,71.6055555556,0.495
2,26087,72.4611111111,0.675
2,26385,73.2888888889,0.525
2,26669,74.0777777778,0.34
2,26951,74.8611111111,0.675
2,27236,75.6527777778,0.78
2,27535,76.4833333333,0.6
2,27831,77.3055555556,0.48
2,28131,78.1388888889,0.705
2,28430,78.9694444444,0.66
2,28725,79.7888888889,0.49
2,29013,80.5888888889,0.335
2,29293,81.3666666667,0.53
2,29579,82.1611111111,0.7
2,29872,82.975,0.495
2,30181,83.8333333333,0.36
2,30486,84.6805555556,0.645
2,30778,85.4916666667,0.5
2,31064,86.2861111111,0.395
2,31347,87.0722222222,0.66
2,31635,87.8722222222,0.68
2,31927,88.6833333333,0.435
2,32223,89.5055555556,0.415
2,32529,90.3555555556,0.785
2,32835,91.2055555556,0.655
2,33126,92.0138888889,0.43
2,33402,92.7805555556,0.45
2,33690,93.5805555556,0.845
2,33979,94.3833333333,0.645
2,34273,95.2,0.435
2,34574,96.0361111111,0.71
2,34869,96.8555555556,0.75
2,35167,97.6833333333,0.54
2,35454,98.4805555556,0.46
2,35735,99.2611111111,0.83
2,36015,100.0388888889,0.735
2,36309,100.8555555556,0.57
2,36604,101.675,0.49
2,36915,102.5388888889,0.705
2,37214,103.3694444444,0.56
2,37498,104.1583333333,0.415
2,37781,104.9444444444,0.545
2,38070,105.7472222222,0.78
2,38355,106.5388888889,0.595
2,38651,107.3611111111,0.46
2,38949,108.1888888889,0.425
2,39252,109.0305555556,0.69
2,39547,109.85,0.62
2,39825,110.6222222222,0.445
2,40095,111.3722222222,0.51
2,40382,112.1694444444,0.645
2,40677,112.9888888889,0.515
2,40969,113.8,0.41
2,41272,114.6416666667,0.73
2,41566,115.4583333333,0.6
2,41849,116.2444444444,0.42
2,42116,116.9861111111,0.445
2,42416,117.8194444444,0.73
2,42697,118.6,0.61
2,42996,119.4305555556,0.43
2,43307,120.2944444444,0.65
2,43604,121.1194444444,0.625
2,43892,121.9194444444,0.475
2,44171,122.6944444444,0.355
2,44456,123.4861111111,0.645
2,44743,124.2833333333,0.615
2,45030,125.0805555556,0.42
2,45323,125.8944444444,0.45
2,45628,126.7416666667,0.695
2,45924,127.5638888889,0.46
2,46204,128.3416666667,0.385
2,46479,129.1055555556,0.71
2,46760,129.8861111111,0.495
2,47037,130.6555555556,0.34
2,47335,131.4833333333,0.425
2,47633,132.3111111111,0.685
2,47920,133.1083333333,0.57
2,48202,133.8916666667,0.375
2,48486,134.6805555556,0.58
2,48766,135.4583333333,0.72
2,49040,136.2194444444,0.625
2,49323,137.0055555556,0.465
2,49618,137.825,0.55
2,49923,138.6722222222,0.585
2,50214,139.4805555556,0.51
2,50491,140.25,0.355
2,50771,141.0277777778,0.625
2,51056,141.8194444444,0.61
2,51339,142.6055555556,0.365
2,51626,143.4027777778,0.31
2,51921,144.2222222222,0.605
2,52216,145.0416666667,0.535
2,52505,145.8444444444,0.36
2,52784,146.6194444444,0.29
2,53063,147.3944444444,0.55
2,53341,148.1666666667,0.51
2,53631,148.9722222222,0.33
2,53922,149.7805555556,0.455
2,54219,150.6055555556,0.61
2,54507,151.4055555556,0.49
2,54784,152.175,0.365
2,55064,152.9527777778,0.56
2,55343,153.7277777778,0.67
2,55626,154.5138888889,0.585
2,55907,155.2944444444,0.29
2,56207,156.1277777778,0.395
2,56501,156.9444444444,0.51
2,56785,157.7333333333,0.48
2,57054,158.4805555556,0.295
2,57332,159.2527777778,0.66
2,57614,160.0361111111,0.56
2,57899,160.8277777778,0.43
2,58191,161.6388888889,0.38
2,58489,162.4666666667,0.59
2,58786,163.2916666667,0.495
2,59076,164.0972222222,0.32
2,59353,164.8666666667,0.43
2,59630,165.6361111111,0.625
2,59918,166.4361111111,0.46
2,60213,167.2555555556,0.375
2,60515,168.0944444444,0.475
2,60816,168.9305555556,0.555
2,61104,169.7305555556,0.39
2,61390,170.525,0.265
2,61678,171.325,0.47
2,61963,172.1166666667,0.62
2,62246,172.9027777778,0.525
2,62546,173.7361111111,0.365
2,62850,174.5805555556,0.545
2,63154,175.425,0.645
2,63437,176.2111111111,0.295
2,63710,176.9694444444,0.335
2,63997,177.7666666667,0.49
2,64287,178.5722222222,0.325
2,64581,179.3888888889,0.255
2,64874,180.2027777778,0.525
2,65173,181.0333333333,0.51
2,65462,181.8361111111,0.395
2,65748,182.6305555556,0.295
2,66030,183.4138888889,0.64
2,66306,184.1805555556,0.6
2,66603,185.0055555556,0.49
2,66790,185.525,0.605
2,67129,186.4666666667,0.635
2,67433,187.3111111111,0.74
2,67727,188.1277777778,0.49
2,68006,188.9027777778,0.375
2,68301,189.7222222222,0.7
2,68593,190.5333333333,0.63
2,68885,191.3444444444,0.51
2,69189,192.1888888889,0.615
2,69503,193.0611111111,0.85
2,69795,193.8722222222,0.61
2,70072,194.6416666667,0.405
2,70356,195.4305555556,0.59
2,70641,196.2222222222,0.655
2,70940,197.0527777778,0.51
2,71238,197.8805555556,0.4
2,71539,198.7166666667,0.62
2,71845,199.5666666667,0.6
2,72137,200.3777777778,0.45
2,72416,201.1527777778,0.385
2,72702,201.9472222222,0.75
2,72997,202.7666666667,0.62
2,73300,203.6083333333,0.43
2,73611,204.4722222222,0.455
2,73911,205.3055555556,0.79
2,74195,206.0944444444,0.64
2,74482,206.8916666667,0.41
2,74766,207.6805555556,0.54
2,74985,208.2888888889,0.735
2,75331,209.25,0.65
2,75631,210.0833333333,0.43
2,75935,210.9277777778,0.685
2,76233,211.7555555556,0.825
2,76514,212.5361111111,0.66
2,76785,213.2888888889,0.455
2,77073,214.0888888889,0.645
2,77367,214.9055555556,0.735
2,77663,215.7277777778,0.475
2,77953,216.5333333333,0.39
2,78251,217.3611111111,0.715
2,78538,218.1583333333,0.605
2,78824,218.9527777778,0.475
2,79099,219.7166666667,0.43
2,79385,220.5111111111,0.67
2,79688,221.3527777778,0.56
2,79991,222.1944444444,0.345
2,80290,223.025,0.42
2,80582,223.8361111111,0.735
2,80868,224.6305555556,0.645
2,81152,225.4194444444,0.515
2,81439,226.2166666667,0.62
2,81730,227.025,0.72
2,82030,227.8583333333,0.495
2,82335,228.7055555556,0.49
2,82636,229.5416666667,0.77
2,82927,230.35,0.79
2,83209,231.1333333333,0.565
2,83491,231.9166666667,0.5
2,83794,232.7583333333,0.77
2,84103,233.6166666667,0.665
2,84406,234.4583333333,0.46
2,84709,235.3,0.46
2,85009,236.1333333333,0.7
2,85302,236.9472222222,0.49
2,85579,237.7166666667,0.405
2,85869,238.5222222222,0.605
2,86170,239.3583333333,0.52
2,86477,240.2111111111,0.425
2,86780,241.0527777778,0.45
2,87078,241.8805555556,0.855
2,87363,242.6722222222,0.6
2,87651,243.4722222222,0.435
2,87940,244.275,0.67
2,88231,245.0833333333,0.645
2,88529,245.9111111111,0.415
2,88833,246.7555555556,0.58
2,89135,247.5944444444,0.79
2,89420,248.3861111111,0.465
2,89703,249.1722222222,0.455
2,89987,249.9611111111,0.815
2,90285,250.7888888889,0.75
2,90589,251.6333333333,0.46
2,90884,252.4527777778,0.54
2,91189,253.3,0.725
2,91480,254.1083333333,0.495
2,91760,254.8861111111,0.405
2,92046,255.6805555556,0.725
2,92337,256.4888888889,0.665
2,92632,257.3083333333,0.46
2,92944,258.175,0.265
2,93245,259.0111111111,0.53
2,93533,259.8111111111,0.59
2,93823,260.6166666667,0.415
2,94102,261.3916666667,0.315
2,94395,262.2055555556,0.815
2,94692,263.0305555556,0.575
2,94995,263.8722222222,0.455
2,95297,264.7111111111,0.25
2,95605,265.5666666667,0.665
2,95892,266.3638888889,0.595
2,96169,267.1333333333,0.43
2,96449,267.9111111111,0.46
2,96746,268.7361111111,0.815
2,97049,269.5777777778,0.69
2,97347,270.4055555556,0.42
2,97643,271.2277777778,0.56
2,97936,272.0416666667,0.765
2,98227,272.85,0.57
2,98507,273.6277777778,0.395
2,98788,274.4083333333,0.565
2,99083,275.2277777778,0.77
2,99381,276.0555555556,0.485
2,99578,276.6027777778,0.47
2,99929,277.5777777778,0.48
2,100217,278.3777777778,0.69
2,100495,279.15,0.55
2,100780,279.9416666667,0.405
2,101070,280.7472222222,0.66
2,101360,281.5527777778,0.69
2,101652,282.3638888889,0.375
2,101940,283.1638888889,0.475
2,102233,283.9777777778,0.74
2,102515,284.7611111111,0.54
2,102792,285.5305555556,0.46
2,103073,286.3111111111,0.73
2,103370,287.1361111111,0.62
2,103668,287.9638888889,0.435
2,103963,288.7833333333,0.57
2,104260,289.6083333333,0.81
2,104545,290.4,0.75
2,104829,291.1888888889,0.435
2,105117,291.9888888889,0.69
2,105406,292.7916666667,0.7
2,105706,293.625,0.525
2,106015,294.4833333333,0.46
2,106313,295.3111111111,0.725
2,106599,296.1055555556,0.435
2,107751,299.3055555556,0.175
2,108044,300.1194444444,0.195
2,108341,300.9444444444,0.485
2,108643,301.7833333333,0.685
2,108925,302.5666666667,0.435
2,109198,303.325,0.44
2,109485,304.1222222222,0.79
2,109772,304.9194444444,0.775
2,110075,305.7611111111,0.485
2,110373,306.5888888889,0.585
2,110672,307.4194444444,0.785
2,110962,308.225,0.665
2,111243,309.0055555556,0.435
2,111523,309.7833333333,0.675
2,111809,310.5777777778,0.875
2,112107,311.4055555556,0.65
2,112404,312.2305555556,0.495
2,112710,313.0805555556,0.74
2,113000,313.8861111111,0.67
2,113280,314.6638888889,0.405
2,113561,315.4444444444,0.35
2,113849,316.2444444444,0.45
2,114141,317.0555555556,0.865
2,114427,317.85,0.56
2,114715,318.65,0.465
2,115000,319.4416666667,0.525
2,115279,320.2166666667,0.5
2,115546,320.9583333333,0.46
2,115814,321.7027777778,0.555
2,116083,322.45,0.52
2,116368,323.2416666667,0.625
2,116653,324.0333333333,0.555
2,116939,324.8277777778,0.59
2,117212,325.5861111111,0.49
2,117493,326.3666666667,0.805
2,117765,327.1222222222,0.81
2,118043,327.8944444444,0.755
2,118322,328.6694444444,0.675
2,118606,329.4583333333,0.655
2,118910,330.3027777778,0.385
2,119215,331.15,0.2
2,119508,331.9638888889,0.175
2,119791,332.75,0.175
2,120076,333.5416666667,0.16
2,120375,334.3722222222,0.125
2,120675,335.2055555556,0.345
2,120990,336.0805555556,0.375
2,121299,336.9388888889,0.26
2,121603,337.7833333333,0.44
2,121889,338.5777777778,0.515
2,122169,339.3555555556,0.54
2,122460,340.1638888889,0.495
2,122749,340.9666666667,0.695
2,123049,341.8,0.61
2,123359,342.6611111111,0.42
2,123662,343.5027777778,0.495
2,123935,344.2611111111,0.58
2,124220,345.0527777778,0.465
2,124506,345.8472222222,0.485
2,124775,346.5944444444,0.655
2,125059,347.3833333333,0.635
2,125354,348.2027777778,0.42
2,125648,349.0194444444,0.645
2,125925,349.7888888889,0.615
2,126203,350.5611111111,0.4
2,126475,351.3166666667,0.51
2,126746,352.0694444444,0.6
2,127024,352.8416666667,0.465
2,127313,353.6444444444,0.34
2,127603,354.45,0.57
2,127892,355.2527777778,0.535
2,128085,355.7888888889,0.415
2,128422,356.725,0.545
2,128697,357.4888888889,0.345
2,128957,358.2111111111,0.175
2,129230,358.9694444444,-0.105
2,129519,359.7722222222,0.115
2,129798,360.5472222222,0.715
2,130056,361.2638888889,0.8
2,130317,361.9888888889,0.99
2,130567,362.6833333333,1.225
2,130818,363.3805555556,0.935
2,131073,364.0888888889,0.89
2,131326,364.7916666667,1.005
2,131584,365.5083333333,0.82
2,131852,366.2527777778,0.875
2,132122,367.0027777778,0.84
2,132380,367.7194444444,0.745
2,132628,368.4083333333,0.49
2,132882,369.1138888889,0.51
2,133131,369.8055555556,0.65
2,133389,370.5222222222,0.505
2,133661,371.2777777778,0.35
2,133932,372.0305555556,0.595
2,134196,372.7638888889,0.53
2,134462,373.5027777778,0.47
2,134736,374.2638888889,0.395
2,134989,374.9666666667,0.61
2,135242,375.6694444444,0.505
2,135503,376.3944444444,0.455
2,135779,377.1611111111,0.47
2,136060,377.9416666667,0.625
2,136349,378.7444444444,0.5
2,136629,379.5222222222,0.515
2,136898,380.2694444444,0.615
2,137170,381.025,0.555
2,137448,381.7972222222,0.43
2,137728,382.575,0.535
2,138007,383.35,0.53
2,138303,384.1722222222,0.46
2,138598,384.9916666667,0.6
2,138887,385.7944444444,0.495
2,139162,386.5583333333,0.53
2,139439,387.3277777778,0.525
2,139718,388.1027777778,0.75
2,140009,388.9111111111,0.7
2,140301,389.7222222222,0.695
2,140598,390.5472222222,0.42
2,140880,391.3305555556,0.48
2,141151,392.0833333333,0.37
2,141422,392.8361111111,0.31
2,141683,393.5611111111,0.475
2,141942,394.2805555556,0.525
2,142206,395.0138888889,0.755
2,142478,395.7694444444,0.55
2,142746,396.5138888889,0.195
2,143010,397.2472222222,0.25
2,143264,397.9527777778,0.285
2,143514,398.6472222222,0.32
2,143765,399.3444444444,0.43
2,144024,400.0638888889,0.425
2,144285,400.7888888889,0.385
2,144557,401.5444444444,0.45
2,144831,402.3055555556,0.52
2,145110,403.0805555556,0.445
2,145380,403.8305555556,0.39
2,145646,404.5694444444,0.525
2,145902,405.2805555556,0.525
2,146169,406.0222222222,0.52
2,146444,406.7861111111,0.475
2,146737,407.6,0.585
2,147012,408.3638888889,0.64
2,147290,409.1361111111,0.625
2,147565,409.9,0.56
2,147832,410.6416666667,0.66
2,148098,411.3805555556,0.59
2,148364,412.1194444444,0.54
2,148637,412.8777777778,0.515
2,148916,413.6527777778,0.52
2,149204,414.4527777778,0.6
2,149487,415.2388888889,0.355
2,149768,416.0194444444,0.485
2,150029,416.7444444444,0.47
2,150303,417.5055555556,0.445
2,150575,418.2611111111,0.375
2,150848,419.0194444444,0.475
2,151122,419.7805555556,0.425
2,151407,420.5722222222,0.355
2,151699,421.3833333333,0.535
2,151973,422.1444444444,0.53
2,152236,422.875,0.445
2,152510,423.6361111111,0.47
2,152781,424.3888888889,0.53
2,153066,425.1805555556,0.4
2,153362,426.0027777778,0.375
2,153644,426.7861111111,0.555
2,153922,427.5583333333,0.545
2,154192,428.3083333333,0.485
2,154471,429.0833333333,0.425
2,154741,429.8333333333,0.55
2,155009,430.5777777778,0.505
2,155291,431.3611111111,0.35
2,155588,432.1861111111,0.37
2,155864,432.9527777778,0.5
2,156132,433.6972222222,0.37
2,156395,434.4277777778,0.425
2,156648,435.1305555556,0.56
2,156905,435.8444444444,0.42
2,157168,436.575,0.435
2,157430,437.3027777778,0.545
2,157695,438.0388888889,0.52
2,157960,438.775,0.33
2,158234,439.5361111111,0.405
2,158489,440.2444444444,0.515
2,158729,440.9111111111,0.44
2,158974,441.5916666667,0.375
2,159225,442.2888888889,0.585
2,159479,442.9944444444,0.6
2,159737,443.7111111111,0.53
2,160001,444.4444444444,0.44
2,160259,445.1611111111,0.515
2,160506,445.8472222222,0.53
2,160755,446.5388888889,0.545
2,161004,447.2305555556,0.405
2,161254,447.925,0.69
2,161500,448.6083333333,0.655
2,161764,449.3416666667,0.495
2,162035,450.0944444444,0.375
2,162308,450.8527777778,0.52
2,162573,451.5888888889,0.51
2,162835,452.3166666667,0.39
2,163092,453.0305555556,0.265
2,163362,453.7805555556,0.33
2,163629,454.5222222222,0.395
2,163898,455.2694444444,0.305
2,164181,456.0555555556,0.365
2,164460,456.8305555556,0.42
2,164730,457.5805555556,0.39
2,164991,458.3055555556,0.35
2,165245,459.0111111111,0.4
2,165498,459.7138888889,0.36
2,165755,460.4277777778,0.365
2,166032,461.1972222222,0.43
2,166300,461.9416666667,0.47
2,166569,462.6888888889,0.375
2,166841,463.4444444444,0.32
2,167111,464.1944444444,0.275
2,167370,464.9138888889,0.44
2,167640,465.6638888889,0.39
2,167911,466.4166666667,0.325
2,168190,467.1916666667,0.32
2,168484,468.0083333333,0.37
2,168784,468.8416666667,0.42
2,169073,469.6444444444,0.37
2,169348,470.4083333333,0.41
2,169628,471.1861111111,0.39
2,169906,471.9583333333,0.505
2,170200,472.775,0.395
2,170494,473.5916666667,0.375
2,170718,474.2138888889,0.37
2,171073,475.2,0.345
2,171372,476.0305555556,0.5
2,171652,476.8083333333,0.43
2,171920,477.5527777778,0.35
2,172198,478.325,0.405
2,172480,479.1083333333,0.485
2,172775,479.9277777778,0.39
2,173066,480.7361111111,0.45
2,173351,481.5277777778,0.61
2,173628,482.2972222222,0.595
2,173906,483.0694444444,0.445
2,174175,483.8166666667,0.515
2,174451,484.5833333333,0.63
2,174736,485.375,0.53
2,175022,486.1694444444,0.495
2,175322,487.0027777778,0.705
2,175608,487.7972222222,0.635
2,175876,488.5416666667,0.51
2,176144,489.2861111111,0.54
2,176427,490.0722222222,0.73
2,176698,490.825,0.85
2,176974,491.5916666667,0.655
2,177248,492.3527777778,0.63
2,177522,493.1138888889,0.65
2,177797,493.8777777778,0.675
2,178058,494.6027777778,0.665
2,178315,495.3166666667,0.575
2,178577,496.0444444444,0.715
2,178840,496.775,0.7
2,179117,497.5444444444,0.58
2,179387,498.2944444444,0.525
2,179661,499.0555555556,0.67
2,179926,499.7916666667,0.6
2,180182,500.5027777778,0.515
2,180443,501.2277777778,0.515
2,180704,501.9527777778,0.725
2,180963,502.6722222222,0.62
2,181235,503.4277777778,0.545
2,181522,504.225,0.52
2,181810,505.025,0.825
2,182084,505.7861111111,0.68
2,182353,506.5333333333,0.725
2,182623,507.2833333333,0.57
2,182896,508.0416666667,0.865
2,183180,508.8305555556,0.55
2,183474,509.6472222222,0.41
2,183778,510.4916666667,0.45
2,184072,511.3083333333,0.66
2,184360,512.1083333333,0.59
2,184648,512.9083333333,0.44
2,184933,513.7,0.505
2,185212,514.475,0.695
2,185509,515.3,0.535
2,185827,516.1833333333,0.38
2,186136,517.0416666667,0.55
2,186427,517.85,0.565
2,186716,518.6527777778,0.43
2,187004,519.4527777778,0.46
2,187290,520.2472222222,0.55
2,187577,521.0444444444,0.535
2,187871,521.8611111111,0.395
2,188178,522.7138888889,0.655
2,188479,523.55,0.465
2,188762,524.3361111111,0.505
2,189042,525.1138888889,0.71
2,189329,525.9111111111,0.57
2,189624,526.7305555556,0.49
2,189929,527.5777777778,0.615
2,190227,528.4055555556,0.585
2,190528,529.2416666667,0.445
2,190820,530.0527777778,0.425
2,191111,530.8611111111,0.535
2,191395,531.65,0.525
2,191673,532.4222222222,0.375
2,191976,533.2638888889,0.605
2,192280,534.1083333333,0.57
2,192574,534.925,0.45
2,192861,535.7222222222,0.45
2,193145,536.5111111111,0.585
2,193422,537.2805555556,0.375
2,193702,538.0583333333,0.36
2,193993,538.8666666667,0.52
2,194280,539.6638888889,0.555
2,194573,540.4777777778,0.445
2,194867,541.2944444444,0.705
2,195155,542.0944444444,0.875
2,195426,542.8472222222,0.66
2,195700,543.6083333333,0.405
2,195977,544.3777777778,0.505
2,196267,545.1833333333,0.7
2,196559,545.9944444444,0.55
2,196846,546.7916666667,0.4
2,197131,547.5833333333,0.51
2,197413,548.3666666667,0.63
2,197683,549.1166666667,0.5
2,197949,549.8555555556,0.405
2,198223,550.6166666667,0.69
2,198503,551.3944444444,0.735
2,198791,552.1944444444,0.625
2,199075,552.9833333333,0.47
2,199352,553.7527777778,0.68
2,199618,554.4916666667,0.59
2,199893,555.2555555556,0.49
2,200162,556.0027777778,0.51
2,200435,556.7611111111,0.755
2,200714,557.5361111111,0.625
2,200992,558.3083333333,0.44
2,201270,559.0805555556,0.425
2,201544,559.8416666667,0.69
2,201806,560.5694444444,0.65
2,202066,561.2916666667,0.53
2,202338,562.0472222222,0.65
2,202614,562.8138888889,0.745
2,202895,563.5944444444,0.55
2,203181,564.3888888889,0.485
2,203468,565.1861111111,0.675
2,203740,565.9416666667,0.54
2,204020,566.7194444444,0.49
2,204299,567.4944444444,0.44
2,204574,568.2583333333,0.665
2,204853,569.0333333333,0.575
2,205158,569.8805555556,0.48
2,205458,570.7138888889,0.48
2,205736,571.4861111111,0.63
2,206015,572.2611111111,0.575
2,206288,573.0194444444,0.47
2,206566,573.7916666667,0.555
2,206844,574.5638888889,0.655
2,207129,575.3555555556,0.47
2,207420,576.1638888889,0.395
2,207724,577.0083333333,0.455
2,208004,577.7861111111,0.63
2,208277,578.5444444444,0.545
2,208547,579.2944444444,0.52
2,208821,580.0555555556,0.62
2,209099,580.8277777778,0.7
2,209392,581.6416666667,0.575
2,209683,582.45,0.43
2,209972,583.2527777778,0.51
2,210255,584.0388888889,0.635
2,210533,584.8111111111,0.51
2,210808,585.575,0.54
2,211085,586.3444444444,0.63
2,211364,587.1194444444,0.555
2,211653,587.9222222222,0.495
2,211950,588.7472222222,0.51
2,212227,589.5166666667,0.54
2,212501,590.2777777778,0.525
2,212776,591.0416666667,0.46
2,213057,591.8222222222,0.51
2,213326,592.5694444444,0.63
2,213605,593.3444444444,0.475
2,213893,594.1444444444,0.39
2,214180,594.9416666667,0.435
2,214464,595.7305555556,0.58
2,214737,596.4888888889,0.54
2,215004,597.2305555556,0.465
2,215280,597.9972222222,0.52
2,215562,598.7805555556,0.6
2,215849,599.5777777778,0.51
2,216140,600.3861111111,0.475
2,216430,601.1916666667,0.57
2,216709,601.9666666667,0.615
2,216989,602.7444444444,0.58
2,217268,603.5194444444,0.415
2,217546,604.2916666667,0.56
2,217823,605.0611111111,0.595
2,218121,605.8888888889,0.505
2,218417,606.7111111111,0.57
2,218704,607.5083333333,0.58
2,218972,608.2527777778,0.53
2,219245,609.0111111111,0.48
2,219529,609.8,0.615
2,219812,610.5861111111,0.64
2,220098,611.3805555556,0.545
2,220390,612.1916666667,0.48
2,220690,613.025,0.525
2,220976,613.8194444444,0.62
2,221251,614.5833333333,0.49
2,221526,615.3472222222,0.415
2,221803,616.1166666667,0.51
2,222080,616.8861111111,0.62
2,222374,617.7027777778,0.515
2,222665,618.5111111111,0.54
2,222951,619.3055555556,0.755
2,223227,620.0722222222,0.695
2,223506,620.8472222222,0.515
2,223782,621.6138888889,0.56
2,224046,622.3472222222,0.69
2,224328,623.1305555556,0.615
2,224620,623.9416666667,0.48
2,224914,624.7583333333,0.59
2,225194,625.5361111111,0.68
2,225471,626.3055555556,0.575
2,225742,627.0583333333,0.605
2,226023,627.8388888889,0.705
2,226295,628.5944444444,0.645
2,226573,629.3666666667,0.64
2,226862,630.1694444444,0.455
2,227144,630.9527777778,0.73
2,227426,631.7361111111,0.585
2,227701,632.5,0.48
2,227974,633.2583333333,0.5
2,228237,633.9888888889,0.66
2,228515,634.7611111111,0.67
2,228807,635.5722222222,0.49
2,229093,636.3666666667,0.5
2,229375,637.15,0.71
2,229659,637.9388888889,0.63
2,229935,638.7055555556,0.525
2,230213,639.4777777778,0.61
2,230484,640.2305555556,0.56
2,230760,640.9972222222,0.45
2,231057,641.8222222222,0.365
2,231357,642.6555555556,0.62
2,231637,643.4333333333,0.615
2,231912,644.1972222222,0.445
2,232189,644.9666666667,0.395
2,232459,645.7166666667,0.58
2,232731,646.4722222222,0.545
2,233015,647.2611111111,0.435
2,233301,648.0555555556,0.43
2,233587,648.85,0.595
2,233874,649.6472222222,0.5
2,234150,650.4138888889,0.39
2,234414,651.1472222222,0.515
2,234683,651.8944444444,0.595
2,234958,652.6583333333,0.49
2,235248,653.4638888889,0.445
2,235546,654.2916666667,0.61
2,235827,655.0722222222,0.615
2,236107,655.85,0.485
2,236389,656.6333333333,0.475
2,236664,657.3972222222,0.75
2,236927,658.1277777778,0.645
2,237204,658.8972222222,0.485
2,237494,659.7027777778,0.395
2,237782,660.5027777778,0.665
2,238069,661.3,0.61
2,238342,662.0583333333,0.435
2,238609,662.8,0.585
2,238883,663.5611111111,0.64
2,239157,664.3222222222,0.625
2,239432,665.0861111111,0.47
2,239717,665.8777777778,0.625
2,239996,666.6527777778,1.05
2,240266,667.4027777778,0.86
2,240540,668.1638888889,0.51
2,240809,668.9111111111,0.66
2,241064,669.6194444444,0.68
2,241317,670.3222222222,0.555
2,241587,671.0722222222,0.595
2,241854,671.8138888889,0.795
2,242113,672.5333333333,0.665
2,242372,673.2527777778,0.41
2,242631,673.9722222222,0.47
2,242878,674.6583333333,0.68
2,243131,675.3611111111,0.505
2,243387,676.0722222222,0.38
2,243642,676.7805555556,0.58
2,243907,677.5166666667,0.665
2,244191,678.3055555556,0.48
2,244460,679.0527777778,0.54
2,244728,679.7972222222,0.79
2,244984,680.5083333333,0.785
2,245246,681.2361111111,0.76
2,245514,681.9805555556,0.565
2,245791,682.75,0.88
2,246065,683.5111111111,0.76
2,246351,684.3055555556,0.625
2,246646,685.125,0.47
2,246934,685.925,0.73
2,247201,686.6666666667,0.745
2,247468,687.4083333333,0.625
2,247741,688.1666666667,0.5
2,248017,688.9333333333,0.695
2,248299,689.7166666667,0.775
2,248586,690.5138888889,0.605
2,248877,691.3222222222,0.495
2,249157,692.1,0.905
2,249433,692.8666666667,0.74
2,249705,693.6222222222,0.525
2,249987,694.4055555556,0.4
2,250272,695.1972222222,0.66
2,250557,695.9888888889,0.76
2,250857,696.8222222222,0.56
2,251159,697.6611111111,0.475
2,251441,698.4444444444,0.75
2,251710,699.1916666667,0.765
2,251993,699.9777777778,0.615
2,252285,700.7888888889,0.48
2,252584,701.6194444444,0.72
2,252867,702.4055555556,0.745
2,253158,703.2138888889,0.71
2,253455,704.0388888889,0.48
2,253740,704.8305555556,0.65
2,254009,705.5777777778,0.735
2,254281,706.3333333333,0.71
2,254584,707.175,0.47
2,254891,708.0277777778,0.565
2,255170,708.8027777778,0.815
2,255452,709.5861111111,0.755
2,255737,710.3777777778,0.58
2,256026,711.1805555556,0.6
2,256295,711.9277777778,0.82
2,256571,712.6944444444,0.76
2,256860,713.4972222222,0.565
2,257157,714.3222222222,0.71
2,257439,715.1055555556,0.76
2,257709,715.8555555556,0.605
2,257965,716.5666666667,0.615
2,258225,717.2888888889,0.755
2,258477,717.9888888889,0.705
2,258736,718.7083333333,0.6
2,259004,719.4527777778,0.645
2,259279,720.2166666667,0.705
2,259540,720.9416666667,0.625
2,259811,721.6944444444,0.605
2,260076,722.4305555556,0.565
2,260333,723.1444444444,0.695
2,260584,723.8416666667,0.635
2,260852,724.5861111111,0.635
2,261132,725.3638888889,0.55
2,261417,726.1555555556,0.82
2,261689,726.9111111111,0.7
2,261967,727.6833333333,0.62
2,262240,728.4416666667,0.555
2,262515,729.2055555556,0.775
2,262788,729.9638888889,0.68
2,263061,730.7222222222,0.585
2,263349,731.5222222222,0.51
2,263640,732.3305555556,0.74
2,263930,733.1361111111,0.645
2,264217,733.9333333333,0.495
2,264498,734.7138888889,0.48
2,264772,735.475,0.835
2,265061,736.2777777778,0.6
2,265353,737.0888888889,0.525
2,265651,737.9166666667,0.54
2,265946,738.7361111111,0.715
2,266237,739.5444444444,0.585
2,266527,740.35,0.55
2,266814,741.1472222222,0.575
2,267098,741.9361111111,0.7
2,267375,742.7055555556,0.545
2,267678,743.5472222222,0.38
2,267977,744.3777777778,0.425
2,268259,745.1611111111,0.565
2,268544,745.9527777778,0.495
2,268822,746.725,0.44
2,269101,747.5,0.615
2,269383,748.2833333333,0.635
2,269668,749.075,0.45
2,269960,749.8861111111,0.61
2,270256,750.7083333333,0.52
2,270549,751.5222222222,0.445
2,270820,752.275,0.59
2,271094,753.0361111111,0.685
2,271369,753.8,0.55
2,271655,754.5944444444,0.44
2,271953,755.4222222222,0.72
2,272243,756.2277777778,0.715
2,272532,757.0305555556,0.575
2,272838,757.8805555556,0.53
2,273122,758.6694444444,0.715
2,273393,759.4222222222,0.745
2,273674,760.2027777778,0.6
2,273966,761.0138888889,0.515
2,274263,761.8388888889,0.745
2,274559,762.6611111111,0.71
2,274851,763.4722222222,0.535
2,275130,764.2472222222,0.615
2,275402,765.0027777778,0.78
2,275670,765.7472222222,0.725
2,275948,766.5194444444,0.475
2,276234,767.3138888889,0.63
2,276515,768.0944444444,0.945
2,276803,768.8944444444,0.9
2,277101,769.7222222222,0.57
2,277387,770.5166666667,0.635
2,277648,771.2416666667,0.92
2,277922,772.0027777778,0.895
2,278210,772.8027777778,0.65
2,278517,773.6555555556,0.53
2,278813,774.4777777778,1.01
2,279097,775.2666666667,0.96
2,279381,776.0555555556,0.825
2,279575,776.5944444444,0.525
2,279917,777.5444444444,0.745
2,280208,778.3527777778,0.99
2,280510,779.1916666667,0.855
2,280813,780.0333333333,0.545
2,281109,780.8555555556,0.64
2,281400,781.6638888889,0.89
2,281681,782.4444444444,0.765
2,281953,783.2,0.505
2,282232,783.975,0.58
2,282512,784.7527777778,0.865
2,282801,785.5555555556,0.81
2,283095,786.3722222222,0.745
2,283388,787.1861111111,0.525
2,283671,787.9722222222,0.745
2,283943,788.7277777778,0.88
2,284215,789.4833333333,0.75
2,284490,790.2472222222,0.58
2,284777,791.0444444444,0.63
2,285072,791.8638888889,0.94
2,285362,792.6694444444,0.915
2,285652,793.475,0.815
2,285935,794.2611111111,0.515
2,286209,795.0222222222,0.78
2,286485,795.7888888889,0.85
2,286762,796.5583333333,0.895
2,287050,797.3583333333,0.585
2,287353,798.2,0.78
2,287656,799.0416666667,0.93
2,287943,799.8388888889,0.83
2,288224,800.6194444444,0.63
2,288505,801.4,0.565
2,288792,802.1972222222,0.945
2,289075,802.9833333333,0.845
2,289372,803.8083333333,0.62
2,289666,804.625,0.485
2,289970,805.4694444444,0.85
2,290256,806.2638888889,0.835
2,290537,807.0444444444,0.57
2,290813,807.8111111111,0.5
2,291110,808.6361111111,0.95
2,291407,809.4611111111,0.925
2,291695,810.2611111111,0.54
2,291989,811.0777777778,0.565
2,292280,811.8861111111,0.88
2,292566,812.6805555556,0.77
2,292844,813.4527777778,0.62
2,293122,814.225,0.5
2,293411,815.0277777778,0.815
2,293712,815.8638888889,0.785
2,294010,816.6916666667,0.585
2,294295,817.4833333333,0.51
2,294581,818.2777777778,0.805
2,294856,819.0416666667,0.895
2,295142,819.8361111111,0.705
2,295420,820.6083333333,0.39
2,295716,821.4305555556,0.595
2,296012,822.2527777778,0.8
2,296318,823.1027777778,0.69
2,296610,823.9138888889,0.445
2,296888,824.6861111111,0.55
2,297169,825.4666666667,0.89
2,297450,826.2472222222,0.9
2,297737,827.0444444444,0.535
2,298032,827.8638888889,0.595
2,298334,828.7027777778,0.965
2,298627,829.5166666667,0.86
2,298919,830.3277777778,0.69
2,299205,831.1222222222,0.485
2,299483,831.8944444444,0.87
2,299755,832.65,0.915
2,300051,833.4722222222,0.87
2,300359,834.3277777778,0.53
2,300661,835.1666666667,0.59
2,300939,835.9388888889,0.935
2,301210,836.6916666667,0.82
2,301493,837.4777777778,0.58
2,301781,838.2777777778,0.505
2,302063,839.0611111111,1.005
2,302346,839.8472222222,0.84
2,302643,840.6722222222,0.705
2,302947,841.5166666667,0.525
2,303239,842.3277777778,0.75
2,303502,843.0583333333,0.99
2,303772,843.8083333333,0.875
2,304064,844.6194444444,0.515
2,304361,845.4444444444,0.645
2,304638,846.2138888889,0.91
2,304922,847.0027777778,0.805
2,305210,847.8027777778,0.695
2,305496,848.5972222222,0.415
2,305708,849.1861111111,0.64
2,306034,850.0916666667,0.84
2,306336,850.9305555556,0.79
2,306639,851.7722222222,0.56
2,306943,852.6166666667,0.845
2,307233,853.4222222222,0.865
2,307512,854.1972222222,0.75
2,307744,854.8416666667,0.64
2,308062,855.725,0.45
2,308348,856.5194444444,0.755
2,308624,857.2861111111,0.845
2,308910,858.0805555556,0.765
2,309215,858.9277777778,0.57
2,309515,859.7611111111,0.68
2,309779,860.4944444444,0.81
2,310051,861.25,0.7
2,310331,862.0277777778,0.465
2,310626,862.8472222222,0.485
2,310913,863.6444444444,0.775
2,311198,864.4361111111,0.715
2,311487,865.2388888889,0.525
2,311782,866.0583333333,0.445
2,312061,866.8333333333,0.81
2,312327,867.5722222222,0.765
2,312604,868.3416666667,0.65
2,312825,868.9555555556,0.495
2,313193,869.9777777778,0.71
2,313507,870.85,0.81
2,313807,871.6833333333,0.785
2,314089,872.4666666667,0.435
2,314372,873.2527777778,0.66
2,314663,874.0611111111,0.82
2,314951,874.8611111111,0.72
2,315244,875.675,0.42
2,315540,876.4972222222,0.505
2,315842,877.3361111111,0.865
2,316135,878.15,0.82
2,316414,878.925,0.56
2,316692,879.6972222222,0.53
2,316981,880.5,0.955
2,317265,881.2888888889,0.845
2,317559,882.1055555556,0.7
2,317784,882.7305555556,0.44
2,318144,883.7305555556,0.68
2,318437,884.5444444444,0.775
2,318728,885.3527777778,0.755
2,319010,886.1361111111,0.45
2,319222,886.725,0.48
2,319585,887.7333333333,0.85
2,319904,888.6194444444,0.755
2,320204,889.4527777778,0.455
2,320492,890.2527777778,0.52
2,320785,891.0666666667,0.93
2,321071,891.8611111111,0.885
2,321370,892.6916666667,0.62
2,321662,893.5027777778,0.53
2,321967,894.35,0.895
2,322274,895.2027777778,0.875
2,322572,896.0305555556,0.755
2,322855,896.8166666667,0.495
2,323137,897.6,0.695
2,323424,898.3972222222,0.855
2,323729,899.2444444444,0.765
2,324044,900.1194444444,0.535
2,324340,900.9416666667,0.615
2,324640,901.775,0.835
2,324928,902.575,0.87
2,325214,903.3694444444,0.785
2,325494,904.1472222222,0.585
2,325782,904.9472222222,0.6
2,326089,905.8,0.885
2,326396,906.6527777778,0.905
2,326697,907.4888888889,0.465
2,326987,908.2944444444,0.51
2,327276,909.0972222222,0.95
2,327566,909.9027777778,0.88
2,327859,910.7166666667,0.735
2,328149,911.5222222222,0.435
2,328452,912.3638888889,0.725
2,328753,913.2,0.85
2,329056,914.0416666667,0.88
2,329338,914.825,0.555
2,329619,915.6055555556,0.57
2,329912,916.4194444444,0.895
2,330216,917.2638888889,0.835
2,330524,918.1194444444,0.52
2,330819,918.9388888889,0.545
2,331124,919.7861111111,0.95
2,331411,920.5833333333,0.86
2,331704,921.3972222222,0.825
2,331989,922.1888888889,0.485
2,332279,922.9944444444,0.74
2,332588,923.8527777778,0.875
2,332897,924.7111111111,0.765
2,333199,925.55,0.445
2,333479,926.3277777778,0.53
2,333768,927.1305555556,0.835
2,334056,927.9305555556,0.615
2,334348,928.7416666667,0.38
2,334644,929.5638888889,0.315
2,334943,930.3944444444,0.61
2,335248,931.2416666667,0.59
2,335543,932.0611111111,0.44
2,335823,932.8388888889,0.31
2,336100,933.6083333333,0.605
2,336385,934.4,0.59
2,336679,935.2166666667,0.47
2,336979,936.05,0.47
2,337282,936.8916666667,0.875
2,337571,937.6944444444,0.625
2,337863,938.5055555556,0.48
2,338145,939.2888888889,0.415
2,338431,940.0833333333,0.645
2,338720,940.8861111111,0.785
2,339024,941.7305555556,0.53
2,339326,942.5694444444,0.335
2,339635,943.4277777778,0.72
2,339925,944.2333333333,0.645
2,340205,945.0111111111,0.635
2,340492,945.8083333333,0.355
2,340779,946.6055555556,0.42
2,341074,947.425,0.715
2,341378,948.2694444444,0.715
2,341683,949.1166666667,0.485
2,341973,949.9222222222,0.38
2,342265,950.7333333333,0.71
2,342546,951.5138888889,0.655
2,342821,952.2777777778,0.515
2,343115,953.0944444444,0.37
2,343408,953.9083333333,0.43
2,343704,954.7305555556,0.755
2,343993,955.5333333333,0.68
2,344278,956.325,0.6
2,344555,957.0944444444,0.385
2,344842,957.8916666667,0.805
2,345128,958.6861111111,0.74
2,345414,959.4805555556,0.66
2,345721,960.3333333333,0.4
2,346016,961.1527777778,0.625
2,346307,961.9611111111,0.85
2,346595,962.7611111111,0.705
2,346803,963.3388888889,0.43
2,347146,964.2916666667,0.46
2,347453,965.1444444444,0.88
2,347758,965.9916666667,0.8
2,348061,966.8333333333,0.53
2,348366,967.6805555556,0.535
2,348657,968.4888888889,0.855
2,348933,969.2555555556,0.835
2,349220,970.0527777778,0.705
2,349501,970.8333333333,0.585
2,349803,971.6722222222,0.56
2,350111,972.5277777778,0.88
2,350408,973.3527777778,0.78
2,350691,974.1388888889,0.56
2,350979,974.9388888889,0.54
2,351264,975.7305555556,0.935
2,351480,976.3305555556,0.84
2,351819,977.2722222222,0.63
2,352114,978.0916666667,0.405
2,352415,978.9277777778,0.79
2,352710,979.7472222222,0.815
2,352985,980.5111111111,0.635
2,353255,981.2611111111,0.445
2,353547,982.0722222222,0.76
2,353831,982.8611111111,0.87
2,354127,983.6833333333,0.86
2,354425,984.5111111111,0.58
2,354716,985.3194444444,0.675
2,355014,986.1472222222,0.98
2,355301,986.9444444444,0.845
2,355578,987.7138888889,0.64
2,355857,988.4888888889,0.635
2,356164,989.3416666667,0.975
2,356462,990.1694444444,0.94
2,356757,990.9888888889,0.725
2,357044,991.7861111111,0.585
2,357327,992.5722222222,0.945
2,357609,993.3555555556,1
2,357899,994.1611111111,0.81
2,358185,994.9555555556,0.565
2,358482,995.7805555556,0.585
2,358788,996.6305555556,0.575
2,359085,997.4555555556,0.925
2,359363,998.2277777778,0.675
2,359632,998.975,0.645
2,359901,999.7222222222,0.62
2,360180,1000.4972222222,0.6
2,360470,1001.3027777778,0.66
2,360762,1002.1138888889,0.915
2,361050,1002.9138888889,0.75
2,361343,1003.7277777778,0.58
2,361625,1004.5111111111,0.945
2,361893,1005.2555555556,0.765
2,362161,1006,0.52
2,362450,1006.8027777778,0.575
2,362731,1007.5833333333,0.885
2,363025,1008.4,0.845
2,363317,1009.2111111111,0.55
2,363605,1010.0111111111,0.725
2,363877,1010.7666666667,0.775
2,364157,1011.5444444444,0.69
2,364445,1012.3444444444,0.535
2,364730,1013.1361111111,0.815
2,365021,1013.9444444444,0.8
2,365329,1014.8,0.59
2,365639,1015.6611111111,0.6
2,365914,1016.425,0.85
2,366190,1017.1916666667,0.75
2,366482,1018.0027777778,0.515
2,366777,1018.8222222222,0.67
2,367062,1019.6138888889,0.795
2,367362,1020.4472222222,0.585
2,367673,1021.3111111111,0.56
2,367959,1022.1055555556,0.87
2,368246,1022.9027777778,0.765
2,368530,1023.6916666667,0.565
2,368823,1024.5055555556,0.635
2,369109,1025.3,0.915
2,369409,1026.1333333333,0.765
2,369714,1026.9805555556,0.48
2,370010,1027.8027777778,0.74
2,370278,1028.5472222222,0.82
2,370556,1029.3194444444,0.77
2,370841,1030.1111111111,0.545
2,371130,1030.9138888889,0.755
2,371405,1031.6777777778,0.98
2,371702,1032.5027777778,0.805
2,372006,1033.3472222222,0.49
2,372299,1034.1611111111,0.72
2,372557,1034.8777777778,0.865
2,372834,1035.6472222222,0.92
2,373123,1036.45,0.5
2,373427,1037.2944444444,0.605
2,373711,1038.0833333333,0.93
2,373999,1038.8833333333,0.845
2,374303,1039.7277777778,0.49
2,374594,1040.5361111111,0.74
2,374854,1041.2583333333,0.905
2,375123,1042.0055555556,0.815
2,375411,1042.8055555556,0.555
2,375714,1043.6472222222,0.765
2,375997,1044.4333333333,0.92
2,376286,1045.2361111111,0.825
2,376575,1046.0388888889,0.575
2,376860,1046.8305555556,0.705
2,377080,1047.4416666667,0.99
2,377403,1048.3388888889,0.895
2,377699,1049.1611111111,0.55
2,378004,1050.0083333333,0.77
2,378308,1050.8527777778,0.91
2,378607,1051.6833333333,0.815
2,378885,1052.4555555556,0.65
2,379158,1053.2138888889,0.755
2,379439,1053.9944444444,0.89
2,379730,1054.8027777778,1.035
2,380022,1055.6138888889,0.555
2,380311,1056.4166666667,0.66
2,380609,1057.2444444444,0.93
2,380898,1058.0472222222,0.9
2,381172,1058.8083333333,0.56
2,381452,1059.5861111111,0.895
2,381724,1060.3416666667,0.955
2,382015,1061.15,0.74
2,382307,1061.9611111111,0.395
2,382608,1062.7972222222,0.88
2,382894,1063.5916666667,0.805
2,383182,1064.3916666667,0.645
2,383456,1065.1527777778,0.47
2,383743,1065.95,0.805
2,384026,1066.7361111111,0.795
2,384316,1067.5416666667,0.79
2,384614,1068.3694444444,0.49
2,384915,1069.2055555556,0.75
2,385205,1070.0111111111,0.965
2,385487,1070.7944444444,0.91
2,385768,1071.575,0.55
2,386049,1072.3555555556,0.615
2,386348,1073.1861111111,0.87
2,386648,1074.0194444444,0.76
2,386940,1074.8305555556,0.465
2,387241,1075.6666666667,0.605
2,387532,1076.475,0.795
2,387810,1077.2472222222,0.7
2,388084,1078.0083333333,0.44
2,388372,1078.8083333333,0.75
2,388671,1079.6388888889,0.875
2,388979,1080.4944444444,0.855
2,389276,1081.3194444444,0.505
2,389562,1082.1138888889,0.695
2,389859,1082.9388888889,0.885
2,390148,1083.7416666667,0.755
2,390433,1084.5333333333,0.5
2,390730,1085.3583333333,0.655
2,391038,1086.2138888889,0.825
2,391344,1087.0638888889,0.865
2,391640,1087.8861111111,0.5
2,391923,1088.6722222222,0.67
2,392203,1089.45,0.835
2,392492,1090.2527777778,0.7
2,392779,1091.05,0.39
2,393076,1091.875,0.715
2,393376,1092.7083333333,0.845
2,393673,1093.5333333333,0.705
2,393956,1094.3194444444,0.43
2,394243,1095.1166666667,0.77
2,394518,1095.8805555556,0.775
2,394800,1096.6638888889,0.635
2,395095,1097.4833333333,0.425
2,395400,1098.3305555556,0.795
2,395696,1099.1527777778,0.785
2,395988,1099.9638888889,0.69
2,396267,1100.7388888889,0.43
2,396552,1101.5305555556,0.715
2,396844,1102.3416666667,0.79
2,397132,1103.1416666667,0.675
2,397335,1103.7055555556,0.465
2,397703,1104.7277777778,0.77
2,398006,1105.5694444444,0.84
2,398293,1106.3666666667,0.66
2,398568,1107.1305555556,0.505
2,398853,1107.9222222222,0.825
2,399138,1108.7138888889,0.79
2,399435,1109.5388888889,0.575
2,399729,1110.3555555556,0.585
2,400022,1111.1694444444,0.81
2,400321,1112,0.805
2,400598,1112.7694444444,0.49
2,400876,1113.5416666667,0.515
2,401162,1114.3361111111,0.85
2,401452,1115.1416666667,0.875
2,401757,1115.9888888889,0.54
2,402060,1116.8305555556,0.58
2,402360,1117.6638888889,0.88
2,402645,1118.4555555556,0.835
2,402932,1119.2527777778,0.475
2,403214,1120.0361111111,0.6
2,403508,1120.8527777778,0.92
2,403803,1121.6722222222,0.855
2,404099,1122.4944444444,0.55
2,404402,1123.3361111111,0.585
2,404696,1124.1527777778,0.89
2,404978,1124.9361111111,0.745
2,405254,1125.7027777778,0.525
2,405543,1126.5055555556,0.845
2,405835,1127.3166666667,0.885
2,406129,1128.1333333333,0.75
2,406424,1128.9527777778,0.46
2,406714,1129.7583333333,0.78
2,407004,1130.5638888889,0.915
2,407288,1131.3527777778,0.68
2,407558,1132.1027777778,0.49
2,407848,1132.9083333333,0.905
2,408150,1133.7472222222,0.86
2,408451,1134.5833333333,0.525
2,408744,1135.3972222222,0.555
2,409029,1136.1888888889,0.91
2,409312,1136.975,0.74
2,409596,1137.7638888889,0.445
2,409879,1138.55,0.585
2,410176,1139.375,0.925
2,410475,1140.2055555556,0.815
2,410780,1141.0527777778,0.535
2,411070,1141.8583333333,0.565
2,411351,1142.6388888889,1.02
2,411631,1143.4166666667,0.89
2,411914,1144.2027777778,0.675
2,412205,1145.0111111111,0.55
2,412511,1145.8611111111,1.07
2,412816,1146.7083333333,0.87
2,413108,1147.5194444444,0.615
2,413401,1148.3333333333,0.46
2,413691,1149.1388888889,0.92
2,413968,1149.9083333333,0.875
2,414248,1150.6861111111,0.565
2,414540,1151.4972222222,0.535
2,414847,1152.35,0.925
2,415142,1153.1694444444,0.935
2,415430,1153.9694444444,0.66
2,415702,1154.725,0.565
2,415993,1155.5333333333,0.94
2,416274,1156.3138888889,1.03
2,416554,1157.0916666667,0.545
2,416849,1157.9111111111,0.555
2,417151,1158.75,0.9
2,417444,1159.5638888889,0.835
2,417728,1160.3527777778,0.495
2,418006,1161.125,0.62
2,418283,1161.8944444444,0.985
2,418576,1162.7083333333,0.905
2,418865,1163.5111111111,0.545
2,419155,1164.3166666667,0.71
2,419453,1165.1444444444,0.9
2,419744,1165.9527777778,0.74
2,420021,1166.7222222222,0.4
2,420301,1167.5,0.61
2,420582,1168.2805555556,0.795
2,420873,1169.0888888889,0.75
2,421172,1169.9194444444,0.445
2,421473,1170.7555555556,0.655
2,421766,1171.5694444444,0.92
2,421993,1172.2,0.785
2,422320,1173.1083333333,0.52
2,422603,1173.8944444444,0.635
2,422817,1174.4888888889,0.87
2,423163,1175.45,0.785
2,423461,1176.2777777778,0.535
2,423767,1177.1277777778,0.585
2,424063,1177.95,0.89
2,424339,1178.7166666667,0.88
2,424615,1179.4833333333,0.65
2,424893,1180.2555555556,0.645
2,425187,1181.0722222222,1.085
2,425492,1181.9194444444,0.925
2,425788,1182.7416666667,0.58
2,426077,1183.5444444444,0.495
2,426379,1184.3833333333,0.895
2,426660,1185.1638888889,0.825
2,426937,1185.9333333333,0.565
2,427224,1186.7305555556,0.5
2,427522,1187.5583333333,0.905
2,427827,1188.4055555556,0.835
2,428128,1189.2416666667,0.655
2,428412,1190.0305555556,0.535
2,428697,1190.8222222222,0.91
2,428991,1191.6388888889,0.875
2,429276,1192.4305555556,0.795
2,429557,1193.2111111111,0.5
2,429866,1194.0694444444,0.765
2,430164,1194.8972222222,0.805
2,430469,1195.7444444444,0.735
2,430753,1196.5333333333,0.515
2,431034,1197.3138888889,0.81
2,431314,1198.0916666667,0.855
2,431614,1198.925,0.66
2,431909,1199.7444444444,0.49
2,432208,1200.575,0.935
2,432508,1201.4083333333,0.83
2,432797,1202.2111111111,0.69
2,433081,1203,0.495
2,433363,1203.7833333333,0.665
2,433647,1204.5722222222,0.835
2,433841,1205.1111111111,0.655
2,434210,1206.1361111111,0.525
2,434512,1206.975,0.6
2,434809,1207.8,0.875
2,435094,1208.5916666667,0.915
2,435369,1209.3555555556,0.51
2,435657,1210.1555555556,0.68
2,435950,1210.9694444444,0.84
2,436148,1211.5194444444,0.665
2,436512,1212.5305555556,0.505
2,436818,1213.3805555556,0.605
2,437117,1214.2111111111,0.89
2,437399,1214.9944444444,0.735
2,437681,1215.7777777778,0.42
2,437964,1216.5638888889,0.735
2,438267,1217.4055555556,0.87
2,438569,1218.2444444444,0.94
2,438864,1219.0638888889,0.525
2,439157,1219.8777777778,0.61
2,439453,1220.7,0.92
2,439739,1221.4944444444,0.845
2,440022,1222.2805555556,0.525
2,440312,1223.0861111111,0.65
2,440621,1223.9444444444,0.91
2,440933,1224.8111111111,0.82
2,441229,1225.6333333333,0.525
2,441517,1226.4333333333,0.485
2,441813,1227.2555555556,0.945
2,442108,1228.075,0.865
2,442405,1228.9,0.65
2,442622,1229.5027777778,0.52
2,442991,1230.5277777778,0.925
2,443303,1231.3944444444,0.81
2,443605,1232.2333333333,0.615
2,443887,1233.0166666667,0.58
2,444174,1233.8138888889,0.95
2,444472,1234.6416666667,0.9
2,444704,1235.2861111111,0.845
2,445060,1236.275,0.625
2,445361,1237.1111111111,0.8
2,445657,1237.9333333333,0.925
2,445947,1238.7388888889,0.78
2,446225,1239.5111111111,0.48
2,446506,1240.2916666667,0.7
2,446799,1241.1055555556,0.92
2,447104,1241.9527777778,0.955
2,447400,1242.775,0.655
2,447694,1243.5916666667,0.545
2,447979,1244.3833333333,0.895
2,448263,1245.1722222222,0.825
2,448547,1245.9611111111,0.56
2,448834,1246.7583333333,0.685
2,449137,1247.6,1.18
2,449440,1248.4416666667,0.945
2,449747,1249.2944444444,0.695
2,450037,1250.1,0.61
2,450324,1250.8972222222,0.97
2,450606,1251.6805555556,0.86
2,450894,1252.4805555556,0.665
2,451192,1253.3083333333,0.495
2,451500,1254.1638888889,0.87
2,451805,1255.0111111111,0.875
2,452100,1255.8305555556,0.735
2,452389,1256.6333333333,0.545
2,452677,1257.4333333333,0.865
2,452958,1258.2138888889,0.975
2,453250,1259.025,1.03
2,453544,1259.8416666667,0.565
2,453851,1260.6944444444,0.675
2,454153,1261.5333333333,0.97
2,454443,1262.3388888889,0.9
2,454650,1262.9138888889,0.575
2,454996,1263.875,0.74
2,455292,1264.6972222222,0.915
2,455587,1265.5166666667,0.825
2,455886,1266.3472222222,0.59
2,456188,1267.1861111111,0.99
2,456486,1268.0138888889,1.015
2,456770,1268.8027777778,0.875
2,457045,1269.5666666667,0.625
2,457332,1270.3638888889,0.905
2,457634,1271.2027777778,0.94
2,457936,1272.0416666667,0.7
2,458167,1272.6833333333,0.54
2,458523,1273.6722222222,0.855
2,458815,1274.4833333333,0.89
2,459102,1275.2805555556,0.835
2,459380,1276.0527777778,0.55
2,459663,1276.8388888889,0.75
2,459965,1277.6777777778,0.95
2,460274,1278.5361111111,0.83
2,460571,1279.3611111111,0.59
2,460857,1280.1555555556,0.565
2,461148,1280.9638888889,0.91
2,461432,1281.7527777778,0.795
2,461720,1282.5527777778,0.56
2,462013,1283.3666666667,0.515
2,462314,1284.2027777778,1.09
2,462620,1285.0527777778,0.97
2,462918,1285.8805555556,0.62
2,463197,1286.6555555556,0.615
2,463480,1287.4416666667,0.885
2,463764,1288.2305555556,0.885
2,464048,1289.0194444444,0.51
2,464360,1289.8861111111,0.48
2,464663,1290.7277777778,0.985
2,464959,1291.55,0.875
2,465256,1292.375,0.685
2,465537,1293.1555555556,0.455
2,465819,1293.9388888889,0.73
2,466104,1294.7305555556,0.92
2,466403,1295.5611111111,0.805
2,466706,1296.4027777778,0.505
2,467010,1297.2472222222,0.585
2,467307,1298.0722222222,0.96
2,467588,1298.8527777778,0.845
2,467876,1299.6527777778,0.51
2,468163,1300.45,0.53
2,468458,1301.2694444444,0.92
2,468761,1302.1111111111,0.86
2,469065,1302.9555555556,0.66
2,469362,1303.7805555556,0.575
2,469660,1304.6083333333,1.055
2,469941,1305.3888888889,0.96
2,470229,1306.1888888889,0.71
2,470529,1307.0222222222,0.63
2,470836,1307.875,0.93
2,471137,1308.7111111111,0.94
2,471443,1309.5611111111,0.82
2,471726,1310.3472222222,0.59
2,472018,1311.1583333333,0.875
2,472303,1311.95,0.965
2,472588,1312.7416666667,0.715
2,472886,1313.5694444444,0.665
2,473200,1314.4416666667,1.03
2,473497,1315.2666666667,1.02
2,473791,1316.0833333333,0.665
2,474073,1316.8666666667,0.57
2,474361,1317.6666666667,0.98
2,474651,1318.4722222222,0.945
2,474942,1319.2805555556,0.76
2,475237,1320.1,0.755
2,475547,1320.9611111111,1.15
2,475850,1321.8027777778,0.99
2,476135,1322.5944444444,0.665
2,476416,1323.375,0.595
2,476705,1324.1777777778,1.06
2,476999,1324.9944444444,0.925
2,477306,1325.8472222222,0.68
2,477604,1326.675,0.57
2,477897,1327.4888888889,0.93
2,478194,1328.3138888889,0.915
2,478479,1329.1055555556,0.775
2,478756,1329.875,0.605
2,479039,1330.6611111111,0.96
2,479331,1331.4722222222,1.04
2,479632,1332.3083333333,0.93
2,479930,1333.1361111111,0.61
2,480217,1333.9333333333,0.695
2,480493,1334.7,0.9
2,480778,1335.4916666667,0.825
2,481056,1336.2638888889,0.51
2,481340,1337.0527777778,0.6
2,481641,1337.8888888889,1.13
2,481940,1338.7194444444,0.935
2,482238,1339.5472222222,0.67
2,482524,1340.3416666667,0.595
2,482800,1341.1083333333,0.89
2,483070,1341.8583333333,0.735
2,483349,1342.6333333333,0.545
2,483634,1343.425,0.68
2,483930,1344.2472222222,0.925
2,484220,1345.0527777778,0.84
2,484506,1345.8472222222,0.565
2,484785,1346.6222222222,0.545
2,485072,1347.4194444444,0.915
2,485351,1348.1944444444,1.035
2,485640,1348.9972222222,0.61
2,485938,1349.825,0.63
2,486252,1350.6972222222,0.93
2,486556,1351.5416666667,0.845
2,486843,1352.3388888889,0.47
2,487128,1353.1305555556,0.575
2,487423,1353.95,0.915
2,487717,1354.7666666667,0.745
2,488018,1355.6027777778,0.5
2,488319,1356.4388888889,0.625
2,488634,1357.3138888889,0.965
2,488930,1358.1361111111,0.86
2,489213,1358.9222222222,0.53
2,489496,1359.7083333333,0.585
2,489788,1360.5194444444,1.015
2,490089,1361.3555555556,0.875
2,490393,1362.2,0.59
2,490694,1363.0361111111,0.72
2,490993,1363.8666666667,0.975
2,491286,1364.6805555556,0.82
2,491569,1365.4666666667,0.47
2,491849,1366.2444444444,0.48
2,492144,1367.0638888889,0.89
2,492444,1367.8972222222,0.78
2,492749,1368.7444444444,0.525
2,493045,1369.5666666667,0.505
2,493339,1370.3833333333,0.915
2,493622,1371.1694444444,0.77
2,493912,1371.975,0.42
2,494198,1372.7694444444,0.395
2,494490,1373.5805555556,0.85
2,494789,1374.4111111111,0.84
2,495084,1375.2305555556,0.58
2,495369,1376.0222222222,0.425
2,495648,1376.7972222222,0.855
2,495923,1377.5611111111,0.945
2,496200,1378.3305555556,0.89
2,496498,1379.1583333333,0.535
2,496711,1379.75,0.49
2,497073,1380.7555555556,1.015
2,497375,1381.5944444444,0.895
2,497663,1382.3944444444,0.7
2,497943,1383.1722222222,0.55
2,498229,1383.9666666667,0.925
2,498516,1384.7638888889,0.885
2,498810,1385.5805555556,0.68
2,499113,1386.4222222222,0.5
2,499416,1387.2638888889,0.8
2,499701,1388.0555555556,0.965
2,499986,1388.8472222222,0.835
2,500267,1389.6277777778,0.545
2,500548,1390.4083333333,0.58
2,500847,1391.2388888889,1.145
2,501144,1392.0638888889,0.92
2,501447,1392.9055555556,0.645
2,501745,1393.7333333333,0.505
2,502038,1394.5472222222,0.895
2,502315,1395.3166666667,0.895
2,502600,1396.1083333333,0.74
2,502887,1396.9055555556,0.48
2,503190,1397.7472222222,0.86
2,503495,1398.5944444444,0.91
2,503793,1399.4222222222,0.815
2,504080,1400.2194444444,0.545
2,504374,1401.0361111111,0.795
2,504653,1401.8111111111,0.9
2,504935,1402.5944444444,0.855
2,505226,1403.4027777778,0.495
2,505527,1404.2388888889,0.685
2,505829,1405.0777777778,0.985
2,506124,1405.8972222222,0.955
2,506397,1406.6555555556,0.6
2,506678,1407.4361111111,0.645
2,506968,1408.2416666667,0.845
2,507255,1409.0388888889,0.805
2,507551,1409.8611111111,0.48
2,507854,1410.7027777778,0.43
2,508160,1411.5527777778,0.945
2,508454,1412.3694444444,0.785
2,508743,1413.1722222222,0.525
2,509018,1413.9361111111,0.375
2,509318,1414.7694444444,0.86
2,509622,1415.6138888889,0.96
2,509923,1416.45,0.69
2,510220,1417.275,0.5
2,510519,1418.1055555556,0.8
2,510804,1418.8972222222,0.875
2,511092,1419.6972222222,0.69
2,511370,1420.4694444444,0.38
2,511659,1421.2722222222,0.65
2,511970,1422.1361111111,0.795
2,512276,1422.9861111111,0.7
2,512567,1423.7944444444,0.44
2,512850,1424.5805555556,0.555
2,513135,1425.3722222222,0.83
2,513423,1426.1722222222,0.76
2,513719,1426.9944444444,0.52
2,514013,1427.8111111111,0.375
2,514317,1428.6555555556,0.83
2,514627,1429.5166666667,0.8
2,514918,1430.325,0.615
2,515194,1431.0916666667,0.46
2,515475,1431.8722222222,0.79
2,515761,1432.6666666667,0.845
2,516064,1433.5083333333,0.77
2,516371,1434.3611111111,0.455
2,516666,1435.1805555556,0.505
2,516969,1436.0222222222,0.85
2,517265,1436.8444444444,0.875
2,517553,1437.6444444444,0.685
2,517831,1438.4166666667,0.4
2,518128,1439.2416666667,0.785
2,518426,1440.0694444444,0.88
2,518733,1440.9222222222,0.725
2,519028,1441.7416666667,0.44
2,519307,1442.5166666667,0.385
2,519593,1443.3111111111,0.95
2,519881,1444.1111111111,0.885
2,520148,1444.8527777778,0.56
2,520462,1445.725,0.365
2,520768,1446.575,0.735
2,520981,1447.1666666667,0.7
2,521341,1448.1666666667,0.75
2,521627,1448.9611111111,0.385
2,521912,1449.7527777778,0.68
2,522208,1450.575,0.865
2,522510,1451.4138888889,0.78
2,522814,1452.2583333333,0.585
2,523116,1453.0972222222,0.63
2,523416,1453.9305555556,1.01
2,523707,1454.7388888889,0.91
2,523998,1455.5472222222,0.62
2,524279,1456.3277777778,0.54
2,524577,1457.1555555556,1.005
2,524889,1458.0222222222,0.93
2,525197,1458.8777777778,0.705
2,525491,1459.6944444444,0.485
2,525780,1460.4972222222,0.765
2,526063,1461.2833333333,0.985
2,526354,1462.0916666667,0.735
2,526645,1462.9,0.415
2,526940,1463.7194444444,0.57
2,527242,1464.5583333333,0.845
2,527547,1465.4055555556,0.84
2,527837,1466.2111111111,0.56
2,528117,1466.9888888889,0.645
2,528401,1467.7777777778,0.96
2,528688,1468.575,0.85
2,528990,1469.4138888889,0.51
2,529292,1470.2527777778,0.46
2,529598,1471.1027777778,1.095
2,529895,1471.9277777778,0.94
2,530189,1472.7444444444,0.575
2,530470,1473.525,0.415
2,530762,1474.3361111111,0.935
2,531057,1475.1555555556,0.85
2,531356,1475.9861111111,0.635
2,531667,1476.85,0.465
2,531966,1477.6805555556,0.765
2,532256,1478.4861111111,0.885
2,532543,1479.2833333333,0.725
2,532826,1480.0694444444,0.6
2,533120,1480.8861111111,0.89
2,533414,1481.7027777778,1.01
2,533718,1482.5472222222,0.865
2,534011,1483.3611111111,0.65
2,534306,1484.1805555556,0.615
2,534591,1484.9722222222,0.88
2,534872,1485.7527777778,0.945
2,535160,1486.5527777778,0.56
2,535458,1487.3805555556,0.485
2,535767,1488.2388888889,0.98
2,536066,1489.0694444444,0.925
2,536364,1489.8972222222,0.76
2,536644,1490.675,0.48
2,536929,1491.4666666667,0.805
2,537211,1492.25,0.975
2,537504,1493.0638888889,0.885
2,537809,1493.9111111111,0.68
2,538114,1494.7583333333,0.725
2,538420,1495.6083333333,0.96
2,538707,1496.4055555556,0.91
2,538992,1497.1972222222,0.58
2,539277,1497.9888888889,0.505
2,539574,1498.8138888889,1.125
2,539873,1499.6444444444,0.93
2,540170,1500.4694444444,0.64
2,540471,1501.3055555556,0.54
2,540767,1502.1277777778,0.965
2,541051,1502.9166666667,0.955
2,541333,1503.7,0.8
2,541615,1504.4833333333,0.505
2,541915,1505.3166666667,0.705
2,542225,1506.1777777778,0.985
2,542529,1507.0222222222,0.915
2,542824,1507.8416666667,0.64
2,543115,1508.65,0.59
2,543406,1509.4583333333,0.93
2,543688,1510.2416666667,0.91
2,543982,1511.0583333333,0.74
2,544284,1511.8972222222,0.405
2,544589,1512.7444444444,0.57
2,544894,1513.5916666667,0.895
2,545181,1514.3888888889,0.785
2,545454,1515.1472222222,0.475
2,545740,1515.9416666667,0.7
2,546022,1516.725,0.895
2,546306,1517.5138888889,0.775
2,546599,1518.3277777778,0.57
2,546870,1519.0805555556,0.7
2,547199,1519.9944444444,0.97
2,547482,1520.7805555556,0.88
2,548031,1522.3055555556,0.46
2,548334,1523.1472222222,0.93
2,548632,1523.975,0.855
2,548925,1524.7888888889,0.68
2,549217,1525.6,0.44
2,549501,1526.3888888889,0.745
2,549784,1527.175,0.99
2,550069,1527.9666666667,0.89
2,550348,1528.7416666667,0.57
2,550640,1529.5527777778,0.81
2,550952,1530.4194444444,0.975
2,551253,1531.2555555556,0.86
2,551531,1532.0277777778,0.53
2,551815,1532.8166666667,0.555
2,552096,1533.5972222222,0.86
2,552384,1534.3972222222,0.845
2,552680,1535.2194444444,0.58
2,552974,1536.0361111111,0.43
2,553282,1536.8916666667,0.885
2,553588,1537.7416666667,0.905
2,553876,1538.5416666667,0.78
2,554154,1539.3138888889,0.575
2,554438,1540.1027777778,0.9
2,554723,1540.8944444444,0.91
2,555026,1541.7361111111,0.79
2,555323,1542.5611111111,0.51
2,555613,1543.3666666667,0.495
2,555913,1544.2,0.92
2,556203,1545.0055555556,0.955
2,556485,1545.7888888889,0.735
2,556764,1546.5638888889,0.43
2,557055,1547.3722222222,0.505
2,557360,1548.2194444444,0.905
2,557666,1549.0694444444,0.8
2,557960,1549.8861111111,0.505
2,558237,1550.6555555556,0.405
2,558527,1551.4611111111,0.84
2,558812,1552.2527777778,0.79
2,559102,1553.0583333333,0.65
2,559394,1553.8694444444,0.37
2,559694,1554.7027777778,0.495
2,559997,1555.5444444444,0.91
2,560295,1556.3722222222,0.9
2,560575,1557.15,0.565
2,560845,1557.9,0.475
2,561140,1558.7194444444,0.835
2,561434,1559.5361111111,0.815
2,561731,1560.3611111111,0.74
2,562018,1561.1583333333,0.43
2,562308,1561.9638888889,0.665
2,562590,1562.7472222222,0.91
2,562811,1563.3611111111,0.91
2,563141,1564.2777777778,0.64
2,563423,1565.0611111111,0.625
2,563730,1565.9138888889,1.01
2,564029,1566.7444444444,0.87
2,564318,1567.5472222222,0.555
2,564601,1568.3333333333,0.745
2,564881,1569.1111111111,0.905
2,565163,1569.8944444444,0.83
2,565451,1570.6944444444,0.515
2,565740,1571.4972222222,0.565
2,566040,1572.3305555556,1.03
2,566258,1572.9361111111,0.94
2,566615,1573.9277777778,0.785
2,566898,1574.7138888889,0.61
2,567183,1575.5055555556,0.85
2,567378,1576.0472222222,0.94
2,567720,1576.9972222222,0.85
2,568026,1577.8472222222,0.465
2,568325,1578.6777777778,0.51
2,568623,1579.5055555556,0.96
2,568918,1580.325,1.1
2,569203,1581.1166666667,0.775
2,569481,1581.8888888889,0.47
2,569762,1582.6694444444,0.725
2,570057,1583.4888888889,0.965
2,570365,1584.3444444444,0.915
2,570666,1585.1805555556,0.605
2,570956,1585.9861111111,0.66
2,571245,1586.7888888889,0.935
2,571537,1587.6,0.935
2,571830,1588.4138888889,0.605
2,572121,1589.2222222222,0.585
2,572427,1590.0722222222,1.025
2,572729,1590.9111111111,0.985
2,573039,1591.7722222222,0.74
2,573326,1592.5694444444,0.475
2,573607,1593.35,0.755
2,573892,1594.1416666667,0.935
2,574191,1594.9722222222,0.75
2,574429,1595.6333333333,0.53
2,574784,1596.6194444444,0.56
2,575094,1597.4805555556,0.875
2,575386,1598.2916666667,0.885
2,575677,1599.1,0.585
2,575958,1599.8805555556,0.485
2,576247,1600.6833333333,0.965
2,576550,1601.525,0.985
2,576861,1602.3888888889,0.895
2,577161,1603.2222222222,0.585
2,577455,1604.0388888889,0.715
2,577740,1604.8305555556,0.945
2,578024,1605.6194444444,0.87
2,578310,1606.4138888889,0.55
2,578600,1607.2194444444,0.66
2,578900,1608.0527777778,0.99
2,579203,1608.8944444444,0.86
2,579447,1609.5722222222,0.715
2,579790,1610.525,0.545
2,580075,1611.3166666667,1
2,580356,1612.0972222222,0.95
2,580647,1612.9055555556,0.82
2,580946,1613.7361111111,0.59
2,581245,1614.5666666667,0.415
2,581542,1615.3916666667,0.57
2,581834,1616.2027777778,1.1
2,582118,1616.9916666667,0.83
2,582394,1617.7583333333,0.495
2,582668,1618.5194444444,0.39
2,582919,1619.2166666667,0.52
2,583238,1620.1027777778,0.98
2,583538,1620.9361111111,0.54
2,583821,1621.7222222222,0.58
2,584097,1622.4888888889,0.615
2,584362,1623.225,0.63
2,584634,1623.9805555556,0.67
2,584902,1624.725,0.775
2,585174,1625.4805555556,0.75
2,585454,1626.2583333333,0.65
2,585730,1627.025,0.62
2,586010,1627.8027777778,0.645
2,586275,1628.5388888889,0.6
2,586524,1629.2305555556,0.6
2,586770,1629.9138888889,0.54
2,587029,1630.6333333333,0.575
2,587298,1631.3805555556,0.655
2,587571,1632.1388888889,0.615
2,587842,1632.8916666667,0.53
2,588112,1633.6416666667,0.815
2,588376,1634.375,0.565
2,588642,1635.1138888889,0.63
2,588905,1635.8444444444,0.61
2,589176,1636.5972222222,0.52
2,589453,1637.3666666667,0.6
2,589746,1638.1805555556,0.58
2,590040,1638.9972222222,0.57
2,590315,1639.7611111111,0.69
2,590587,1640.5166666667,0.685
2,590862,1641.2805555556,0.46
2,591142,1642.0583333333,0.61
2,591416,1642.8194444444,0.81
2,591706,1643.625,0.53
2,591999,1644.4388888889,0.71
2,592287,1645.2388888889,0.75
2,592571,1646.0277777778,0.62
2,592852,1646.8083333333,0.565
2,593067,1647.4055555556,0.73
2,593386,1648.2916666667,0.88
2,593683,1649.1166666667,0.615
2,593989,1649.9666666667,0.71
2,594280,1650.775,1.075
2,594562,1651.5583333333,0.68
2,594853,1652.3666666667,0.645
2,595126,1653.125,0.885
2,595401,1653.8888888889,0.785
2,595689,1654.6888888889,0.465
2,595991,1655.5277777778,0.895
2,596277,1656.3222222222,0.89
2,596582,1657.1694444444,0.51
2,596878,1657.9916666667,0.7
2,597135,1658.7055555556,0.785
2,597400,1659.4416666667,0.515
2,597669,1660.1888888889,0.54
2,597924,1660.8972222222,0.765
2,598184,1661.6194444444,0.545
2,598457,1662.3777777778,0.765
2,598712,1663.0861111111,0.92
2,598968,1663.7972222222,0.74
2,599220,1664.4972222222,0.52
2,599467,1665.1833333333,0.6
2,599702,1665.8361111111,0.775
2,599952,1666.5305555556,0.8
2,600213,1667.2555555556,0.635
2,600482,1668.0027777778,0.82
2,600738,1668.7138888889,0.88
2,601010,1669.4694444444,0.77
2,601272,1670.1972222222,0.6
2,601536,1670.9305555556,0.82
2,601799,1671.6611111111,0.705
2,602063,1672.3944444444,0.505
2,602329,1673.1333333333,0.745
2,602610,1673.9138888889,0.91
2,602892,1674.6972222222,0.74
2,603178,1675.4916666667,0.62
2,603454,1676.2583333333,0.885
2,603721,1677,0.88
2,603988,1677.7416666667,0.68
2,604275,1678.5388888889,0.48
2,604563,1679.3388888889,0.9
2,604844,1680.1194444444,1.06
2,605147,1680.9611111111,0.64
2,605458,1681.825,0.62
2,605736,1682.5972222222,0.955
2,606007,1683.35,0.94
2,606292,1684.1416666667,0.675
2,606587,1684.9611111111,0.79
2,606879,1685.7722222222,0.975
2,607178,1686.6027777778,0.895
2,607474,1687.425,0.62
2,607766,1688.2361111111,0.94
2,608042,1689.0027777778,0.785
2,608307,1689.7388888889,0.655
2,608575,1690.4833333333,0.745
2,608853,1691.2555555556,0.925
2,609135,1692.0388888889,0.56
2,609424,1692.8416666667,0.385
2,609714,1693.6472222222,0.48
2,609986,1694.4027777778,0.465
2,610261,1695.1666666667,0.45
2,610543,1695.95,0.54
2,610822,1696.725,0.735
2,611108,1697.5194444444,0.635
2,611398,1698.325,0.54
2,611694,1699.1472222222,0.83
2,611985,1699.9555555556,0.665
2,612262,1700.725,0.81
2,612538,1701.4916666667,1.095
2,612818,1702.2694444444,1.005
2,613107,1703.0722222222,0.75
2,613398,1703.8805555556,0.86
2,613692,1704.6972222222,1
2,613983,1705.5055555556,1.005
2,614258,1706.2694444444,0.695
2,614538,1707.0472222222,0.935
2,614815,1707.8166666667,1.055
2,615088,1708.575,0.75
2,615369,1709.3555555556,0.69
2,615675,1710.2055555556,1.025
2,615967,1711.0166666667,1
2,616249,1711.8,0.695
2,616526,1712.5694444444,0.79
2,616802,1713.3361111111,1.065
2,617085,1714.1222222222,1.085
2,617365,1714.9,0.64
2,617654,1715.7027777778,0.855
2,617948,1716.5194444444,0.975
2,618247,1717.35,0.845
2,618527,1718.1277777778,0.575
2,618803,1718.8944444444,0.835
2,619081,1719.6666666667,0.96
2,619361,1720.4444444444,0.9
2,619652,1721.2527777778,0.66
2,619951,1722.0833333333,0.715
2,620249,1722.9111111111,1
2,620540,1723.7194444444,0.89
2,620825,1724.5111111111,0.615
2,621101,1725.2777777778,0.87
2,621378,1726.0472222222,0.99
2,621660,1726.8305555556,0.795
2,621943,1727.6166666667,0.48
2,622246,1728.4583333333,0.815
2,622541,1729.2777777778,0.97
2,622823,1730.0611111111,0.83
2,623088,1730.7972222222,0.575
2,623367,1731.5722222222,0.87
2,623638,1732.325,0.905
2,623917,1733.1,0.725
2,624190,1733.8583333333,0.615
2,624481,1734.6666666667,0.855
2,624764,1735.4527777778,0.915
2,625048,1736.2416666667,0.87
2,625309,1736.9666666667,0.525
2,625578,1737.7138888889,0.895
2,625853,1738.4777777778,0.955
2,626137,1739.2666666667,0.845
2,626427,1740.0722222222,0.58
2,626715,1740.8722222222,0.945
2,626999,1741.6611111111,0.99
2,627280,1742.4416666667,0.85
2,627554,1743.2027777778,0.585
2,627826,1743.9583333333,0.945
2,628102,1744.725,0.95
2,628390,1745.525,0.71
2,628688,1746.3527777778,0.725
2,628980,1747.1638888889,0.91
2,629170,1747.6916666667,0.745
2,629495,1748.5944444444,0.85
2,629760,1749.3305555556,0.815
2,630027,1750.0722222222,0.805
2,630288,1750.7972222222,0.585
2,630561,1751.5555555556,0.78
2,630837,1752.3222222222,0.94
2,631109,1753.0777777778,0.745
2,631376,1753.8194444444,0.64
2,631635,1754.5388888889,0.595
2,631898,1755.2694444444,0.935
2,632156,1755.9861111111,0.745
2,632413,1756.7,0.515
2,632687,1757.4611111111,0.58
2,632958,1758.2138888889,0.91
2,633228,1758.9638888889,0.96
2,633498,1759.7138888889,0.75
2,633767,1760.4611111111,0.68
2,634027,1761.1833333333,0.83
2,634282,1761.8916666667,0.695
2,634544,1762.6194444444,0.76
2,634826,1763.4027777778,0.69
2,635106,1764.1805555556,0.96
2,635393,1764.9777777778,0.84
2,635683,1765.7833333333,0.63
2,635965,1766.5666666667,0.745
2,636238,1767.325,0.8
2,636519,1768.1055555556,0.685
2,636810,1768.9138888889,0.52
2,637105,1769.7333333333,0.94
2,637398,1770.5472222222,0.735
2,637703,1771.3944444444,0.55
2,637996,1772.2083333333,0.5
2,638282,1773.0027777778,0.88
2,638559,1773.7722222222,0.77
2,638845,1774.5666666667,0.5
2,639139,1775.3833333333,0.65
2,639445,1776.2333333333,0.83
2,639743,1777.0611111111,0.79
2,640038,1777.8805555556,0.52
2,640328,1778.6861111111,0.69
2,640614,1779.4805555556,0.775
2,640899,1780.2722222222,0.8
2,641176,1781.0416666667,0.54
2,641479,1781.8833333333,0.795
2,641776,1782.7083333333,0.805
2,642064,1783.5083333333,0.575
2,642336,1784.2638888889,0.43
2,642613,1785.0333333333,0.785
2,642887,1785.7944444444,0.935
2,643163,1786.5611111111,0.595
2,643438,1787.325,0.6
2,643721,1788.1111111111,0.8
2,644004,1788.8972222222,0.79
2,644285,1789.6777777778,0.565
2,644548,1790.4083333333,0.67
2,644806,1791.125,0.76
2,645062,1791.8361111111,0.815
2,645320,1792.5527777778,0.56
2,645580,1793.275,0.63
2,645862,1794.0583333333,0.655
2,646131,1794.8055555556,0.61
2,646392,1795.5305555556,0.47
2,646657,1796.2666666667,0.83
2,646917,1796.9888888889,1.19
2,647167,1797.6833333333,0.91
2,647413,1798.3666666667,0.845
2,647671,1799.0833333333,0.685
2,647933,1799.8111111111,0.87
2,648203,1800.5611111111,0.61
2,648477,1801.3222222222,0.56
2,648732,1802.0305555556,0.745
2,648977,1802.7111111111,0.675
2,649230,1803.4138888889,0.525
2,649484,1804.1194444444,0.61
2,649732,1804.8083333333,0.505
