"time","ankle_moment","knee_moment","hip_moment","ankle_fx","ankle_fy","knee_fx","knee_fy","hip_fx","hip_fy"
0,-70.9792423147,-3.6716697675,15.7434411611,55.551868125,-541.0677689694,89.5405433662,-507.0806398183,103.0596111445,-384.3681465536
0.0066666667,-73.6233597343,-15.0494613459,-3.9073429035,45.280525625,-533.2370830381,62.3910791262,-498.6113340191,63.2693095843,-389.9017638035
0.0133333333,-73.4425224409,-24.4902037679,-23.4576489123,31.109183125,-541.2763971069,31.3416148863,-506.0120282199,19.5790080241,-411.3053810535
0.02,-72.8448181123,-22.1010841153,-13.5432973641,32.6490140625,-539.2229542444,37.5456283237,-500.3663641478,45.3550145259,-401.7064963214
0.0266666667,-75.3012269764,-27.0553806468,-20.2492909147,25.542741875,-554.0308196069,24.9255150575,-521.2068287403,42.8381023234,-422.8712670399
0.0333333333,-80.5784140229,-31.2674018286,-18.789995415,26.4814178125,-550.3444836381,29.95934323,-509.3056391543,48.3359013041,-415.5191218506
0.04,-80.2698920175,-29.5510944615,-17.2140626645,20.140431875,-559.2331325256,28.8196981437,-533.8605385638,38.0446687497,-426.8252874936
0.0466666667,-86.9587232999,-38.4818721051,-24.9666515844,15.3851925,-569.0801925444,23.2707703801,-531.8286020615,10.2890565482,-442.2886012499
0.0533333333,-89.1300217301,-39.9851295825,-26.1393274248,11.02278875,-574.3074422162,17.7866307387,-540.460370692,44.1430132705,-435.596787067
0.06,-90.9558111492,-43.4786953633,-24.4667541082,5.65,-576.7613098881,15.4028056076,-540.8141668723,45.1277108936,-435.5898222721
0.0666666667,-97.5998959952,-47.5588651089,-30.4787745483,2.8642065625,-588.0981209225,14.3963977937,-556.0163647381,29.1369397398,-465.8369837467
0.0733333333,-93.6621577735,-42.1716606961,-13.8616266813,0.24682625,-599.8998126163,18.5265348312,-573.1023186743,59.9169918611,-481.4176364747
0.08,-96.5451784161,-48.6106898137,-54.4087484668,-7.42567125,-620.6312188975,-23.2372499249,-590.0427551559,-42.224545083,-469.9069569141
0.0866666667,-92.0507013757,-36.7869197577,-2.3008795434,-1.6597371875,-603.2799268131,24.6742372075,-560.1282853932,66.4552819076,-468.5264551237
0.0933333333,-94.6000223292,-39.6600394706,-17.9103814101,-5.4085821875,-623.6524407569,2.525192245,-585.7383031499,39.7659511808,-471.4402518958
0.1,-98.6171226658,-39.7263559037,-19.038127089,-5.9177653125,-639.4243061225,2.7615009563,-604.4471264994,18.6974778923,-508.2962518332
0.1066666667,-93.2918731802,-35.176549839,-16.2807566429,-13.208413125,-649.3988143819,-7.6867984088,-613.7422343885,12.9835745272,-501.0863083872
0.1133333333,-102.9008673536,-47.7820615317,-44.1699438931,-23.4314178125,-654.5620207162,-23.896281335,-616.3829497696,-114.4581752209,-534.5396565352
0.12,-107.6443741872,-50.6683394462,-21.3103903105,-29.817164375,-669.7554944725,-27.485073125,-629.7254038326,193.0265221689,-478.7239475886
0.1266666667,-105.8521162785,-46.5421063941,-37.1813246019,-33.796009375,-680.3791102412,-27.4729326325,-644.9896246588,-104.1488430505,-565.9796307105
0.1333333333,-110.7630425111,-50.1039716004,-32.5596950612,-37.509183125,-683.6318465819,-25.376089715,-646.6007941949,-75.2316467931,-567.6199167821
0.14,-112.6505018304,-52.9080234594,-26.4198528715,-44.718413125,-687.6454657319,-39.42923017,-652.0982763654,101.7220521741,-530.8259863638
0.1466666667,-111.5308470087,-48.2597247624,-23.5715123275,-46.9553615625,-689.754204685,-33.8684428313,-656.9462508326,12.4505204348,-581.7798762771
0.1533333333,-116.4768141853,-53.1262735747,-30.0950316102,-52.3121878125,-693.5006514694,-40.699928115,-657.0216206285,-4.410782775,-554.8206613139
0.16,-112.3951265143,-46.3617627453,-12.9400911712,-52.4413709375,-693.07797261,-35.483958095,-659.472381361,29.6755340531,-564.5001345791
0.1666666667,-120.4459726874,-52.0860745257,-20.8942244343,-60.074375625,-707.8078627194,-46.5225933713,-672.4468986129,72.9096473224,-558.5152896093
0.1733333333,-121.1610945129,-58.4937125418,-72.9706118735,-73.9994459375,-714.7230484569,-83.8245463737,-669.926761872,-276.1262431016,-591.2649827496
0.18,-121.1308440631,-46.0884942566,23.715916985,-70.702741875,-717.4409553194,-23.0518987275,-695.7452452532,182.1628630905,-587.1933304244
0.1866666667,-130.5043234526,-58.6656203171,-37.3773244066,-85.4194928125,-736.1460217881,-70.96208179,-700.0698363898,-38.455718854,-613.2800462146
0.1933333333,-116.6921587174,-42.630172552,-18.0375479002,-79.4212771875,-720.2872728506,-69.6202750275,-685.9088576559,-23.2279286235,-600.7320761979
0.2,-124.0568418629,-50.7680347379,-33.4625369551,-93.8151925,-729.9110364694,-82.9802965525,-678.8847624511,-42.3473428824,-551.7834840943
0.2066666667,-121.6619581395,-43.8292568509,-13.7439720907,-96.9889671875,-723.7240868037,-79.15779749,-715.9978520815,-31.984275746,-691.3597922755
0.2133333333,-118.3736876507,-37.6707197281,-13.2613100879,-95.385530625,-720.1666118163,-76.6728304351,-676.6964222789,-34.1603215532,-544.5563262593
0.22,-119.7102809395,-45.3965381057,-31.7776386655,-108.8106946875,-708.4105200631,-103.9545033412,-665.3047586518,-61.9059652671,-569.2533063015
0.2266666667,-110.8966558665,-23.2560233432,5.8181996414,-98.567840625,-696.9229284225,-68.8033600013,-663.1327832456,-14.6750105332,-576.75772616
0.2333333333,-112.0757010304,-32.7634576283,-2.8907442035,-115.688798125,-682.5695763913,-88.313156305,-644.2577394898,-0.0427100831,-536.4588303448
0.24,-105.6890127197,-24.8636541796,-24.7215593067,-110.7463475,-669.1941950037,-110.7782194138,-633.1560693346,-118.3437842218,-525.3228358186
0.2466666667,-103.9305034249,-20.1942536314,25.2910822615,-119.7959625,-656.9461004819,-82.6270921575,-630.5325154015,121.9272214186,-572.8623379837
0.2533333333,-108.8323212632,-31.5031365854,-38.8504021826,-133.9302159375,-643.8838839287,-115.5541142513,-604.1681280948,-283.7672041313,-513.6417158766
0.26,-100.1864665008,-24.7622615064,-0.3448297417,-142.0109390625,-619.4195747006,-117.8325943462,-587.7193719656,128.7678901058,-444.406101386
0.2666666667,-105.935334325,-29.9104225102,-21.6404299043,-138.771155,-600.5148280631,-111.7880818738,-561.875954232,-127.3311039419,-522.919897323
0.2733333333,-96.8378100166,-22.1832334054,-30.5397174291,-139.3440659375,-569.8859398725,-118.8278818475,-538.8355354961,-203.0930290533,-468.1235174171
0.28,-89.9500520113,-23.7910639465,-7.4991747525,-147.11154,-522.69586641,-111.8977394888,-474.8306954393,118.4258915151,-298.9689257992
0.2866666667,-80.7672573303,-20.3323733871,-37.6010129625,-135.7044509375,-472.0280588319,-115.1159720187,-420.267129428,-165.6556493186,-354.3292762754
0.2933333333,-71.1220138257,-9.1369073973,42.9760908045,-126.9556996875,-415.937182785,-41.0375712188,-388.996933764,94.7993516151,-310.8841078578
0.3,-52.0223660125,1.2906227967,38.9429382538,-110.7115215625,-348.5235189131,-35.7806523362,-326.4478567669,-10.6149703982,-286.7172526722
0.3066666667,-50.3010919045,-17.6213018019,-53.8826487102,-109.19154,-295.2967398412,-115.4174462738,-225.1816304089,19.9957481183,-33.1334342845
0.3133333333,-34.3352162195,3.8548690036,46.2175471436,-81.420244375,-229.368810235,-1.3844274025,-204.0066096265,39.0094392694,-132.1263793345
0.32,0.2737803611,5.567322016,35.9773302251,13.453408125,14.6230331525,64.9840737487,38.861476724,43.1206330208,39.5614834747
0.3266666667,-18.2546820563,-3.3738563646,4.417902784,-55.7373334375,-128.4552562537,-26.926678135,-81.5080741354,96.1179067071,59.6872643936
0.3333333333,-2.8489250624,0.9224818189,5.7032581776,-26.2248828125,-76.1132647131,-15.3822132275,-14.9646574551,41.2601005163,39.2849188527
0.34,-9.1800587571,-4.4334396597,13.5755911086,-19.1699346875,-53.6518877788,12.8698896325,-6.694677668,36.1536491606,112.2826138726
0.3466666667,1.4187419433,3.1849090808,40.3313183159,20.60431875,19.2093121025,62.4062770425,56.1165304441,227.8639484505,113.9434163695
0.3533333333,-0.5452893126,7.4756257538,36.9955902557,20.361915,14.3230585119,82.57589064,40.0815591601,7.0480712522,142.3282053961
0.36,1.4640386421,1.5591513147,10.7619974371,16.483455,13.7273512963,40.3018803,54.2842924441,20.0954781718,176.6606435929
0.3666666667,2.4863811721,4.7565476927,29.8360681688,15.3320371875,8.3296257931,44.14269249,34.4115874978,100.0772140322,189.248851381
0.3733333333,4.029490742,5.6599127001,17.2752915243,20.240713125,7.85754449,40.54856373,50.3230691169,-10.8693440282,211.2923226992
0.38,26.0491704143,21.7646777283,32.0246393686,19.6425628125,33.6503032712,41.2571618813,66.7072389591,17.2679773494,225.9264230601
0.3866666667,25.6391366506,18.5439463071,39.2047834686,32.2622246875,39.9669650681,51.2959761062,85.7617054271,61.7897648401,254.6887685261
0.3933333333,24.4977750048,16.7827501809,42.9362548752,28.5744125,39.7614438212,53.2658172913,79.5529148845,52.7545025235,244.6188413257
0.4,24.3307532036,7.6515431713,-13.3653294816,22.0233796875,40.7444045525,-0.4711951462,117.8968325409,-98.1867613883,362.2073159499
0.4066666667,20.9964751758,20.7070399404,44.8293603096,24.688403125,23.9167741869,56.865043465,46.4162550496,-16.0517565291,160.8291154066
0.4133333333,26.4233657987,27.739636046,57.8941028682,29.6697740625,23.975634865,51.9575701388,50.7182002844,159.5041096748,292.9292157872
0.42,22.6567988498,24.7468310617,27.5834207338,19.721389375,12.4492261994,38.7473671562,43.7524292672,-141.2543687637,178.7563614273
0.4266666667,24.1129089273,22.3706238313,38.4998051687,16.6360278125,19.567316415,21.180496295,39.8281451505,117.769276289,228.0968729481
0.4333333333,25.5092222282,17.9935452698,14.5635944631,8.6818965625,25.7699056712,4.065910615,45.1316354935,-91.450528685,170.2849466161
0.44,13.6128130949,17.8492634789,26.1744199133,16.5808353125,12.28237459,36.8972369187,28.0102398265,-59.0097900513,129.8097223603
0.4466666667,21.6051339965,10.1727500803,14.0455179811,8.4394928125,29.84520929,-4.9840244224,51.1507371691,33.2556920696,187.2726969445
0.4533333333,24.6052270168,20.7327934088,36.2454118046,11.7407415625,24.3524497431,23.3934241749,38.1180934019,25.4434176429,154.7880770519
0.46,14.3401565291,1.4655784424,-12.0072530213,-0.0477653125,24.3555638587,-30.8539133612,44.8090233315,-63.0193997852,150.9172796649
0.4666666667,22.2499630149,26.7177953445,51.4756569442,22.4652578125,18.6616091994,51.7493276388,24.835596212,53.0915289047,125.930600621
0.4733333333,7.6103562529,10.0520797238,35.8007233482,17.2304971875,19.8609080525,42.8283081112,32.5230061318,110.9870401253,164.5111280398
0.48,22.338489765,9.2501220042,-6.6447231727,-0.95278875,25.2190431494,-30.172337385,38.299751608,-117.147926301,88.8205176261
0.4866666667,19.9274962685,6.9817548571,1.9090901853,-0.205624375,26.2943361619,-24.969323995,43.6985085889,-43.419265207,140.5794271183
0.4933333333,11.1681153715,13.4127300369,42.6656047978,21.5301590625,31.1808285931,64.3185919538,47.3830411899,59.6078679337,150.5304062648
0.5,18.5651138526,6.7404312425,-1.6383811875,2.3310796875,33.02098874,-19.6994089875,41.0816375739,-50.9132818155,118.7830444677
0.5066666667,13.1736165967,4.7048087172,15.6910146132,2.102065625,25.6982101337,5.0754819688,44.2526477016,9.9803162248,146.9216020608
0.5133333333,0.7479361912,2.4289962963,2.4537603663,7.99932375,-0.1435972881,1.8130630275,23.5738570981,-31.1335987366,109.1859662683
0.52,0.6263496197,0.9483675765,2.9074654059,5.5146853125,2.384067815,1.2516225075,16.336745192,-15.3684746503,147.8410118288
0.5266666667,0.6817615885,-2.8737806365,-5.3906609367,3.757258125,3.9263616744,-10.2749349263,36.3576750162,-50.9575997544,114.521869119
0.5333333333,12.8355884105,-1.1996554037,-6.0408725966,-8.3338215625,27.9218259025,-26.9345813725,38.1216243036,-57.7815385106,149.1995761183
0.54,-0.9430988304,2.0759743102,29.7076898608,10.203501875,29.5568003119,56.1495863188,50.7726981506,35.9668561708,132.3399760982
0.5466666667,18.4459376836,1.5947282113,-7.2656587967,4.1646384375,38.0982058275,-33.9502835888,64.0864952002,-78.4157308207,131.2851180077
0.5533333333,18.029009778,16.9808037481,25.2423690732,14.70932375,29.2577799494,22.050747005,36.8586958615,-56.163842113,135.5514677401
0.56,10.6350757812,1.1107835513,11.0478567772,5.96769,37.7092509369,3.05102121,67.4281089459,-29.6754911401,126.6712894347
0.5666666667,21.4802359688,8.5910006098,16.4127992921,2.2621878125,38.0855510994,-20.80219465,49.9932953956,98.7010619841,122.1398354626
0.5733333333,11.3905103188,17.4529063683,29.2677751681,19.9744878125,38.0463341619,55.8148435063,53.2897463094,-107.8863669859,91.275725478
0.58,16.6343648394,-2.7028984463,-15.100705458,-5.366103125,33.0430048744,-49.9486915513,55.842625881,-91.9001745073,141.3972121398
0.5866666667,13.3682478068,12.4934347883,26.0282882685,8.3707884375,35.3082869775,23.4703019176,58.2867016466,-24.1671906344,140.4441220556
0.5933333333,2.0745078859,4.5698183669,11.4468459161,15.3320371875,20.7025192025,20.9749206487,49.5788703793,-34.2281367112,107.5638851311
0.6,11.9782372185,-8.7186505825,-29.3111074806,-12.5771828125,29.6836751275,-59.4436659362,51.2797815764,-113.3045220303,106.7465710957
0.6066666667,-1.1498647521,2.3155811126,10.0139244021,8.0599246875,10.8185062962,17.1488616525,41.6965691293,-24.5587999095,108.5846155591
0.6133333333,6.1531010858,-3.5607566423,7.3292318575,-5.2209390625,41.5652369463,-2.4317579275,70.8336126621,-13.3895174694,111.2769800745
0.62,11.2532871379,5.3298067686,5.3405346519,3.390525625,44.4906441556,-8.5653288501,90.4584256854,-98.5448920283,177.621759705
0.6266666667,5.6891931736,-5.7425897549,-0.2512482201,-2.9610328125,46.7629413963,-17.8833073574,68.1132454274,-34.9176641652,141.7016457961
0.6333333333,12.7275327992,6.375598449,1.9088874742,6.6290140625,51.2602400963,-11.9631947463,74.5672464225,-69.8506546384,89.5175484135
0.64,3.3618123203,0.2934100001,10.2666112036,3.15124875,26.983200365,-4.5819658349,69.4096235953,-32.964669855,154.5227274271
0.6466666667,0.6719832184,-2.66826753,1.8418229273,-0.363605625,23.2156400806,-5.9971607213,64.5752948104,-30.2798778053,71.8714987881
0.6533333333,10.125053787,3.041880585,16.7107394681,-4.1244225,51.3074047744,-15.3518871412,106.0254492042,-55.1066103532,238.3449788322
0.66,5.6406907687,-1.5208938269,-8.1802341982,-6.979661875,39.8187242275,-24.6343700013,69.3579878893,-63.9014504253,65.5449316531
0.6666666667,1.6966756427,-12.8467462244,-2.021072126,-16.858600625,50.3319494619,-46.3665512112,132.7358349425,-79.0930635612,280.9851867917
0.6733333333,9.4872596821,0.3209029262,-4.4620159854,-14.204563125,45.6416105712,-34.055323845,76.4818002424,-61.095826599,110.960775574
0.68,0.8338310113,-9.8390044366,-17.5181001671,-14.4836240625,21.4703330806,-44.2558783237,67.3041670626,-82.1807574818,165.46573971
0.6866666667,4.6094376029,-11.8305824302,-3.527088227,-29.2481403125,48.0631788494,-50.1817687363,97.2071442834,-7.4988215982,130.0615116276
0.6933333333,0.0196299271,-14.7776316009,-13.695206883,-24.8663375,52.3510823306,-65.273705225,118.8941897845,-104.0034317031,298.2437889577
0.7,-2.2330788765,-20.3966862867,-11.5488489948,-37.487726875,61.2847568087,-65.6181888963,115.673533275,-6.1210343642,163.6443536075
0.7066666667,4.2687213451,-10.7582848966,3.9246217781,-30.0351071875,45.9709513869,-57.6447354962,110.4087634648,-49.3950504661,286.959151003
0.7133333333,5.8258803623,-10.4166796735,-4.540841332,-28.38604625,28.98312199,-65.2276464538,88.8926736196,-27.8898323999,232.8671026006
0.72,6.2919099893,-6.5161981487,21.5921077613,-30.78527625,35.3732394087,-39.4419989699,88.489067187,39.726570942,220.7560450194
0.7266666667,1.865658655,-21.4121020774,-0.979175375,-40.27623375,22.3460430713,-71.3326929263,82.1142311029,29.5549186357,249.7194508387
0.7333333333,3.4619009316,-23.2729861849,-12.7425180871,-46.330609375,11.87171279,-54.55511785,0.9484703161,71.4697692741,53.105206872
0.74,8.4683581911,-18.5187459603,-35.9460901742,-31.3435203125,15.3860968681,-97.9418275025,40.4816072949,-93.3541977784,214.0213924167
0.7466666667,1.5951201691,-32.2633281979,-41.7139468281,-54.164834375,7.98012684,-91.6726353125,18.4856390831,-40.9104414007,122.6506625783
0.7533333333,3.125217825,-22.8601894866,-25.3592941563,-36.85507875,6.9516258025,-76.2938512425,25.8603857676,-13.5749402324,162.6863502282
0.76,0.4858271275,-19.5888432116,-8.8717413626,-34.6354921875,18.3234496681,-62.7504069338,54.7860625866,-12.8427714998,245.6809598453
0.7666666667,-7.2992330424,-29.3745611974,-22.8266894416,-39.5498678125,22.2335895275,-69.2195100587,56.340370507,-14.6508617627,187.8732802397
0.7733333333,-3.6274374507,-18.2020301193,0.061521723,-31.517341875,29.8599986556,-46.9697784976,61.4799074889,43.9116871184,196.0333618695
0.78,-2.6768014735,-15.9627305396,-16.7814850113,-21.9101590625,22.5912643119,-49.5275610087,40.5435870136,-11.6523930086,119.4139162797
0.7866666667,-1.2561292908,-22.7616834907,-39.4787308088,-30.1186659375,1.996221815,-71.8327821263,22.2210974771,-52.0903508064,120.4967690681
0.7933333333,0.2928356923,-16.4818765231,-39.3002719035,-18.301483125,1.6095878338,-61.7382373837,7.7803176923,-65.5707309457,78.5186116691
0.8,-6.7340091402,-53.9373048004,-131.7651267254,-2.2785821875,-420.6547404538,-32.0026398962,-390.5626701084,-29.1004551482,-325.1197980576
0.8066666667,-7.5159802496,-10.4418001593,-43.8182018335,37.164215,-364.2255830069,58.3551508249,-267.6215628105,16.8415994989,-227.2797481923
0.8133333333,7.9931082249,39.855351362,48.5726625264,75.5366840625,-367.5472836319,151.6095006376,-228.2436754472,23.9015357356,-34.921690079
0.82,14.6946747307,14.0506461499,-27.9682572614,81.9055021875,-470.1073836662,71.2322979,-415.6253390973,-29.8517910961,-114.3539170935
0.8266666667,3.5494954095,-15.9751390766,-85.4395985141,91.1559725,-497.9482918194,14.6610474088,-472.5137419667,-110.2394206651,-170.7560974937
0.8333333333,-9.3209353902,-42.1127780784,-78.8771525349,51.134010625,-495.9761764006,6.7177780412,-441.8977313171,68.364348357,-280.1579547857
0.84,-4.8823522976,-43.7952557234,-70.8788479659,36.3362921875,-532.1252756163,13.3488687363,-496.6588232489,101.1103673885,-298.0726629682
0.8466666667,5.0028286133,1.2407605973,-2.6130275966,74.7572865625,-539.2432494975,99.3989400737,-491.8934240512,195.1639351635,-416.7417261232
0.8533333333,-3.7983728235,23.3506445863,9.0320378464,117.4752109375,-544.8076853631,147.992957035,-505.2263434951,163.2708529272,-461.5806306283
0.86,-4.2801769316,47.4286453429,29.7514967213,136.1121778125,-553.82101741,199.6173546413,-536.8500309327,140.9747585872,-479.6326984923
0.8666666667,-3.2118041179,6.4311980876,-90.6362500859,100.201784375,-599.69086141,43.7185343,-612.9445393492,-23.2234579419,-605.4317367544
0.8733333333,-8.8173476026,20.7045119796,-71.4176457006,114.808028125,-615.8687206319,78.5214656388,-601.5934994877,-31.4703894314,-533.5985512731
0.88,-13.0148550223,-1.9399595829,-136.3198740232,93.243803125,-633.9000331631,-0.6726209675,-618.3688176345,-171.3333935795,-562.497237257
0.8866666667,-22.8697429411,-0.4932799694,-118.1259067574,100.871108125,-638.6885592569,20.2102906975,-595.9464719287,-109.5500348705,-525.5928476269
0.8933333333,-20.6550170457,18.0108446381,-78.2601799704,107.2306478125,-671.98803301,68.7324854574,-635.6058539188,-54.3405057606,-476.1632063266
0.9,-15.8938425906,12.8780788601,-94.666187073,89.67394375,-692.5937711194,38.1922520426,-654.2473337574,-81.7560378153,-587.6755449803
0.9066666667,-23.8958442267,18.2435673657,-58.5958359133,95.291295625,-704.4171045538,84.8178738212,-673.1718617271,32.957300037,-546.4403396979
0.9133333333,-13.8443648231,16.3673198417,-70.4005183659,82.3137278125,-719.7261207694,49.5120870175,-694.0363779448,-3.1770060664,-582.1213849174
0.92,-19.7460446714,11.8076339865,-55.6300234153,77.9240659375,-732.7681327569,62.2640731937,-706.388977117,65.0952420017,-621.8570203942
0.9266666667,-19.2845166353,26.5047376439,-17.0497469756,83.6446853125,-736.4582912131,105.9480286638,-708.0040874208,116.6619668118,-605.3687472732
0.9333333333,-26.8001982447,16.0793263262,-15.2341052675,77.56163375,-727.97034301,98.2216301337,-674.7269265194,129.8260906317,-563.0981277302
0.94,-24.5837455929,21.9380517859,-4.7238285082,79.290816875,-721.7562132912,103.6292985238,-679.7972266575,116.8335289677,-550.0799577909
0.9466666667,-33.4424992684,14.9081015879,-18.3382141552,79.6494459375,-709.4945288225,94.9083189862,-667.0377184433,97.1784618683,-558.8325981214
0.9533333333,-33.3760095736,-4.6585132854,-63.8747876471,55.558225625,-695.0913871944,25.576860515,-653.8496585455,-0.8765771351,-504.5781505999
0.96,-45.0093269141,9.7798605761,-32.6437416994,73.626581875,-676.1610398506,94.2959066238,-645.4132942767,55.8100015397,-612.1754408565
0.9666666667,-35.2998816612,-8.6747970602,-78.4350883285,46.871784375,-662.4132204381,3.0261367837,-632.3264983554,-47.9538393444,-534.9993630029
0.9733333333,-50.9023299771,6.0388903567,-26.8320647517,69.1394175,-646.9454623506,93.4631292376,-619.4638960823,46.3629906317,-505.1057179991
0.98,-38.7315807251,-14.9232989814,-88.9172075368,36.0919534375,-633.8565108413,-11.039610725,-599.8352554215,-125.0296632169,-570.8680639131
0.9866666667,-47.3089456779,10.1686261215,2.3443396717,60.31182125,-620.4254724944,94.3805649575,-591.1384400485,220.7179222173,-493.6160108611
0.9933333333,-44.3572451887,4.2677906103,-26.3307643651,58.1050703125,-600.681532285,62.1605769963,-538.8607230451,-2.5586163236,-433.2389259007
1,-42.3819246557,-12.4998991607,-77.4484330698,35.367746875,-629.7615305788,-12.437014295,-668.4908334074,-48.5793933592,-565.8749042834
1.0066666667,-49.3071613658,0.6368564114,-15.1618049944,51.4163190625,-585.7249304256,65.9382512763,-519.0827090937,63.8148746704,-432.9124146351
1.0133333333,-50.0753444627,-0.4599349169,-14.7874882602,48.8591078125,-567.5260047381,64.6714638512,-482.5634808899,39.2666949152,-385.4430019229
1.02,-49.6830272,-11.0587772463,-51.4892983119,37.663896875,-592.7036301756,12.5154021988,-597.2765259867,-10.5221687373,-474.2953557489
1.0266666667,-56.8291643035,-8.7829328824,-27.7829594644,48.6893990625,-570.2382122162,47.2870348575,-535.9304593864,33.4010513894,-422.0961422206
1.0333333333,-49.773604086,-3.7990794119,-22.1717633875,46.7093990625,-557.0022772288,39.9455570737,-509.3718934314,28.3533884677,-405.674628261
1.04,-58.4982314595,-13.6691421707,-28.0908364332,37.0109859375,-555.5172313506,39.1106454263,-526.5660589129,40.5262298304,-426.7666219693
1.0466666667,-58.0025321614,-14.3049754607,-33.094398234,38.6025728125,-548.8786175038,29.4825412975,-508.2134984164,17.8903726914,-403.6138573684
1.0533333333,-63.6011503832,-13.5819085897,-19.1044017091,41.830816875,-557.3177494475,48.827090625,-528.3549243272,49.998853635,-430.990860686
1.06,-63.4230530045,-15.1240593758,-27.9065711928,39.018798125,-559.8345452662,35.0519109088,-527.5498893694,29.8535441009,-430.1441630434
1.0666666667,-64.1269429774,-17.0591328286,-30.4834836593,34.2118028125,-551.1546150444,30.7097791187,-521.3852905807,18.0926137785,-429.1926076904
1.0733333333,-67.3935380001,-21.0022088899,-27.4957404058,34.03,-549.1183204162,30.5116516676,-510.0279614928,28.9256290077,-406.5506090165
1.08,-73.7483431552,-26.081478749,-33.4288504867,32.4225728125,-541.3085481881,30.8118751225,-501.0387807568,22.9291057826,-393.9351176644
1.0866666667,-72.7339691449,-22.3474341773,-29.4000636715,34.3170421875,-548.2542667756,32.0572457662,-519.1966343724,13.0462786281,-423.899371305
1.0933333333,-79.4935325963,-31.1719818223,-29.7556299659,27.9885821875,-545.6891711038,31.3063706726,-510.3993513277,46.8517599387,-415.2805749894
1.1,-75.0133078776,-27.0512580474,-33.6423858378,29.211586875,-551.9574996975,20.4281538637,-512.2952187159,2.1249789276,-404.8251133731
1.1066666667,-84.6722097207,-35.5940350987,-30.7488455655,26.0006009375,-545.7232750006,30.199919915,-505.1549532475,35.715491255,-409.4285171826
1.1133333333,-80.3172380965,-29.6710523541,-26.3442153874,24.59836625,-560.4123236413,25.7123285038,-529.0157902815,29.4217277697,-425.4188943064
1.12,-83.4523818517,-30.6789010476,-20.3281880824,22.317643125,-571.6113770506,30.091280625,-544.0954279836,52.4210593591,-446.4458802636
1.1266666667,-86.3409230256,-40.8072788883,-38.2389643677,12.5121409375,-567.8762192881,9.0738610712,-519.3324797264,10.245624081,-411.7941990812
1.1333333333,-84.3751587811,-30.5011156982,-13.0460000035,15.7810328125,-588.5513128069,27.7298910138,-562.442765262,68.0456401519,-463.880662713
1.14,-89.4048107506,-34.4992906266,-5.885322888,10.7778121875,-599.0210664381,34.939832265,-571.7701595417,76.477055571,-480.6564454997
1.1466666667,-94.8367650188,-48.8992313414,-76.9236395767,4.2213709375,-602.1453478506,-29.7898478525,-548.9967697375,-98.1474244984,-411.3969682508
1.1533333333,-89.5442617248,-38.0467000609,-19.3863893673,-2.235239375,-613.4898370506,10.1940296237,-599.6596722006,7.9996370777,-513.7270444212
1.16,-99.2901077377,-39.6487670473,-10.6677345184,5.0709575,-604.7580416225,35.4526649413,-544.9271436571,93.1436473992,-435.6835335728
1.1666666667,-98.2495346158,-50.523065102,-49.2252084485,-12.4435771875,-640.6246486975,-29.6823957075,-628.3896731307,-20.4574251016,-528.3826329225
1.1733333333,-105.2151681986,-38.8821004527,-19.2864402474,1.9091546875,-636.8388566475,32.8039222038,-598.2783721769,-46.556390746,-509.4920872085
1.18,-101.3707455426,-53.8673083016,-37.8791379785,-19.9178590625,-632.5388918475,-26.8985855375,-590.6005131268,93.8758564223,-467.5686848517
1.1866666667,-103.1113302326,-48.5467654788,-38.5252730382,-18.7749765625,-648.2316982694,-17.5568475662,-606.9956132813,-3.4270427042,-499.2475988934
1.1933333333,-107.3871233064,-49.4915444768,-32.0873233153,-22.3609859375,-664.4913685975,-18.0893721313,-627.9600134026,65.4443108927,-492.6528431788
1.2,-106.1360919918,-47.9681879045,-40.7405400376,-26.128798125,-665.4662053006,-15.3180004537,-628.2815924784,-159.5182338216,-575.0783176866
1.2066666667,-101.4780293338,-45.8036782556,-31.6682690203,-33.352835625,-674.3320456131,-38.9226468938,-635.5230923671,63.3284707161,-502.9831766054
1.2133333333,-106.0226051863,-45.8141831073,-24.1922073554,-37.71836625,-683.7074105569,-24.5031825,-646.1707452396,11.712579702,-552.9016974186
1.22,-109.0063389784,-53.0735997103,-56.3333507752,-43.9966103125,-691.1464985444,-60.27305251,-652.098039527,-71.841549136,-532.8944438576
1.2266666667,-111.7113405742,-45.8919646771,5.4420046267,-44.9117559375,-695.28070726,-5.4589908975,-667.7646882303,87.5221793445,-593.8900936233
1.2333333333,-110.4817050059,-51.6822900436,-30.6072680216,-58.1126196875,-695.65201011,-46.86105677,-659.6497520043,-10.18132376,-553.1364680931
1.24,-109.5507851833,-59.2459084032,-53.4509694719,-69.20528625,-696.4049188944,-87.6863320425,-667.6808843708,-50.5923393825,-594.9039594764
1.2466666667,-122.7921706555,-45.0936131263,1.0028341134,-52.3507984375,-700.1911108569,7.5310859525,-638.4424021048,55.0951953665,-515.880225913
1.2533333333,-108.3432490183,-45.5504404385,-19.0251934613,-67.415624375,-708.3480938725,-66.4384781413,-706.954645166,-28.2697775892,-658.886059556
1.26,-118.6564483169,-53.3309799665,-22.1839868592,-76.596009375,-716.541470035,-57.7472705288,-677.2570966668,8.1200138213,-569.0257004472
1.2666666667,-122.5089525906,-59.2592268902,-42.5669248732,-89.2394928125,-722.3803703631,-79.6227258612,-679.9470674637,-49.0929732552,-568.1965946973
1.2733333333,-114.0268880676,-41.5618861987,-10.0948931967,-78.465051875,-721.0015318225,-59.4157531813,-685.3773057084,-7.5078354373,-593.7996208584
1.28,-121.4210847972,-54.5936184343,-36.8754838301,-92.52846,-725.8140783506,-92.4888144488,-691.2015989308,-56.8340781727,-601.4419221448
1.2866666667,-113.5439214331,-30.3746156034,14.5434746826,-83.3360846875,-721.383266085,-45.1488678325,-699.9414585669,24.9888417095,-657.6161687444
1.2933333333,-117.348911455,-45.6346092155,-27.344609374,-97.1478121875,-714.4098836225,-88.4048020913,-663.7726335193,-61.3642993373,-513.0611590303
1.3,-114.9612891981,-38.9360630807,-31.8721281096,-99.8461784375,-711.9078255256,-97.31352734,-675.0828522688,-109.54010501,-537.9063057844
1.3066666667,-121.9046833067,-42.7481756949,8.169464482,-107.871155,-710.0988232975,-70.0454122887,-677.6218787035,62.3235654753,-643.4885142799
1.3133333333,-117.7364191163,-41.524803252,-24.0248203866,-113.2125728125,-690.22987686,-102.8262157488,-657.0431214259,-22.8551657148,-600.7823736973
1.32,-117.0872394894,-40.3201338862,-27.7916273147,-121.083990625,-685.9184619663,-102.2912219688,-652.9809293504,-141.5796071748,-475.0362621902
1.3266666667,-116.9044605964,-40.5108202158,-17.2919079577,-124.5165634375,-671.8754898631,-105.8279615237,-631.9976536873,-3.8680092676,-577.7672516833
1.3333333333,-109.6752514235,-29.3684244871,-2.891764504,-126.2785353125,-658.5381513538,-96.6827426225,-627.3211579258,-27.7404680706,-559.1200267653
1.34,-105.2241845131,-28.8147265867,-20.671213421,-130.4749765625,-635.3390802725,-116.0416638163,-603.0955002763,-89.8557195404,-488.7176744497
1.3466666667,-101.5782261703,-28.5274622956,-26.2807610607,-137.350385,-618.3228912288,-122.7087387687,-561.903609553,-77.0241845666,-438.291817768
1.3533333333,-91.2520564994,-15.2385108341,7.4487113169,-134.655145625,-587.3147959413,-102.87962498,-565.6615532568,-36.474986684,-508.850668713
1.36,-88.7845448296,-16.537530115,-3.6656935653,-133.871878125,-550.8278665631,-102.4648278975,-518.0447961244,-63.7587733996,-402.2201388801
1.3666666667,-89.7220483179,-26.7542925882,-35.167663473,-140.871493125,-508.6614552819,-118.2634231837,-455.8234884024,-96.3242321197,-353.6362588362
1.3733333333,-65.5459591809,1.8937803723,59.8414132235,-129.4783946875,-456.707709335,-44.2334632263,-436.2973935504,100.9988684697,-379.1328496254
1.38,-68.110458614,-17.2094271837,-23.3779610138,-128.6167325,-407.1193148069,-97.425789395,-349.1812198364,-63.3570757789,-188.7372474902
1.3866666667,-54.8612229116,-12.1801681546,-6.931107255,-114.229089375,-338.3634034881,-75.8498636738,-287.2811903744,-22.1594458359,-192.0054688088
1.3933333333,-38.2005230302,6.8358333999,50.109370776,-89.1915215625,-268.7135703975,-15.4383584174,-254.9294254815,99.6050971847,-214.4862947889
1.4,-31.7361594666,-1.3199922415,12.3865468568,-80.4648828125,-214.5093181881,-32.011800275,-177.4963006401,18.0426014348,-60.6906765447
1.4066666667,-12.4995509854,22.1967926538,44.681286628,-29.1244509375,-165.6527894881,8.7743639662,-116.5869024691,109.0015272864,-51.0325353925
1.4133333333,-10.6264334825,4.9918759833,33.116709853,-47.449568125,-112.098959935,6.8531766313,-74.6178916731,45.5615983272,27.4722827751
1.42,5.2059880378,-13.4719984929,-18.8293506096,9.5143471875,38.57494769,3.3273091012,97.4460346333,5.3773025693,179.8205270988
1.4266666667,5.7137914357,-5.3582976443,10.8715687844,13.0292015625,27.1540950088,23.25464433,71.5931907241,76.334325084,124.4366514199
1.4333333333,-1.7790415338,17.4131138315,78.2938778012,35.996956875,15.2278305087,137.6248293674,47.1437516844,185.0918836633,157.070061672
1.44,0.949758855,-2.6300410714,9.4874944329,10.302159375,20.040756965,35.4747523276,55.6348524601,47.3841254657,152.7037265107
1.4466666667,3.2640605957,3.9690688516,24.3793729883,14.180619375,10.1088693181,37.5816003413,31.8033122814,61.6938791692,154.8517109424
1.4533333333,0.4159784356,7.7674197309,30.9905222931,26.300806875,8.63323649,72.5430669075,57.6296271897,71.8352747055,222.7400569533
1.46,22.0013487177,15.5862304173,24.1359973328,8.99461,26.5243936431,18.73964197,52.2852263826,28.428583384,199.5562152984
1.4666666667,25.3201064632,17.7225699062,25.5401349966,22.5285721875,39.4444946181,37.6677312188,81.0997730084,16.2895660808,258.2145005498
1.4733333333,27.1268212342,12.8064194836,27.8634722185,23.4069384375,52.1465677713,42.5689548749,103.9046986656,33.5641336831,261.8721084642
1.48,26.1685341389,21.1711068404,49.9088448343,33.726478125,37.7613034994,56.270026875,72.5270401825,71.2307182348,237.7589072035
1.4866666667,19.5379132928,6.3433814966,-19.390408713,22.029943125,30.0744100869,-6.2427764625,102.7967198004,-111.1333198424,335.607828765
1.4933333333,28.7348010454,26.4921491136,58.092941481,22.74076,26.98913859,55.542400795,48.8717035807,70.649858431,186.2577470882
1.5,1.8772246496,7.6815643923,11.5789463835,19.2104971875,-3.6414834006,29.3170033013,32.8966426325,-23.2253235068,206.5412946257
1.5066666667,21.1492933273,24.8205370108,45.3942787114,19.7996803125,14.6423876525,45.1246365599,32.4171293791,38.487013368,173.1037570579
1.5133333333,13.9209885423,13.1563330926,16.106426733,7.3295865625,12.1383885744,14.6469115413,28.0220375064,-18.8844481288,185.9565432528
1.52,13.6530448107,8.4117532529,4.8291855153,2.8659340625,14.6145564056,-0.87629503,41.5358377511,-48.6108426999,192.5796668393
1.5266666667,1.6048533293,6.5723311084,15.5099156326,9.2719434375,-4.7510865663,16.885444005,6.5814862914,9.5400286109,112.25749227
1.5333333333,12.8592770038,6.4301279466,-0.4849065608,3.5828825,17.4223905713,-8.4219458912,33.7646063794,-47.8594645712,155.5105727008
1.54,18.4738326261,15.951856832,31.6339781651,12.44701375,20.3468959119,23.4428239937,40.984512857,62.7809203577,175.5819971204
1.5466666667,20.0120022997,17.4556692311,17.2237089084,5.7995865625,19.920354915,17.0597004813,26.1255919504,-107.5211958627,82.8327932218
1.5533333333,20.6258195601,8.9487885778,11.0699036729,2.537258125,25.1354201556,-19.1892813238,36.9098465687,40.1113957743,132.9579848417
1.56,22.0411211483,21.1386166935,45.4224098013,20.28105125,26.2469580025,40.4932861137,43.8931237649,91.2034016697,195.0356650097
1.5666666667,10.1549198862,7.1704028871,2.900094409,4.48932375,13.1189506275,3.8565496575,23.9044148779,-73.3330427266,51.3026275518
1.5733333333,20.4081379937,20.7279612157,43.7497476986,17.6348728125,30.5290067212,49.1149952325,39.6041152489,30.1774112326,148.5205785697
1.58,2.4828860535,-7.1729960173,-25.3945749537,-11.63538,-3.2039446319,-55.0884588975,9.2621023096,-55.9430173756,88.3741224916
1.5866666667,10.0674552878,7.4917849798,19.4496284542,12.9124221875,27.1621027025,30.6324288688,49.0605259138,-23.8865082691,126.8873943015
1.5933333333,16.572527171,15.7842362298,35.6138233805,17.5782625,25.3840069525,39.36932314,47.7017401705,3.153560938,184.1873015587
1.6,15.7403448112,5.6325948719,11.6830068427,-4.3394459375,17.95462864,-31.1305102175,30.0333929613,163.9266049824,101.7881617593
1.6066666667,19.387658416,11.7249057756,11.3547725424,8.2567040625,30.0115135994,10.7574832462,53.258896126,-156.6767984917,144.314613817
1.6133333333,17.1645447822,8.2817703382,11.7655848677,5.88970875,33.3082760681,1.209978975,51.2575359566,-51.7229355031,186.2737775462
1.62,4.6172368961,-8.2931897614,-12.5000411529,-4.1314178125,24.7757218525,-25.585102585,45.5531087999,-47.1834171369,118.6941087467
1.6266666667,13.0292363211,13.3720031537,40.4192297385,20.1513140625,37.115620415,51.5358207413,71.4319631143,20.6391524453,175.3564792926
1.6333333333,13.2428024791,-4.4021727787,-19.1467300746,-10.706103125,29.6529623056,-48.573046115,34.2715999272,-94.2576003171,143.7756017917
1.64,8.9869490085,8.7889971224,27.6313181975,20.2561215625,42.6379251837,46.7922105325,70.9600937431,-11.4858370295,137.6947457425
1.6466666667,11.4812776237,-5.6009059314,-19.1917522603,-8.0430984375,26.1057967025,-46.222541655,37.0004805598,-66.795859473,91.0860100462
1.6533333333,8.8033655841,9.7899902967,24.5473824344,14.7980465625,31.35042069,30.6990220688,51.2175146861,-16.3040614192,145.5747634277
1.66,12.0192158933,7.9183697472,22.8060772112,6.424563125,34.2441028556,21.6041450712,64.2244660301,-24.6177630768,164.0991798701
1.6666666667,17.1182948435,-0.4188894039,-24.7631008224,-6.7758871875,30.3858663213,-54.2914690424,35.3277317901,-115.2539191365,89.9863599123
1.6733333333,13.1468076685,13.2408630869,31.4405864916,12.4231921875,30.1978614025,28.8450014062,65.9651535411,-21.0863060077,154.4900998503
1.68,17.0837128103,13.5500064337,33.8487375235,11.978600625,42.1313139463,24.913933425,72.3524266741,10.4905960109,132.5143167067
1.6866666667,15.4757401925,-3.9901165062,-40.0008971618,-10.632544375,28.9887886306,-71.2746905125,43.8439853214,-161.8649907745,115.8421020738
1.6933333333,10.2418673438,5.1771776995,23.1841087671,2.93009375,39.0870457556,15.7612598075,75.4525970363,-3.7136781384,140.968852225
1.7,15.056142418,11.0986584759,21.3188965896,7.430525625,44.2195263494,10.204159485,75.7060317895,-40.825527801,141.1929337231
1.7066666667,7.1021023468,-0.5994461025,-1.850520193,1.26163375,41.0998091463,-12.3297940551,58.8106515726,-68.0938773412,130.8767069076
1.7133333333,15.4183659537,5.7578028486,14.0964261874,0.881201875,49.9657009431,-6.4275721024,75.4396087225,-17.3853316444,103.2241481101
1.72,1.7762628237,-4.903477162,-16.5985897269,3.5754553125,25.2730419088,-26.7168552976,73.6404675984,-99.3945682935,133.2467762604
1.7266666667,13.0421026709,6.9392110075,8.6422610542,-0.806779375,46.6925411806,-8.2033954562,65.9312143212,-55.3769172003,115.2035201142
1.7333333333,5.4928166143,-2.6444800225,9.4269692525,-2.6173803125,50.3541909119,-12.6026176813,103.7345244798,-48.0135325633,184.7208920382
1.74,6.8856968807,-1.7680770814,0.1436548622,-6.4158403125,50.1234822369,-21.66616236,100.2276706958,-79.163034582,165.3388983068
1.7466666667,1.9109342561,-3.4822578043,-4.3924367014,-2.9694459375,26.3420424462,-20.8083892726,73.0087672709,-51.7784407065,107.3326911335
1.7533333333,8.6691454025,-9.1768095591,-14.144209056,-17.50182125,43.7187626494,-56.6669617024,91.3463479372,-93.7372823825,217.0547669908
1.76,10.5286998838,4.8149726064,12.5679845463,-9.00615,44.3665731463,-22.4374408725,105.6848167218,-43.1575249664,166.7164152996
1.7666666667,11.0736630254,2.3520007854,10.5951946806,-13.11461,46.3005490181,-31.7394680862,99.198831551,-47.4316236282,202.6733433896
1.7733333333,8.5518253419,0.8193301995,6.7196762363,-14.32220625,47.4678460275,-35.1267922913,107.6673698831,-37.5437014494,157.4808171389
1.78,2.8447446406,-20.8482748095,-36.4212027986,-34.6424875,46.9114199931,-81.3014145025,76.4928245439,-86.0358105024,166.0527098187
1.7866666667,0.661119651,-12.3377551565,10.148180697,-27.6181871875,49.935341765,-38.3582447575,98.8270293413,29.7057993365,169.12502449
1.7933333333,-1.9038772964,-20.0601190664,-18.8304190748,-34.2182809375,46.4296615994,-76.7657310662,121.8695106047,-90.7250976722,315.8105182499
1.8,4.3667164474,-13.570780444,-19.8120004551,-29.2870790625,41.6628696244,-79.9929617475,100.9392118378,-61.8128811075,201.8625943918
1.8066666667,-1.667054778,-15.2501853984,12.6902350047,-31.6486659375,33.6584978431,-33.7980767063,68.5048782417,65.0892525458,198.9645004011
1.8133333333,3.8593215742,-18.4133042946,-10.1417036648,-39.6891915625,23.6002636213,-77.7333734875,89.5905721652,-15.7956378175,231.7263984596
1.82,3.7617077633,-20.0214423132,-1.8480149007,-42.5528440625,22.5388508806,-65.2666354738,61.9763649076,16.6597201083,248.916147748
1.8266666667,3.8536029356,-25.6163279157,-12.7695431987,-47.70392375,13.6668545713,-70.37806961,28.9568541283,39.1498146521,143.2575093001
1.8333333333,7.548578749,-28.8920785036,-64.5177240894,-49.7192853125,7.6543705962,-111.1566745663,-3.523582884,-96.2456943644,58.8005058018
1.84,-1.642183051,-36.7081461623,-31.6993211128,-57.3873603125,5.9848408931,-92.9400914187,41.0433405381,-8.8903592308,231.2500933384
1.8466666667,5.3852247007,-17.8165537007,-6.7161034554,-35.52142625,5.6545396587,-57.8022260526,26.2097871409,27.9305839136,163.7925448021
1.8533333333,-2.9155835093,-25.7583911173,-12.3904371915,-33.8759240625,-8.4786502319,-54.2894961375,30.5473118786,16.4352785085,180.59313029
1.86,-1.157261347,-21.4890944419,-15.1395805354,-30.4822715625,-2.5894511256,-54.6139744538,29.2092358229,0.1984952362,190.9071129497
1.8666666667,1.5497907819,-14.4491738259,-17.760743122,-26.41758625,21.65283259,-56.3911777225,40.0694046968,-23.8848147865,146.8186982486
1.8733333333,-0.1265441804,-22.7007173563,-46.7453566686,-29.3914546875,1.9053204088,-77.1721175812,13.5872249884,-54.6482286111,80.7993408244
1.88,-0.4540476752,-18.7521923835,-49.2624966938,-20.240713125,2.4161863119,-70.6496428575,8.3307359466,-73.3600845677,54.2669495982
1.8866666667,-8.7346592372,-57.3588541698,-147.2594221799,-7.6217090625,-423.1609049038,-45.9527382112,-390.4383133647,-97.7399288571,-363.3561216237
1.8933333333,-13.9142580809,26.5425666819,39.4835403459,85.8981671875,-336.1210869006,163.72627111,-193.7392659651,75.112581178,-99.4745746653
1.9,8.7137133654,30.4383881768,13.6545637993,89.9771728125,-406.9726999006,118.8624550349,-310.7780938704,-17.2656331531,-86.094522519
1.9066666667,8.4705414385,8.7125399801,-52.7856289442,102.4949296875,-513.8081897756,67.8517141688,-474.9135865917,-93.9012923692,-188.0503519347
1.9133333333,-0.0110066772,-20.9646404057,-88.5502300518,92.8912871875,-524.8015153631,17.8546964913,-501.8319159989,-76.5894021147,-236.8957996961
1.92,5.1683296615,-29.5886693548,-72.6903561659,62.8755975,-546.3080350037,11.4708648037,-506.6018329702,43.6623904057,-363.0383495621
1.9266666667,10.2104950407,-33.9381249218,-59.5819190471,47.4501890625,-582.2377978694,1.6300375462,-524.5029757459,122.0683373901,-345.2705528737
1.9333333333,2.1453025912,29.6156749403,56.3426804788,121.7956896875,-596.8763099756,197.6166404075,-535.0698975124,268.9284801576,-469.1476678665
1.94,5.6029520285,32.4223633001,15.931040356,129.9127603125,-617.3122477225,159.1082106712,-586.19472576,155.2047011693,-507.9495734856
1.9466666667,-15.9372595356,17.7990680753,-25.6548622018,129.5159340625,-623.4353925725,155.2902065575,-623.122510573,87.7398444294,-605.2515596896
1.9533333333,-5.7150951053,7.1700182634,-81.2504899928,109.44548375,-659.44325886,67.7966661162,-669.3645105547,-3.5625175937,-629.8486113187
1.96,-8.8659314131,2.595095975,-108.418452168,107.32144625,-674.94136906,32.2941839187,-650.1742870439,-98.6852486192,-574.9333457514
1.9666666667,-15.9767857244,14.9114594231,-81.4671650931,126.469615,-685.0797703506,77.1521039725,-664.8635778417,-50.5085169696,-593.7735182421
1.9733333333,-13.3920326492,11.6866782097,-89.9198021508,110.682741875,-694.2518390537,47.3003885188,-634.0058443931,-97.6384106251,-519.2270152253
1.98,-15.145030177,10.5187186089,-89.7356211305,103.6781503125,-719.0415490319,47.5004041913,-685.1064954784,-64.6882106229,-531.490942483
1.9866666667,-10.3202849172,16.5386939604,-71.5831966951,95.369568125,-740.06742531,57.1831286338,-698.7581359776,-7.6851981602,-622.1214947442
1.9933333333,-13.3404672531,18.040178446,-59.3777228847,97.62077,-745.3104186256,72.6572878962,-714.4435265097,-12.4647849858,-550.1358135879
2,-17.2575292084,17.8962644668,-42.4105045352,92.89163375,-758.7550469194,91.22496587,-737.00609521,103.0112447121,-703.4853616288
2.0066666667,-14.3360004561,15.3860786806,-34.8355673281,78.0813709375,-754.008452285,81.4310313363,-718.3559456777,69.6447524942,-578.1931789163
2.0133333333,-19.4645556174,14.8514947174,-24.0323720269,82.2881971875,-751.8417108694,92.0651010712,-726.4495584356,134.8214313472,-669.012313301
2.02,-22.2041868402,11.9580871266,-25.4943160142,77.1121878125,-728.9956466288,84.6051969988,-685.1917503808,71.1595123587,-547.1975737072
2.0266666667,-27.6546839765,6.0652410146,-22.3218002736,68.59,-709.3995336631,84.040881895,-676.1519650628,120.8673811812,-597.9614950622
2.0333333333,-23.2005511583,9.6688258774,-33.5861858116,69.0390140625,-682.8720528381,62.71593732,-641.9627871178,27.9891426597,-517.1370961984
2.04,-28.2492901841,12.4084277696,-27.9906217196,72.8802628125,-655.5530586006,76.0705636425,-615.7601260935,27.7986620267,-542.9289923649
2.0466666667,-23.3972946458,-6.162323581,-73.0252384791,47.911399375,-645.0279970444,-0.9909994099,-627.1624048163,-41.136310292,-541.0458457523
2.0533333333,-25.9984872681,12.2532199461,-20.4340484151,59.657305,-619.9061550444,67.5677585199,-569.7201568244,-3.6186197361,-433.2272571224
2.06,-30.9490625144,-0.2829134277,-36.1329725686,45.675624375,-618.7207744225,43.3116612113,-592.3326091367,43.4087163293,-537.1453857011
2.0666666667,-23.3863173024,6.4150240557,-31.3269455849,43.9430046875,-606.7762978225,37.4356927363,-574.0013119668,-2.4160855938,-487.97091891
2.0733333333,-31.1447682189,4.1738486057,-13.3753707053,41.6334834375,-587.8770306287,61.00383336,-555.5441004431,56.7334081681,-459.6005923217
2.08,-36.0640807095,-20.3667694277,-62.9220131956,15.6541128125,-583.899848885,-1.953176125,-560.8476157542,-23.111191849,-463.6277144711
2.0866666667,-28.1391786401,1.6108997611,-18.2014102345,35.667643125,-552.4767277037,38.3845294312,-506.9112319146,36.6517404952,-426.6224776068
2.0933333333,-32.9457876407,-6.0954625472,-37.2397280973,28.5945915625,-558.7915063038,23.8503405963,-536.0710675687,-32.0344697879,-444.8955696589
2.1,-32.2073597639,-5.3995311686,-15.8778370719,27.42278875,-531.1412900631,31.0289791862,-485.4399577323,71.5151665804,-379.7663189517
2.1066666667,-34.6479218001,-7.6656428284,-30.8072883621,24.106009375,-531.2011302194,22.7277434462,-503.2240178814,-4.9708403519,-402.1503182544
2.1133333333,-43.196285659,-16.3577094407,-30.3745291601,23.3678121875,-521.91531911,24.6901079263,-483.525605908,35.8183057244,-395.1666001786
2.12,-44.2917887001,-16.3343427612,-28.2514758934,23.9281971875,-521.8702039162,25.5629931538,-486.5173632609,27.6863697597,-382.7789088453
2.1266666667,-41.8603179952,-18.8571918694,-42.6178152518,21.87231,-525.0025760069,1.82876307,-489.1580061379,-16.71823326,-392.2309272475
2.1333333333,-49.600587026,-10.6848020476,-7.8055071451,25.0967509375,-525.515723935,55.9355482637,-489.1040516631,63.3543467956,-387.1665614859
2.14,-46.2634892252,-18.3918182803,-29.1595081488,20.562356875,-523.1727948631,15.5693495088,-497.7198370368,22.7443266469,-404.1335846838
2.1466666667,-53.8423040425,-26.8163723893,-42.9678835171,16.1273803125,-531.3116238819,7.2156822825,-495.5102521164,1.7001109425,-396.3549297487
2.1533333333,-48.4762324211,-19.7744421858,-26.940089893,17.945530625,-533.8079636944,12.6959932213,-504.2836176429,27.9975610932,-417.0618138327
2.16,-51.2328888573,-9.7874696384,-5.2879693224,25.9139153125,-539.5955722412,48.0252498175,-500.0404508525,42.9736492855,-399.7455593676
2.1666666667,-56.0392452102,-27.6565185327,-32.9180904295,13.6029578125,-537.3667791881,6.8787613749,-501.8867307288,24.2303227149,-411.9731860727
2.1733333333,-56.7567940865,-17.3525208422,-7.1055206723,21.7951925,-544.2589626944,42.6876206451,-527.7129454319,7.4992223752,-464.2121226203
2.18,-61.6199234661,-30.8493740185,-50.6335689661,18.08798125,-537.0068485037,-14.8092752863,-484.3436718634,72.2112903915,-315.2023773455
2.1866666667,-62.9092279976,-27.7149641147,-28.8596956549,16.0757465625,-546.5203708256,21.27631005,-524.9302733985,-87.0987487858,-501.8758690546
2.1933333333,-70.7466460927,-23.8916547119,6.4673420472,22.071680625,-553.9717265475,50.3778268537,-509.0777331129,217.6653423154,-348.6252388539
2.2,-70.1759060018,-33.6529137718,-47.9256076217,17.4133896875,-562.64990391,4.7268132875,-531.7004713111,-141.8903292383,-489.8377319779
2.2066666667,-73.8679181995,-32.7209555277,-15.7184613193,11.3421878125,-580.5819864412,20.0774242713,-549.8311858278,119.6938505072,-420.7203930888
2.2133333333,-74.1567964128,-30.3627833666,-19.8597409313,16.6330046875,-584.6770306288,19.8225281537,-547.5148447508,41.4445146858,-439.7303755136
2.22,-81.6252534019,-40.2171232004,-35.9604211919,7.742356875,-600.5873818163,5.3620690725,-563.4743331009,9.7792605405,-465.3563168967
2.2266666667,-76.6404525496,-31.7636527401,-17.881107791,10.0377653125,-619.03748571,8.6268501063,-597.3455069898,43.2565896484,-494.1782574517
2.2333333333,-89.6235516061,-31.0326193752,-7.6063521409,17.7215584375,-617.6737005756,46.9255597975,-565.7846305312,61.6163905852,-459.8790063466
2.24,-90.1857990018,-53.7451667675,-59.9746502762,-4.994948125,-635.6601232288,-35.0804799775,-603.9442021987,-37.0570903072,-499.9766030167
2.2466666667,-97.9908810401,-39.3731209559,-11.7464718771,2.073699375,-648.8795348912,34.9639596375,-615.6420642461,64.7125369033,-492.3536317079
2.2533333333,-103.2761234864,-66.5577604739,-101.514054137,-12.9787228125,-660.7107012631,-64.7177219213,-622.0679328396,-187.1776088572,-493.6275305742
2.26,-99.8336687979,-33.1831617386,34.7357459489,8.6247321875,-649.2147360037,68.4576426613,-612.9766723781,209.5142370853,-523.8106888505
2.2666666667,-104.0477921366,-49.9941031481,-42.4098761543,-4.9485821875,-671.038094335,-10.0854018475,-624.8015237414,-12.7461323996,-503.4210527912
2.2733333333,-103.2282137052,-61.1079313794,-65.5553855522,-23.7459809375,-691.22916726,-58.2632635287,-663.6250418229,-51.3084358047,-562.6147831023
2.28,-107.2742965811,-38.1574978419,-1.1608479008,-7.9051740625,-691.7769093662,35.187208055,-640.4434445149,47.169964331,-520.6227203269
2.2866666667,-112.5893524899,-70.9315425281,-77.9731952425,-40.6496334375,-718.3206945006,-78.6129695325,-696.2824546453,-66.3627198825,-596.1556342183
2.2933333333,-111.023209319,-49.1394686344,-19.8569856548,-25.7152678125,-703.5199466381,-0.9274699163,-652.0618237358,22.5006886898,-542.4567425168
2.3,-117.4820733915,-52.5217607852,-19.5854360982,-33.262695,-724.41101111,-2.5443890549,-681.3410628466,24.2759642849,-579.3060441118
2.3066666667,-107.7432338313,-57.025764505,-36.9122689588,-49.788075,-726.0227192475,-54.3006715688,-695.8485592901,-11.7881626866,-587.1027709452
2.3133333333,-110.8917260353,-59.0172599711,-43.9650660362,-53.4082909375,-734.7226866631,-65.878760215,-706.4305865336,-25.319189683,-600.4518159308
2.32,-118.5207974986,-45.9410329495,-1.1544587861,-37.59586875,-731.3613272569,5.2796288813,-687.2182905257,1.9868564632,-562.7737184843
2.3266666667,-121.7026594044,-58.053693025,-20.8982849611,-58.67355875,-736.2507140225,-34.8636844513,-694.9328503679,60.5556997308,-632.7855913727
2.3333333333,-121.5004505393,-61.5942428148,-30.841363068,-69.49201875,-748.9373593756,-59.4749094675,-721.1546423906,3.6345892125,-616.9479562105
2.34,-121.6335188577,-57.341379633,-25.5527945235,-70.2089671875,-746.2604676537,-50.8712665425,-710.1842433872,-27.7106013105,-605.9508078698
2.3466666667,-123.7127553328,-57.6772712402,-27.8330286126,-74.0521878125,-751.7679387975,-60.1560334175,-716.6536477562,-24.0373263335,-622.6256762564
2.3533333333,-122.4011975372,-51.1259507912,-12.7448938808,-71.510385,-748.3438184569,-51.395320605,-714.8545052776,11.7141780751,-614.7357333238
2.36,-124.9204236374,-67.8424914417,-54.2142697049,-107.2664596875,-755.5974277662,-111.9873897412,-731.0660113447,-70.1826730612,-630.5050468045
2.3666666667,-128.5655892846,-40.1051728598,7.4832301329,-63.871211875,-742.110148285,-12.33199525,-681.8854689384,21.9805397599,-586.1931205248
2.3733333333,-125.6877874854,-58.0921320858,-40.636846279,-101.1762721875,-748.2816572319,-101.9380886625,-718.5336014404,-62.8911576526,-608.782227385
2.38,-117.7996063382,-43.6386409314,-23.2136331469,-94.0451925,-732.5717857194,-85.5423878025,-686.2034597438,-34.5624116744,-565.9403062496
2.3866666667,-113.9836899458,-37.8552535378,0.9117654222,-96.6833896875,-710.7844904006,-71.8722708787,-685.4069135372,0.9261692153,-623.246634953
2.3933333333,-110.2554719631,-34.740090817,-17.2181330776,-100.9529578125,-695.3453440069,-87.4011755588,-650.1690742474,-48.5010108249,-535.8286501491
2.4,-105.7379881928,-24.635575416,18.4626698064,-98.51154,-675.0393164975,-65.8303905863,-665.2369841817,14.3134649017,-654.3502142776
2.4066666667,-106.8885090071,-30.7084748259,-7.8647302823,-105.59355875,-658.3725235975,-84.54876731,-609.0078956894,-12.1172429059,-504.8440557931
2.4133333333,-97.6178685405,-24.1476566888,-8.4644493945,-115.6833896875,-640.80101111,-95.3599918075,-596.9003952642,-61.0711287774,-445.3253669448
2.42,-104.1818552953,-29.2130534366,-5.5703342653,-115.0297371875,-615.4496778287,-90.4588237775,-590.7165199668,-25.9337406936,-527.7364807152
2.4266666667,-96.6907598762,-22.6772639363,-7.7177847178,-124.06154,-600.1360785037,-99.8349987313,-571.039577913,-39.2394643274,-524.8604897466
2.4333333333,-95.6539284294,-28.7732852514,-42.6785318813,-125.5265165625,-566.142510535,-120.09274395,-510.9397253916,-131.6115294179,-357.7313304523
2.44,-93.3741519437,-21.1396080763,36.1320745954,-131.7065165625,-536.418452285,-58.0660711613,-521.5720398046,96.4149031208,-489.6588703852
2.4466666667,-82.3409885163,-23.7651588543,-36.0226768114,-134.8777184375,-487.7611712569,-113.9285427387,-437.101610814,-89.6955368127,-323.1051405852
2.4533333333,-67.8832402542,-12.9011793828,-21.308310591,-115.5556059375,-429.3792261288,-90.3029445188,-369.3837602575,-79.6623895089,-220.4268529261
2.46,-62.285513545,-8.7255025737,48.9193057912,-112.7493053125,-373.4877786506,-28.6105624675,-343.8371731789,150.3969502926,-270.8294464795
2.4666666667,-37.0307372805,5.6131060052,-4.5696789869,-90.1447421875,-300.02166661,-62.48769469,-257.3993477148,-88.867749202,-147.1738238999
2.4733333333,-31.9251233892,2.8096990379,35.0939779923,-96.0273334375,-250.4150329319,-26.0809205762,-219.9527819688,78.5421294296,-126.5821813536
2.48,-15.8169305465,11.7089796189,24.9044784935,-60.342554375,-171.6762260506,-11.536548695,-132.0807283887,42.2509242611,-0.5731476747
2.4866666667,-11.4537861846,8.2942248022,34.2486033912,-39.5620471875,-123.9649328819,-3.8592848775,-81.4914014084,201.2063434665,-81.2660178566
2.4933333333,-2.9924721821,15.411664773,21.4367223884,-2.4029109375,-78.5213197288,24.2039181337,-32.6800930175,-68.6020794564,144.1396816531
2.5,3.0201782503,-10.4230808399,-5.470519318,5.1510796875,35.22977594,17.9254981913,85.027628666,30.2988421375,190.2836937194
2.5066666667,5.8382092031,-12.0689033627,-18.2035281555,12.968600625,36.3751336588,1.57244805,91.0798618475,-11.2885386842,142.3025020727
2.5133333333,3.3835231973,5.4104928718,63.8150525657,18.543886875,21.7460673462,82.4315266687,40.4120566123,173.6325640148,72.4741227859
2.52,2.5098173501,-1.4277710257,-12.1595545068,15.6956428125,14.8799811275,9.5016084525,59.0890549093,16.9180397864,212.3310640603
2.5266666667,18.2266959832,25.6584136673,73.4180074394,32.80450625,37.0128945213,116.1518927975,60.7144129506,75.3508680696,88.4975320194
2.5333333333,26.5923762727,7.2430992256,-14.4162216598,2.516873125,34.2048985181,-30.7900541075,71.366936697,-78.0606309694,217.4320749516
2.54,23.5152072002,20.9023250662,42.3150958864,21.29874125,29.7350511369,51.5762819487,64.4086702156,55.8964182985,195.1336552708
2.5466666667,22.6094375998,17.1372826044,36.2329272912,24.034750625,32.3582785244,47.5002527825,76.0228867356,42.3515971326,228.8556073525
2.5533333333,25.8644877561,22.976601609,39.1503564332,24.692825625,29.3243124931,60.115736985,87.9834900781,-37.791572295,281.7334648447
2.56,19.1787466861,10.6437320066,38.5163543677,14.95076,33.4120773431,39.8590492775,82.7505080929,178.1057796754,329.1303959935
2.5666666667,23.9119949516,18.9877285054,12.364439906,21.2501121875,26.6491356712,31.1482848163,79.76804181,-161.6907658577,266.9949657678
2.5733333333,15.6398178502,6.7789935145,20.4042718272,11.438600625,27.4179743713,19.66932801,73.3918193383,53.468181054,324.3356649828
2.58,23.9717291405,20.3967035728,22.6158731237,18.0984315625,26.727039615,19.894141825,49.1306715274,-28.938785717,233.71248844
2.5866666667,24.8231849427,18.1250612842,23.2038744679,9.2719434375,26.3278666338,12.7102233038,43.2030430289,-8.5945586963,171.2109582197
2.5933333333,19.9318833343,13.8679126515,15.8606426404,9.13932375,25.9848906869,10.5020424038,38.6414694835,-23.3465217983,157.4196796723
2.6,26.0480286484,23.9617331308,34.0838191992,18.1679996875,23.7141481994,25.9260899125,39.2580114363,6.8417396364,185.5641304472
2.6066666667,20.2324962286,17.9240695338,28.1533895233,9.28692,16.48365669,17.4694508325,26.2953173707,17.1522463007,107.2182440228
2.6133333333,0.9422812122,6.3676740586,1.5758219858,10.4839621875,-5.3364916225,6.9663912187,6.258907919,-36.3272930033,113.7872463326
2.62,22.5563516142,17.4804136003,33.2968216471,5.9030984375,22.0887984712,17.1227894413,33.3549844646,35.4993475152,135.5116771766
2.6266666667,11.6294451001,7.8511234511,7.4192665347,6.1663190625,15.5866145025,2.007423,32.8751929399,-25.6674888181,131.8894303069
2.6333333333,19.1921436623,12.1566654278,17.3015819717,6.395333125,29.6306819712,6.5958929725,33.6457743774,-0.6524673032,120.7058985641
2.64,6.2135027174,-4.8339953552,-4.3869037544,-2.5236809375,26.090529815,-6.9072351238,48.5018576285,-44.3918154539,133.8523914197
2.6466666667,12.2337292063,12.4995768451,27.8791416738,7.8908353125,21.7157807212,26.3959793813,18.3835419079,70.7856762772,126.5183564491
2.6533333333,26.3073095649,13.9444424654,32.8884985268,11.53413125,40.3126292525,6.0125165337,59.936019713,122.2466727298,136.4445955345
2.66,0.3452682592,7.6417821252,13.2768988093,15.4532390625,0.6811814712,36.8836029225,12.4940096536,-88.8690564316,71.9660981891
2.6666666667,24.7467091081,8.0808163717,-0.7357158773,-5.296535,27.73857869,-43.2839693712,40.3102693651,-60.171559903,157.2141321775
2.6733333333,18.7990964608,16.9043809384,30.9637717042,14.945041875,26.3344359088,31.0543508662,52.7046440919,-3.1611290259,142.7093258709
2.68,13.8875006372,7.7106692885,15.2728823609,4.451680625,23.772298815,6.2310662488,35.925845529,-6.0688945591,125.9217686754
2.6866666667,15.5295866204,6.9723347054,8.6733554741,1.019661875,22.8685072213,-4.9022951726,46.7898641191,-39.3615964586,157.8346751617
2.6933333333,0.5595810356,6.4517618895,22.6512414802,13.453408125,2.0434905462,32.4793859063,16.374433124,25.6216133003,93.2584465484
2.7,14.6460163913,3.1330188869,1.5191086454,-3.1269953125,22.4417988525,-21.73552876,46.7181000386,-31.010210524,134.1257288918
2.7066666667,12.5561392943,3.7488428247,3.7306811522,1.6703096875,28.9732775275,-4.5641475875,46.7935727699,-71.6268669276,175.1352628787
2.7133333333,7.692748016,-4.7905629317,9.7930810492,0.1110796875,33.6924986119,-1.1948914124,73.7364574211,-15.3010242944,182.6933998277
2.72,16.6823870987,11.553348513,17.2997866748,11.2305725,32.9561457369,10.4617597512,42.830695145,-10.8927334068,92.911399055
2.7266666667,14.5702484746,3.8951154295,3.1234393532,-0.6249765625,31.535485165,-8.1498576625,47.2716681936,-53.2733859384,114.0517703946
2.7333333333,11.7085324228,-2.9734458076,-3.2192915135,-2.2830046875,36.2943610587,-22.3661971688,60.5586908431,-80.594533573,177.0089985187
2.74,15.0292080528,18.1546225511,38.5831163154,18.326290625,38.6873247088,50.8807297475,53.3217500945,17.4464251957,99.3997589063
2.7466666667,10.8592103957,-11.8614044555,-23.3388873307,-10.3703096875,34.6358037681,-56.2192236625,63.8249661179,-92.7285184165,153.7922461685
2.7533333333,-0.1620922841,4.5008694993,7.1793918634,11.8171828125,8.2714488931,18.7263918225,29.0859938278,-40.5766524735,95.2932341128
2.76,11.5017196287,7.5000421067,16.7114690376,7.1017275,32.8097364494,14.8201721737,62.8393067492,-29.1813042504,127.6671807596
2.7666666667,14.2131056749,-5.2952855631,-19.2837235271,-7.397736875,29.0545731525,-55.5546438237,54.2630889476,-102.2405227795,143.2931953101
2.7733333333,12.6575349814,18.2917217213,48.9607051734,15.1616521875,41.5968073775,57.8536919737,63.2325593776,43.9677085055,109.0321857046
2.78,13.3161148517,-9.3717242379,-33.3607092101,-1.95163375,44.6307489744,-69.5022115338,81.1432220037,-161.2879467856,182.3608472691
2.7866666667,7.6056093756,2.6316051447,12.3759046308,-2.1877653125,40.3879606869,10.1225670325,59.9463635379,-10.4507507855,94.5936466473
2.7933333333,5.1828616926,4.9255746996,30.9175208763,6.7727603125,45.1553721962,33.3399438325,72.231970819,29.7039277043,103.8653374348
2.8,11.3082769988,-4.7443334808,-18.5091791532,-2.6386290625,46.3006458463,-48.414470845,90.9570147297,-146.5940078948,206.3169910065
2.8066666667,9.0387533294,1.5442746796,16.0567946782,0.45201875,48.9904446619,0.1877150749,81.5878029008,-23.8014694573,138.8773348801
2.8133333333,9.1330393593,-4.04431072,-12.0769192663,-4.726009375,44.4997089369,-38.7053562512,75.4289223046,-94.128563025,173.8639063211
2.82,1.3166898456,5.9212887988,42.6429003226,5.121004375,51.5947500462,47.4196981037,85.088641898,66.7241977937,80.101218734
2.8266666667,9.304188991,-7.146305531,-20.2377997212,-13.574178125,46.2529194181,-52.8668062325,92.0627406339,-138.9902038687,192.7605292185
2.8333333333,12.6468318881,9.0513076015,13.5266242263,2.5925728125,50.0645826744,-10.6381582125,89.5302061745,-68.1350304344,167.5289331372
2.84,1.3059576982,-3.5963228963,-12.6231739606,1.0302159375,22.9083933275,-27.0986913562,67.3001475905,-79.2030865341,111.3755068943
2.8466666667,9.5109652917,3.8824326844,9.2507214,-4.067258125,43.2278815306,-23.5891939788,100.8174765584,-97.5096859249,245.1881744846
2.8533333333,12.2976425286,3.3177632032,19.0277056233,-11.275765,53.1211591744,-17.5996191063,81.4945482312,40.3848959037,69.0710459898
2.86,6.9019954572,14.1999672409,32.3379766885,1.9074271875,51.3495360306,6.5086432238,120.1669066451,-61.6287840081,280.3613763221
2.8666666667,-0.5427527057,-21.6858216396,-31.6258107024,-22.664750625,25.3803055681,-80.2386420413,99.7025931255,-77.3601292733,165.5864741638
2.8733333333,7.537425315,-2.539382744,13.33498413,-23.9489103125,50.5080658087,-37.6934787762,110.6680218495,-39.9139105003,273.6224076747
2.88,2.3134658606,-11.3234825999,-3.8935360716,-25.539943125,44.7608212088,-55.8338084625,106.0009397274,-14.2255692165,188.8576304256
2.8866666667,1.4211383392,-13.7762999725,-9.2368820902,-28.1794359375,21.5854748619,-52.975784835,75.5564183125,-39.968031825,200.6898449719
2.8933333333,8.471591907,-6.7577895954,10.8349536495,-30.77643125,45.5135879806,-61.2071126075,112.5447243967,13.5182266585,259.8206844284
2.9,1.7288852791,-22.2951137027,-17.6378289961,-45.3764028125,27.5452878244,-74.0362495475,72.394676127,-38.2584189755,203.4806588772
2.9066666667,1.3357432511,-19.2689212874,-1.9950600394,-36.5671728125,29.699476715,-63.2719497162,71.0781146675,36.6640482496,207.2374761713
2.9133333333,4.109058542,-16.2388489929,-4.8988023992,-35.5559240625,18.4603109587,-54.1341403238,37.4440709785,19.5188582483,162.4896745921
2.92,4.2108147971,-23.7779741409,-26.3307889787,-43.0500553125,8.9723513838,-75.2764469324,19.4891587221,-2.7218282324,100.1829406077
2.9266666667,-1.6741586575,-35.5109891446,-39.7949254734,-47.5717359375,-9.9451929194,-87.4357264013,12.0442362661,-25.9359223615,183.8183283996
2.9333333333,1.2175061541,-27.7239358211,-27.2556105957,-43.36104125,2.2734911681,-76.9579251612,25.8771239541,-32.1989453771,172.8380099319
2.94,2.1718805038,-22.8365155366,-6.9127484451,-44.46469375,16.8138025463,-68.8855759563,54.5434250936,34.9065875517,183.9659778091
2.9466666667,1.1652264235,-23.3712407375,-5.7899315422,-44.023783125,10.20708834,-60.9353315062,42.749588019,23.7488097458,226.8802169928
2.9533333333,2.1991436523,-16.7809096376,-3.9662158309,-36.0070790625,27.1052988931,-59.898576555,60.6217576145,0.5028476129,227.9841028355
2.96,3.9017993806,-9.4559267009,-6.223939904,-25.8010228125,27.5059877431,-46.2138175238,41.6531382095,-10.4856981097,140.3518280831
2.9666666667,-0.0928564993,-18.2212849235,-29.4805017341,-25.0281871875,4.95839564,-63.2721515962,25.3694188256,-23.7139058182,124.2847073163
2.9733333333,0.1100687295,-13.6379823919,-28.5871391786,-20.967924375,9.1016817369,-57.4402767976,34.0605471637,-39.4803455716,111.4589527134
2.98,-0.0453105846,-14.094146754,-41.1120371544,-15.51384,9.85495139,-66.8361721387,36.2185675285,-108.6905999766,111.4230539719
2.9866666667,2.4758126889,-3.2920845039,-21.5524171278,-4.4238684375,7.1782079806,-36.9526545563,14.4707514668,-51.0848266163,90.4220888792
2.9933333333,-6.7904185137,-40.7951968517,-111.5685647788,-21.4639253125,-318.3298676412,-47.5328186687,-255.2416367697,-90.9259252068,-189.8664665817
3,-10.3742550017,32.6575559074,50.7962714263,61.3634065625,-253.226917835,154.1860798587,-129.7482745291,84.1193862567,-85.7067661567
3.0066666667,3.8389419862,22.1317702724,10.6396494657,50.7690225,-283.7208657319,85.0554280576,-203.822307013,-13.6851349183,-43.253820052
3.0133333333,11.2311324442,0.1030481394,-64.1440130792,51.761493125,-382.8706416287,12.1485911525,-384.279674751,-87.6903516958,-194.086888419
3.02,-1.5102682198,-20.201889479,-39.2382250422,-20.725520625,-14.0575725381,-62.0144188425,4.7532007263,-132.3225666403,236.8515463731
3.0266666667,-7.3308331447,-9.7601321315,-3.6718556865,70.9678975,-399.3950991694,63.9941672987,-325.7583142876,89.4746865706,-91.5846461542
3.0333333333,-10.1161721296,-50.9830338768,-102.637282768,17.5109590625,-423.6848326725,-42.2527660374,-407.4155724523,30.6687683526,-349.5553090351
3.04,-2.4644231005,-22.0436691935,-16.8252825521,34.8006578125,-478.7345205287,44.1826609112,-420.4106510237,131.0659291052,-198.8091714683
3.0466666667,-3.960023881,23.9297238137,29.748474054,95.228309375,-513.5598754881,148.4660657937,-454.4975259678,212.1129184198,-410.7199601724
3.0533333333,-10.8855660631,28.2900064733,1.3487436287,116.738309375,-540.8646464006,153.5239393888,-528.9200706099,94.2469342708,-463.8178383513
3.06,-12.8389296963,4.8867261351,-66.4117243852,89.7629109375,-587.6285540256,71.9239676025,-583.3096834133,22.1630984445,-574.9382981039
3.0666666667,-7.0343370352,3.683358175,-98.4354711631,86.805005,-618.1099558569,21.8912450562,-605.6377988363,-93.1758825257,-504.2554165901
3.0733333333,-11.9693185387,5.9666401171,-104.292414141,89.8920940625,-658.2530175631,25.0910518625,-637.1828132384,-101.2273678136,-526.394606459
3.08,-5.9365155337,23.8258669751,-72.5589541226,98.72,-661.088148435,46.6296324763,-609.0914057376,-70.3667614755,-496.0671437274
3.0866666667,-13.6575179662,18.7998708474,-74.2083927027,96.51,-671.414529285,48.5948531774,-621.8082034397,-85.3128032867,-473.4831012545
3.0933333333,-15.2580081864,11.4270953118,-81.9882215327,81.8617090625,-697.6990138756,31.8383517501,-655.8145608782,-37.5205496497,-517.1952072128
3.1,-18.8070689163,15.3048187891,-66.9692642802,83.1485821875,-710.05419116,56.6785691362,-676.5721230109,-15.1682573619,-580.4233788229
3.1066666667,-17.1446066694,18.8582940839,-51.5308886759,76.64077,-733.6003184162,68.81116231,-720.7837192917,66.150431758,-656.6953579365
3.1133333333,-18.3848813206,20.1458461865,-41.0990977382,79.1457934375,-725.36351676,72.3578531725,-687.7790202512,41.0232532466,-620.898548855
3.12,-31.3580574061,11.4907700476,-37.2237890764,73.6030515625,-742.4403771256,87.4113638537,-727.4376134742,99.3941201296,-640.6873555056
3.1266666667,-35.6182857046,2.5773835486,-41.3272941068,62.5833896875,-732.2742288163,72.280225105,-692.9093361108,88.1191469232,-596.4019614258
3.1333333333,-31.4290566517,6.9678951969,-37.1679092987,58.753990625,-728.6355413475,67.7535307587,-698.1256768547,71.9032288527,-632.0372699093
3.14,-32.7159773854,14.6830131277,-19.3426214554,67.989276875,-717.0887679694,84.8510739762,-671.0793352899,73.62582106,-539.4081811941
3.1466666667,-33.7637793292,-1.9944794703,-67.2266148934,52.6284415625,-715.4871294506,20.09887808,-689.0175975012,-6.0136830577,-604.6894565262
3.1533333333,-34.8806475186,16.8443677087,-24.5886725749,65.646535,-697.899802935,75.4646391625,-642.5805298337,28.8521433442,-525.7562048741
3.16,-39.255357281,-10.0381303232,-81.8720421379,39.037455625,-688.7966384038,2.7493384113,-662.0271761986,-105.7014707607,-538.9461102052
3.1666666667,-34.4079200764,12.072776335,-24.2338307351,52.5146853125,-665.8362391131,52.9880998362,-628.09190107,109.7984846383,-539.3548538201
3.1733333333,-43.2237710321,-1.3193095882,-45.6431857276,44.7457934375,-658.3860041162,40.4423077176,-630.3489103913,-10.3909021344,-568.2828462874
3.18,-41.4003136815,0.8664720011,-36.7533253629,44.810385,-636.6538365912,37.966474545,-604.6882729665,15.563312673,-505.3376567637
3.1866666667,-45.9757273497,2.1084513026,-24.3111140801,46.9158871875,-617.812044385,57.3426671662,-578.2211953584,25.2268919002,-471.8281651056
3.1933333333,-47.5316994308,-13.2753487085,-45.6827758608,32.8569015625,-592.4876530819,17.2210070951,-568.3986965595,18.319386967,-475.3396192011
3.2,-48.3740112905,-6.3724458336,-28.4497730841,38.9790140625,-581.9862386506,39.3156125661,-546.5216441826,24.5513986401,-454.9314131832
3.2066666667,-45.9446765356,-3.2963156488,-21.7218152706,38.6442065625,-564.8916103569,39.2373351038,-528.3248229223,35.1373481679,-436.8832519572
3.2133333333,-56.606959379,-14.4940218695,-33.2870493261,35.909615,-553.132300435,35.4128795638,-518.976615502,21.8441006278,-417.4320801928
3.22,-51.0181842619,-10.6016089818,-27.8539938988,36.089568125,-541.1419344944,28.732597595,-499.2632028942,17.213812127,-386.7220859958
3.2266666667,-60.1135892289,-15.0140729361,-24.7580519471,39.165239375,-536.8679501694,41.7538606625,-503.7390694664,29.9912538003,-398.887795271
3.2333333333,-51.9885411353,-8.0261166686,-17.5517630202,35.9648075,-532.5774933975,36.117170795,-494.5669393646,33.6765896572,-389.9500177712
3.24,-60.1456689193,-17.2965105202,-27.8935578022,33.7433896875,-532.2016707569,29.6241391762,-498.3493442536,21.4975484422,-395.0869333559
3.2466666667,-59.2084599391,-17.5045387818,-26.2992215778,31.9537278125,-531.5290066506,23.7470987037,-502.6042023913,28.4814947037,-407.4217484269
3.2533333333,-62.9186414781,-7.8559029253,2.2406741393,44.6475678125,-515.7204398381,68.209463075,-470.448841962,60.1562554791,-380.8624440696
3.26,-70.2475772206,-39.0317091034,-63.1126954469,14.8098125,-535.0517915569,-17.3271822887,-512.2401913749,-26.8693574268,-398.2740212805
3.2666666667,-70.1484158157,-13.4854905786,-1.2648624199,39.63538,-529.2460536069,66.354926815,-485.9297354502,57.593927017,-404.9701172291
3.2733333333,-73.386506772,-33.554395768,-38.938372093,20.5137278125,-527.7555029256,10.9607046887,-491.8145865934,14.3528994226,-384.6860679221
3.28,-74.9640076552,-30.8873915527,-37.615703379,26.8193521875,-533.55496746,15.5755629075,-499.3953801609,-6.4370112944,-402.1338161931
3.2866666667,-75.5643746516,-32.0447381883,-30.0416576394,22.9263475,-536.5837182475,15.1363853613,-504.7118425019,34.7083784253,-403.1329828217
3.2933333333,-81.3236838528,-23.0857017624,-2.7124038591,33.7535303125,-538.4415820788,61.6671078475,-492.4987383781,66.0842993154,-391.1741157631
3.3,-77.4274543584,-36.2237743519,-36.818238152,19.3668546875,-552.6067038756,-3.8024718813,-527.0005976169,23.5055242469,-424.3136525529
3.3066666667,-81.6482185535,-26.5633704399,-6.7393318935,26.99846,-554.9274685006,43.62782534,-511.2977328272,58.929393212,-405.3412138856
3.3133333333,-89.2251817998,-39.6763557256,-30.7131462757,16.309183125,-577.2963446975,14.60209233,-541.4270546612,28.41469266,-439.5115794254
3.32,-85.3676181647,-34.6757280072,-18.2190251684,11.830431875,-573.3942829162,22.2486608525,-533.491407854,33.2798035325,-430.0116881798
3.3266666667,-99.5822734362,-45.9939449908,-53.032637128,8.4022815625,-599.690835285,6.82423315,-558.6070669501,-80.8354759881,-429.0876958363
3.3333333333,-90.68361384,-47.0599610085,0.3294898951,-8.266966875,-610.0991503537,8.4727841175,-599.4349937166,161.8056673697,-543.4490776758
3.34,-101.3181624595,-41.2683098653,-25.1966004185,2.6911265625,-626.4346234975,24.2497554412,-576.951929583,18.587417825,-463.3538587776
3.3466666667,-102.6138778105,-60.5682166311,-53.8415070267,-18.5139153125,-630.0897111788,-30.5918158962,-595.9775663893,-19.0967024081,-487.0071309542
3.3533333333,-99.1050646688,-40.0606467632,-13.9408036463,-3.408319375,-637.8543737475,12.9645159274,-606.1186377155,45.7880833953,-506.8807001375
3.36,-104.0228421348,-47.9506889842,-23.1111585805,-12.861201875,-646.9242909069,1.2673842813,-606.8188970405,18.9124781735,-497.0843300909
3.3666666667,-103.4634915644,-43.7041924209,-25.7068598045,-11.5385353125,-662.7986487006,-8.533247055,-636.4137716635,-0.0894517891,-524.7298171609
3.3733333333,-103.730613624,-48.6955419405,-25.6759777709,-29.6370890625,-663.3853437037,-15.12370785,-618.2428270783,21.873229692,-513.5724068101
3.38,-108.7310258231,-48.9969481033,-38.1791526178,-20.996394375,-683.4670183319,-24.6671060025,-649.0263596217,-94.9492146224,-559.7836788789
3.3866666667,-109.123329206,-37.855558217,3.1348352959,-20.5828640625,-693.1528472725,6.6652901025,-660.034701963,122.3881315304,-540.4899930617
3.3933333333,-111.2785295586,-58.9204908924,-51.2213403549,-44.5423284375,-697.5177972475,-61.4445484538,-651.7750936179,-29.4021563258,-533.5112755545
3.4,-116.8101518183,-50.7121836757,-25.256607824,-40.585145625,-701.8657019569,-25.093840815,-667.28558419,8.3641357171,-565.2358888276
3.4066666667,-111.9012324854,-40.729855144,-13.0443867802,-35.1717090625,-701.6025066913,-18.5182454462,-662.4994611913,4.4459423517,-556.9991013043
3.4133333333,-117.1822451851,-54.9275033626,-30.3897556575,-54.5662721875,-709.0406142756,-50.97640639,-674.9151454716,4.5675274821,-572.0383511279
3.42,-113.4567924853,-45.3403545843,-18.4942456068,-54.056779375,-713.9592252037,-42.3162546587,-672.1425583254,2.6605073413,-576.5037085866
3.4266666667,-112.4738433126,-41.9830094501,-10.4136185312,-56.76798125,-709.5460649788,-40.7239708138,-676.1606153701,4.0823529302,-590.4469534057
3.4333333333,-126.9478703316,-54.5615496252,-17.1830871964,-63.71355875,-718.4405939881,-42.6127971199,-685.7777972688,19.545087964,-605.0011634532
3.44,-113.9099056817,-43.2503219417,-9.7119417152,-73.2430046875,-712.9845947569,-54.16183408,-681.5147326746,-0.0571565919,-583.087086972
3.4466666667,-130.2176088803,-57.5148106463,-32.6976918885,-80.3837746875,-727.1746590006,-67.6575527362,-690.5518702815,-35.7122157262,-600.0015493635
3.4533333333,-110.5163529631,-32.2998655538,3.9368009638,-79.3469953125,-725.8566337944,-58.5828321863,-700.8053320441,-8.5047584964,-618.4601928336
3.46,-121.3303787262,-41.9838234555,-17.4451210782,-80.8457465625,-721.994117235,-68.872790085,-678.885067575,-34.3164336809,-572.8913836248
3.4666666667,-121.3586771865,-40.6676901811,-11.7334397121,-90.2848075,-722.1427767287,-73.4393350375,-685.8549929177,-15.9187908355,-615.9989536355
3.4733333333,-119.429259725,-34.6358541667,2.2321800404,-89.250723125,-712.7945846131,-65.3771049988,-683.6380715409,-4.4880380428,-594.3814243299
3.48,-122.1846926298,-38.4293655203,-7.0955803691,-102.116779375,-710.6997974006,-78.8681617038,-682.459873926,-25.4712764179,-600.3540584334
3.4866666667,-120.5767793407,-32.910252444,-2.1496082126,-101.4120940625,-695.1787493725,-68.4580899724,-651.4486093971,-15.5251754943,-554.6261606583
3.4933333333,-114.9604549533,-40.8850792963,-30.3399680833,-120.7911265625,-688.7699423319,-130.2726322213,-656.5161788705,-59.5005136153,-573.0108759203
3.5,-113.0897452993,-22.7021373936,4.9735742691,-107.3408453125,-664.2360197944,-67.8632046325,-619.7910161145,-26.3756924844,-496.5198641217
3.5066666667,-111.4150277985,-25.9893873475,-4.3421612987,-119.0276715625,-640.9322501788,-84.3665766775,-605.4228873324,-41.2196587316,-515.6170501854
3.5133333333,-102.6600986985,-31.0870793971,-36.9771618286,-134.1994459375,-620.8595172194,-139.7614835687,-583.3275316319,-106.0596856426,-505.7646058211
3.52,-102.3235137452,-22.7401462299,17.7113034813,-136.0241596875,-600.8078073912,-85.5522634913,-578.4869647182,27.6850200367,-496.623313581
3.5266666667,-92.1392275977,-12.1807660932,2.7399467344,-128.164281875,-574.7918047787,-94.6093756062,-533.4771671837,-39.1624968522,-432.35233608
3.5333333333,-93.252762811,-19.3832846139,-3.9345020324,-138.94154,-537.1947565944,-99.9691857576,-511.3798970743,-35.6145409297,-452.6089725865
3.54,-77.8705647835,-13.9423227665,-10.6541184489,-140.252648125,-490.5115132256,-105.3995443937,-442.4800641487,-58.5668991616,-323.5382805781
3.5466666667,-75.28791889,-11.0888484317,13.9619167377,-131.9724321875,-441.6363845069,-66.77804393,-392.3212746696,37.0875027159,-298.1242852326
3.5533333333,-63.8823373907,-12.5607787701,2.1976535431,-130.2840190625,-371.5552210538,-68.5916544987,-329.5551818404,2.5237078174,-219.9212208058
3.56,-40.6776250741,3.9062157573,22.2988050754,-104.666545,-305.8432315069,-48.071354545,-257.100339126,39.9315983029,-136.730425002
3.5666666667,-37.2125248869,6.077503265,34.6668803267,-84.7034934375,-249.0813736694,-18.01034787,-219.7597485366,72.67700751,-165.2173498363
3.5733333333,-14.7706804456,21.7936049459,52.2700638837,-47.1253146875,-180.1541688787,10.7602995926,-146.574456069,76.8240613765,-44.2646056464
3.58,-1.1345757925,-9.0455302833,16.9270644215,-0.848413125,25.5160516681,40.2236006062,68.7647702731,101.9672260401,121.8333514987
3.5866666667,6.3936411128,-10.7175091648,1.9847612441,15.150234375,42.0625316431,27.18693468,104.544861887,41.9771877842,197.366509286
3.5933333333,5.5501071326,-8.5383256106,8.7620013423,10.7263659375,30.2380767181,18.5956191787,77.690545274,98.5193252526,131.9957507348
3.6,0.459508002,14.0505871242,71.2825084714,29.6338584375,15.8677764087,116.4910423162,37.041696605,135.1871721203,122.4440720324
3.6066666667,0.3099118026,5.9104160522,21.7337694135,23.3313609375,13.9400605869,62.16068025,49.3265222244,37.390320378,137.231972817
3.6133333333,1.2205332212,4.4985392929,32.0957999945,18.4832859375,10.24279739,58.5540551587,45.9096541321,87.8883727748,176.8682816299
3.62,18.3008899796,10.2567108046,4.7239095152,11.5884784375,25.1393726619,13.592522185,70.2239134989,-27.821606825,245.3937511635
3.6266666667,21.9326561906,18.5114206249,45.8430692008,16.30951125,30.8770432994,45.4248931425,49.9024855634,128.6910827925,215.2820657396
3.6333333333,19.1236125641,11.9227623297,9.5124449371,16.91239375,32.96453304,33.1414167588,78.7852373482,-135.8055045013,197.825022916
3.64,6.0539733479,7.5941907588,34.6972580248,30.179266875,7.6690755744,45.2702293538,70.6502401366,160.2355674218,356.9415597568
3.6466666667,5.563310449,6.6888123675,-15.0055878936,24.361576875,3.0058334337,10.866542175,38.2412532946,-206.181842445,165.642455638
3.6533333333,18.3065652661,15.4094514992,39.6840589357,22.8301590625,19.0162341119,37.6163949512,71.308102957,90.3528319952,331.3164231832
3.66,23.9605598793,18.0031967055,26.0427834222,18.819943125,25.7468130713,26.4178964175,72.3112212791,-15.6306416565,287.1354129605
3.6666666667,1.1585769407,11.0140166773,20.10369052,16.9682625,-9.0785995131,32.7005500725,12.1485701,-18.2794260556,212.941669076
3.6733333333,26.4572362292,25.8277968296,44.1432094265,24.171483125,25.6570205556,44.3596197125,46.1872835669,31.0346621705,173.9028498047
3.68,26.0705506832,18.0805169451,14.5755776371,7.602065625,20.9351438181,-7.0395806063,46.4003451235,-52.7241348084,216.6300772819
3.6866666667,22.3985037467,13.8708428231,11.9254846337,-1.9489203125,19.1847373025,-14.7956336449,36.1774510966,-30.0238183787,159.522459667
3.6933333333,24.4763722504,23.383178013,34.8821523452,17.435811875,22.2705623994,32.0541371937,33.9615776821,1.5243845875,155.6410257397
3.7,14.6767718991,13.3015139993,21.698419481,10.2251640625,14.62627684,11.4596176975,31.9498366461,5.1628710176,152.8523703201
3.7066666667,21.2017602731,16.4772392848,28.2852849828,7.9803565625,19.6643484588,15.746220425,37.0766054688,12.671230223,136.102442106
3.7133333333,18.4944265149,14.5048720766,14.2380238469,4.1217275,18.9433646744,0.3794984075,23.4504505979,-15.1422188786,111.2623968694
3.72,21.1547614814,13.3987317132,16.0646559633,10.205765,27.5128021588,1.1502546762,48.6249219369,-20.9120306837,158.3329762689
3.7266666667,15.8302211695,15.4828441935,28.5621006669,10.8471359375,19.9378332838,21.2575912775,16.0846830215,24.3325814795,99.6425377673
3.7333333333,14.7085568759,3.1646664936,1.5063941368,2.383699375,31.43254134,-7.0084094525,48.7320028699,-29.0706948125,118.3948787953
3.74,14.4097130869,3.0997978102,12.4256023077,-1.5673334375,29.9670171744,-5.1253273212,44.5056713461,59.6412099588,166.7826001789
3.7466666667,13.8279192661,8.884754972,12.0516383098,4.19816875,25.1191808556,10.6899334262,33.8513164968,-64.6934868839,74.2788236826
3.7533333333,14.7241013402,8.6166498663,10.6028096178,6.1494928125,22.6001735556,0.227535765,38.5835582568,-31.5473629889,140.930573688
3.76,12.9124716943,6.8706472107,8.9574906708,4.14567125,21.1262302681,1.2608743737,35.3225334444,-44.0330921583,92.0735278788
3.7666666667,0.3476457338,4.814160016,17.8754751575,13.81701375,3.9384818619,27.4978383863,27.3989397924,-10.9146835598,155.0652683117
3.7733333333,17.3266359405,-1.0563881935,6.6688995854,-11.2063190625,28.6120253963,-48.8408302913,44.995208274,163.4944631108,142.9913137812
3.78,-1.2395846402,8.3622043212,15.8114439416,19.0892953125,4.7632606212,50.7622039426,27.50901032,-139.0752396676,106.6946503598
3.7866666667,9.829038504,-3.8071595031,-8.7312279605,-3.4866103125,28.7178707806,-28.7548190063,50.9144907264,-71.4140941642,170.283553536
3.7933333333,16.9542946473,3.6917226579,-1.0345567672,-0.13317375,30.7010880244,-25.84214769,52.9762994453,-58.788809454,113.6397987341
3.8,9.2329894983,3.1825061594,18.8897436798,4.444563125,39.9832567775,22.8696387275,53.1179920167,-10.6617209425,149.5827571377
3.8066666667,5.7786427607,-0.7155490665,0.0909615138,6.6391546875,35.8900433775,3.35401548,43.8773090734,-47.6756718059,107.8118025586
3.8133333333,12.6754375267,3.2040438877,8.5781958648,1.4746853125,34.1626778181,-2.948514425,61.1776314955,-43.8750006472,122.7340378699
3.82,10.301888862,3.0824443391,7.3470059433,3.39451625,34.23130519,1.9284082176,45.5557934646,-21.7198998023,97.5908560434
3.8266666667,14.4465997144,6.3428887555,7.1994168648,0.902450625,33.5152472494,-4.2740145863,54.2529109091,-68.0913054683,125.4383685881
3.8333333333,8.8456106358,1.8787203678,1.9149422256,7.1906946875,36.2945156712,-2.882384785,57.065139554,-74.509061869,127.1765995004
3.84,11.8556815497,11.2104005943,31.5682271318,11.8971828125,39.9560885588,29.905591445,63.9797465261,5.6962574989,128.9077530119
3.8466666667,20.5250471021,-1.1397164538,-19.6315495128,-2.8930046875,47.3417762525,-58.9914597063,77.0688743173,-125.3724260222,143.2690130083
3.8533333333,11.1001882841,5.8098124306,11.5443728693,-2.79163375,28.8087784869,4.3896525726,54.7969123869,-37.7322686395,99.510941711
3.86,7.9071413157,0.4207882798,5.1751912417,1.8458403125,37.27247279,-6.61654147,67.1984982384,-47.5430276919,119.334403452
3.8666666667,10.2997671152,5.4638007368,20.7966586583,7.8851171875,52.3985771431,10.193887525,93.568702817,-37.4436050271,167.1405327998
3.8733333333,9.4255149261,-2.6525740278,-5.0116310469,-4.2306478125,43.8047193119,-27.0144019613,68.7266988287,-75.7502743851,155.0373681288
3.88,15.0461103765,8.4960327982,10.0580943038,7.178413125,53.7722068994,-9.4424012137,77.6888218784,-49.1000693078,99.4557072302
3.8866666667,5.4896929256,-3.2844635509,5.5483083562,-1.2006009375,50.6196809619,-14.2711950301,97.4211851135,-51.488281986,153.4082847533
3.8933333333,10.0301719154,1.8551271511,0.1601209192,-5.6390140625,43.9107193087,-19.1262751249,74.1584956132,-72.523160411,129.710030821
3.9,12.5318132423,3.8813895156,2.0123560527,-5.812835625,47.6630841744,-24.9740746988,85.2042582014,-92.5741479847,169.3524921284
3.9066666667,1.2261345332,-3.4772158795,-4.0207220451,-3.8178590625,20.1104480431,-19.9497116025,65.7060200357,-68.7589671646,127.2943835832
3.9133333333,10.3189864742,-5.4439527503,-12.9716850199,-12.3307884375,61.2423296931,-56.3280219599,125.4824581694,-121.0732544579,210.038323592
3.92,9.7716492644,-0.8381199864,-9.1157130376,-13.920525625,39.3868909838,-41.2883938076,80.1457912339,-74.6256432417,97.3380664507
3.9266666667,0.6649284823,-14.7254373719,-24.0547628416,-17.9984784375,22.3866192556,-57.99695283,75.3569634081,-114.00485751,219.5662184307
3.9333333333,9.4408008988,9.9434464899,33.6663023647,-11.7199246875,46.3745662306,2.8657513538,98.2520691024,13.1891018319,135.7674493086
3.94,1.8509143125,-28.0229161636,-57.3919433171,-32.4821025,24.995489615,-113.2649660363,81.992632408,-161.6836339284,211.2014271442
3.9466666667,5.1279782549,3.0037888279,18.0734056305,-18.0348259375,40.8366400056,-14.6929391762,92.1207578062,-12.9601502401,164.8363722724
3.9533333333,8.6898152162,-10.7753423271,12.0109250734,-35.4307315625,45.6084157681,-56.5656971975,97.1057178035,24.3356616503,200.324572258
3.96,5.1538310466,-15.0747535334,-28.1061768926,-30.8507315625,47.3892195806,-102.4490423926,126.2277728637,-143.0346521022,356.3852528703
3.9666666667,8.9115919115,-7.1556724288,7.6125281393,-35.1127503125,38.8697977744,-49.5476177862,71.9347714034,34.5257863815,124.0851165248
3.9733333333,1.7213627931,-14.0622868261,13.4815171352,-32.8810696875,29.6668172181,-58.7198633737,111.5920487433,-4.8590072796,370.2759216885
3.98,2.0358401043,-24.4077164418,-5.1762081325,-48.747529375,22.3386552306,-77.60016232,80.5967986306,28.4124329119,234.3927321136
3.9866666667,3.2960512587,-31.6284081196,-29.0203463635,-52.746759375,8.9911241494,-77.9216844188,-6.7395689637,42.0029334592,66.4963556229
3.9933333333,1.3410742563,-33.3320852517,-34.9300024634,-54.25238375,3.5380392369,-88.3141311837,15.868692734,-10.6345288137,154.2056396781
4,-2.6379717542,-35.6626858443,-38.046494417,-47.919069375,5.5179496338,-87.2863244025,17.3282202894,-14.9021439585,150.6883701582
4.0066666667,0.7983294206,-30.4708100547,-29.8748633593,-48.5289471875,6.9240261712,-86.1409148675,31.7824562016,-16.2706986996,195.0573606359
4.0133333333,-1.1908271301,-22.8976445521,-7.7464878568,-37.95700375,12.4381443588,-61.2235007874,50.0814017934,37.5407341685,213.3416296002
4.02,-2.0388091722,-26.0912303713,-33.0087257016,-32.7851071875,-3.6166370163,-69.53109165,24.9559359543,-52.4470236838,122.8400729961
4.0266666667,-0.0845445444,-27.7274313996,-42.6622096889,-35.754553125,-4.6529130475,-81.2917442362,4.4637222516,-20.6725378525,130.7824049496
4.0333333333,-1.4478962379,-22.6981639149,-38.5356216293,-24.603980625,-4.6468529537,-66.0296948626,3.9778821117,-22.6886666804,69.3305639187
4.04,-14.7078224011,-68.7612483736,-149.8656905482,-22.8333896875,-397.6383549944,-52.685712415,-356.2761116433,-90.683974711,-279.1757363217
4.0466666667,-12.7393441955,35.1454554837,70.3531000378,93.7758571875,-300.1764971881,183.2962892738,-137.8538890367,136.4139328838,-29.7723364505
4.0533333333,11.0513721738,22.0231553363,-11.7267450585,69.1994828125,-364.54159916,77.0718455087,-263.8823676781,-78.2873592314,-67.8589359523
4.06,9.798746377,-4.2577167189,-88.9186191685,79.6809390625,-479.9130917912,24.0489022938,-468.9624999331,-153.299204668,-170.1953366935
4.0666666667,1.3749211074,-3.1882834707,-64.3717559528,106.8144040625,-474.3017342194,57.8086158987,-466.5909923566,-47.8867748015,-292.0470418432
4.0733333333,-11.2157907763,-27.7299884862,-58.1428120236,71.6804234375,-467.087160185,49.4641448263,-427.8440570583,44.1947620785,-284.7644289213
4.08,-2.1696336035,-52.9863671471,-99.447135686,30.8073534375,-495.1306262694,-42.8774016976,-434.7240515789,48.1034862343,-326.4138276659
4.0866666667,6.7483430342,-2.7056328149,-3.0617016715,74.2693521875,-544.6388601881,98.630377385,-501.6710808424,165.3309154311,-359.3792561998
4.0933333333,5.5724651452,41.9608218182,71.5067349584,122.4533328125,-564.0186739162,216.338662355,-513.7419417993,306.8555794789,-484.5527071185
4.1,0.9281141663,31.7400236774,8.4049740356,124.5731921875,-590.7460663663,167.8980060662,-583.7965501821,157.3805453523,-534.2001749829
4.1066666667,-5.7569423268,4.1880024934,-69.8808136118,105.1644978125,-637.5603686725,82.4367138538,-635.5715914853,35.5070135038,-601.7443057632
4.1133333333,-5.254890353,-5.8429862773,-105.4856352188,90.8679628125,-667.4306497788,31.6196298787,-647.4728840748,-43.5460082152,-592.1649335412
4.12,-9.6596796613,11.361705254,-79.6376981217,115.2755775,-684.754697885,74.62878174,-666.8154659889,3.3666531479,-597.9877375179
4.1266666667,-12.9505355669,15.9910032478,-73.5746680791,120.95836625,-706.4630573725,79.3180996175,-662.1089974777,-21.7659893784,-520.7818060201
4.1333333333,-19.6299369065,8.683958906,-101.8643824356,115.8855775,-735.9594614288,59.2110959425,-695.524558616,-86.6793167976,-585.7533000974
4.14,-17.3082550428,6.3822868855,-107.9044812474,103.2336809375,-747.8689902069,36.4612442675,-710.7853880304,-69.1631304925,-554.4880364207
4.1466666667,-21.4829436431,6.5646344197,-98.485754711,98.89154,-762.0651534288,51.2966670425,-724.0365101414,-50.1046264856,-605.6481774632
4.1533333333,-27.4798443664,9.8199789029,-67.9232543155,106.4826196875,-766.1570707412,83.9794938525,-735.9237145343,53.5704683446,-605.1582503933
4.16,-23.3437567395,16.2096696032,-46.4449676771,98.66240375,-765.7079274256,98.60643356,-728.4367629235,73.982839964,-646.8259285327
4.1666666667,-19.3029267679,16.8985084807,-40.6792462672,87.2269484375,-777.5975482631,91.5623060712,-757.9676279471,86.8776212293,-635.1363013428
4.1733333333,-23.2655882299,15.3664059078,-39.4558520517,87.89,-759.47051161,87.6334699626,-724.6196458226,97.1022619626,-668.356530896
4.18,-16.7571478703,23.4346619016,-29.3384667898,84.5697840625,-757.8980972538,87.4227090249,-725.7828211444,59.3832487148,-616.8663578236
4.1866666667,-21.2107167976,16.6086990833,-40.5463080483,74.25682625,-734.8264888631,71.6363330488,-703.9419661374,42.2783434529,-630.1738954404
4.1933333333,-16.9570582714,19.5311073982,-38.2482958404,68.10077,-719.0577240881,60.1669955675,-683.7182696366,17.5574315674,-558.1118768168
4.2,-24.706203827,10.6713925849,-49.148040071,64.5757934375,-686.7247954788,48.5558812775,-654.4366336714,12.7543787255,-605.2964175268
4.2066666667,-24.7086376684,11.8830787882,-43.8667594358,63.141201875,-661.6851906225,47.5060847713,-618.0828958895,-29.3426311007,-470.7300019229
4.2133333333,-18.90788402,17.9374280706,-27.7584738615,56.0402159375,-652.8583672912,52.4581237775,-621.7293792134,23.6611601075,-558.6376082161
4.22,-28.7626159799,7.0378471957,-40.4924971371,48.212450625,-616.2652959038,47.1311376488,-568.2501559184,-44.4084090112,-458.2154282624
4.2266666667,-25.1502440185,2.2310392661,-35.3086895784,38.671155,-615.6108309787,25.6479800962,-594.778274526,79.0188262041,-482.5768505406
4.2333333333,-22.8788683824,5.1890719633,-34.8504826982,34.021155,-586.9858613381,28.1388435038,-548.6655200772,-6.9051556882,-477.0816629748
4.24,-22.728414745,9.6082431734,-26.1218684761,36.77528625,-593.2494520506,35.7577171012,-565.9817074554,9.0107468992,-470.4306807624
4.2466666667,-23.1434512296,3.6713298325,-21.9594650702,22.2755775,-566.9162361944,30.257548485,-528.9618933342,29.135496633,-417.0023969844
4.2533333333,-30.8242652905,-4.3992462567,-36.3099021905,23.933605625,-559.42024741,19.7342866475,-527.6949824677,8.8499102435,-432.7759976407
4.26,-23.2078897373,2.6356038828,-28.0683656068,23.9693990625,-539.9125992131,17.077292055,-506.0428053464,-4.544694477,-434.385565106
4.2666666667,-31.5341254499,-5.598060657,-23.0877951217,19.1937746875,-517.1615753162,24.6112226613,-482.9139360252,36.2033912672,-382.6874565624
4.2733333333,-26.4135294924,-0.4335356388,-21.8593365824,16.6586759375,-520.5768053131,20.1288277175,-488.582043906,6.3896105255,-386.3713790796
4.28,-30.3671563401,-10.395289579,-35.7054959945,8.339953125,-492.8732665475,1.6802778787,-449.2198834688,-6.2024914612,-329.5748053724
4.2866666667,-32.042971751,-8.7797742542,-31.4574157588,12.6833896875,-487.0005010037,8.2757372251,-459.2834712556,-0.6320288488,-366.783289345
4.2933333333,-31.7580669628,-15.3323933723,-46.9286117074,9.099089375,-471.6291111663,-11.5375860963,-427.5078794883,-95.7790613225,-353.9689535577
4.3,-37.2854715172,3.2362091024,20.8040903948,25.304656875,-487.8370579819,60.1266660562,-459.7381560651,228.1456457004,-323.2282125375
4.3066666667,-30.8110330965,-12.594775171,-35.3350790639,1.3275025,-477.3100691287,-5.348497385,-443.2067862861,-63.941382281,-377.9798026929
4.3133333333,-38.5526731347,-21.4312562614,-36.750508742,1.130723125,-483.4694580475,-10.7707158875,-454.2616933832,5.9464363884,-367.7597544848
4.32,-42.3081766498,-6.8356633476,-10.8585148623,12.8699246875,-490.73940441,42.6188580363,-454.2178750929,-30.5678025296,-397.7327169939
4.3266666667,-43.1248839079,-21.336745296,-17.2898149056,1.9581971875,-509.5594515881,0.8115856563,-478.3193704567,121.1717679662,-365.5055523487
4.3333333333,-44.425609235,-19.7773556726,-24.4981632315,-1.8786290625,-502.6451623444,5.8950084375,-472.495878027,26.8825859055,-393.0124444788
4.34,-42.9703970857,-16.1511676003,-13.9155234195,2.5169953125,-511.0600792725,10.6350049538,-478.0528171283,40.9209361658,-384.7058884931
4.3466666667,-43.3130734416,-24.2159108599,-53.6375303778,-3.782929375,-519.3459360287,-34.3807439388,-483.2617748783,-64.4962368948,-371.0840228729
4.3533333333,-50.9950795368,-3.7190392355,52.8737121574,16.50297625,-524.3432766913,87.5314794512,-496.5888557467,193.6671689793,-430.3799584231
4.36,-49.4873788477,-23.5666202845,-30.6200895061,-1.7936525,-535.7772364225,-13.1579331612,-502.6757189236,0.3374626368,-399.2542323202
4.3666666667,-60.9505998128,-29.1697013992,-29.3135342616,-2.766394375,-547.4569646944,1.2486893937,-513.9104841849,15.0612897237,-421.4978886003
4.3733333333,-65.9311864123,-39.5694628246,-43.179763008,-12.1422815625,-558.12496746,-19.5396750076,-527.9946041763,5.8650939285,-438.9742033257
4.38,-69.9227851124,-23.5307555107,-3.1769440877,5.6491546875,-574.0444278475,37.4814228863,-534.6927192313,51.9047603003,-411.6365088169
4.3866666667,-76.7885393554,-43.0510441468,-45.4313984926,-11.0882440625,-595.1789344162,-15.1997209363,-565.9357997013,-28.7921718522,-487.9290242655
4.3933333333,-75.000229866,-42.5112772635,-40.2780994908,-12.378121875,-599.8318617975,-25.4976898837,-565.6535322584,36.1465132342,-457.5762406287
4.4,-81.607381188,-34.7482431363,-18.0710086197,-7.483990625,-622.0956478569,12.5673299424,-585.905454291,35.0438749524,-478.2649106921
4.4066666667,-81.5807631446,-31.410941187,-23.4132501428,3.3299246875,-625.3631211538,3.4022195162,-587.3995509859,8.9414628363,-476.1521077945
4.4133333333,-85.3542295263,-39.7009391326,-31.4349218938,-12.8128825,-636.9574861725,-11.6429500562,-600.9728586767,0.5836276137,-498.4109016671
4.42,-87.3364117793,-26.3481393435,-4.3774590806,3.89615,-645.3982815319,23.1063629899,-606.2147477893,42.8487943099,-509.3383269361
4.4266666667,-90.9340569087,-51.733438157,-57.4934494532,-22.4604034375,-657.8880904912,-54.6937913312,-625.7592260636,-51.9360056611,-509.467520654
4.4333333333,-98.0898705421,-32.7755867312,-8.0404193133,-5.5648359375,-669.6242491038,22.8377033963,-619.7503468821,26.1565149922,-491.7348566577
4.44,-103.2072066447,-59.2755188903,-56.1634985484,-34.0459809375,-690.6154923194,-58.1691328275,-664.5976242559,-22.3439582954,-575.0450772949
4.4466666667,-109.5608373032,-42.3249721488,-19.34208643,-19.00183125,-701.5905285163,6.6278515875,-656.7939309859,5.8466762473,-555.6229395211
4.4533333333,-111.3226528594,-60.9210822296,-54.1990715573,-41.9895396875,-717.7359145131,-58.5792594762,-687.6736638412,-34.1994872741,-580.0475601502
4.46,-118.2571543696,-54.2635944419,-29.9476759369,-35.0205540625,-722.5801925444,-19.42508251,-680.4781943015,5.6624818939,-566.038821327
4.4666666667,-113.1262759115,-44.3275422925,-16.7093206223,-35.15231,-733.1964195475,-16.8399521412,-691.6019465498,9.1992258588,-594.0790439228
4.4733333333,-120.1098298565,-62.4024776605,-41.6713468043,-57.008121875,-750.3601916194,-63.5644077425,-729.6075637074,-12.6081035947,-634.0690831638
4.48,-107.7705978434,-34.4665365016,-5.7343848167,-40.77990625,-743.3889691538,-20.888722615,-692.9439066904,-10.6387552748,-570.1265465542
4.4866666667,-123.5130362194,-53.4969088068,-15.044739877,-56.776394375,-757.8626267256,-35.7238292975,-719.4044821927,20.5042247965,-614.7856668409
4.4933333333,-122.8320117459,-47.0493953732,-24.3181352593,-59.42471375,-764.63656156,-41.2242962712,-717.3285505098,-36.2460788773,-589.2735280788
4.5,-121.455564831,-56.7917497302,-32.114086491,-78.4378590625,-760.0479806006,-76.2666821087,-729.2867244447,-28.9463940887,-644.2368247995
4.5066666667,-125.491223209,-54.8590538173,-15.7697576518,-79.7786290625,-764.0535868413,-62.8857374113,-736.9008298919,7.3750664266,-644.8596476735
4.5133333333,-124.9532602791,-40.7835535173,1.3660064047,-70.6248828125,-755.1786112037,-29.4642496137,-709.0671495321,12.0232625344,-593.1442535709
4.52,-124.5026520637,-54.752261196,-26.8505020748,-91.8330515625,-756.3649776038,-98.0045423737,-737.3308055448,40.7558699902,-642.2960647356
4.5266666667,-124.5805301866,-39.0158795315,-1.1385755566,-85.347455625,-742.14067391,-37.4470787137,-695.9372345594,-75.2464963777,-636.0255573554
4.5333333333,-123.6752658629,-50.8907902288,-33.7627210373,-103.982450625,-737.8907490631,-101.4023803388,-704.0573591408,-61.9648616587,-598.2980277927
4.54,-123.2256983699,-41.2211554348,-21.0462073466,-100.9653615625,-732.1150473819,-75.5447895738,-690.6570483641,-137.3333917698,-593.8933061357
4.5466666667,-115.4323390343,-42.7975013633,-16.7278913017,-113.342065625,-719.1663806631,-121.40488244,-688.7356129319,126.708241534,-554.4371057759
4.5533333333,-116.2395447883,-22.1369847236,11.4069929284,-99.7268078125,-703.3325088444,-44.0123704863,-657.5297616388,-77.6147460961,-589.75283236
4.56,-111.6526277153,-32.8171105239,-15.948519076,-113.390816875,-684.2124424475,-104.3034346375,-644.6781699546,-63.9379743416,-558.0708907451
4.5666666667,-108.8960058305,-27.910002482,-2.2476315918,-118.9355775,-657.8759640038,-91.9284060974,-627.480612965,-8.5391221514,-534.0830262926
4.5733333333,-106.4946787312,-27.0707186632,-7.8046038605,-117.7713240625,-626.6565451162,-87.7347661263,-580.0868508349,-48.6381239584,-479.1745941114
4.58,-94.386232822,-20.1315196789,-10.0197462259,-122.1660846875,-580.3114485194,-96.4407861087,-539.4511800362,-39.6280341086,-472.5574523313
4.5866666667,-89.9920604474,-11.9631076869,48.2562288473,-117.6244509375,-538.2774313069,-34.68751245,-503.9490394695,105.737040108,-398.1620119047
4.5933333333,-85.3610996511,-24.8602174814,-32.7769802401,-117.848319375,-488.6511992319,-99.7365213637,-418.4450605044,-86.5820020779,-252.1950616236
4.6,-68.9175676909,-10.8534865736,-9.5272182687,-110.9680565625,-431.6418199944,-82.1892731737,-370.1400563848,9.1301240725,-257.6486506443
4.6066666667,-63.0559170232,-13.5032688578,14.592637825,-125.7529578125,-379.7193604538,-56.8886352913,-347.8569996405,7.2979384787,-243.3998639121
4.6133333333,-50.1098869239,-6.8108248488,-2.17862919,-102.66616,-316.0360642131,-54.9904412125,-276.5138719529,-78.4399046004,-188.5800149842
4.62,-35.7768368456,0.4060501966,31.201543412,-88.1368078125,-251.566683285,-32.1184212601,-208.9592120374,223.4395404238,-65.6554102498
4.6266666667,-32.8248086837,-5.1263663875,-11.7109351453,-77.3892115625,-199.4453558412,-32.4941229087,-152.3038327854,-139.1363928086,-74.5619468058
4.6333333333,-4.6775440412,14.2814761149,31.0633692456,-57.937070625,-125.1064419881,-10.7899591875,-100.2880073227,113.7435931964,20.8446179969
4.64,1.6097849642,7.1548172675,34.8018056035,20.483116875,12.4698818431,61.1788865512,46.5110377749,85.9255744433,164.9692027941
4.6466666667,1.984889846,-0.8509081044,17.1948706361,9.69615,24.17616494,39.4606306238,51.5737370551,57.3495459097,136.9204833295
4.6533333333,4.2662662195,-11.1823566613,1.454574698,7.51451625,32.5142479306,13.693003335,84.8480166819,95.055965793,212.3133700911
4.66,4.8675501345,-15.3654705576,-37.2722676915,1.2726196875,29.0460562775,-19.0756538325,74.8355882994,-187.0946334765,85.7339574738
4.6666666667,2.5591991976,5.8013872327,42.0592424171,25.8766003125,19.5080747244,67.3100881875,62.6338921205,213.1223833935,222.3861692111
4.6733333333,2.1656175462,8.6474680227,27.6310813828,25.088788125,14.5751584119,66.4181092575,36.6384604745,-22.3376125545,77.8121084699
4.68,27.8919979039,27.8265159163,72.3782976989,31.670036875,40.3808694713,86.4065506038,74.8631793311,135.5330106978,178.1457114119
4.6866666667,26.4119951288,16.7259987993,10.6050321811,22.2777553125,39.5845089088,16.0432980375,77.5710190809,-46.9928175045,205.5412958235
4.6933333333,23.3879867545,17.5362891139,22.9922002471,16.880713125,25.1909802869,20.2148262487,67.3781309549,4.5960538446,236.1742880045
4.7,18.4690367178,13.8369660373,15.2513839916,13.0071075,20.151077115,15.4278182175,63.34382553,-15.1753175262,272.0916566652
4.7066666667,27.1392727118,28.0486157457,43.5149518207,24.042731875,22.5005049181,45.4730957349,55.6205625425,17.7011287987,229.8264771815
4.7133333333,12.5287923606,13.8136123349,27.1310980159,21.218309375,16.0417338431,45.7099316825,52.6945210294,-46.9753388093,227.7251674515
4.72,27.0632217156,21.3539233382,34.1202578046,15.3072296875,24.235716015,21.2221904613,68.8150481509,61.0479296132,288.3172965199
4.7266666667,2.1053597586,7.7341517294,21.3619072582,13.211004375,-3.3590830319,26.1859827262,13.7355431499,17.8889537362,153.6942574437
4.7333333333,22.993740685,19.9662552955,32.0150377247,8.1815584375,19.9743928775,18.487847035,37.3910031245,11.1424316411,176.3959733441
4.74,19.2087913211,12.7468803088,-10.5618076473,9.942544375,21.1247542088,-20.8387280338,42.7150304295,-104.4978725518,224.1534451179
4.7466666667,18.3314110511,16.965472672,34.9924701665,10.2415584375,21.5260672025,28.9705832662,20.1999710187,52.3987418723,68.264769112
4.7533333333,20.0494179711,18.2265745222,39.4903334508,13.4224690625,28.9235721587,41.9050768626,38.6574964645,33.2174602026,177.3267980077
4.76,20.7988665089,9.1689011259,-6.2840112466,-4.5898309375,21.768336165,-37.5119631138,28.5544971307,-58.7196899959,82.4506507771
4.7666666667,21.6098995349,21.8818527524,51.8138156005,21.1940559375,28.5321289869,49.0275650063,36.5800290553,119.1392353704,192.5926067454
4.7733333333,25.9113227637,18.4155355856,8.2214875497,9.62413125,29.0998629431,3.65397765,42.9329817754,-153.5066647682,48.3145960108
4.78,24.9163272047,22.9708627227,47.4462125973,12.3307884375,20.8168046181,19.0067883225,30.6804709338,156.7895479127,215.8779960461
4.7866666667,24.1675078953,16.3748341741,19.6208679462,7.7127134375,27.5786762837,10.2212662587,44.4990175127,-64.6981832433,62.3652340002
4.7933333333,16.1543568882,16.7452224084,38.3035326788,17.549464375,22.3686779744,39.6289269662,40.7906527593,29.6961641582,192.3065011286
4.8,23.0423671239,17.0021782167,21.3164645702,5.6646853125,23.0076316369,0.7361991375,36.1827120548,-1.2167392123,72.4692797791
4.8066666667,21.6834653287,5.3232060588,1.1558524949,-5.4054553125,28.1579181181,-33.687503265,48.8303609592,-41.6436557431,184.0395291859
4.8133333333,-1.4289922664,11.6501032004,35.6964729035,23.149558125,1.6217080213,64.66389183,24.3519881814,29.252976948,114.4149030311
4.82,20.1226656156,0.6297338656,-15.8100843139,-8.1691546875,29.8156377837,-54.2427267862,38.6202237264,-57.6112495402,91.278096099
4.8266666667,11.7962142921,13.1883596082,41.1344349286,19.351961875,35.3895185181,56.92350664,74.2078079027,-13.6047905721,242.6102999249
4.8333333333,18.4699482601,3.0071468902,-9.7881921241,-6.08846,33.75275774,-30.6756980487,40.66127576,-85.5118397186,85.8343047764
4.84,17.2309921903,4.0457348697,2.7049132322,1.97201875,29.2712604681,-22.2304242425,57.9969585501,-53.6881184644,158.8732338639
4.8466666667,0.4283098516,3.0219836378,28.4583359248,10.1809575,8.5368809994,19.4059331213,25.4108136125,210.4364445231,135.5470940627
4.8533333333,1.2676569312,7.0064855055,-4.1644099638,13.453408125,0.16849754,15.6098151675,9.2823187824,-200.0466570284,94.065435213
4.86,-0.1773371452,-2.5090654089,5.4892642223,5.5146853125,8.2944772494,5.96400156,42.3490038376,-6.6294918,104.249837521
4.8666666667,13.1156985484,14.0900392354,24.8683323211,11.063023125,26.6086161869,29.6163637462,33.5887294082,-7.3071906577,82.5559033791
4.8733333333,3.9995203777,-8.9615896801,-20.3190056675,-4.7874740625,8.8871544181,-45.6356070337,33.0295935665,-85.3903302457,147.4057623545
4.88,13.0938081737,20.133026653,45.651159418,18.714271875,31.4643758119,58.8340150124,52.2271483207,20.1776716722,121.5060647305
4.8866666667,18.0085810824,-2.3383719281,-12.7994858355,-4.10490125,38.8208982119,-49.2324216649,67.0852309082,-87.8650930248,152.4743500269
4.8933333333,17.4880523144,13.0719396838,25.1854268241,7.3251640625,45.1229896588,17.920631975,69.0263117176,-31.6934709069,140.0481960148
4.9,17.6671693773,12.6536257446,22.9113193029,18.2820840625,50.0612632275,12.09582334,80.1764990126,-36.9572536163,137.7420462789
4.9066666667,11.2857035409,2.9250720419,14.1788820489,-3.289276875,40.9435229713,3.3470774588,76.9394377888,-35.4560321571,163.4042116785
4.9133333333,9.656633442,-7.213079026,-19.4637517031,-13.1920371875,33.52406689,-41.2572006538,54.8581240187,-84.9414725458,117.3214039469
4.92,23.8485573734,15.0196762992,21.1354061211,11.635811875,48.8873651244,-11.2762072925,84.7997910751,-55.2776837165,166.5720683695
4.9266666667,9.5645396726,13.6311138209,37.9475436597,10.7759809375,42.8005228931,38.0249124662,81.0285599824,4.6639910523,146.1007288264
4.9333333333,8.6598042025,-3.2369392811,-8.4259506512,-5.9190609375,35.5241166837,-24.5439190237,46.9851877692,-38.8938732998,55.0611467682
4.94,11.2639110493,4.4539192723,5.7171405202,4.8410796875,48.7199971087,-17.62939687,109.2684795518,-99.6291355901,213.6983925032
4.9466666667,2.111415244,2.0609461422,13.9671201792,7.393314375,23.5659134994,10.0060339387,53.0292520438,-14.2269719872,116.2431704578
4.9533333333,11.0635835395,1.2248351538,-3.9482877957,-9.6599246875,44.2981592556,-24.1569812612,72.5561797583,-73.5272627493,121.2404735681
4.96,9.2618987654,10.2925792036,25.8547580054,4.18846,41.6437993087,7.643064505,77.9428393469,-7.244243717,117.3531615521
4.9666666667,3.4548403547,-9.2765888797,-8.7207654963,-6.9318965625,67.2364580244,-37.4815145737,128.1198598654,-108.6442208498,238.2577973542
4.9733333333,14.9749530686,14.3047241881,28.8749249431,2.1121878125,48.634059665,-3.0005335713,94.7343272987,-30.2114745813,159.1581206105
4.98,6.7315943037,-4.5029809257,0.9103154515,-15.2259340625,57.80976334,-40.3099075475,120.7595535013,-41.6047648534,206.9854771129
4.9866666667,10.6140816503,5.2613768437,11.7298887913,-4.00538,58.9307775556,-28.3842845637,116.0121632582,-77.1438289677,195.8786094428
4.9933333333,6.4162893156,-6.4022969041,-2.9246586252,-20.1548728125,44.3944369775,-47.7637237576,95.1288109077,-32.9024547136,186.6847175361
5,8.2312958877,-3.8861841922,5.635217992,-23.311098125,46.2968296588,-44.6691671562,104.2207688354,-26.1221708262,202.5731376416
5.0066666667,10.1169769229,-6.9741165053,-4.5037354557,-33.337633125,49.911984965,-69.1290149025,121.2405669848,-72.7413590505,282.5656104266
5.0133333333,3.6924886886,-14.43043467,-8.1176442159,-31.0918396875,35.8422390213,-60.6409905525,82.2883246927,1.3701282555,147.7368780188
5.02,2.0197589587,-12.7952125999,15.2772920757,-32.67845,32.61462679,-39.05905166,80.9646239843,40.0361351141,250.5111827999
5.0266666667,10.2613651605,-10.3242945926,-36.1262914415,-32.791670625,29.0530391494,-90.1168056412,68.7663851558,-107.3476398834,146.580944114
5.0333333333,2.1327149809,-18.5684154849,2.7736820699,-40.5863559375,26.4640504462,-64.00521627,90.4495534262,15.7243795681,286.4625694808
5.04,1.9179594135,-19.7910950447,-8.3772920799,-36.92537,19.1992752275,-53.7646235526,28.8731559572,37.8009622855,124.075257665
5.0466666667,10.2882241299,-15.0641299944,-21.0050638326,-36.60738875,22.0753251775,-76.8157513549,26.9011224649,-28.6409048569,148.5729954888
5.0533333333,-4.3598234862,-33.2711191533,-37.4635230287,-47.790318125,18.8604319181,-85.0975592151,35.4537439911,-17.4241027911,155.0547922048
5.06,13.9191546693,-7.5682910091,-3.0181610826,-33.0168346875,19.9189882837,-67.7595527663,47.3595408406,-8.7737130023,176.0245901962
5.0666666667,-3.0439138256,-26.1565098985,-11.865839164,-41.033398125,18.0835730837,-66.0792807862,58.3597304451,6.0610782638,224.0361572505
5.0733333333,8.4206224327,-13.9848987158,5.5728791161,-38.989360625,11.2843350931,-56.2134092337,44.6576966954,38.8177544763,224.6154290349
5.08,5.2102960185,-14.4044372681,2.0933639315,-39.5299146875,19.6191040119,-52.0734561576,51.7440582999,24.6545326163,181.6615921173
5.0866666667,-2.0915513052,-19.2485570126,-12.8808348933,-26.6644125,-2.9500267037,-46.3721382899,27.2177044554,14.3701623901,153.8566690428
5.0933333333,0.3909353582,-14.6562971313,-20.4297512476,-21.9981403125,4.7129618431,-48.5575501951,20.9218208999,-15.4901613329,106.4882431488
5.1,-0.6654239218,-23.6980312062,-47.9516063413,-30.179266875,1.3483977931,-78.5289600337,16.7472282752,-72.4286907879,101.3227414412
5.1066666667,0.0937518905,-33.5018388161,-86.9248499741,-9.2391546875,-210.9015118381,-52.7878493262,-188.3657591828,-68.2858946321,-133.5579975867
5.1133333333,-9.402289017,-39.6712896535,-95.9934651882,-1.1528171875,-339.5383262537,-18.5105723613,-279.2687386033,-33.0333320914,-198.0579606745
5.12,-3.8899575611,18.1873200028,11.6818090869,61.835604375,-302.4286402631,109.3535183214,-205.0538017195,8.9535495475,-100.5467181133
5.1266666667,5.213064351,27.7233529508,26.3151016076,67.0947221875,-336.5532032444,111.6796427049,-232.0211922018,27.1659397089,-15.8472242208
5.1333333333,10.6165718805,-8.0033847423,-80.2461566462,63.7755590625,-429.7742925975,-2.252163135,-402.6606137239,-131.766300111,-172.3251204276
5.14,0.2419323655,-13.0778897395,-56.9115942384,74.7140475,-442.9946448538,27.4542183188,-403.4823095659,-29.4555887991,-182.1999283009
5.1466666667,-4.1941224955,-24.0617106544,-53.2688282526,49.69145625,-451.6565495663,30.9531030562,-422.5010392932,52.113485978,-256.6913392404
5.1533333333,-7.350389298,-38.3361068271,-73.8705467481,36.3808084375,-484.7507429225,-1.31977871,-429.5862662647,35.1185001043,-272.5008744409
5.16,0.7751973876,-6.2891415126,-36.5657120604,66.06385,-510.9086874412,56.4377546837,-479.1679529603,120.1579904477,-418.0778845919
5.1666666667,-2.9551476246,33.2572563885,26.6874472617,113.0549196875,-514.9356323381,161.8453780925,-478.1320288107,133.9526840585,-375.7568437233
5.1733333333,-10.7939433136,19.9478389563,-21.4297455591,108.0643940625,-557.77077396,124.878771975,-543.3991752581,108.9664670191,-550.7140274958
5.18,-9.4558688177,9.463969062,-70.2941562283,95.586300625,-582.7256867412,64.9410668725,-580.1836131314,-28.9183338276,-486.3525925051
5.1866666667,-11.9338880302,8.6703978435,-91.2045868796,98.072356875,-626.7174552788,49.1792864551,-617.2634363385,-59.7141887429,-588.8825997747
5.1933333333,-7.9385060985,7.6081420897,-111.0522524276,93.9232490625,-639.9819180506,9.4074847987,-611.2143900252,-129.9920710254,-504.5266436215
5.2,-15.1426594196,9.0448528612,-93.6790790738,90.838319375,-656.1822835287,35.7745355075,-621.1871157084,-76.7312838384,-543.5363668518
5.2066666667,-13.0570506619,8.970406333,-93.9895199978,84.111925,-669.4455016975,24.0069372138,-625.5601843704,-120.8087676342,-471.1203730314
5.2133333333,-13.4406716807,26.8428153494,-45.7222588981,95.8128825,-689.2691774037,80.747573025,-651.490091201,32.302865955,-554.1227134827
5.22,-11.6063124365,19.0599760613,-59.3373029386,84.079568125,-699.785420085,53.1614796962,-669.6956118681,-8.1181749298,-533.0152300845
5.2266666667,-17.0779117199,13.4720900922,-57.8891838462,77.7953146875,-714.0188465038,57.5115623588,-696.0101416093,33.3756115508,-650.4803758543
5.2333333333,-17.0560926349,30.9938037738,2.0082727484,84.2639621875,-717.6779764537,120.472010935,-673.0510929773,125.4999394869,-557.9822820545
5.24,-23.2681539537,4.9853906883,-44.6790232144,61.4678875,-724.9628151506,55.3445932413,-694.185661906,96.6853391134,-628.2996503896
5.2466666667,-19.1741287526,19.5354668644,-13.5676059799,69.2336525,-717.3992184413,85.3577314025,-679.8129339958,81.9181927084,-546.0503604671
5.2533333333,-26.8455105127,10.1825691782,-23.6877463814,61.501971875,-718.29676351,74.5165957775,-675.7141989969,81.7412840737,-565.4178959619
5.26,-30.1351921937,6.4921394074,-36.5063220294,59.43798125,-703.0335146069,59.1013827462,-666.3112311014,52.3903764161,-563.3215214132
5.2666666667,-34.5445604216,0.6867478367,-50.9251624442,54.1590140625,-695.4681378287,45.6321110888,-656.381665724,-4.957277369,-542.9234963205
5.2733333333,-29.882727755,6.8263140842,-40.9991337395,53.1233896875,-675.2366304131,43.8432212399,-645.3959439572,30.7620850918,-585.8871638528
5.28,-35.9832199499,1.1015064073,-46.4857018041,48.938798125,-661.1696114319,40.1475914763,-628.5079885318,-2.2181511299,-530.097149935
5.2866666667,-40.8655922317,-2.7898087093,-48.690738893,47.0486290625,-644.2436726006,39.05888444,-618.7468014961,-13.41005923,-503.9736536035
5.2933333333,-48.4646369367,-13.8642699684,-50.8519586243,40.0853615625,-614.0886839006,31.6626253313,-578.2236615913,34.4440829816,-531.7245282553
5.3,-41.3759282313,-4.4861146938,-50.062076051,42.8690140625,-610.2839895131,30.8159891187,-579.6014647578,-85.6880276495,-478.5817372453
5.3066666667,-44.4791617553,-4.3291653164,-21.5053746617,46.030385,-581.4383998756,42.86495981,-551.6822595012,129.5706881541,-449.8524768329
5.3133333333,-44.586252137,-4.7119478952,-27.9713535229,41.2844225,-576.6787506006,43.2239450562,-536.7312004437,-2.4842811257,-439.113136457
5.32,-44.2865429931,-3.719617147,-25.9689254336,48.244375625,-559.94982906,37.1288513637,-529.8633790545,17.0928874917,-424.7166785487
5.3266666667,-47.2234657564,-6.8083112378,-23.7406239747,41.4145915625,-555.570031935,39.3631286263,-508.6060743069,25.0865574882,-419.4095539251
5.3333333333,-37.9746061856,5.9589616858,-7.6435443077,49.2670421875,-542.2807482975,43.8977907663,-507.0967821432,32.8666480864,-401.7547878024
5.34,-56.5868581387,-6.0907120325,-2.0166025287,46.9539621875,-538.4528520412,73.5934405362,-468.0261285761,62.0746550681,-362.3060927147
5.3466666667,-49.3037483413,-19.5752186633,-42.1586671472,25.7352209375,-557.8854706444,0.3939400512,-557.5660821103,-3.4125143327,-457.1563815223
5.3533333333,-60.0750544281,-29.3418928159,-54.9437634454,25.1390425,-554.1140291631,-3.5278005088,-554.2257665648,-10.7027776467,-452.4471153734
5.36,-69.0577463904,-23.710251529,-12.6248831238,33.1218496875,-538.90379356,58.1179810687,-475.1397304179,78.2273280786,-369.8883997605
5.3666666667,-58.886905518,-12.0160799615,-7.2703895715,40.2007415625,-523.2465996788,52.1900226788,-484.3922406161,40.8180034869,-385.7787698705
5.3733333333,-67.6859626823,-30.5861586806,-39.3013088947,23.9317559375,-529.1513161881,17.4804141762,-493.8610766356,8.9632357722,-409.9898048746
5.38,-67.5349048279,-23.6627274307,-14.6072718867,32.750816875,-531.7259859819,40.2438260613,-493.6541057227,53.6421667413,-389.4445789051
5.3866666667,-71.0105440112,-28.6448422742,-31.9209237757,28.266779375,-537.0224047912,24.5323239199,-504.6501944153,8.9135515158,-408.0547599647
5.3933333333,-74.1688847595,-32.2047220838,-46.2769543311,30.3262253125,-537.6579928975,11.5816532088,-491.0593884583,-27.7588103532,-372.0117911371
5.4,-76.5274281934,-27.0089445139,19.9406945595,28.161971875,-536.9397107162,70.0828668213,-514.0453912576,158.6231736153,-445.5227946088
5.4066666667,-72.5876271747,-27.7779653751,-21.6336305244,25.33,-548.5780177944,24.7609697349,-512.873917555,21.759362671,-408.1786417078
5.4133333333,-73.0121116597,-28.1479628276,-23.4900152423,23.5566103125,-554.1698536537,19.3331930588,-513.9595778702,16.8926119208,-409.9844036545
5.42,-78.8932041489,-28.9123619625,-10.0901926291,21.35644125,-570.2171429756,35.5814205112,-537.8114748639,51.6641637232,-434.7566672307
5.4266666667,-87.7492827119,-42.9346610893,-28.6077578688,11.252356875,-584.798148435,14.113055475,-551.3273520603,43.691194485,-458.0800824609
5.4333333333,-88.5770111746,-41.0388393084,-30.1266782013,9.6448075,-592.34488001,13.6357929925,-557.4892489828,18.4435721305,-449.5509118756
5.44,-89.2715317988,-43.7568617421,-28.2157845221,1.324375625,-601.4312236663,6.6454304937,-566.1479959348,37.2485662377,-468.6937420497
5.4466666667,-95.3134622435,-42.6041933887,-28.985381498,9.806779375,-615.9470893381,13.5653331063,-581.6490768761,1.9494925203,-467.0461305197
5.4533333333,-93.5455437878,-38.6897741073,-17.041771861,6.564854375,-619.2816813631,17.5762118937,-581.3375919308,50.0091916917,-477.5456388405
5.46,-100.4651757429,-44.8504145811,-24.4218651406,3.2273803125,-632.8209756069,11.6501165437,-592.4399518756,31.6860804157,-480.7240402
5.4666666667,-102.3275988371,-48.5017141328,-38.6358736398,-7.52077,-646.3336054381,-3.3455492987,-614.0162458484,-63.2072523227,-524.1659053789
5.4733333333,-108.4011781573,-55.3029937793,-34.663150348,-12.14682625,-661.7346319506,-19.9445620263,-622.8178894471,154.0776317458,-471.2286579397
5.48,-113.9340125981,-54.5916571449,-52.9689585376,-15.3763475,-673.7114920131,-2.4495657013,-633.9751204925,-216.6644143153,-549.4616279141
5.4866666667,-103.2756178011,-48.4099765197,-26.1264538161,-23.346009375,-673.9549983537,-24.3799031625,-631.7604627301,120.9684212355,-491.7799702148
5.4933333333,-112.8596666735,-56.4513600676,-45.6430428727,-26.0258403125,-686.7377025725,-30.9706511263,-645.6803723787,-19.2080442644,-532.6610814843
5.5,-109.8203272592,-48.5754237927,-23.9331441282,-32.6485821875,-693.9350570631,-17.5420724337,-659.0013709418,24.7502870344,-546.9656508164
5.5066666667,-111.6434216035,-51.4699701825,-35.6670879182,-36.264375625,-698.4061816319,-33.2590873675,-658.6086471314,-11.3932794415,-564.692644097
5.5133333333,-113.6741993399,-52.1373888032,-29.7825029111,-43.2321878125,-700.47897161,-32.7097920925,-669.3489496383,0.8215675774,-572.8072505823
5.52,-108.1359424607,-45.982628486,-17.5742183897,-45.8097840625,-696.0647097194,-32.01779641,-661.5825864268,21.866731664,-560.7728293768
5.5266666667,-112.0177521455,-48.4560557048,-22.2961751232,-47.3233896875,-696.2961021725,-35.502796505,-655.1509609695,1.4941410372,-562.7677186402
5.5333333333,-107.6812517806,-43.7293587852,-13.2650773871,-57.8901690625,-697.0167369225,-38.7608019025,-666.3945433678,5.1672913833,-572.1812202646
5.54,-120.5152588374,-55.619503355,-25.3857608574,-63.46317375,-702.46013291,-45.4477688437,-669.5274199494,5.5085353045,-576.8686357728
5.5466666667,-115.5018979851,-50.6279244454,-24.2350698868,-70.5893990625,-703.6028088506,-56.3325478875,-672.0932312544,-7.1824158137,-582.4557018852
5.5533333333,-119.3708641984,-57.8974702627,-22.8773423752,-90.712159375,-717.8042325006,-76.7281628763,-704.5296262018,64.0585709758,-625.7068776154
5.56,-115.0342259986,-38.0368435648,-17.922981363,-64.333803125,-705.2970366256,-34.5934207775,-648.053811564,-174.6936672096,-586.52060373
5.5666666667,-116.9889945681,-47.2802942872,-14.8826355769,-88.6659625,-713.2442824537,-72.22938337,-676.4525104026,66.9949998021,-550.931099991
5.5733333333,-115.3171609331,-46.265020527,-34.6097843911,-90.3866103125,-701.0939752225,-88.519382585,-662.567049545,-61.9191786591,-569.6954542682
5.58,-111.9610261598,-35.4280201139,1.377751085,-88.2521878125,-695.3288588006,-63.729470955,-677.5703639764,-3.7920175949,-613.2850517476
5.5866666667,-106.6776153975,-28.2403476894,2.0664154326,-87.42913625,-682.1557425319,-66.176011325,-650.1567211714,-6.458707379,-553.8763607746
5.5933333333,-104.02116769,-23.8357535356,0.4372516792,-89.70317375,-677.1282950569,-72.4970045075,-638.4318963082,-23.4202555716,-559.9732227742
5.6,-107.261927375,-29.6133193266,-3.5135594992,-102.710385,-669.2307038788,-81.1688581237,-630.2240592575,-16.6437750396,-545.9868186857
5.6066666667,-100.4824086773,-25.2542934209,-7.5976109615,-115.5453615625,-654.0053495413,-96.2636311074,-625.6204477272,-44.0385088315,-528.503756277
5.6133333333,-110.7927785845,-36.9993772655,-27.8929109193,-124.417164375,-649.0225793881,-107.6758586551,-600.9793921186,-59.2335187831,-500.5812908008
5.62,-110.7436429267,-31.3290245711,-9.8366894152,-123.4267325,-637.9852328881,-95.7222658137,-608.8542950833,-27.4877834636,-542.5518934386
5.6266666667,-112.9599047049,-36.066048573,-22.3994365287,-134.780338125,-627.2995662475,-106.8675379537,-590.3781998856,-56.716081126,-469.7966582605
5.6333333333,-101.926852146,-28.4788577038,-11.2219955645,-146.6881971875,-601.6660785038,-114.1353127925,-583.4427978934,-39.9946714322,-560.7924742479
5.64,-96.5512610167,-21.7027480968,-14.7025967317,-136.3148828125,-574.4910956412,-106.879227055,-532.2075518683,-58.2167377691,-415.3960097779
5.6466666667,-87.3314346336,-25.1079718582,-20.3163045388,-143.9949296875,-514.3675564131,-113.9824700275,-476.9609595985,-57.0466237316,-412.7478469087
5.6533333333,-78.7495877768,-15.2358868084,-26.6927529677,-131.576591875,-471.2955671694,-99.207165325,-411.7974586254,-89.3477856549,-244.519622373
5.66,-62.1614637565,1.9646948232,57.6784768447,-124.6395965625,-418.0314552819,-37.038475575,-403.1763363275,120.2736675149,-356.8940383283
5.6666666667,-53.0946731264,-9.2532641487,-21.5192755531,-112.9183946875,-346.6714827944,-82.304255485,-270.4855511564,-44.4290874849,-120.3751082395
5.6733333333,-43.7171416971,-1.8306105901,29.2272551128,-104.3532959375,-291.0883593006,-36.29820908,-259.1897733366,67.6170487239,-171.1664362836
5.68,-27.8297063621,14.0625368771,43.8156998738,-69.29779375,-231.6848749381,-6.2030649812,-198.5357439095,65.3762681429,-135.6397401869
5.6866666667,-16.7236646871,26.9172331464,63.0265917665,-22.613511875,-182.3426812881,27.7308966662,-144.0044140191,125.4701348882,-23.7400769259
5.6933333333,-3.9467043145,-1.0480734157,-6.536512154,-56.8042065625,-104.2013616913,-39.84679372,-47.4862931086,-33.744157276,22.7234055548
5.7,5.8922030386,-12.2115680822,3.3960606034,12.1201875,39.5603189338,23.2030624838,105.4342094825,76.0389218437,200.4059828249
5.7066666667,4.9408053066,-0.4589480015,23.6589502084,14.6048259375,21.514571765,35.2166257688,52.1325286873,86.3930793307,92.5271318209
5.7133333333,-2.0947418435,21.8922285941,80.2316883661,41.087435625,15.0187572744,148.189503645,46.3731886134,170.0316395913,181.2826695731
5.72,2.6126612287,0.64396155,11.218804614,8.847736875,10.8463827275,19.6025643562,26.9767669138,37.344713366,97.4127697059
5.7266666667,1.500484813,4.435023,24.5277987466,21.3921309375,13.069225115,57.0233757826,54.5254206489,57.8045511226,223.8908888175
5.7333333333,2.7365222029,8.8964233283,34.5337014791,23.5737646875,8.3162935869,60.2225786812,35.6027804221,63.5911014351,131.0977045225
5.74,25.8888006884,17.0651701341,25.8711241583,15.53778375,30.0936794338,14.3593003051,62.5614511355,19.777816527,249.8475550433
5.7466666667,26.1077259971,23.4478241926,31.5240405371,37.6668346875,39.0858274369,63.7621584112,100.4852122406,-10.3050998107,313.0598556626
5.7533333333,25.6871589189,15.5548787163,38.4038693654,23.8126096875,39.2113419213,41.7479461275,79.0478223456,40.2850177635,233.9859288636
5.76,32.7189044549,21.870963639,14.7506455843,26.5945346875,33.4076480806,9.220454875,95.3748971038,-51.9858166132,325.3721178057
5.7666666667,3.7700319701,14.850812301,38.7017536447,31.3306846875,0.1236528462,64.5497698163,21.9787768966,33.9963452303,171.7696480835
5.7733333333,21.9004819756,24.9106023974,40.5715737437,18.77874125,16.5854925494,44.45662064,48.6368304902,1.2860307141,261.9481459298
5.78,22.7974655166,22.2289963145,34.2870644543,12.1896334375,15.5189865931,29.4284519575,42.1349194576,5.4392674254,223.014675418
5.7866666667,20.4134335231,20.7697488827,37.7574686807,14.302253125,19.34772124,38.32901191,41.4268037868,6.7505905901,215.0757167364
5.7933333333,21.6196680739,12.3496678362,-5.0151544571,2.976873125,15.3912280431,-27.396283315,48.0112853035,-85.2837432069,211.1230897957
5.8,23.7883906092,18.2676205954,19.815480666,6.113699375,18.77622904,-1.9405664388,26.8519587306,-19.7797705669,143.9241293208
5.8066666667,18.5751105428,20.1907002144,46.2634238397,19.9753515625,23.9532514025,55.1098609712,40.2826407087,54.4020687694,145.0534301722
5.8133333333,23.1773018879,12.7947410491,7.6852139538,3.4250234375,21.3396677556,-22.941600235,41.3080522484,-38.6337557771,163.9014754538
5.82,11.9797655385,11.9758210064,27.4278210002,16.77547375,21.1082951275,36.082079845,35.5889579635,15.3383237709,154.7965778695
5.8266666667,1.4524985047,7.9934776563,10.1222639259,10.786966875,-4.1208368162,13.9609430663,-3.5197705274,0.8798069184,43.6329461764
5.8333333333,15.6630790544,11.6891706253,17.1914224186,5.71374625,18.5505674712,6.8440331425,28.8719455629,-1.8199115376,143.4060064575
5.84,1.0392316386,5.5941510391,19.0321023879,16.0592484375,3.8160679681,31.8156342863,24.4491762035,23.3955110004,95.0620086863
5.8466666667,24.0467571239,12.5104081892,3.6560651226,-5.90124875,22.957539115,-29.0861225938,28.4809504052,-47.2188592741,142.348408343
5.8533333333,16.3847556864,9.067613584,16.6755565568,6.8151171875,31.4042651556,4.89191927,39.2732160888,8.6983736542,91.4609629386
5.86,22.029012535,20.2606030892,50.8364686235,20.1260746875,35.3439646869,50.82105972,56.1080587141,106.118805,196.3998377666
5.8666666667,18.7063632424,-0.0881737214,-25.6199052762,-11.6959809375,23.96195439,-59.9733792675,39.0540915517,-151.6833641836,63.6829192855
5.8733333333,12.9800872443,10.7774457342,30.9298805381,9.091004375,24.64068489,33.4465880262,52.4976789814,-11.4567908358,186.5530749028
5.88,23.1193369146,21.9412449804,36.1912959004,13.143408125,29.6157505931,30.8074446163,48.0225667849,1.3263607244,125.2803607734
5.8866666667,13.2667370613,-7.054335981,-4.7481787662,-11.0055490625,28.2579739088,-58.249053605,45.0644313484,148.9612561269,140.3221622092
5.8933333333,14.9934831799,17.5209625789,26.880071101,19.2149196875,28.0515435681,47.7783733175,54.9342676716,-160.9232711545,181.1457163002
5.9,2.37865217,-4.6286128589,-11.1847267488,1.1514178125,8.7895869088,-23.4194955975,36.9991154608,-57.0739495635,100.4793436497
5.9066666667,14.1921403406,3.1275423993,0.4414212543,-1.3054084375,26.9892163587,-18.7681077174,36.7723477899,-54.3494608556,132.0731616543
5.9133333333,16.4031843916,19.7100441789,47.6698962769,19.1374925,34.4787767963,52.6216586675,66.1282176784,24.4827760417,154.4460341626
5.92,11.829191475,-8.6800867141,-28.6177534705,-9.256103125,37.3140369213,-52.2116692225,50.0961599635,-112.0757394445,105.6091098439
5.9266666667,16.0936778568,14.4714485788,31.9634317039,12.0843940625,39.8007313025,30.1969694375,53.8234491534,9.6970347575,104.0457115037
5.9333333333,14.9483289243,11.499115934,23.6761865303,11.8619434375,38.205295815,17.8414254025,71.5642373198,-56.1524496813,177.8405647112
5.94,18.4372885509,4.9369828382,-9.6792309094,3.288845,35.4376056556,-33.49600765,33.8891834394,-68.2725134683,55.919064489
5.9466666667,-3.6903345111,-2.6717394484,6.4252199534,2.4846384375,3.9560561338,11.7819088875,46.1320905001,-50.6931807284,154.0682971291
5.9533333333,9.8545709216,0.1630392036,-1.3970306776,-1.595145625,33.8599506962,-11.924755135,59.804707699,-56.6340237609,106.0271155888
5.96,9.2201187322,0.8428117843,-2.2234491653,-1.521155,33.165882765,-11.9790295288,52.0733989481,-61.3493110168,100.6066655256
5.9666666667,10.9131496158,0.3245996145,6.7406184792,-3.497164375,41.8075638525,-10.6372504187,76.709572401,-45.8043439068,141.2914945392
5.9733333333,0.8453691294,2.5157704934,10.8706328815,7.878121875,18.1997004837,11.8139145412,51.8995937293,-28.2343412227,132.2974758648
5.98,18.7628157158,7.9742005695,-2.6466827864,2.4081971875,44.2568728494,-25.9694665062,58.5774764892,-84.8085399944,95.6643938575
5.9866666667,1.8714675339,-1.8595990525,4.0444931711,3.757258125,22.3751050775,-5.94735093,64.6749734892,-49.8754442159,138.9136431486
5.9933333333,4.4728462116,-2.7077556816,-2.0528844793,-4.2641596875,45.2449132712,-10.9875787612,64.3169196239,-42.0546853133,80.273280765
6,11.2649649015,4.4254010494,13.5364020943,2.315239375,53.4058932119,-13.9448781838,104.4692941229,-60.7041402779,186.173159395
6.0066666667,9.6307963235,-1.7250889558,-5.2639179082,-12.30855375,52.40189659,-29.2418683162,90.004552316,-100.1607531981,163.1221170027
6.0133333333,15.3140436089,11.1297083333,22.5993623235,2.060431875,53.1369670619,-13.1339199825,101.4171569915,-31.2429846825,165.9628610002
6.02,7.5032296249,-8.4962095475,-16.5454414436,-17.071774375,52.3793973994,-52.8546051513,102.7803289226,-115.7202824372,191.526371525
6.0266666667,10.5244233226,5.521882223,8.4515297263,-4.2270890625,50.6909521525,-25.848684405,100.5763982259,-55.5499177111,149.1816276224
6.0333333333,12.2623227381,3.9870060756,8.1620256231,-13.0048259375,46.1945425619,-31.140722225,92.7319218322,-62.695471565,182.090595277
6.04,8.2274270681,-5.0006632592,-3.4946590829,-15.9092484375,42.5342848213,-51.3640317113,96.3184977254,-40.2121619334,151.673792219
6.0466666667,10.7535053081,-4.6060270601,1.1818613525,-27.383210625,53.3027296056,-57.420545925,112.8351354383,-81.6535518509,274.5910089161
6.0533333333,4.4594233646,-8.671122123,4.8458180119,-25.6947975,46.6510096337,-42.8139020025,88.9975354178,31.6676158695,108.8469903896
6.06,0.2066540441,-14.9853527647,-21.3538825886,-26.9714078125,48.3126358556,-73.8301172987,110.49340338,-118.3926196487,288.4321525452
6.0666666667,2.8067344394,-14.4164843298,5.1171062896,-37.4275578125,55.2691785431,-62.929752995,117.4350284571,15.0907258868,219.2148632475
6.0733333333,7.3648704287,-9.3621786918,2.82803919,-33.527295,37.6379932712,-57.8914296525,80.9534407806,-8.7649695583,222.1369433196
6.08,2.9830628503,-14.5438134204,0.1018436966,-34.78450625,32.868996115,-71.385901055,109.5294850015,-21.7481261932,295.6975612938
6.0866666667,-1.3425074203,-30.2956463095,-27.9981732527,-49.1881303125,15.4041414369,-90.3021216863,69.1212367549,-39.7600771882,235.0126051387
6.0933333333,-4.89299373,-35.8694925279,-64.5617170728,-42.7983746875,10.2050838806,-88.8968224262,-18.0094180719,-40.7716870861,-0.6805555305
6.1,-1.2394392652,-33.8026198251,-13.6037530357,-45.0264965625,-15.1386932631,-66.971475225,12.1013927299,44.3625811108,220.0971650605
6.1066666667,-3.1681441414,-38.5236249109,-48.4029816878,-47.632336875,-19.1941080006,-86.9832672637,-6.9671936959,-9.5238143077,87.4738538549
6.1133333333,-3.0070876931,-35.8750119574,-34.5552910526,-46.1173134375,-15.0429437819,-80.9805228975,15.0068535228,-20.0417447834,189.6589849848
6.12,1.608805226,-23.7453520649,-15.4187528269,-43.2394075,9.7509178931,-71.8914805975,49.719635665,-18.7620886855,226.9853904388
6.1266666667,-1.0418004916,-20.1032807964,-0.9729359312,-35.156093125,19.6270400775,-53.3176424162,53.7081680533,45.9105633478,197.4624476203
6.1333333333,2.7965343299,-15.9293271535,-15.5283570844,-31.3063090625,19.0694923931,-58.6034371438,36.9126188088,-15.0659315279,136.678204821
6.14,-0.9517699256,-19.6200260103,-29.8464893384,-28.3006378125,5.5225903681,-62.161048035,31.3772664595,-46.8594801629,117.3877750531
6.1466666667,1.0008426794,-18.7487893376,-43.6172924213,-21.5133328125,1.036302965,-69.7907311425,5.5171528619,-72.9154325026,88.8920232023
6.1533333333,-10.3608131002,-65.6452874639,-145.9164518934,-38.528600625,-305.6521123131,-81.8689617787,-286.1175512083,-93.9748123507,-233.4580217971
6.16,-8.259182313,-14.0058004123,-44.2304355743,21.41315375,-335.1681739537,52.50148484,-253.8111953298,10.1830861942,-176.6521134978
6.1666666667,9.9859734929,55.1336216564,71.4781987736,85.178383125,-287.9010418756,160.2818271037,-139.2568485328,30.5475407137,-13.8743926438
6.1733333333,6.9640554812,15.0433239535,-21.4122043697,69.491483125,-386.2099924444,75.8168919588,-333.2375960516,-34.7123170572,-110.3325005576
6.18,9.3135308705,5.0962737502,-57.1374619108,93.3888265625,-467.0961670225,48.7914682249,-448.0164336742,-76.2818053031,-203.3141789962
6.1866666667,10.7663998986,-13.499447393,-71.6894321314,75.4231184375,-465.94734046,3.2549999788,-441.6416704714,-34.8639894151,-239.438194927
6.1933333333,-3.9792725961,-49.1816439084,-83.4659738274,24.757090625,-459.3003594537,-29.397177655,-401.3655138637,35.9848311049,-223.0851780272
6.2,8.9708868777,-29.5012007526,-40.1968134687,34.328911875,-502.5864438381,6.6687549225,-443.9950057303,146.1914050426,-291.8357529445
6.2066666667,7.3765063116,33.1399914598,60.1671957003,102.498694375,-518.9231425256,177.8547815724,-471.0973761234,249.8744135244,-374.6678822526
6.2133333333,2.5200259663,43.4403987182,43.3417231178,117.0501590625,-529.9884024913,188.1120889051,-503.8594025061,202.2916049251,-460.2442264935
6.22,2.8865338286,32.4657208708,-18.9459702762,114.275333125,-557.4899012944,121.7372477612,-554.4568214191,61.7027392832,-547.2328169803
6.2266666667,-3.4781608539,14.7666619497,-69.7186745488,100.9267325,-586.6639933569,65.0482859825,-584.3386176659,-25.8828907914,-547.9611495383
6.2333333333,-8.7175769813,-3.8066427786,-120.6395014431,87.6291646875,-602.3354927819,-1.4551663351,-597.1284296697,-113.5703980112,-493.5402923271
6.24,-6.6385429075,13.9718019616,-96.1596633564,102.4175025,-619.5489450225,27.0458680275,-582.871352159,-103.8365093924,-534.8378010794
6.2466666667,-15.3592548331,26.7144319913,-61.9930797258,112.3007415625,-646.9648031662,84.4617909475,-597.9503620802,-74.4363748025,-449.4870155318
6.2533333333,-16.5557135313,-7.7721384274,-131.7607145576,77.41529625,-679.0473340163,-22.6244221012,-635.1857884726,-139.8646374472,-494.0695143568
6.26,-15.7095548003,31.9899426675,-39.4505647199,105.454995,-699.7350507631,102.9720951825,-660.5472337463,36.3709794525,-558.6606383261
6.2666666667,-18.8131876876,7.6388985403,-81.9426701526,77.8624790625,-724.4042481788,42.8570120362,-706.534403771,2.4915517402,-588.9087822884
6.2733333333,-19.9139250475,14.0229791935,-56.9082434173,77.7425728125,-721.3038083131,69.7847001038,-696.9195313021,43.6721389657,-638.8147363315
6.28,-19.6388211425,9.0581773505,-55.3514770819,67.6275025,-741.3626545413,56.1668287337,-720.0365576173,64.5135688818,-611.9426956015
6.2866666667,-23.6497660239,33.3875288025,18.4899567978,92.021004375,-728.5662564819,143.9045931412,-677.6523037518,195.5686894913,-606.4069559634
6.2933333333,-18.6643417921,18.1033446652,-24.2564242212,70.7753146875,-740.7764879381,73.699757115,-713.2886794389,92.9072016869,-555.4521756897
6.3,-28.7605998017,8.5524462015,-44.2085349911,64.874375625,-717.6122823006,61.2518605501,-676.4550064495,37.1656209001,-619.5688450093
6.3066666667,-26.9963538108,12.969090828,-37.7656756494,61.8357934375,-698.0042807631,59.8084287775,-655.6291168985,20.9816471814,-507.683239833
6.3133333333,-28.6984079247,12.0140194477,-43.3549300237,63.5848075,-689.2658705569,49.6404565525,-660.7231328071,25.0405349364,-578.9233960159
6.32,-33.4126888012,9.5733811203,-45.475971304,62.580816875,-662.5589467131,49.3259875738,-619.7824765862,-13.149102042,-529.2269478326
6.3266666667,-27.8872715232,2.6908740863,-66.800675638,43.174281875,-658.5249032162,7.0066560425,-634.3209046325,-59.1044497017,-514.4762717448
6.3333333333,-35.6109215098,14.802109317,-11.8263632994,53.389755625,-634.5951133162,78.706938235,-592.2800863114,73.5085714272,-541.2271741827
6.34,-32.9855148386,1.8448949357,-48.1631964233,40.8797371875,-626.689153735,20.8043183438,-605.7028425062,-6.6504440603,-518.3643358346
6.3466666667,-34.2345571298,5.9549217305,-30.42904478,42.9281971875,-606.5327074131,39.4020752174,-573.3767433571,-1.0107290385,-466.8004919792
6.3533333333,-41.2532998935,-0.3298716198,-32.5129290905,40.4538215625,-592.7191034788,42.0326473388,-560.5732536531,-14.0226013013,-470.7427976469
6.36,-31.5277684116,7.3476148827,-16.611849265,37.7173803125,-576.2678762444,31.7309020738,-539.7513997917,89.615994768,-459.2671149291
6.3666666667,-43.3332560134,-0.1856339947,-26.7628649233,44.97721125,-564.4350012725,40.0246267987,-528.9369257478,-3.1459631276,-422.8996853544
6.3733333333,-43.9653289851,0.2099518341,-16.577684506,43.418413125,-554.1685448069,45.1014056438,-518.6703682249,30.337191718,-411.7691005615
6.38,-42.7181235919,0.4553314204,-18.925909935,40.82,-546.3189242725,37.5504080674,-503.8462245782,15.8550383974,-396.6933237674
6.3866666667,-47.4453452716,-5.7569032204,-27.4178735743,37.7838215625,-541.55625771,29.2569185887,-510.8046408646,10.8803605147,-413.7871350106
6.3933333333,-51.4739657977,-5.5315708016,-12.0045309602,40.409183125,-543.1928185319,45.9548961175,-505.2972832394,46.1016623937,-398.8083814676
6.4,-57.1083781233,-12.9807848452,-21.8532934128,35.153605625,-544.2487962475,37.7981971025,-508.2761401534,33.2105673784,-403.1128692616
6.4066666667,-57.5562849037,-14.0612959377,-28.9063340942,34.0314178125,-533.4521267631,28.638068115,-501.3520403415,8.602104243,-397.6914667401
6.4133333333,-65.5769809618,-17.5247968477,-14.9602196703,37.5094928125,-517.92220131,53.2495540225,-436.6546972537,50.4917683523,-337.8776531263
6.42,-60.2892126763,-20.8846430403,-41.6793336385,24.4192584375,-550.8514935444,4.1432797463,-569.8680565869,-6.6677135195,-474.9907344447
6.4266666667,-66.5194382083,-20.4002421816,-16.4952903144,34.3906009375,-535.6283706725,37.868526355,-490.1660854685,61.6138894929,-400.2598791262
6.4333333333,-66.075897306,-17.3955878254,-24.8110327507,34.20124875,-545.361139135,31.2923535975,-517.6101308173,6.5219937255,-420.8466253088
6.44,-62.6277360428,-17.6395845512,-15.7098881737,27.2689203125,-538.6570509163,27.9498909575,-499.7658603591,30.5372383715,-402.4697353005
6.4466666667,-70.8269394756,-23.1687318601,-21.5188979359,28.6144225,-544.2584281537,29.2635212313,-508.2738006579,26.9697063692,-407.1882650409
6.4533333333,-76.9595659303,-26.0350041198,-25.1350689771,29.9834365625,-555.8428907662,29.4867011263,-528.5156778441,25.3133310523,-439.0317796251
6.46,-79.0063721202,-31.5523843902,-21.8913979905,22.07394375,-554.2005403506,27.0824983912,-508.8204691368,45.2152350712,-412.3249304418
6.4666666667,-80.189022536,-28.9453293558,-22.1580180822,22.843220625,-565.5805263631,26.5458041662,-532.2779903721,38.6256155602,-429.3718427732
6.4733333333,-83.9960743227,-36.0177285407,-49.3706161105,19.4251925,-563.8283216444,1.225552385,-531.5888305814,-40.0915215069,-422.5589784765
6.48,-87.2613264403,-35.5228252585,0.3561540157,15.6797840625,-571.9913712131,42.1816690275,-531.8430279995,118.9096578015,-444.8586541487
6.4866666667,-89.7184078725,-40.9888021518,-33.3177199676,13.62432875,-584.2269067506,4.5439427862,-561.9312584368,24.5799066581,-455.3862540723
6.4933333333,-90.3809553487,-22.334567758,-1.2430758915,28.53259125,-586.285076585,64.6768961701,-530.8866600803,-19.2473745238,-427.3288228721
6.5,-88.8643423731,-42.1413267396,-28.6293636773,2.5400753125,-616.581226585,-19.7795926776,-586.5775347244,169.7879903605,-455.668144945
6.5066666667,-95.8163605309,-37.1524684536,-33.6414935284,6.0557934375,-626.908741685,19.7677126238,-601.0195584167,-189.4925905764,-516.0207902483
6.5133333333,-93.0157383948,-35.8449496346,-15.0042860388,7.1650234375,-626.3903649881,3.7189699338,-581.7381627743,133.8391095978,-451.4044755485
6.52,-104.5588057359,-51.0808019667,-41.7224158886,-4.5986759375,-639.7859381819,-13.7591303675,-605.863501242,-1.8497572294,-494.8234245954
6.5266666667,-106.846634726,-34.8087395121,3.9260845724,0.27336125,-660.422556485,36.6819698449,-632.6455531235,139.1532368689,-498.2708221919
6.5333333333,-102.7329842037,-61.0759668341,-79.5325797203,-28.754178125,-656.4894336131,-61.6848613025,-607.5472329404,-211.5474322866,-537.9859098091
6.54,-113.8624606538,-49.6111854172,-15.6951795229,-18.0300753125,-665.4638843913,6.9901543449,-622.9529306268,124.689606103,-499.9577939209
6.5466666667,-103.0480802159,-30.9253777534,-0.0955702814,-11.300244375,-672.1318381287,19.9552199213,-630.6528813843,32.8162066553,-518.1214699977
6.5533333333,-116.2432164926,-69.984635867,-68.4562658798,-44.9311734375,-679.4287066444,-68.1486965587,-646.450440168,-50.7971352187,-542.1556942224
6.56,-110.7636416522,-48.6710521859,-23.352662872,-39.7421409375,-693.1384704194,-22.5118734188,-657.0235023436,22.1476840491,-548.9289301684
6.5666666667,-105.7505326938,-40.4341963457,-15.0121935456,-34.5957934375,-697.8352176725,-24.6183297062,-665.285371906,5.5208352299,-580.6994430688
6.5733333333,-118.3971783833,-53.5634018359,-23.6702704437,-45.7685821875,-713.3203881944,-30.21353355,-674.9139228036,8.9801637359,-580.1024087658
6.58,-107.9527108671,-43.9780924307,-17.6064840773,-55.25240375,-717.0069494787,-43.327643825,-684.9693086871,4.089699313,-582.8076448594
6.5866666667,-116.6790367948,-56.7635589765,-38.8886691757,-62.7182909375,-727.20435976,-70.4445092488,-697.8625931325,-39.7679903667,-615.0553768724
6.5933333333,-120.5347169279,-43.2239285827,0.6177586091,-52.6248828125,-729.7188220694,-15.6557949537,-685.9181207864,37.6677071942,-592.8469707182
6.6,-121.9961283902,-41.6078319277,1.5877044692,-58.0896434375,-734.91678426,-19.6217982688,-699.9284494671,25.8923176773,-606.6326523087
6.6066666667,-125.6726915054,-61.6548388373,-39.519766303,-81.8518965625,-739.9566287225,-84.93803065,-714.3916605534,-38.325534832,-628.4855453916
6.6133333333,-127.9446290509,-60.9126042451,-40.3462905523,-91.1671828125,-744.1166768256,-84.0830669587,-708.2829589546,-44.0111392149,-602.687437708
6.62,-124.0504787396,-43.2616277987,-0.8610149266,-73.241399375,-733.9845872288,-41.7060841287,-688.2325474605,27.1628072855,-597.1451093163
6.6266666667,-115.0609150573,-32.4579365223,-0.2651512774,-76.2409390625,-738.0300606756,-59.0106715438,-702.5498334226,-14.351114076,-625.2042163882
6.6333333333,-121.3810214984,-42.9811598284,-28.4299666858,-87.0693990625,-734.1129960475,-88.4157930774,-700.0092545602,-79.0203842155,-595.1653186786
6.64,-114.9499006908,-30.9543395261,7.3394374865,-84.326394375,-722.9482916756,-62.4723672712,-686.771087858,-0.2410990491,-582.9403127204
6.6466666667,-116.0527753749,-36.2469974919,-4.8964933439,-101.0706009375,-713.92921506,-82.3260288338,-682.0558934179,-16.1415399518,-589.0190677207
6.6533333333,-115.3698173697,-32.9494611254,-2.7592585804,-104.44913625,-705.426851885,-79.0526625375,-663.0342439779,-22.3369656556,-582.5989601138
6.66,-116.4656366286,-32.5787123566,-2.5956110196,-105.7301690625,-693.596439835,-83.0505816563,-658.0767380508,-20.5754920402,-557.1524086176
6.6666666667,-110.8769682121,-29.5223131805,-6.7396606554,-117.561155,-674.4218381287,-95.169969545,-650.3998126252,-61.662281855,-554.7060438928
6.6733333333,-115.0393145979,-40.7655448519,-24.1813485049,-128.8445915625,-649.0756821319,-109.5309891937,-606.6991656544,-45.7136983115,-510.4306412476
6.68,-111.5651428229,-36.2517941775,-18.6953403629,-130.47952125,-624.3287662787,-103.4241532951,-585.5528432185,-47.6600700093,-509.4568700083
6.6866666667,-93.0333270358,-15.0439881178,-2.0262476738,-122.69952125,-594.34598721,-97.46318447,-563.7478530634,-67.7382791839,-445.7946113776
6.6933333333,-99.2469768052,-27.6144716022,-1.2340157394,-129.649953125,-550.63783106,-87.8487721962,-524.5165347496,-10.8769620282,-470.2634076448
6.7,-82.4561312104,-14.4299272586,-16.5773396612,-114.66740875,-504.9280576038,-90.4004445662,-441.3329311518,-78.8082759603,-300.2258891082
6.7066666667,-79.320509813,-16.0057356479,23.596932962,-122.226685625,-457.202483485,-55.3337575738,-412.6243951311,75.1817041563,-288.1258509753
6.7133333333,-59.4016482985,-6.3507552517,8.231210528,-113.739859375,-399.7359407975,-71.7303449612,-355.7699486604,-12.8415603152,-251.5952196534
6.72,-51.7983952477,1.3513184742,28.457841678,-96.90337125,-344.0337237819,-37.6394910413,-306.0594182206,37.3320368167,-198.2309191006
6.7266666667,-45.6230879806,-7.1442460774,7.1630801655,-100.36721125,-286.3692865287,-52.17065875,-248.0533295994,28.827755216,-167.4452402814
6.7333333333,-27.4420033192,14.2545169163,36.8985717405,-57.7570990625,-226.868067285,-8.1177594425,-189.7495614761,63.2650962475,-94.7259464975
6.74,-15.629390169,26.3095266242,55.7836060356,-18.6520471875,-177.8995362788,24.6160191375,-138.7741882129,80.8440732316,-39.1262519413
6.7466666667,-8.9842102045,4.264578714,8.5608846183,-42.043990625,-115.6296475569,-19.2361382,-72.3093337505,-5.7880863619,0.7940277481
6.7533333333,5.8762179117,-16.2211937912,-13.6187436818,7.2721125,42.8309515306,4.3624399838,107.8922637515,34.7217543336,168.8403002399
6.76,3.5245355265,5.9198474939,38.8322176455,21.3921309375,19.5038326588,64.7884622812,59.274159428,116.2821203751,151.6062702806
6.7666666667,1.5132681081,8.1512347407,42.7369545417,17.1500653125,13.3279911181,62.4859192125,14.5438743969,101.8263827746,61.7188427619
6.7733333333,-2.2087417905,10.4019106411,52.0141683924,31.0882809375,14.1139852775,110.53330146,69.0675476026,133.2536678642,182.090389294
6.78,4.4899479019,-1.8302356399,-2.4877858701,2.908845,6.1310237806,-8.6000253188,21.6698341531,-10.209719959,124.6410796969
6.7866666667,1.4021131428,6.5190416868,27.2129950036,19.6953046875,7.6702875931,54.7334209913,45.9854671588,60.9567845333,185.7498344967
6.7933333333,17.4169947496,10.3329109034,32.7861576712,14.3801121875,37.7417691869,46.1400855575,72.7864239835,65.7617897795,213.5682130219
6.8,38.3544929377,30.8438963216,32.7843826928,26.41758625,39.2143014244,32.4608120425,83.6247901537,-15.6643232974,249.687306953
6.8066666667,25.0215855085,18.4764496661,29.7007365181,27.078065,32.0294731744,40.0452697138,79.1306510516,10.3700755856,249.6217218692
6.8133333333,28.1753326679,24.6077330362,32.9950253074,20.4149665625,23.3365138306,28.4614587388,57.7839200581,11.5004850687,225.4272516818
6.82,21.9290214156,20.6910603448,38.5325253677,24.7857834375,22.9556107338,49.277405745,69.7492635115,16.991192223,273.5307132427
6.8266666667,10.5778466698,11.1837797334,3.8302789444,12.2784784375,6.6786438587,11.2134901,44.2118732282,-49.7489599941,244.8305097117
6.8333333333,18.6965228351,15.7822416648,30.7511223671,13.2348259375,24.5992827556,33.6390696475,42.8199980656,18.2404466577,196.0809448006
6.84,13.1779456231,5.7915553664,2.0786113246,7.0991546875,22.6691040119,3.1967886625,61.168052368,-52.7377328795,275.777302471
6.8466666667,22.7849153579,16.5502653451,28.5328871505,9.114948125,27.5587685025,17.4016457,46.0966482225,23.4782429659,170.2957418313
6.8533333333,22.0620203823,17.229357984,19.6662173439,14.4579528125,25.9672195869,13.256148455,38.3729431014,-30.695616811,186.3867587496
6.86,19.4518552096,13.0840237887,13.9736739446,7.5215115625,20.2909812119,3.3385172237,47.1034316324,-14.5503980622,149.9350124942
6.8666666667,2.0556393329,7.457692505,18.715835446,12.6655959375,-1.8379995006,23.5409148,5.523799322,15.170502672,127.9278466874
6.8733333333,20.7370971825,17.8925036767,28.3565642863,9.53374625,17.3747030275,17.2755118362,30.5386671437,14.5911093043,88.197718731
6.88,1.6905548044,3.9267356774,3.7026229103,9.6355490625,0.4551399744,9.00277497,13.2817282231,-44.027194626,143.2951335595
6.8866666667,1.0106396978,5.2393440615,7.8362840049,8.7871359375,-3.8638888412,10.7188848563,9.3512258097,-10.7326634197,75.605573335
6.8933333333,1.6249104738,3.6699587889,17.3114880481,7.8175209375,0.1236528462,6.9041185312,6.0831652002,142.2462969832,100.0955131932
6.9,19.9683816004,16.9527385946,28.6064860715,13.0490325,30.0575251275,35.5933586138,46.180291149,-47.5260647602,109.9379549436
6.9066666667,20.3134828655,4.6979912233,-0.1122519979,-3.67240375,28.8698054619,-28.0194364,51.2740592653,-46.395994474,166.5187529994
6.9133333333,15.8174329727,6.5422973223,5.2090554048,-2.5651925,26.7571338275,-10.603133675,35.0388649119,-19.3404614929,103.3207175241
6.92,22.7383945071,17.3917692226,40.6985679481,17.3031921875,33.81892219,32.2417913712,56.2817114838,36.9028042331,176.226476847
6.9266666667,13.2606215564,11.7126100738,35.2508847303,17.222638125,28.8555380369,34.3977128176,46.5076117637,121.4443176737,147.5926739412
6.9333333333,20.279053999,8.1256703599,-1.2811237504,0.2255775,27.5949742931,-19.0483793176,45.3414199792,-125.0586073516,94.4764282882
6.94,15.8873216187,1.1212904348,-7.6325236211,-4.6658403125,26.8173222525,-34.3020559175,44.8514702625,-71.6895811294,175.5679334049
6.9466666667,13.3974014042,12.1912530532,29.5137004113,12.5801875,26.2798172962,31.2299212263,54.3426573086,7.5082300681,147.8150474378
6.9533333333,20.0778473174,13.1430446525,17.506439558,8.5983378125,30.3247950869,4.9525018249,51.9813804355,-32.2645851309,128.6779117783
6.96,16.4182895262,13.2875510396,25.2969281601,11.5305725,27.7194639556,23.5120799788,39.0015081695,-5.2115005533,112.9168185821
6.9666666667,13.7969053921,-1.5336013333,-12.8214040749,-6.832065625,27.9440284681,-40.5393351888,44.9794972685,-74.7548150807,145.5991683191
6.9733333333,-0.1688559053,4.8092859358,21.1134531566,14.9684315625,4.4014730244,30.01974849,39.284436161,-3.4145560621,148.397140196
6.98,10.9181232669,11.6991670949,20.9807621419,7.3092015625,25.9883466119,28.9160269937,30.001573345,-3.0293100162,65.7590723164
6.9866666667,11.9791741436,-12.062434213,-23.8372469162,-15.6913425,32.1711247556,-58.8956649975,64.8159021832,-90.5971806135,163.5688008911
6.9933333333,14.2175805725,19.5966616072,41.8104501644,19.90547375,38.9565800681,55.3610343875,50.866112301,13.2391131755,124.5740561688
7,10.9157920149,-7.7683907109,-14.466051686,-7.2527134375,30.9287540525,-44.2699978487,61.9497740791,-87.4169157947,176.2748113903
7.0066666667,19.6929643112,22.8893831005,48.1177698287,21.811483125,46.5905381088,51.1282022287,75.3048089436,6.2484953466,140.8627268172
7.0133333333,5.2592005407,-10.7057576997,-26.5831231234,-3.3330515625,19.2583988619,-48.1721700263,41.0548319491,-91.3924711101,111.8520691562
7.02,11.707839756,18.6335362572,44.97715587,21.8445815625,35.8289584587,52.066929435,70.9457526114,19.5842384789,135.8595559092
7.0266666667,13.3693544483,-13.3209080125,-30.4677913292,-24.88316375,33.5325184369,-67.983319505,60.8602832873,-104.0286434509,130.1496153683
7.0333333333,9.4449427092,7.1348203656,29.0545752127,0.4627134375,43.7900393744,27.0866445112,88.6583953525,-13.766458573,178.3106013493
7.04,20.1787102565,5.8203471852,1.2630128231,-0.538413125,32.818806765,-35.4000678574,53.0043089531,-60.5610153993,118.0961255405
7.0466666667,4.2624074138,10.2569218752,41.7395767009,11.635811875,38.7187529681,49.5913743324,74.1468813026,45.4913873964,118.8852927662
7.0533333333,12.656944451,-5.2120157399,-28.4514450398,-7.974084375,38.1456291713,-58.1257067062,81.854080698,-173.7538602141,177.1489765674
7.06,2.6079309172,-1.1488759746,-4.552949896,2.6058403125,21.1370279244,-7.4034953326,38.6896768276,-57.1880364706,89.3330637022
7.0666666667,8.0918638437,-0.4375683518,23.0691939076,-6.7249765625,42.9725779119,-9.329145125,101.1626164737,60.342226411,189.7737287902
7.0733333333,10.6865577776,9.0036160992,12.3222364584,5.295239375,45.8449267962,7.4912919688,69.931473491,-117.4801920453,84.2868986246
7.08,9.1999895744,0.3335881262,-11.211444693,-4.977258125,46.316415615,-37.4733949662,88.6808440862,-126.0137017602,228.9053947154
7.0866666667,13.7140905073,-0.5138850524,12.1599969256,-8.3479528125,70.4137598025,-39.546669555,140.0127463467,17.751358035,203.4872932605
7.0933333333,7.9495032533,6.1786742418,23.4923636697,-1.16682625,44.1862148931,7.704448865,67.8356266303,-53.205922873,140.8066617608
7.1,4.3399253052,-7.1310366736,-35.619210603,-6.8628825,46.3348464119,-60.6766654575,113.4023634515,-254.8366126156,207.0456652762
7.1066666667,10.1607314243,3.4557900969,32.1468194777,-10.5728071875,44.5891594838,-12.9134494387,82.5424140347,133.1923783193,154.4640702917
7.1133333333,5.3170994751,-7.3004148856,1.1049217762,-22.3648728125,47.6893940181,-40.5170937388,100.7008062975,-47.6186877389,224.037529675
7.12,3.7894485789,-8.0595648418,-8.5107674642,-18.7744409375,45.4797355244,-47.3448908412,88.7485101141,-27.8959920731,133.4417080959
7.1266666667,11.9143834862,-2.0248081587,16.0229142154,-26.1185721875,44.7615112869,-43.7585104024,104.2900536217,-13.3258129145,253.2779712469
7.1333333333,1.4103336021,-11.2819408019,2.1487561317,-27.96354875,46.2252690681,-43.0949341438,96.0319060045,9.0568049942,150.8188362583
7.14,13.7463637399,4.7931896788,26.8344851497,-18.511961875,40.1621389713,-34.9096728175,96.0144193014,1.2090342665,263.5306323924
7.1466666667,-0.6327354115,-14.5701334132,-22.8786829546,-22.3617459375,7.8193658994,-43.84030635,47.858256297,-164.2715046001,135.1633854768
7.1533333333,5.691427317,-9.7356548617,28.2576908274,-32.6227034375,34.8760675056,-51.8577920675,100.7692133545,169.1438132126,306.9420065052
7.16,3.2420388227,-10.1341585619,-2.5053812086,-21.5141965625,32.2077630431,-46.8399301738,52.5281456155,31.0337824323,98.0020454978
7.1666666667,7.8805869228,-10.884550774,-2.7420780094,-31.157726875,23.8900392306,-54.584360845,43.0915077422,-6.9705402732,191.5934396179
7.1733333333,7.461712474,-12.1886586335,-5.4144509408,-34.0055390625,23.8527434494,-59.7642642825,47.6973589979,26.3828053336,116.125977886
7.18,2.2660189562,-18.880153093,-19.7053399042,-35.67854375,23.7241211494,-63.8735269625,35.0519443145,-23.4346835285,153.5389891493
7.1866666667,2.1519421683,-22.9809547122,-36.2016183117,-40.9405625,19.2084747963,-85.9887918125,44.817154129,-62.7073994825,163.9622800078
7.1933333333,4.7724536206,-17.7708971463,-12.828268602,-36.084938125,16.9034665744,-71.4044601063,53.2832669325,-4.5855621603,195.6614943021
7.2,-1.7755924037,-24.4557341164,-23.5577925374,-31.02768,-7.2339069756,-60.3925956562,17.9497409531,-14.7317134343,179.4643969548
7.2066666667,-0.6691696635,-22.0462660424,-19.0483761335,-32.9063090625,-3.4681647194,-56.0041181663,24.0693639653,5.1287701839,114.947778526
7.2133333333,7.1884625192,-7.3621268621,-0.3074402409,-23.170375,16.0681214556,-45.3384570588,38.3687448975,11.6944443551,148.0370303031
7.22,-1.2097579281,-19.2047705649,-19.2978646568,-25.815999375,8.3853786556,-61.7682954487,46.7875374512,1.6820797432,166.3170962852
7.2266666667,0.0680522162,-18.866779915,-33.0800069144,-26.9674171875,-5.3352796038,-55.3217599687,2.3092852829,-35.2621241167,62.9065030277
7.2333333333,-3.2590859884,-19.7159641918,-35.8958692001,-18.8468915625,-2.4997617381,-59.9997511237,21.6711444708,-35.8164563559,84.0686162946
7.24,-15.3535922571,-48.0597754879,-112.0159451631,13.8607884375,-422.2111399006,-2.9683593863,-366.3183511455,-59.4402348741,-271.1171963169
7.2466666667,2.2222529003,32.7621077781,47.8657720888,80.989595,-381.7934742069,155.6592700062,-247.8408882635,118.8564427001,-150.6006290777
7.2533333333,5.1078910014,-12.9196375039,-70.1853558754,54.29077,-476.7956263569,18.0197547888,-399.9050300268,-110.9570282411,-82.9206211386
7.26,2.592605127,1.9976558222,-28.4574115788,92.1029578125,-521.36180001,78.712089855,-456.860920411,-15.1709828251,-76.3522797533
7.2666666667,-8.5132710682,-13.6011333533,-35.9680024469,80.176113125,-510.8754976944,71.5924625975,-441.1094556803,35.4027395735,-188.3596746815
7.2733333333,2.1681592977,-31.1140383828,-69.0935618291,37.8225175,-513.0763239475,6.4768790088,-485.7210637413,51.6524856408,-314.3356655193
7.28,0.4133732864,-18.4973745578,-48.3107943634,46.6997940625,-511.8390727444,36.399724375,-482.2943597627,133.7744141051,-428.3184315436
7.2866666667,1.0351424955,8.2215254423,-38.9563353412,79.2186759375,-550.8342423412,84.1471621125,-543.4762370537,83.4156979304,-523.3829606879
7.2933333333,-2.3949981227,40.0511126722,15.6444387913,111.22393375,-546.7574952475,165.0478224363,-516.4957652637,115.8740183823,-477.1758700221
7.3,5.7623522603,31.5664955607,-50.2062765508,106.0518496875,-581.6092365756,81.5454574687,-586.1867110592,2.5236538328,-611.776095137
7.3066666667,-5.2954828357,10.3191916475,-102.9208172836,90.137070625,-610.9936003662,27.4675598276,-611.0970743913,-95.2385157004,-572.5796592717
7.3133333333,-11.1678354217,9.5824699658,-112.1308738561,95.0100753125,-635.078289985,19.3500388887,-611.7092500315,-116.3401176691,-560.3817429349
7.32,-11.838022191,23.0099737838,-84.1274572671,107.670385,-653.0190819631,53.432161435,-628.5636606217,-85.6738618372,-546.1430077951
7.3266666667,-18.3734291939,14.516014491,-89.7025866908,96.5037278125,-671.2403729788,42.4015429037,-632.4009315265,-62.6120947723,-552.0975005911
7.3333333333,-11.2986218054,25.0727315955,-77.5333688018,96.9541596875,-696.470471035,46.24983173,-663.0606199783,-57.9092474679,-555.1466650105
7.34,-18.410972858,20.3601049727,-68.0624012191,90.9267325,-718.8633822756,57.33218068,-681.32539544,-20.3474216899,-535.0289819407
7.3466666667,-20.7693445257,16.823871185,-66.0094889337,84.9032959375,-736.1974105569,54.2254129075,-702.703371006,11.9567254193,-564.5948586691
7.3533333333,-19.0203656867,36.8948703687,-17.4502733322,91.43538,-763.5437068756,114.5246381025,-724.1888732571,112.6450828904,-638.0214194361
7.36,-31.3164952672,7.9676187835,-50.1780632508,68.948319375,-767.212874785,67.9540711387,-727.7309810616,74.4709672328,-586.505579118
7.3666666667,-22.9882822994,21.8920682804,-21.7980552032,68.291971875,-780.6742904444,83.9830591688,-740.5979855295,126.3985129329,-609.4970894319
7.3733333333,-31.9015673116,18.0070320754,-21.1295023205,72.0358403125,-767.2644498256,88.8331162224,-713.9844583706,112.2376028484,-582.773487566
7.38,-29.3504808049,19.4616813132,-34.3519368258,66.429183125,-756.9944087881,70.8609338638,-716.533308817,27.0322628937,-549.437273371
7.3866666667,-27.6724637826,21.4691791029,-42.3051124469,69.0137746875,-736.9426736006,55.2536589488,-707.9717094819,49.2007336628,-668.4034951701
7.3933333333,-38.9324493706,13.6692503898,-56.5416805492,69.3738215625,-714.0489145912,52.3845368062,-684.7546759834,-32.4203315438,-567.6877132288
7.4,-37.4027301843,12.1850117288,-51.0623348746,61.694760625,-700.8024774881,44.4085229163,-677.9966453451,11.3648060343,-629.3040663423
7.4066666667,-41.3166296,4.5926311318,-56.5295859844,55.417934375,-670.2513267944,30.9589613449,-644.3185334197,6.2856565909,-578.8434674761
7.4133333333,-40.0572007355,21.2245746471,-19.2787075811,65.870525625,-656.7062944413,76.8826605076,-622.2086394209,15.2621293694,-499.9996491708
7.42,-40.5721607203,7.0804796855,-38.8438511477,52.5785353125,-637.59073431,34.65097251,-606.1442708766,30.6480406922,-542.0888135736
7.4266666667,-45.175131504,5.1851762595,-41.0315856962,52.5089671875,-630.53394771,41.1851094413,-598.5749372617,-48.010911199,-504.6785819707
7.4333333333,-45.6429823393,5.8175120813,-20.3388323012,49.7310328125,-614.6818837756,45.68407713,-575.3795843993,102.1535854202,-449.4725574336
7.44,-51.0734366494,-1.3830750503,-33.8265629056,42.646009375,-601.1140998662,41.0594099612,-562.6577976854,0.5732225672,-440.1940969304
7.4466666667,-53.4947141147,-5.3705173036,-37.4919866882,42.573990625,-589.2249374913,31.84326142,-549.2637990159,15.0527260061,-453.3974615493
7.4533333333,-52.9051975164,-4.1322522329,-29.0222162515,41.6818028125,-571.2530129537,37.6107488538,-529.7767070197,17.9653726518,-439.4649996601
7.46,-55.9530068975,-5.4872311865,-18.5557318108,41.818413125,-560.4963654475,46.3543306062,-527.4572313895,51.869901946,-418.6257504769
7.4666666667,-57.6101457688,-8.4296592718,-25.041390539,38.6830046875,-547.7374185475,39.50856499,-513.7644140957,26.3303737242,-402.6000595541
7.4733333333,-63.0758776059,-15.6746583972,-31.7132313553,39.07240375,-532.7516695288,33.6067592237,-498.2941653461,17.4269608937,-399.461255346
7.48,-66.8160292974,-16.6265755919,-23.002395136,40.9545915625,-520.7608521912,44.2964783237,-485.4228902781,39.3182609298,-388.7249561541
7.4866666667,-63.4468945878,-13.2523557134,-19.5115411628,42.5,-515.11806006,40.376242235,-482.982704645,38.0090442349,-386.2653594974
7.4933333333,-65.8666869943,-5.1828727149,9.5457490023,51.6675678125,-503.6398753288,81.9373348738,-430.8768006602,74.2747149479,-339.4207897874
7.5,-61.126610971,-18.243739105,-35.7879068946,32.740244375,-531.2943071912,4.4418717837,-538.5373542,3.4902581877,-451.9819166268
7.5066666667,-71.4097057132,-23.353518977,-31.3834402967,33.4761784375,-519.3197167131,27.4096317324,-471.4667192587,10.0580703923,-365.5999171213
7.5133333333,-72.8284418892,-22.9235994991,-25.8563064324,29.7897840625,-529.9153519975,29.2448520739,-508.0727201826,29.8792611379,-409.9911588276
7.52,-74.7040201841,-26.8981730558,-29.3035305617,24.878413125,-534.1712084506,23.2195188824,-491.5125089319,29.5399375425,-399.7539701546
7.5266666667,-80.2697274663,-26.8596325424,-15.6651594827,30.40721125,-539.4526706819,40.0480764775,-502.3739348025,62.1340338174,-396.3340904913
7.5333333333,-77.6687915159,-29.2404846893,-35.4732304974,25.797549375,-544.1972528663,12.6624340912,-506.0523004146,-2.0047247167,-418.056896298
7.54,-81.4505334585,-26.2437885837,-14.2594813846,24.9544225,-546.7933518444,39.9567655113,-519.1360080849,15.4562662112,-416.9885474451
7.5466666667,-89.5563367679,-40.6062710167,-35.6420136304,18.9681971875,-547.0644515162,15.3697803887,-501.5663920324,35.1855948467,-386.7681518411
7.5533333333,-84.6202697249,-30.734713523,-16.669394078,21.9769953125,-557.2716158913,26.9295797638,-520.2913331308,51.3093519658,-422.3586685299
7.56,-94.4390875819,-38.0659565241,-22.8268762016,17.040816875,-577.6674485162,26.1367501137,-552.2949322908,39.4617076558,-456.3900094968
7.5666666667,-89.7923517206,-38.3825568969,-27.1896153128,9.1441596875,-582.3856314131,9.5926985713,-541.1812550924,23.9426528472,-430.9441320074
7.5733333333,-96.4616322475,-43.5092567098,-41.4566819682,5.4045915625,-600.0799964319,0.011241865,-555.325120014,-11.971514411,-439.0502217102
7.58,-96.55601946,-32.8965881841,11.0760512141,9.5090609375,-609.7194339162,44.70653681,-591.9858225056,114.2595484461,-499.4349825578
7.5866666667,-92.9844698282,-36.4378762369,-18.5822730328,1.433605625,-616.454583385,7.8126525575,-569.3487957407,25.5548015673,-455.0310967433
7.5933333333,-98.471547555,-46.9412247234,-41.3773987756,-8.9322815625,-625.8558845444,-20.7132291937,-588.4620442689,-9.9756190656,-489.0749732169
7.6,-102.9993854368,-36.6127749591,-6.6508919807,-4.82952125,-646.2790192506,17.6580573099,-636.3079990011,49.60339432,-533.2164997989
7.6066666667,-98.0878189485,-48.2615406418,-40.9318728622,-17.479276875,-630.16632626,-31.4562771,-573.565157014,-9.8342905681,-459.1769155163
7.6133333333,-108.8032499967,-32.8649893525,4.6168929776,-2.6391646875,-646.8400746631,42.4168382625,-597.7543726421,55.2778249966,-478.0070315921
7.62,-105.5225297424,-61.0830943247,-62.973785663,-35.9240559375,-660.3417193225,-74.0801782424,-634.8560733505,-56.0208247004,-524.8604044615
7.6266666667,-114.558446613,-40.1574663737,4.336611406,-18.6775778125,-658.9199500194,31.5152447974,-605.014515012,87.3030000634,-501.8737780914
7.6333333333,-113.0684327804,-56.3264140436,-45.0320996321,-40.9514646875,-677.7214560475,-48.9979568638,-649.4992253718,-34.7213857257,-536.9583451933
7.64,-113.3535177501,-52.3925230994,-31.2842855165,-42.1418028125,-677.2592319662,-36.0993543837,-640.412134937,-2.2507901818,-553.026757745
7.6466666667,-117.946285509,-54.6381238623,-24.3324298696,-49.3197840625,-690.9748106944,-33.2439017125,-656.7729814491,9.7325779776,-566.74486441
7.6533333333,-115.9183580029,-52.7534265033,-42.400183792,-54.4,-690.5200911069,-48.5176885038,-655.0033355312,-126.2185956559,-577.5405421958
7.66,-122.475753007,-55.9437686093,-14.6789467613,-59.9351925,-701.0557966319,-40.8540218925,-670.7868527125,115.2579518115,-562.8343124173
7.6666666667,-119.0318248933,-46.2358543748,-10.0063652876,-58.710338125,-709.5481090881,-33.7546296587,-678.4067997948,7.1718565634,-596.7543027192
7.6733333333,-116.1810840965,-51.9607285626,-30.2069993915,-72.8891078125,-712.9880634413,-75.9511436238,-686.380316217,-27.0448329438,-592.0841411838
7.68,-121.6899727011,-40.5478798144,8.1508458127,-70.6385821875,-723.4186706787,-29.34968397,-687.5390883464,121.4905397878,-593.567456159
7.6866666667,-114.9108603442,-37.9495399742,-5.3093528166,-65.6936809375,-707.6842495663,-45.2342444012,-668.0264772944,-82.8868957892,-606.9581871476
7.6933333333,-115.401963722,-37.6159948874,-24.6396524525,-71.7121409375,-711.3953224912,-72.70561181,-671.1343392703,-66.2881380319,-565.2362901192
7.7,-121.0093328215,-40.5755337995,0.7015894796,-84.7634365625,-717.8307423006,-56.7309223737,-702.7753666706,-62.1210322199,-658.3248064838
7.7066666667,-109.2330273062,-29.5763392661,2.7306302554,-84.56836625,-707.1793215694,-74.9034027463,-646.6776131032,146.7799555578,-465.294590848
7.7133333333,-128.7935350058,-47.7257460083,-30.6149537281,-101.6602159375,-712.8588604912,-84.4221747812,-703.5807822885,-213.0036357453,-717.3365435643
7.72,-121.3523093397,-38.3229954658,-9.79942775,-98.3705071875,-701.8135010819,-80.2828074526,-648.1092400394,54.0604134434,-483.7657824277
7.7266666667,-121.7564857896,-36.4138001354,-5.7584354434,-109.5485821875,-701.3710951787,-84.3285700462,-670.6824758916,-10.0174904301,-576.4445339292
7.7333333333,-121.7399062461,-37.3144582893,-15.0843081724,-113.55394375,-686.21139611,-94.4564485038,-651.332708474,-31.2498947059,-597.3759545588
7.74,-107.7694880842,-28.3323816793,-22.1212669034,-121.7545915625,-665.4981112412,-112.0095595925,-619.2019712635,-90.2408067843,-479.1334189825
7.7466666667,-109.5289238163,-24.2727250859,10.1289457063,-120.53471375,-645.5364905537,-82.5643813813,-613.9340024421,8.5372336487,-525.3070298991
7.7533333333,-102.3433768652,-17.8953961248,6.116595044,-123.4501221875,-626.1077718881,-95.4891254637,-607.7329830829,-40.7500389118,-588.5773538449
7.76,-102.2945614886,-22.8556552625,-8.315876617,-136.413990625,-609.8199085194,-104.5102049613,-560.1853799172,-37.4711576013,-391.9883606814
7.7666666667,-96.8682207484,-23.7206888737,-17.0355409372,-135.716300625,-561.9167356944,-113.172751875,-528.3946255385,-71.3680351949,-484.5024873599
7.7733333333,-92.6720077942,-17.746286548,1.5487093756,-135.2284884375,-532.192071435,-92.16098196,-506.961400773,-32.7111713879,-416.4633949308
7.78,-79.462994026,-13.6359079589,-24.8810388026,-128.0660378125,-481.9508374381,-102.8693465838,-414.1941718869,-88.6661585839,-241.7229399422
7.7866666667,-75.176603263,-12.8440105751,23.8700259902,-128.9016153125,-429.6100442319,-57.2963082088,-388.1156024015,63.8237446592,-302.6415008747
7.7933333333,-57.7682945036,-5.0732939111,17.1928284647,-117.5912303125,-370.4345360475,-62.0781301975,-329.013866037,21.7277805966,-231.4867024536
7.8,-55.2300290868,-8.0222235975,17.7500888698,-106.1212771875,-309.2950862662,-42.42564624,-275.9784333495,49.1162676178,-172.1355855021
7.8066666667,-35.0800265192,13.3119253956,41.2309171035,-60.881399375,-250.5840201038,-7.8442028037,-216.0210198866,68.4198151623,-153.4133408804
7.8133333333,-20.9849727192,5.2266931867,10.9606527144,-74.3621878125,-195.8363448569,-38.85998535,-149.6880594644,2.9944424881,-39.3856017146
7.82,-20.7456384599,-14.3595951833,-12.3552204484,-61.2209390625,-128.8094173288,-40.4490022988,-58.0920064629,24.296230199,20.0565641331
7.8266666667,6.2225555798,0.5695671712,34.0555693971,21.452731875,31.6294742431,51.2327597738,69.6518986205,154.828445848,107.7645228821
7.8333333333,0.6880132505,12.0299699938,51.7894012013,24.9069853125,12.5662373338,91.7369469,35.0190763715,74.143931364,132.7895879093
7.84,0.2805112002,12.1459349224,53.8397392371,25.7553984375,15.4453878744,89.3320927312,35.3999352924,179.9436977752,127.0091038758
7.8466666667,1.2265924765,4.1389658857,34.3412582149,16.3016521875,12.3959486994,68.84988696,43.6144968549,-12.16746459,118.5072233217
7.8533333333,3.0475490461,0.3095163571,1.6427552786,15.0896334375,10.3700593587,14.2967224125,52.3397813859,75.2070941505,193.6707603603
7.86,3.4513276145,7.5816510095,32.1806805938,20.11951125,7.4993929494,51.6229545825,37.2812951585,61.9226330804,191.6505639971
7.8666666667,25.274510416,22.4974978512,46.2590742042,21.845999375,29.30795654,50.53694066,67.8394764373,123.0891921621,245.3637292326
7.8733333333,25.6019969654,20.9344312133,22.7163127388,31.3426565625,36.0294381338,49.9278690975,81.4625488763,-132.4410648225,198.3297201197
7.88,28.8382947081,24.9881150008,48.9028828313,34.538111875,34.31829374,52.1454008125,75.3212862076,94.7786367927,277.0591339054
7.8866666667,25.6344398137,23.5013243305,51.4413057893,28.736384375,26.1235835306,47.2329774425,59.9515085857,113.2943720282,262.8409981105
7.8933333333,29.4111402644,25.6908780489,-7.9859248976,27.1650603125,22.3525355025,8.20515845,81.5305256543,-251.9664721359,293.235460531
7.9,23.0701616298,28.2984536123,66.4513926902,20.809943125,11.4025195212,61.9464780475,34.7447404254,119.9309930576,256.5540599652
7.9066666667,20.5759076255,19.4690984947,22.0649362174,16.010619375,15.0887904806,21.533011455,48.5694671486,-27.6905037573,218.3681325512
7.9133333333,22.420224303,20.3763590395,36.996858695,14.6986475,19.0704592713,30.4464823475,40.3909125344,14.1696288996,212.4137971778
7.92,15.1969090319,9.2252089658,10.8664159818,7.491004375,20.4324137775,5.8484347713,47.336904066,-27.0485158346,197.5704412788
7.9266666667,25.9826194073,17.8529572956,20.3118780218,8.2943471875,26.8790059556,6.4434440987,55.8383018445,-35.2145063054,217.1926985415
7.9333333333,21.2179464642,13.4766258665,20.1572114693,6.787305,27.2983581431,3.73382019,32.990846049,14.862017988,91.8183465691
7.94,14.4434743902,17.0478739043,32.6311116412,19.9589571875,28.0299986556,52.4333278437,38.7149497731,0.1348224297,184.7938177761
7.9466666667,21.7691439858,8.0370327224,0.7242042297,-6.999615,18.9631115431,-33.9033970237,46.4743342385,-65.1646138118,145.9530158531
7.9533333333,15.7099510303,19.1354506297,35.9996104755,19.87354875,28.6977884025,56.6273068499,26.0101396106,11.25995718,94.8447329558
7.96,22.5899613751,17.9522475171,37.4277216728,8.2686759375,20.2032129806,4.3577589113,27.9431992676,163.3719173634,113.58821249
7.9666666667,21.4087450485,5.8288506395,-10.4670068571,-8.5358871875,22.8267957025,-39.2223212188,39.8367669719,-144.377990775,125.6796779471
7.9733333333,13.2360492941,19.5641971422,43.7976632764,18.4921309375,19.894425765,63.4766164225,33.9432630379,49.2237172646,116.1326406199
7.98,3.6760186501,-1.4133207641,11.7538558249,4.1814646875,4.9862720713,-13.7942946675,30.5879784511,117.2040754544,161.7004738189
7.9866666667,15.2342375078,8.2670738822,-2.6639342655,7.76047875,25.2282625431,0.1555291838,39.371005357,-161.8128923722,96.2900708494
7.9933333333,17.0133785396,2.5608331671,-3.2511598746,-8.1350703125,23.1524606525,-33.1312016938,42.4584534939,-50.5561461718,147.2533883769
8,12.9850057712,14.6475876952,44.0295274821,14.8777553125,28.2448288994,53.7474975401,61.2548118168,71.2434579581,140.2510760165
8.0066666667,15.8341696281,1.8213414235,-8.4312573471,-3.99124875,28.0473340869,-32.9301690713,39.7168163937,-82.7880933474,156.4933239538
8.0133333333,18.531774835,11.8040250035,17.7550171449,11.1979059375,30.7445723869,2.7837207075,54.88219188,-20.1331231305,142.2240126288
8.02,0.6151675719,-2.3923941885,-3.1468489171,4.848075,8.4174971525,-3.5420119537,40.6188662971,-76.5108903038,152.2403267726
8.0266666667,15.1623040441,5.4038381435,6.9978108384,-3.11317375,23.8760430713,-16.064053825,26.6188242278,-0.1044049088,111.5184068
8.0333333333,18.4901887055,15.1672142285,24.2807037426,13.001389375,33.7121749369,18.4841359037,65.1226542022,-54.3143041903,154.5828804412
8.04,12.6049457932,5.3660126005,8.4422463661,5.3482909375,30.5787581994,0.356060935,52.1249578955,-61.0206488091,135.6589039415
8.0466666667,-0.0533282721,4.7123686915,18.6093185933,12.968600625,8.9229089712,29.4463800338,29.926741979,8.1652700138,115.646795378
8.0533333333,13.2434039961,-3.5534273782,-22.5600159541,-8.968506875,29.4263798088,-47.308087025,30.8942066789,-89.503391375,66.4566485351
8.06,16.1593545212,19.9800285715,40.0879122418,25.751098125,37.9128763869,40.3383288937,88.4074025056,-54.2288640084,193.620857995
8.0666666667,15.2680319608,-3.8628594355,-17.1519338062,-5.144084375,43.6830787994,-41.1197013612,45.661789126,-78.0432557651,69.9464262706
8.0733333333,8.4926058353,5.441758054,22.184730781,3.9483378125,38.2373817275,20.1136169937,65.4610575717,2.4685231016,131.0310481551
8.08,14.2387491164,5.1716228535,1.344638236,1.52201875,37.679137665,-12.9268412713,58.1141736169,-75.1581094931,110.8717050253
8.0866666667,9.5574087848,-0.8130793799,3.6908771094,0.10923,43.9565119806,-11.6709402675,77.7060787697,-61.4318094257,152.8840525955
8.0933333333,8.2233702091,0.2077206566,3.2587844352,1.7410328125,41.6188434963,-9.3900387238,69.1686234336,-72.1823328716,139.7464213861
8.1,11.119007512,6.5472433973,20.7761686001,3.92009375,46.035510365,7.262757875,86.8995879305,-9.8946932291,145.8802461611
8.1066666667,13.1799321696,2.335653024,-1.3567151386,-4.57201875,35.5263535244,-26.4182722162,54.5787703105,-60.5603689702,100.8184587457
8.1133333333,7.6444245675,-1.6955587365,2.2187747252,-0.5454084375,46.9970798713,-16.8537225488,86.0972413516,-62.8318093029,146.7690258334
8.12,5.8786064798,0.4974112959,3.5382628322,2.0718496875,45.6084863119,-9.444016905,70.458792891,-40.5845065951,108.602900886
8.1266666667,7.7199372009,-4.6815116425,-2.6761074523,-12.4794928125,44.3377044775,-31.0398297075,88.2076144551,-84.0461273233,181.5566735685
8.1333333333,10.2731880226,2.4937611004,4.9818632276,-8.5544225,44.2077670306,-18.980425115,76.8622615051,-40.652122805,109.4571839485
8.14,7.9830850538,-3.5827069077,-5.6411853144,-10.585333125,43.3104797025,-38.8588300763,91.0848701345,-76.5398878404,153.4996225038
8.1466666667,7.3440912673,-2.5504851421,3.7826049366,-6.8611734375,45.4869045087,-36.44919249,100.9676593818,-77.3022955739,216.3174567072
8.1533333333,0.1815495691,-10.7834870044,-21.6433165438,-13.81701375,20.2934628744,-39.9589792987,49.5765307651,-39.1304599988,41.8391336846
8.16,2.0520238267,-17.1847143264,-24.921050951,-22.8465534375,22.7223484494,-66.8764362375,71.7737143135,-110.9015846414,211.7224863757
8.1666666667,10.3372116064,10.4738253042,28.4830932439,-9.772159375,53.9117825525,-10.2766684488,107.6277195985,-13.0107821389,184.9560560875
8.1733333333,1.2564062616,-27.327393972,-44.3014391926,-34.784938125,24.9591290525,-102.06421596,86.4780257592,-132.2767640339,214.6253689122
8.18,11.5254485399,-5.458446659,-2.1905229958,-29.8802528125,52.6473757306,-64.573996975,97.3031615913,-49.4191953792,191.7096480513
8.1866666667,7.1109799243,-13.6528396387,-16.7103064504,-36.6999146875,48.42276219,-80.6901519362,98.7957163919,-66.2431425423,227.4496399169
8.1933333333,2.5058499216,-9.8595538424,12.5408615448,-28.3926096875,36.2520696556,-38.0187050037,80.7681399295,32.4125370904,159.9128274439
8.2,6.3753333706,-14.1198695066,-11.6253333541,-36.9347690625,34.9486918025,-85.4850220688,105.7865240869,-72.1363925468,317.5179715813
8.2066666667,3.8322863704,-19.5736159814,-25.5428340625,-42.5375578125,22.7297310744,-88.7634932062,79.8943802082,-60.1630069703,214.6450221822
8.2133333333,1.8927824908,-18.5948389939,16.2281066299,-38.5483278125,12.9519181212,-36.9959324037,40.872679361,103.5990584102,163.3283316428
8.22,6.9667081335,-28.5462216203,-69.2925545453,-43.6208253125,8.5017009556,-122.5286874838,12.2264635484,-120.2845837796,113.6677890248
8.2266666667,3.9244990383,-25.7446607154,-13.270490015,-44.4289003125,1.39901964,-69.9878430487,22.1963848357,34.5121126611,147.4607175445
8.2333333333,7.8115451561,-21.0498703976,-23.7052849634,-45.292721875,5.9863171119,-82.3193346513,32.3726244983,-48.6648806851,212.1833538419
8.24,2.524291476,-22.7800653572,-22.3146098923,-40.651379375,18.5807133275,-80.2184168862,47.1144181105,-20.8183174722,205.1227804345
8.2466666667,0.2314373924,-19.4925495093,-8.2297125358,-36.15537,25.40323834,-62.843822265,61.6438128505,-7.493998629,212.928859415
8.2533333333,-0.5571987154,-16.2312440032,-8.093565535,-27.5932575,29.1374229244,-54.5219151637,56.5629723609,-14.1564548679,190.2741776931
8.26,-1.6672731369,-21.3052028169,-21.6354706799,-27.14922,-4.8165355787,-52.5550220775,15.4457546006,-4.2831204613,111.8823500654
8.2666666667,1.1977201079,-17.8292089496,-29.1887316314,-28.6036425,6.3649433994,-59.7712646925,21.7672409237,-52.5229044167,102.7775171819
8.2733333333,-0.0703170998,-18.807121959,-36.8233770344,-24.4221778125,2.3349810556,-63.1628776575,13.6562665916,-41.2000146133,68.6323359656
8.28,-16.9419552056,-77.9263600072,-155.0853138203,-54.7259809375,-315.1819065194,-85.548453625,-298.604149495,-74.4699669851,-248.0746248442
8.2866666667,-7.3766007136,-30.9296726196,-83.5118327715,9.2982525,-402.7810999475,20.5350455063,-332.8157496416,-19.1960057257,-301.1108936462
8.2933333333,-5.7665263655,61.6029760147,113.2013977565,106.93996,-306.3759415944,236.7402721562,-141.426442538,158.0593450322,-17.572012958
8.3,4.8341132663,18.3599765466,-17.1467903282,79.367154375,-422.5490881194,102.0335265975,-374.0753501633,-47.6633405265,-131.8849292831
8.3066666667,7.2319023081,-9.791972031,-80.4062074017,88.2770990625,-510.4239553819,22.554103455,-497.1732141502,-89.0237742749,-172.1422258204
8.3133333333,-7.8976588223,-37.7927414483,-93.4112157977,68.4110996875,-491.4231626381,-7.6438375213,-438.3305080732,-36.1235966593,-211.5770587906
8.32,-7.628413641,-63.1315124293,-99.953213178,15.178151875,-481.546629185,-51.39838913,-412.6563340771,30.9445933,-184.8946951664
8.3266666667,2.9820740439,-33.5110060348,-34.6944628163,33.4460009375,-535.61249886,31.6394075825,-473.4703118986,185.6587782547,-385.9765170382
8.3333333333,4.1641894167,20.8917573876,31.7238962674,98.0996334375,-565.4086396413,163.045265295,-540.5236704125,234.6743095768,-476.4329418593
8.34,7.9725355805,55.1600390553,55.7676761373,132.418111875,-559.0253818225,213.2654966025,-550.6367865434,200.2103996325,-539.8186653812
8.3466666667,-5.5877405917,14.0462385979,-46.4140277381,101.6244225,-597.2820446881,104.81472333,-596.0748212416,32.3831989259,-592.123231318
8.3533333333,-9.007548954,-6.8709013073,-100.8761734227,83.2592115625,-610.9350109537,28.01818876,-610.2921069478,-42.6332027479,-560.8095939724
8.36,-3.2183653094,6.3171741619,-95.6577045236,89.387455625,-624.8312837631,22.7028610588,-591.3070591779,-104.4204059373,-458.9025471417
8.3666666667,-6.8057894502,12.5545183709,-93.4788846769,94.6566103125,-644.7318973006,35.1051055162,-606.8646114068,-99.8038757019,-547.094729363
8.3733333333,0.6911769326,24.6227280321,-77.1241393183,95.5473803125,-661.3603497725,36.3806705725,-614.9861313797,-89.9140771234,-470.8857674651
8.38,-5.4334098256,18.4162103842,-82.7928113341,89.3793521875,-691.4620811162,35.50959904,-648.1656090561,-70.52903537,-558.5709259707
8.3866666667,-10.7289071129,16.2150526747,-75.5610604114,83.786394375,-699.1401295288,48.1885761712,-673.6155687274,-47.2331752088,-551.5306196524
8.3933333333,-8.4629467062,21.1029570817,-45.3650592019,78.6485821875,-703.1141527381,67.1645875087,-674.2132601878,69.0914866808,-604.4433869128
8.4,-11.0613569478,22.6888837217,-34.288331016,78.990816875,-713.4613178788,80.5696426512,-692.5348403378,79.5446459171,-637.7559585572
8.4066666667,-13.3864783868,20.9991052747,-20.7251251084,74.843990625,-718.3554758756,86.2556904751,-688.1061137491,97.5803657072,-573.5746567723
8.4133333333,-15.5961520408,15.8820641569,-19.1151227028,63.9901690625,-711.7027112569,75.0170738562,-669.1095979177,136.7843712701,-578.2612467715
8.42,-23.768382634,12.7621526973,-26.0278177332,62.2822346875,-711.9455916038,82.6779273963,-687.5820157894,79.5555932342,-616.5274641598
8.4266666667,-19.466717746,15.8589329523,-30.5902525128,61.828798125,-693.0793520006,61.2838661362,-653.9134877361,49.8384638063,-541.2530640584
8.4333333333,-24.0080157684,7.7561292239,-51.6451910663,52.9053615625,-688.39217871,37.5104498575,-653.770332057,-8.2474874826,-508.2965198629
8.44,-18.9232466896,16.4238610975,-40.1212183132,52.6350234375,-673.5013876569,40.7825583412,-632.3264034596,-6.4643465407,-550.4262974731
8.4466666667,-27.1501644956,9.947792006,-46.0612843563,52.8,-660.5872364225,38.63954193,-619.4129907208,-26.83715475,-506.9059614735
8.4533333333,-27.2271562206,8.0395583497,-40.7827759502,47.032356875,-647.5046805162,33.8412714013,-616.8827823598,10.6569341892,-516.5291843644
8.46,-30.1521755167,6.4351513875,-32.5366775723,45.2633896875,-630.760660385,39.9019119037,-594.543663317,16.6939027118,-484.3460724386
8.4666666667,-36.0993287713,4.9782131796,-26.2810442144,41.4318496875,-640.4862922881,51.7140400087,-617.994647252,54.1546211466,-545.9619694088
8.4733333333,-35.2879744221,-0.3076663469,-48.9051739401,37.371155,-616.1320895694,24.57263822,-583.139884961,-78.6798041439,-506.680310138
8.48,-42.4490771346,-2.2238923806,-19.0599775397,40.7638215625,-592.6613978006,41.3569501038,-562.3541143011,166.1082847038,-455.8756282004
8.4866666667,-45.8858126736,-6.2773800036,-41.2885257306,36.406394375,-594.8785274381,33.6817344312,-563.6157783798,-38.3094911448,-452.7906433116
8.4933333333,-40.7913662823,-4.0541701157,-40.3166430435,34.1561784375,-577.3410094194,18.9696002176,-538.3683589149,-18.0273373245,-445.3014698031
8.5,-50.6320302015,-11.0028745487,-40.5982874316,33.169615,-573.5786254944,26.3739010975,-534.6161506814,-6.2058449765,-418.4534575628
8.5066666667,-44.9414323237,-1.8102215324,-18.2911985079,39.8597840625,-557.9100657475,38.5374883238,-519.8229102907,35.4624981218,-420.4258970071
8.5133333333,-45.6444445783,-3.355033326,-29.1786043758,38.7445915625,-557.8932846819,25.4734376225,-521.9997486703,-9.8640941215,-408.1990457161
8.52,-47.7668240565,-3.9571312643,-16.3599839133,36.449183125,-552.3037897163,36.3450163825,-512.9536746957,33.9778183824,-417.2539879682
8.5266666667,-48.8268005715,-1.2654666542,-5.3535887316,39.01124875,-549.23645966,47.5863482762,-512.1309591467,45.0487120204,-417.6222097331
8.5333333333,-47.1035202776,-0.8868319509,-8.5197544114,38.721201875,-547.9458270631,36.6534143,-527.214133557,32.0657845758,-433.5500003898
8.54,-63.0159854169,-4.0278937382,8.4077994772,50.2299715625,-537.0379232787,80.8044652138,-456.1258377026,76.3138906079,-355.5378871052
8.5466666667,-51.6025519746,-28.9438563476,-77.0807444017,6.71722125,-581.9531394319,-60.4260179288,-620.9600466293,-75.3369981309,-522.3463391639
8.5533333333,-71.2854165755,-17.782434548,-8.6881484468,35.518075,-544.8832365788,60.0415692213,-482.8870540769,51.4273356993,-392.1267626963
8.56,-65.2606461358,-12.8646331557,-12.7992180302,38.5367040625,-546.07008696,41.8708171862,-506.5150044395,31.6208498462,-400.0410160151
8.5666666667,-81.6889997622,-31.1951271376,-27.9000582162,31.238798125,-556.7324927038,35.5663821213,-521.8155976394,36.3475574614,-427.6361254676
8.5733333333,-78.9727129369,-31.4118366082,-28.0256867559,26.4357934375,-548.315603135,27.6057258812,-502.2776101114,31.7790959552,-400.432677376
8.58,-78.3196698226,-27.6934191468,-27.0827028384,23.46278875,-567.3759647694,25.0657128025,-543.4181028698,23.6501283985,-444.9414561686
8.5866666667,-83.1028835915,-29.8889505212,-23.186731324,33.70759625,-561.1132965162,30.445777955,-521.1465066065,35.4973784871,-418.8697969559
8.5933333333,-81.9169733793,-24.4470880962,-12.0566272648,31.5790140625,-579.9052928256,38.0544541,-544.4074971519,47.5232460998,-458.6107465376
8.6,-80.8834330267,-29.5075526237,-24.5880193273,22.801155,-576.6736131256,16.27751841,-539.569084317,16.9853106121,-425.0269749492
8.6066666667,-86.4480738534,-32.3585475819,-16.4062174552,16.5698309375,-581.8549408725,28.3103556537,-545.2243629686,39.7320860037,-452.8314151274
8.6133333333,-88.2407584052,-34.6366987829,-37.6744782095,14.0042065625,-601.5593042006,7.4968946113,-567.0408080582,-56.5145065067,-447.974273153
8.62,-94.3053988826,-36.1544283654,-4.1575399845,12.9550234375,-611.0174156287,32.9177245374,-575.834553331,107.8632132175,-483.8811941584
8.6266666667,-96.8763308298,-41.2789655574,-27.4103255284,1.93394375,-627.1999807538,8.6977857388,-593.2285077086,35.0541682708,-477.5468292235
8.6333333333,-97.9458869067,-46.1658965282,-41.5216965665,-2.9650234375,-623.7570542975,-9.1520615238,-589.2650740326,-15.1552756518,-485.8833563556
8.64,-103.5595356318,-42.8922474966,-23.9362125389,3.1238684375,-631.4359031412,13.69446071,-594.1039798884,30.3382298478,-473.4388761738
8.6466666667,-96.7615573215,-36.0763660763,-22.7208615668,-1.0669953125,-647.7766304131,1.4975276988,-611.8824647369,0.8631186349,-503.3878360997
8.6533333333,-101.2886180969,-40.9869635381,-22.4112834797,-8.1122346875,-657.3020405413,-3.85694552,-625.1437995375,24.94001815,-520.4390548983
8.66,-98.7549620788,-36.6959034293,-17.6437424809,-11.6297840625,-665.2764990069,-4.2168433425,-625.6175295948,13.1347179974,-525.6081221886
8.6666666667,-100.707256148,-38.2787527476,-20.5583332338,-14.8442065625,-672.4895708569,-13.8025391375,-637.693571403,13.8960446606,-531.5952573012
8.6733333333,-106.1132341441,-46.9915636898,-37.5250193215,-24.9906478125,-686.5632361163,-34.4395041937,-643.7645178389,-19.2847025977,-545.6950291936
8.68,-98.2209973458,-22.1584324095,9.1695638258,-17.544281875,-696.399484635,9.8803338612,-667.2389603658,36.8711254571,-559.3811079906
8.6866666667,-107.6438652241,-42.2073538165,-23.1485464214,-32.6326196875,-704.683678135,-28.2731637774,-663.9763326488,-14.5576185652,-555.664688417
8.6933333333,-107.1465562964,-40.3895343207,-19.5456109769,-34.3245915625,-703.1328803194,-30.4059008988,-661.1792419482,-2.9511384949,-547.1813514006
8.7,-115.4871475375,-45.7726817608,-15.9037387622,-44.0965634375,-711.9503239506,-25.2314999525,-674.3873060022,26.9202391855,-579.1120578762
8.7066666667,-116.5706260696,-48.5291784865,-29.191739254,-52.4497840625,-721.9657053381,-45.7100403499,-688.8450724646,-27.0162777439,-590.2877043116
8.7133333333,-108.2759522958,-39.566695751,-12.1741279781,-56.0486290625,-715.9285820006,-41.7358076975,-679.8035392906,-10.9125225396,-571.240735351
8.72,-117.3120057912,-46.5594925865,-21.0924305886,-60.8402159375,-726.8755995944,-51.0392137776,-693.917513481,-8.6734711715,-606.6081233447
8.7266666667,-117.7761523454,-41.7223366631,-16.8031338785,-58.155530625,-719.6843577663,-38.2006031625,-686.2138645634,-96.0359846984,-618.7787586758
8.7333333333,-113.4824805782,-39.0808092712,-5.661327388,-69.959568125,-727.1265780037,-56.6643159088,-693.1313875905,85.6587294451,-597.3341723056
8.74,-120.4739433664,-46.5134889515,-25.4731483861,-76.9446384375,-731.2513166506,-69.4757275275,-697.9614516887,-40.9225852515,-612.0503654111
8.7466666667,-114.1752745401,-31.1557620617,12.1402019003,-67.7133428125,-728.7832339631,-48.3515438912,-696.3303021354,109.9808615367,-586.7791930307
8.7533333333,-123.8494887987,-44.6239892519,-34.9613939925,-86.106488125,-740.8440841881,-77.5795851513,-702.6110175554,-171.9479334211,-596.688586265
8.76,-113.4936720607,-29.0491031873,1.9768225428,-76.53067625,-721.2867496819,-59.941733825,-682.9343421663,-13.0854166131,-577.9052914011
8.7666666667,-115.4366062063,-32.0493298197,-16.5244576992,-91.7397840625,-723.7968919975,-79.3820325288,-689.4011260439,-111.3747134987,-636.4857025289
8.7733333333,-119.5556033738,-39.7115679458,-9.9829772301,-100.1009859375,-710.3353343256,-85.7881645725,-669.4566034534,53.7534231313,-545.1460148188
8.78,-122.4857954796,-39.0341911931,-23.3985495237,-106.0301690625,-713.2976501631,-91.9093565437,-674.9170165698,-68.7984024697,-547.3972176066
8.7866666667,-122.2185395281,-38.101377253,-11.3015284988,-110.8357465625,-702.9189399506,-87.3787954063,-664.0172394356,-18.5099039922,-563.2124535014
8.7933333333,-111.8608241884,-26.617418981,-4.4004133412,-113.6397840625,-684.9046082819,-93.3723563724,-670.7870520535,-74.3116780764,-597.9481065715
8.8,-107.3666761312,-27.6443278771,-17.1073158932,-118.442356875,-663.8517067225,-105.0188396401,-601.059752497,-26.4870459901,-486.8549688442
8.8066666667,-105.295980313,-28.8968687565,-25.121693639,-129.3721878125,-643.6186834381,-114.6022765624,-589.4112348402,-74.9943196263,-449.1881045298
8.8133333333,-101.5493733384,-18.8969907835,2.1322288969,-124.383511875,-628.4975436537,-97.4564089388,-605.7504724366,-46.3533385149,-518.4567058073
8.82,-99.6536436261,-21.381740307,1.6760146982,-137.075624375,-608.8698087725,-105.5566337675,-591.1242181865,-32.3676060035,-541.5223984319
8.8266666667,-94.412422258,-19.1060050795,-12.9069547517,-134.2756996875,-578.6541413663,-111.3714541575,-543.2023811737,-76.6683314774,-455.7102433519
8.8333333333,-87.2196699725,-19.9484978752,-29.3053336865,-136.848319375,-538.2028984537,-119.5457570275,-473.3161043947,-86.7955726976,-333.1895557628
8.84,-78.3858523722,-8.0802343394,26.9403315009,-128.3288265625,-486.6911649569,-65.715285955,-463.9872374279,5.5231706571,-372.5305163957
8.8466666667,-75.1403181337,-17.6042623659,5.8465679471,-130.1060846875,-434.6696102038,-78.0950082663,-389.3132252634,53.4927941577,-306.9039349872
8.8533333333,-49.3144485696,-0.8318657593,15.9514250415,-115.7864696875,-358.9989843694,-62.4530975275,-318.794966364,-19.0599909895,-216.6162587106
8.86,-50.1873643484,-7.3144504518,12.7693626769,-106.7317090625,-305.9753406256,-51.5070108988,-273.6653737651,24.8067182252,-183.6860210047
8.8666666667,-21.5492615342,16.9839839528,45.3191756255,-64.73645125,-221.6554586663,-9.1588299437,-188.8835822655,88.3365868843,-98.7877633635
8.8733333333,-19.9507065234,10.5973885463,25.3449171376,-54.394281875,-177.0725016194,-6.2296012887,-137.9335496879,-5.2756204947,-38.3660981483
8.88,-12.2305691638,8.228060967,20.6609848646,-40.697934375,-126.7245386631,-5.6683690726,-85.520364457,39.6753086174,-11.7743087014
8.8866666667,3.816578298,10.7071729589,36.5117974115,-21.07067625,-70.5955428944,0.5509190925,-21.6684930411,198.0273106485,-36.7818423699
8.8933333333,0.5824375454,-3.0337373623,-1.2246024329,-19.7609675,-42.7257187194,-7.2275317587,6.7316486841,-55.3739718805,119.8655119618
8.9,0.583816421,4.8302899934,41.3473404094,18.786290625,14.9242198119,72.7213423275,54.9190492321,125.2399971554,141.6453985009
8.9066666667,0.3860568536,8.4753485779,47.3874142012,21.1497271875,18.8863091056,82.8988393049,32.3555439665,111.4283096008,123.8534542439
8.9133333333,1.5299599543,0.9040041877,29.1498960819,18.6044878125,18.363323015,60.7749165225,71.9048040882,108.9734350006,176.8450849284
8.92,3.8920933977,8.3214841891,25.1530495001,20.240713125,6.8752032931,41.7666927262,25.1716338324,38.0336214803,149.264440251
8.9266666667,3.9598545948,5.5531496931,21.3212957754,21.8769384375,7.8339101244,43.4511145912,59.556437759,48.3322768672,235.1758063238
8.9333333333,23.6509240843,17.8379658315,42.4878220175,15.9012671875,35.5731908431,47.2204753113,66.2958586625,85.9502017893,186.8809510847
8.94,23.2121784619,14.4498541395,24.5386573396,28.168018125,39.5364342119,38.1299345812,82.6811415471,21.4861654431,238.2782759884
8.9466666667,17.2632344514,13.1771133305,25.2435584204,19.7271075,23.5042943587,37.4626614563,72.3888224149,8.2514381365,284.0307898249
8.9533333333,27.1878961965,19.7334359682,48.2255979452,17.8069853125,39.7471836213,49.4386936637,66.9084371564,81.8480014814,204.8247330157
8.96,20.0424980213,14.0057909493,10.6175119549,17.235905625,24.4979055181,18.8396070413,83.4115142585,-44.4166579145,342.2738739329
8.9666666667,22.5897676958,13.9833115767,-12.0380037061,18.3740559375,24.3480014213,-5.8672552425,84.6233959789,-126.7671586965,332.2157626951
8.9733333333,24.1142592846,28.1832734982,66.1359731098,21.472253125,17.80661404,60.6770391287,15.5709245324,101.1892657007,126.863107766
8.98,20.058516073,16.580423116,22.4394097176,9.628985625,17.0717698088,15.7841517975,42.5994711596,-9.9378216705,188.076597431
8.9866666667,26.7137314284,23.0709701651,34.5449024426,10.2087696875,22.8130828025,21.3965887775,32.6743392905,8.0479592556,160.5989291117
8.9933333333,18.2635519686,10.2135308261,-12.0624132182,13.174225,23.1535243587,-16.4448886025,59.6161683718,-102.5446142587,212.0665865116
9,19.9342742965,18.9618624873,30.0009445048,6.8930984375,12.6876782087,18.9383497437,17.3023512752,8.0303013599,119.8853763471
9.0066666667,28.3058250593,22.7267062877,30.5469500289,12.3943940625,28.177491315,15.9368406713,37.1348292345,1.0258604692,113.9677111821
9.0133333333,21.4910559863,16.0844939123,18.5187446332,15.1979996875,27.0574313775,12.0970956887,48.014778033,-32.4654066613,191.073101388
9.02,21.0794242742,15.496475239,30.6759038464,2.7686759375,24.5289467837,18.00345071,29.9425943125,30.059590124,88.6479474157
9.0266666667,15.530813358,8.442878386,10.303891657,7.1592015625,25.8818500337,3.8017675263,45.456888469,-25.9231377598,174.709713088
9.0333333333,15.3323035672,10.6646115618,14.1890052277,1.4234834375,17.9076304087,6.5447558225,29.8518330649,-30.8664413694,105.4890433027
9.04,19.9289891149,13.0044342375,32.1275612787,11.2955959375,32.234182315,20.1272255012,43.4003215937,57.7822440871,158.4125564843
9.0466666667,14.4974218759,1.3959648464,3.929599747,-3.0826665625,19.9854556587,-32.1739501787,44.7200905119,90.8682674654,139.3221075267
9.0533333333,13.7334556133,20.0039718983,40.9163953496,21.1337646875,19.2668903775,69.6521457799,34.6990464435,-65.3491561601,105.9578872605
9.06,16.8085002632,-0.0907185405,-6.5578888209,-7.112835625,28.8631456588,-33.6318225925,45.4309524271,-37.4879881345,100.7199653767
9.0666666667,10.9788595211,14.8485448571,24.669822446,11.502638125,14.2463017369,27.5800752025,31.3992301999,-14.2009694974,186.8254529455
9.0733333333,17.0981208818,3.5922210936,2.1419454406,0.275624375,28.1922932806,-16.61804464,52.8198851454,-37.11797932,99.4288564685
9.08,11.289100296,4.4088860322,11.5761336964,0.7236525,21.3234212306,0.7158788625,38.7910265396,-19.3200850096,160.2827557959
9.0866666667,21.3909465089,2.900247205,-6.9298298712,-3.506009375,32.9774654931,-40.6111358899,67.3666471757,-90.4453881859,199.1310688727
9.0933333333,11.5157457558,18.918828117,50.1596805843,16.555905625,32.1207102494,73.2809158262,31.7596334249,83.8717596783,51.9381289187
9.1,8.0088867483,-14.8436373883,-32.5144553858,-10.476103125,30.76779424,-63.6578893537,65.2995444344,-133.5517775017,194.1284038916
9.1066666667,19.2972763955,22.9713381176,52.8169076364,22.9349665625,34.3519725244,61.1151871437,58.0283821046,19.8478244097,168.115898276
9.1133333333,10.8408771689,-1.9304915077,-2.5820724053,-6.9514178125,29.1466739775,-20.3749350475,44.7077946896,-35.8232691954,108.2796334412
9.12,11.4429096777,3.8785365921,10.102855937,8.2775209375,37.7568742369,7.4846099125,53.8745096576,-28.2435095018,104.372550575
9.1266666667,13.4759796708,2.840776375,0.9136362163,1.1270421875,29.1752016025,-19.300522435,55.40120881,-80.1162062528,158.1688753258
9.1333333333,8.501312161,7.9002687314,16.540777239,6.57413125,25.6221749369,23.5486460949,33.1754384511,-15.0343141071,88.6898086503
9.14,14.7980293568,10.0675833018,25.6507650381,7.8501875,37.9586562994,19.5596176663,72.3844518146,-25.0028846837,154.3787722814
9.1466666667,15.1450782525,-0.7722391136,-14.2869261588,-3.2486290625,33.5860535181,-42.3974448763,47.9956653074,-86.4723044383,113.4096575426
9.1533333333,9.6730651774,5.7858851638,11.5550114058,8.2775209375,39.4525082931,12.1332451375,63.8096553093,-41.4104064245,117.770433461
9.16,17.1685801854,7.7792324072,13.8340148346,2.8730515625,37.8477954681,-8.0014899363,76.9505999853,-56.1029532962,158.8499958123
9.1666666667,12.0651036342,4.9481713619,9.7650438884,2.859661875,40.1143990181,-2.7015983925,62.5287585503,-45.6046949446,125.0774943262
9.1733333333,16.1099640812,8.1205114482,18.0843412542,4.8144225,46.9212320306,-0.8992010625,78.0992017984,-33.3085088805,140.9895242458
9.18,10.8324736739,10.1534900698,26.9947719244,10.059755625,47.1062837462,22.6025197312,76.0229023652,-15.1022100127,135.2227631306
9.1866666667,14.5109143174,0.0298447048,0.8948710711,-1.2234365625,46.9113748088,-31.43645607,87.819140217,-77.097338292,170.5747515606
9.1933333333,11.4838670017,3.8709071223,6.3183583273,-3.64759625,40.863762115,-11.2284475399,68.8577276991,-38.0251288999,86.693880772
9.2,2.0585929371,-2.8207219747,-0.6733951896,-0.969615,20.6891869963,-10.0974201526,47.9434909722,-49.7787602267,125.353732512
9.2066666667,12.2746048367,1.2115621572,6.3058773894,-5.29124875,49.2424929181,-24.83728288,101.5907206351,-74.2075643678,190.9716457412
9.2133333333,1.1050672856,-4.4821465346,0.8917519152,-2.302835625,23.0229290994,-14.3317622925,71.1755691849,-49.3520895045,110.1827575707
9.22,0.7949743311,-7.7974282943,-3.7589586574,-6.1206946875,25.0960871713,-27.3979178887,80.5663009919,-77.3292253027,213.0006397229
9.2266666667,12.8142575591,1.9099591212,5.4939529059,-11.96932375,43.360236715,-34.15217572,95.4836275146,-50.8456560161,133.9347610902
9.2333333333,5.257907945,-7.022518892,-8.4860706169,-13.9139621875,44.64867689,-43.6862164487,92.9832356403,-85.6376994048,211.9657350165
9.24,8.6716653358,-5.9097194555,-6.7995887963,-16.8956896875,50.1033609744,-51.604981125,102.2501504228,-73.8377047409,152.3902710026
9.2466666667,6.3109242809,-7.5951936809,-5.1625391952,-17.7972765625,50.9296294775,-51.8574692688,91.8120061857,-72.3574039488,236.3630845995
9.2533333333,10.1136324293,12.1503807227,45.045880667,-8.8407415625,61.6542551556,6.2175716388,113.6619975501,49.2911064466,141.3501919791
9.26,10.426819854,-12.489590509,-34.4174956262,-23.6198209375,48.0741838463,-98.9207153087,93.8429213878,-154.2705389447,246.0890503402
9.2666666667,3.2271219155,-13.1623646826,-8.6380784745,-32.56566125,49.9111917588,-55.1822821925,82.9575164314,-17.8681401185,154.1396600332
9.2733333333,4.4810266532,-13.04573308,-2.4827847159,-33.9162621875,40.5037147775,-60.8044969362,92.4200158741,-34.5451695222,235.5465145315
9.28,6.0376545321,-12.7201924777,-2.4560071975,-37.768496875,35.7588874525,-59.8324121912,74.0364659335,15.6741024147,167.6665114495
9.2866666667,-1.7750947261,-17.7709800223,-10.8283687665,-31.80277875,26.9370027244,-58.5145519275,73.3517295422,-27.0331857255,231.2618531492
9.2933333333,5.7528382638,-15.4603561078,-8.0734859676,-36.994938125,28.4121517306,-87.8290858288,109.7294226142,-51.4925965288,310.7140279084
9.3,5.3568097141,-14.4716118544,-0.5223578336,-36.311379375,21.9743467681,-49.3920791962,35.7612668727,41.2952761838,132.7775891277
9.3066666667,12.4543146464,-10.8579877962,-14.0433836457,-34.2155859375,21.0084646525,-78.2944426538,45.7031663298,-32.8537098459,187.304242596
9.3133333333,1.0080436089,-22.1377810022,-21.1369822162,-37.1031821875,24.1025550244,-74.3381284487,46.2840396979,-10.5208375666,160.8555023209
9.32,-3.486985796,-24.778641769,-27.5651224337,-31.5836425,18.7412606275,-67.1915664325,33.1800624256,-29.3400704123,130.3930988343
9.3266666667,3.1420738364,-25.1070356425,-28.2170083119,-49.0747875,26.4134885525,-93.4583708063,59.8341605126,-23.0034567325,186.7420387928
9.3333333333,-2.2092598712,-27.0288029757,-28.0951047944,-33.1487128125,-13.5976114225,-62.38536345,5.9047745967,-17.4322734299,160.3914564561
9.34,-2.608651781,-18.6822552131,-13.2696333399,-27.056384375,27.2526622994,-56.1647699938,54.2438053251,-28.0258873678,172.8129919305
9.3466666667,4.1314540788,-17.4186284063,-20.2871492836,-34.228111875,19.10815404,-68.3372784975,35.9190346794,-12.7933446255,141.6094805657
9.3533333333,-0.5485206498,-20.6772465486,-25.576560644,-32.603304375,1.8029048244,-59.6757743325,25.4328902415,-13.0396065344,114.1796430033
9.36,-0.7403598553,-20.1962020755,-40.6382329263,-22.05874125,0.241218665,-66.8582141625,14.1527424051,-70.3971751727,76.3355093703
9.3666666667,0.0886559243,-51.7209687073,-115.2184312168,-46.131098125,-234.3419872069,-84.3828361713,-219.1061776769,-84.9935732551,-139.6871319143
9.3733333333,-10.4005908389,-54.1566576038,-128.2125770952,-9.766545,-438.4130784256,-24.3918665925,-383.3363972298,-50.2369343566,-313.154394783
9.38,-5.0276163843,58.0043621224,106.2453094955,109.1489740625,-322.6682070162,232.5375900087,-169.301940895,166.2300068308,-66.4348520632
9.3866666667,3.5809650379,20.400507221,-2.6650937635,73.588835,-423.7155152381,116.66722457,-344.2773035583,-28.392301672,-104.6467705953
9.3933333333,14.3310802504,0.19052148,-71.91473279,91.794235,-516.5848151444,25.49443549,-481.6441638439,-91.672396718,-200.9228611177
9.4,-0.1772250667,-22.8455511292,-85.5191896654,82.5298225,-520.7737897006,20.4200136025,-500.7585768156,-69.4601272595,-211.2736703736
9.4066666667,-9.2608921335,-58.7756426583,-102.3513198904,28.111804375,-507.6051618819,-35.3708289049,-437.4345797723,21.7378228451,-260.1960477755
9.4133333333,-2.4494251481,-43.4953522789,-53.818592198,31.6915784375,-544.3226590069,18.023968985,-482.7389068425,142.4415286669,-340.7834610357
9.42,4.9253818663,15.3531731169,23.7753513448,88.9904034375,-571.5471800256,148.8629594625,-537.0422955225,255.7798243305,-500.0460418376
9.4266666667,-6.8170552172,26.4140908279,18.5510329043,121.0565065625,-564.5675049288,173.7656556313,-537.7447933067,173.3277240014,-486.6450106578
9.4333333333,0.0332220488,39.8990440903,2.9060799629,128.2843940625,-595.2945464944,169.54219773,-604.291520464,128.8358609218,-619.5509259094
9.44,-8.8644378393,6.4813140469,-74.5931989382,102.0185353125,-623.2848896913,71.84593872,-620.2652037934,-21.4761080339,-540.0879445114
9.4466666667,-0.1645246169,0.4587206323,-117.9984575276,86.3967609375,-644.4959533975,-0.50784213,-629.792171618,-88.3166847421,-590.7565768561
9.4533333333,-6.938583774,7.1590638117,-104.1261970159,97.089474375,-656.5863951131,22.08631032,-619.4592294721,-109.2837098879,-509.1300223849
9.46,-11.5263787047,32.8430397071,-49.0413281328,122.6383846875,-678.5091326819,102.0040413075,-622.4771103055,-33.5393489745,-514.4310656893
9.4666666667,-5.1042419651,6.3373587925,-116.1661508172,86.2667140625,-710.8851077819,-4.4765112025,-679.2105425033,-104.9025191547,-571.0395098327
9.4733333333,-11.9593385879,28.04241459,-53.9350362763,99.722159375,-729.0219238881,88.640061755,-690.4334543226,-1.8768553689,-550.9484163486
9.48,-8.8838204259,17.4199837474,-74.3471748331,86.43913625,-742.357134985,47.362615265,-718.2729048342,6.142596491,-646.5602721606
9.4866666667,-8.7988543566,26.6593755303,-41.3738160171,88.77875125,-750.791909135,81.3899088062,-726.3476585107,51.5679484021,-613.3489622389
9.4933333333,-15.7248487512,10.7253699538,-52.728797576,74.449859375,-746.8472330413,56.1771470675,-713.5192072928,68.4771078756,-619.8697507532
9.5,-12.250870173,41.889764989,23.2836391958,90.897830625,-739.1760108788,146.3557379137,-709.279393101,183.9634125397,-634.134796767
9.5066666667,-20.3158912992,7.6283513701,-44.2994166058,63.7856996875,-720.1477803412,53.2065564137,-677.2415060154,36.7592647096,-514.5922520124
9.5133333333,-21.7493790124,15.0606165134,-24.4707743679,68.2959625,-715.2191638788,74.6509111563,-681.5723568037,116.9432706245,-624.9936943837
9.52,-21.7260729652,14.2012060895,-43.3242607954,66.049615,-690.5162678537,52.8025593362,-648.9086885032,-13.796189196,-509.8750751878
9.5266666667,-23.6861626604,-0.7393264778,-75.4706278147,42.0904603125,-685.3475685506,7.5817287225,-654.2458659404,-52.7699842873,-555.6832899518
9.5333333333,-24.3152032032,25.6128784052,-12.0284036239,63.9156428125,-663.8014975475,88.5199828637,-622.8463051769,38.2714709175,-539.5119139223
9.54,-27.1756295512,-8.988258079,-84.0109990334,33.283803125,-655.7134837131,-16.9408913987,-624.7906602754,-64.1877962805,-514.3731567028
9.5466666667,-26.3417743061,23.5152733602,-9.0361716498,55.5992015625,-632.5943027413,88.4498162737,-601.0815379537,-27.5168465484,-531.7600119798
9.5533333333,-24.5662599607,1.1844113446,-29.3358324139,30.906685625,-614.23618286,16.4648218775,-585.2023377875,156.9083120196,-504.7211302823
9.56,-36.9608536163,-3.4708438589,-44.4124828844,35.998028125,-605.2303290225,33.04093642,-573.6535483301,-31.2142860922,-475.0083571313
9.5666666667,-30.8197418715,5.0928673014,-21.5565918211,37.589615,-586.93872186,42.045464015,-552.7386261359,27.3546332271,-445.1570257673
9.5733333333,-32.6783958816,3.0220802097,-18.6188765023,34.0190140625,-577.5008285225,41.32778804,-547.5983960639,45.5745412522,-479.8799365758
9.58,-36.091875059,-5.2007426623,-33.7193807851,27.8093521875,-559.0938534975,20.7889801612,-519.09270411,17.3234022891,-413.4602545746
9.5866666667,-36.3898202286,0.06301546,-21.1346274295,35.0606478125,-541.0158004756,36.0945416,-503.6763134735,11.544331142,-400.4139025757
9.5933333333,-42.719238057,-3.9475632624,-6.0976128347,32.27,-544.66303616,51.03867038,-515.1604796144,77.9087348781,-422.813928854
9.6,-39.8696159216,-9.2465255603,-62.1410906784,32.511971875,-526.7050698225,-10.6511503437,-457.9586336502,-94.1398566058,-316.988415651
9.6066666667,-38.2024959206,0.9034066273,-3.6311909097,28.806779375,-550.6426591506,41.7491084487,-547.5442729467,72.9629812766,-470.0360294097
9.6133333333,-47.6450081281,-7.7366991577,-24.1724311806,28.8166103125,-540.5932762287,32.4072534738,-498.3624921335,12.6884941339,-384.9478791731
9.62,-44.9394839069,-5.5616673293,-16.9755734828,32.751680625,-528.7823858913,30.2913243562,-487.2135270291,23.8975225582,-390.359357837
9.6266666667,-55.0130681324,-22.7744121604,-44.1694488106,12.7528171875,-548.148814685,4.77861984,-531.5565442794,-2.2495910221,-430.5150385453
9.6333333333,-47.8806229763,-2.0692634286,-4.203362571,37.4731453125,-523.9780529944,43.9167134363,-480.0940960538,51.1887456924,-384.7165849742
9.64,-49.4188524905,-16.9420601439,-36.3032477142,19.71663875,-537.9481999194,-3.6128247512,-510.7441291889,-1.9534189534,-415.3540719599
9.6466666667,-53.8638438305,5.3972208042,24.9917761582,47.77143625,-519.6292391912,84.4124766063,-473.6509632509,89.2202557444,-388.5425938151
9.6533333333,-60.1311135192,-21.9250468391,-30.6315383672,23.4793053125,-525.8498611819,12.24328967,-491.6404604137,7.582276808,-390.2838806257
9.66,-67.4107504036,-25.7061165928,-28.7861176232,20.4425728125,-538.7173424694,19.408679025,-510.6031031658,30.5368768229,-414.9472096015
9.6666666667,-66.1969008076,-25.1276145856,-44.0987672243,20.173220625,-538.4485836913,4.3297700362,-496.3891849819,-31.6184987916,-385.9541641441
9.6733333333,-71.1933566653,-21.8654594452,11.4855447421,21.0162253125,-549.3349425631,55.0274441024,-520.5468765875,136.8070334085,-442.9479693671
9.68,-74.2373017033,-34.7575778862,-47.1267170644,10.7432959375,-565.7319318788,-5.3170391374,-531.2404024848,-21.6436037436,-418.477242414
9.6866666667,-73.0851447846,-22.5202639838,-23.4746523793,20.1686759375,-571.3163473131,28.2470400275,-533.6531660455,-57.6538409965,-445.2084677485
9.6933333333,-75.3898747969,-28.1097559379,-6.0903313507,12.318798125,-584.0118837756,15.1476248113,-547.1814767461,217.0151686573,-412.3626594698
9.7,-75.8075034738,-27.823638802,-36.7675765386,8.381586875,-594.8661946944,8.58992036,-562.6634185214,-132.9756216338,-476.6249769913
9.7066666667,-77.0551024115,-26.4619022827,-18.9811477933,9.5648075,-598.1501080131,16.1762861937,-559.2083110759,-18.1102096386,-465.1483824031
9.7133333333,-84.1416975762,-35.3493604888,-22.9907464023,-0.848413125,-615.0375723944,1.0188146025,-582.6769369646,98.7556856267,-469.8313984034
9.72,-85.9245616253,-32.2686617671,-19.0464075418,2.8969953125,-624.009869635,10.8789662975,-586.2604865012,32.5743359675,-474.8665137536
9.7266666667,-89.1172610293,-34.4113664506,-22.1611865657,2.66644125,-629.1543737475,5.9601314587,-595.4724376046,20.5539071287,-486.9681034556
9.7333333333,-94.6673690408,-46.4568516362,-43.0324560136,-16.3958871875,-640.4488481944,-19.4493719975,-605.827802226,-4.2945704015,-503.6318140272
9.74,-94.5916298228,-42.5957735311,-32.3827228701,-10.946779375,-643.2354340725,-12.4937332375,-601.0453216486,9.5188409644,-496.4624877064
9.7466666667,-97.4926106911,-31.1407780367,-7.8748662143,-4.636300625,-661.4958705569,19.4464283501,-633.2230723693,29.9402170842,-531.6981848035
9.7533333333,-94.6288825106,-41.661524971,-34.821821251,-19.7842534375,-660.739667685,-25.7629580388,-617.799578036,-18.9785685709,-500.9392716668
9.76,-94.7598898253,-38.4118784755,-23.4537436836,-25.8078121875,-679.6610596756,-23.5721140424,-647.6826306809,6.5670508936,-543.1731798767
9.7666666667,-106.6713687649,-45.6177255149,-28.4287139375,-25.617164375,-688.1738353631,-16.7054663451,-644.95012455,2.2321176548,-539.8521883229
9.7733333333,-97.790099271,-35.7704576927,-20.268994496,-31.41317375,-698.8715896069,-25.8433624812,-669.2046361755,-16.6917750131,-570.9644725544
9.78,-110.7592380354,-53.014561355,-40.7947930276,-43.8590140625,-704.45866146,-43.0015818464,-663.3276371828,-13.7169753885,-550.0032144662
9.7866666667,-105.6374581696,-46.0260887358,-26.4419085612,-49.1737746875,-705.9639633881,-37.8981134937,-666.888801926,-13.6887795475,-559.9510794134
9.7933333333,-104.2730432217,-40.4411713723,-16.1075526921,-44.835624375,-715.0623431631,-36.38101623,-677.3345940625,-2.0684812201,-580.4318973114
9.8,-113.8554919627,-46.634050305,-21.8935681913,-49.3709859375,-722.6221364444,-38.7203251988,-692.7490805619,-3.2123551989,-595.0555029592
9.8066666667,-109.4484052412,-45.6638769355,-18.3251412379,-62.3250234375,-721.432597985,-47.3149067887,-684.3607184538,-3.4601966406,-600.9972106638
9.8133333333,-115.3941755071,-51.1394269101,-25.4804296427,-68.192741875,-725.17501526,-54.6090877075,-684.4380755358,-10.8277606974,-594.514825368
9.82,-116.7818737545,-50.0605546383,-25.8521762933,-75.233990625,-736.7901971538,-63.0767989387,-706.6574240424,-26.0798613969,-608.9517737298
9.8266666667,-123.7474670524,-53.4731661662,-24.270297258,-78.5737278125,-742.3448348256,-56.7274743463,-701.1174951797,-25.2697801241,-585.1846569869
9.8333333333,-122.0464267357,-51.4445556474,-24.9974459181,-83.5390140625,-744.7237824913,-71.8466858987,-714.8067122733,-23.4043460268,-618.2822937627
9.84,-118.2898282709,-48.7773790272,-24.8136635284,-92.65278875,-742.3455367381,-79.74233159,-703.6896308672,-38.6454071119,-604.3513240941
9.8466666667,-125.2352183691,-51.3026592341,-24.0899322016,-98.3234834375,-752.3584559694,-79.4825182287,-716.0675238351,-34.9933990168,-617.3979504969
9.8533333333,-118.9184912686,-36.4446145777,5.5049616134,-80.34183125,-732.5325752412,-54.2402886163,-702.3432877853,-11.4342471824,-633.2348096315
9.86,-116.1663403294,-41.2269228156,-29.608150521,-99.373220625,-729.6696131225,-98.4434935799,-677.7683151463,-42.1444235458,-545.8807991532
9.8666666667,-111.788999708,-35.7609133952,-13.2653657838,-101.2554084375,-715.5929170506,-91.4544062775,-677.2080079566,-50.4308649376,-577.8384541698
9.8733333333,-113.5908802048,-31.1940409482,11.5394130822,-103.8913240625,-706.8228460444,-69.8078104438,-683.7272049217,-2.6219968078,-601.4507144533
9.88,-117.2461422151,-37.9389815121,-5.6411909908,-112.7157934375,-698.3804389131,-89.8278725462,-669.4656859671,-19.9339843981,-617.1860918349
9.8866666667,-108.7688011834,-31.7861610897,-18.2097186998,-120.2117559375,-683.5194834069,-105.6501781725,-636.1328575606,-65.4078121727,-510.4765168631
9.8933333333,-99.9104065689,-21.0053689462,1.6158480537,-121.3617559375,-667.1439938194,-98.8905020163,-632.3391557396,-54.5718210602,-520.416114239
9.9,-108.2183319472,-32.8327721533,-11.754599931,-132.519568125,-649.532652085,-107.74032123,-612.3210958352,-45.1918484761,-510.7379751987
9.9066666667,-95.7573188524,-20.5573036168,-4.3340218756,-131.8997371875,-622.7649915912,-105.725899725,-579.2321465356,-56.0384137048,-470.92499998
9.9133333333,-90.9524753061,-13.0268299424,8.926532129,-133.024760625,-605.9565019256,-102.6275059088,-585.5559809242,-53.1838412829,-530.0943992405
9.92,-83.7269696714,-13.5348976489,3.052779419,-127.3932959375,-547.2590384694,-98.110003475,-514.165722158,-47.0069330508,-430.815233957
9.9266666667,-74.7592314771,-7.4420493173,6.1029368323,-122.6504603125,-504.9034300756,-85.2087352937,-456.3448506399,-48.7964956579,-322.1649401037
9.9333333333,-67.9170145698,-6.671032956,-1.9725929488,-122.7140659375,-460.5048483506,-88.0529710525,-408.0917107605,-48.9326569044,-300.3280728657
9.94,-59.3716997643,-1.9640008776,61.7123497631,-112.1676715625,-390.546156735,-26.2417694563,-363.1874528074,151.1063375056,-299.8146954076
9.9466666667,-47.65148744,-7.023258837,-18.109395551,-107.18029125,-328.6826351788,-80.08450038,-276.6549145359,-105.5366132759,-131.0755253109
9.9533333333,-36.55598843,3.8323737969,43.0974847387,-96.4795965625,-268.4183795881,-24.537690955,-252.8743608785,84.5025505191,-194.5920260578
9.96,-25.3229009708,8.5702175275,34.2037885127,-68.6400284375,-210.9515076913,-11.8683764113,-174.2086240464,59.8813949685,-102.3470946186
9.9666666667,-18.6670581283,10.9846563693,23.2051350272,-41.2828171875,-163.1373738256,-4.9387297837,-120.8328412314,32.8393830984,-16.8555365375
9.9733333333,-16.643034901,2.5502091499,41.5034326475,-40.5489203125,-112.7638616475,9.2824281538,-78.9301841006,238.7041567198,-70.3204219526
9.98,-5.8743208117,-8.3733158281,-26.5592051578,-33.53990625,-64.939515385,-29.749480605,0.1349342833,-127.7538450032,135.5543096922
9.9866666667,2.4799577653,-0.5851486922,12.9672930916,-21.7603665625,-34.0130377069,-1.4050967687,0.2334977276,48.5025386654,54.9030149606
9.9933333333,3.2292275075,-1.7424253821,13.9617096182,13.453408125,18.7869235681,34.1056308712,65.4437603259,65.8071464872,166.7347687292
10,-1.8928850984,15.113604745,75.2883841359,35.4515484375,22.6962900462,137.3600492438,45.9829294423,172.2833213378,91.2262642393
10.0066666667,3.2497094839,-4.2630410958,-1.8581063519,6.54490125,12.283836965,7.6666371412,56.0278917515,17.9899876191,215.6348228849
10.0133333333,1.6635346372,15.159418505,54.8328533942,33.936525,8.30356739,95.7260600326,41.8401365116,122.2292088405,154.0399034584
10.02,3.4536567348,3.0053532027,4.9956603483,10.90816875,-0.4235736194,10.54747197,37.162905167,2.884852044,198.2370256208
10.0266666667,27.6653895268,21.6882177232,31.8082847962,20.712685,30.8831739369,35.4188524225,68.8337699038,12.9186354327,244.0687055134
10.0333333333,5.5258089493,5.3890780652,9.2767537959,27.997633125,12.5226046587,33.4158584625,68.4315470326,7.3269693043,253.8080323138
10.04,25.0638939762,19.5002126066,45.0378355492,30.085999375,35.6135031463,54.3848354725,78.793969214,50.7251473646,260.6989586282
10.0466666667,25.8549051237,16.4447390895,22.5540596466,18.80354875,34.7406561494,24.3337144675,83.4760858382,-2.1694343406,285.1516762286
10.0533333333,27.1936747099,20.4527428332,21.5865720987,22.6289571875,31.6686851994,25.7391895512,74.8320492646,-33.3437053307,275.6968743401
10.06,23.6149372377,21.6763002483,33.1537188577,16.204271875,21.4888238306,32.8740601301,44.8536660199,-0.8277377959,197.4269417358
10.0666666667,1.9379318414,7.1516378638,18.181211559,15.6956428125,-3.5899726037,27.3405517875,29.4034524657,8.0123801176,237.9770578282
10.0733333333,12.119583914,10.3821254379,10.4792871172,6.529370625,14.26751929,11.7952326675,34.4257360105,-30.6438930767,180.1760369311
10.08,25.1298778782,22.9892515565,30.2400290352,6.8975209375,18.5635071494,12.595597225,17.8141371317,2.2485747671,126.373863714
10.0866666667,15.9122168963,3.3776626463,-4.2283337385,0.17567125,24.7535700056,-19.1783540337,53.9421882007,-56.8097006397,189.2112465367
10.0933333333,20.9410159292,21.9577899581,27.2883316002,12.47182125,13.3562937462,22.60242564,33.5433506619,-18.2506774442,182.8614924081
10.1,27.3413136999,23.4601369239,33.571209693,14.042159375,25.9814807119,19.1152352075,31.3052649911,10.6714399418,97.8981218303
10.1066666667,21.5711198223,13.7064548373,3.7933633385,15.4111734375,28.3618077681,-1.8906115463,49.9284521309,-85.7438663005,169.4196623573
10.1133333333,27.0323231141,23.2077660768,46.0266759266,13.4843471875,29.2966613775,32.2452439301,31.1440749668,52.5013572161,92.8971954949
10.12,18.3418262431,11.9836109734,20.4262189226,9.1923753125,24.4825355025,1.1466605,38.875822653,90.4870802181,154.647454662
10.1266666667,19.6609684059,13.6684324575,17.3590657901,6.9779528125,27.5254894712,11.634361675,37.7570043134,-69.3616850932,113.872625267
10.1333333333,23.6265320129,17.6853078107,24.1588563433,6.1330984375,24.5169749088,8.9222795725,32.6932177322,7.3599288927,105.1742428767
10.14,2.3689656183,5.8448305151,20.8183637603,12.4231921875,2.5707187025,12.9525769012,14.4587179595,121.2305806192,136.1019478877
10.1466666667,18.8195969736,12.3710829014,9.2746257079,2.3979528125,22.5421060838,6.1969294587,36.244005915,-120.1901389593,87.1818722208
10.1533333333,14.3720467237,8.5768229994,16.8582482219,6.4559340625,19.7631731712,4.9416294775,45.0700254808,2.2075157877,135.2427783177
10.16,16.4887081789,12.6106465687,19.1497489775,6.988506875,25.5427615838,11.3728384249,40.1506788656,-37.1428845851,183.5207621973
10.1666666667,14.6447725983,12.8020399737,34.4569383048,13.19816875,27.3743091119,36.1350635576,45.6659199959,43.4070958135,95.3446736854
10.1733333333,19.4146057507,1.383349126,-20.6926643294,-11.2359809375,19.8978103806,-64.0011001963,37.3284131751,-100.2665735562,151.3724640837
10.18,15.2249371353,10.9123401962,29.8517273668,7.5307884375,32.62715319,31.2131750812,55.1951197991,5.1006139432,146.3284815845
10.1866666667,20.915796463,13.6012461633,18.1505938336,7.016873125,32.3584847806,3.3469388612,50.0016188244,-24.0841515628,108.2927122776
10.1933333333,6.6077901721,7.5704466988,29.7688908277,15.97384,28.3468447306,41.53977901,57.9542287779,-15.9807651919,200.8582108233
10.2,20.8035711943,2.5441459246,-8.798225139,-4.8932675,33.1906523056,-43.4893776876,50.1118486348,-72.1892862396,115.3381220686
10.2066666667,11.832690811,0.1386607523,0.0011251731,-2.46836625,34.3665167494,-9.6247769324,47.8979407102,-59.2625517944,105.287605165
10.2133333333,13.178844248,18.8413486316,45.2417124902,24.4297271875,37.1550173244,56.0225673512,60.8609667271,32.5446975871,133.3109815777
10.22,1.9959468267,-9.0240381718,-15.9646000463,-6.2418965625,7.2145685431,-32.7608835299,24.0044681349,-63.4610743919,119.2274011851
10.2266666667,7.9905273672,4.5368617516,13.5655585632,4.9263659375,29.6135263525,14.5120383387,54.6059350251,-20.3378506173,104.3699078427
10.2333333333,2.2637697454,0.3663391066,-8.4253265971,9.332544375,13.8043144869,-6.4463850224,35.9757478471,-81.0509971904,102.5439858272
10.24,4.7132478221,-3.8947798382,7.0289087233,-2.1769015625,42.9143685869,6.9439073162,75.6725633856,-35.2513970338,142.2360669696
10.2466666667,15.6514944466,-0.0009302198,-17.1402003759,-6.52451625,27.4503569088,-45.4649985788,39.8790903903,-90.1742672046,95.2528490282
10.2533333333,15.3102097319,13.4331128109,25.608015021,9.9315584375,40.4026532244,17.1851395888,69.483995222,-31.4773496974,136.2986585138
10.26,6.4565993409,-4.4992431649,-4.2712583606,-0.901155,48.0213516025,-12.00812826,77.2111358433,-61.768997418,119.7191733513
10.2666666667,20.6472648706,20.9819547676,38.6570373912,15.346581875,46.7496734337,20.5805720038,83.2543728256,-32.1085210801,169.5363990298
10.2733333333,10.0402051284,-3.5132999383,1.4119063541,-7.4406478125,47.7325365712,-22.8114612413,81.1470595841,-47.4847659953,159.1242450449
10.28,10.8378914303,1.208402095,-5.1270477984,-1.319953125,46.8068960556,-19.6556318962,75.4752246929,-89.6962863203,130.1624959109
10.2866666667,13.171929473,10.5679683749,26.1824385282,3.6762721875,39.71419399,3.7407933788,73.7289195542,6.6926892848,123.7518638331
10.2933333333,7.8152647246,-1.6157529003,-7.5903916963,-6.7581971875,42.9571436525,-22.4492844813,78.8125888404,-86.3399585014,107.1879808487
10.3,2.2315393228,-3.8534314689,1.462949723,-1.93923,25.4590867869,-18.3758091299,74.6436539296,-67.6727074799,204.6646342996
10.3066666667,1.1661813401,-3.3584414514,2.276025958,-1.69682625,26.8347280681,-14.0141548688,78.0292391492,-20.2872295688,93.8428582508
10.3133333333,7.0229650675,-8.7596369075,-8.5183220083,-16.2287696875,38.7845565494,-48.3494398375,91.2668561923,-97.1089842414,234.8736593239
10.32,7.3727258696,5.0017075412,3.6843117547,-11.0759625,53.8659058119,-14.63317902,103.8312026896,-61.3687691341,113.1840282898
10.3266666667,1.3477614271,-18.6318945661,-21.5375233873,-22.9677553125,18.1706120337,-60.4825525237,59.8065884821,-63.4107764497,180.3003070615
10.3333333333,3.6550742505,4.4001523351,17.5763291242,-6.411295625,47.3559722088,-9.744631385,109.5513619452,-29.1225142129,180.3149849406
10.34,0.6178399636,-21.6637654447,-31.4573162324,-27.39162375,24.7318755369,-78.4823014912,80.1020037747,-75.6274607032,185.1308178201
10.3466666667,10.5349243482,-2.5936137516,-0.7491334813,-23.688403125,52.2846084962,-59.1190881225,113.8397148064,-69.8330262707,223.882017496
10.3533333333,14.8890238971,1.5150172516,6.0154839888,-20.65123875,50.3937751775,-62.7019534425,109.6938503062,-37.5907170585,214.9529927169
10.36,9.2753482233,-3.98710015,14.7095801199,-25.5218396875,44.3516165681,-53.259733015,107.080386668,-16.1160291969,289.4512406486
10.3666666667,3.9369028414,-15.2274028249,-8.6723298792,-40.973783125,45.5251347431,-72.13363168,102.3434139108,-34.111697404,208.2575600082
10.3733333333,4.1080860108,-14.8839665501,1.5167053623,-40.170130625,33.5865754587,-66.4255912813,95.4103386809,-7.2693132612,299.4862678433
10.38,4.0243661598,-21.3510252595,-5.3096817364,-44.27546375,19.6224695681,-63.47945783,48.7587323147,28.2826054418,141.7179139175
10.3866666667,-0.1118331056,-26.295614122,-23.597126356,-33.8759240625,-6.6642581631,-67.4805816113,12.9340700901,9.5882836748,166.5155354343
10.3933333333,-0.9985878908,-36.0401254615,-45.3988194285,-47.0869284375,-14.9265899819,-81.4852743749,-17.628923175,-26.6230935269,109.7294328846
10.4,-0.5871474666,-33.4057063282,-30.7958508901,-54.112336875,4.6585116869,-85.6336595738,32.7050115132,-14.9088849276,169.226554311
10.4066666667,3.4826508261,-29.6027122207,-60.7047258575,-46.9812571875,4.1137155587,-102.5441085825,2.9541306902,-88.7315082527,90.7973239755
10.4133333333,0.7362071027,-22.2970218658,-1.0442001513,-43.5960178125,18.9505662431,-66.0773774625,69.5089216994,20.1927864495,271.4574500192
10.42,4.4645042327,-8.3872382411,10.3479875199,-26.5144125,25.3078497275,-43.7540083837,67.1532324228,7.1786237842,224.9764798632
10.4266666667,2.1501762928,-11.9499294925,-1.0866160822,-23.2781871875,23.8265113744,-49.8220497951,50.6829294886,38.0814807369,168.1802488396
10.4333333333,7.6389404735,-7.1238164834,-6.4665038393,-29.0278490625,32.2233835744,-56.2285840386,55.0584368207,-12.9112278366,151.6434556001
10.44,6.830781035,-10.6659022935,-25.673478132,-27.46720125,18.51529044,-63.9558783113,25.4189888048,-25.5693955434,92.9506763708
10.4466666667,-0.0925550233,-13.1962625011,-32.3168884944,-15.75624375,6.1261757056,-55.3380511725,24.5174446224,-61.6111258725,87.6077953008
10.4533333333,1.6063488355,-11.2451531609,-32.4647537666,-16.24105125,10.5354999181,-56.9686928399,25.2378668956,-51.6993100919,76.963299976
10.46,-4.3971609887,-49.0469959228,-133.9545270166,-22.35183125,-383.9613229506,-45.0469659313,-362.1110962919,-61.6931022674,-343.7233860851
10.4666666667,-16.6982264018,-23.9737530428,-73.8557151938,22.261566875,-386.3352880725,36.1359550849,-282.6446333638,-52.477734847,-204.5746537414
10.4733333333,7.4835207295,63.3020794311,78.9966766958,106.3171059375,-355.7958390725,203.6360511638,-233.9571767491,44.3733369217,-97.0831581691
10.48,-3.2469460799,4.8265626833,-40.7957732618,86.283314375,-473.6485216006,88.6332849913,-441.3980930297,-36.2932222607,-199.8835071785
10.4866666667,14.3757562292,-6.706898147,-87.8401088932,95.483428125,-536.0314950756,3.10462953,-523.7258182758,-93.9765276481,-255.9720261936
10.4933333333,-3.4955464638,-41.4323521553,-96.6972339092,56.012283125,-537.5967206225,-18.384537205,-483.0168059574,-42.3476825589,-177.3670145329
10.5,-4.6038453429,-54.0704724945,-82.4008366167,28.8279075,-560.3258453569,-20.7989943,-485.7564882788,95.9299062778,-333.616173077
10.5066666667,6.2226878167,-1.4858412769,16.19591132,76.1498125,-604.1305191538,109.80655342,-533.9741783481,239.0555642202,-387.5965699575
10.5133333333,-4.4282372659,31.3436126257,42.225213934,125.5489571875,-607.1031242319,199.3829661625,-579.8656579547,262.0545332125,-570.3788489477
10.52,-9.9319724066,42.50122569,33.7069774736,140.56999,-610.4772487194,214.5174940825,-597.0200163548,162.4888492404,-534.5392191614
10.5266666667,3.0353001395,4.1703415053,-99.0362450404,93.614958125,-659.9704607319,28.9250789413,-674.2371835628,-74.8907565466,-631.5736211462
10.5333333333,-6.4122242589,12.2269925053,-86.3207826324,102.744760625,-669.6624593538,56.0477427988,-658.166974375,-67.7567126012,-581.493168133
10.54,0.8947909832,20.9290203742,-84.3525777125,108.7201221875,-676.6384015662,36.2255109537,-637.5567491168,-111.0071030523,-527.2417452176
10.5466666667,-12.2129599866,16.6573934821,-74.2730003787,112.5405540625,-690.6660164131,56.0821796275,-645.9374304372,-27.4562377925,-581.9376022872
10.5533333333,-13.580106931,27.1553556264,-47.1959617958,109.431680625,-709.1136131256,92.6756049937,-654.4182443964,-22.7821102583,-519.6257030178
10.56,-10.1431548351,8.2753113512,-101.8004579648,89.77702375,-749.2238723975,16.0635061563,-737.4147833348,-55.2720055737,-676.8928424864
10.5666666667,-15.5259000061,31.5858472036,-29.7216030745,105.776535,-750.2331621912,109.3438572487,-710.3333810367,57.7034328789,-618.5656101873
10.5733333333,-15.3500112862,19.8566380163,-47.968462281,93.270338125,-759.8335112256,75.2145103038,-737.0629947178,24.9423263778,-643.5801889174
10.58,-25.2741668052,11.2263487792,-40.6658207442,82.4885353125,-760.6729436381,84.5399982487,-739.6690873095,97.4743681206,-690.1198193505
10.5866666667,-29.7570974957,11.1006000372,-24.0560006674,84.65163375,-758.6901650319,95.9832651338,-722.5298688758,123.3409724198,-612.2465854298
10.5933333333,-28.8431456797,8.6231396742,-37.0014699343,74.951925,-738.5117350006,74.4629632012,-704.5724059465,50.0595190192,-565.9535257207
10.6,-32.8090360777,11.5659370872,-16.4730352752,81.860431875,-716.1129897475,91.9179640725,-670.8147360683,112.7351032845,-608.842886445
10.6066666667,-35.7370652685,4.9145456062,-43.6994451086,72.960385,-704.525973685,62.4061173663,-663.4319674695,9.2293814944,-527.1478546311
10.6133333333,-29.0636952845,9.3784166227,-47.5976997063,69.0757934375,-682.7009772975,45.3063420538,-642.0959017862,-38.7173509563,-493.586158157
10.62,-39.3228186446,-3.1620618122,-66.3509599305,59.6789671875,-673.3078120006,30.5643626587,-634.1936113309,-31.3260290513,-561.2109769303
10.6266666667,-35.7780978157,2.8479262466,-41.4745417109,55.3254084375,-648.8851048631,48.1130275651,-618.5950866125,-7.3575231691,-528.0421617766
10.6333333333,-44.7727090888,-8.9710350929,-50.2526154015,47.359615,-643.6790201756,39.9707725562,-613.0552952144,0.7534032904,-502.8236166848
10.64,-33.6991295221,3.429481278,-26.4667336249,47.8206009375,-619.3284670381,46.4742069225,-595.6594657344,29.0255904645,-494.496286023
10.6466666667,-39.0688456692,-1.5791204801,-27.1019217896,45.268798125,-604.55173331,51.3112465537,-571.71010406,-19.5318879923,-501.3150537932
10.6533333333,-43.6029188842,-5.6703991488,-14.8093049001,43.648413125,-579.869093335,47.6875951701,-551.0374250266,173.8545141742,-468.4524886588
10.66,-43.231229768,-8.3855546046,-25.5451135627,38.15798125,-562.359322335,41.4034749062,-528.1645981944,13.8279854041,-432.3889244113
10.6666666667,-41.2506664789,-4.7593791329,-18.340339198,38.3322346875,-541.561099485,43.0205154638,-504.0428965568,35.3578955378,-397.0540425674
10.6733333333,-45.2184898384,-10.5873105531,-24.3173261343,36.021971875,-532.5139274225,34.31488108,-495.9283588797,36.0476700159,-398.9106163059
10.68,-47.0857752321,-10.635468056,-26.1131415063,37.4644225,-519.0038049319,33.5457318362,-477.3211944322,18.1707808265,-351.7361063944
10.6866666667,-46.1724529836,-11.6261861098,-30.4135186726,33.83278875,-511.4158773194,25.0975522913,-475.8958101742,-3.382206847,-381.5769100401
10.6933333333,-45.6508944244,-5.4340460005,-11.8214340821,41.3186290625,-503.2013369381,41.9599541562,-463.399441427,41.1053956783,-365.55696707
10.7,-43.7322684575,-6.0828955408,-12.6346600549,37.289183125,-510.9965577162,32.5527057963,-482.0676334291,32.9432934662,-387.3661940983
10.7066666667,-53.1976705261,-15.4192162222,-24.8140657389,32.7021878125,-509.2491170038,28.65523213,-475.0993089407,23.383482184,-379.882767325
10.7133333333,-48.0906653795,2.2915457686,20.1891497551,45.1983846875,-490.1264197069,77.9285080174,-419.5475739294,83.3706962196,-335.3055989617
10.72,-61.2087898024,-42.7922905047,-71.8087900424,9.024479375,-534.0330244694,-42.1307195574,-575.6451496704,-20.7525544196,-491.4715867248
10.7266666667,-64.5779576385,-7.7683603176,20.8499573848,47.37547375,-487.4122077694,97.969416055,-389.805955811,93.6256077251,-298.7748569792
10.7333333333,-66.2198097073,-37.9744692065,-51.0498611698,13.715436875,-527.7586359413,-10.8002837087,-521.7054978972,-6.3097091027,-410.29921572
10.74,-70.8793926207,-31.868794426,-26.2201043875,21.44,-520.0592027631,27.7389784662,-489.3449537932,36.0123354761,-409.6787725594
10.7466666667,-69.8294809966,-26.5078877868,-14.9074628316,28.0978121875,-521.9214053288,36.0797831725,-486.4623690116,52.4063477788,-399.4869905132
10.7533333333,-78.3714637274,-38.9268684946,-49.0908465937,21.966009375,-527.2047046475,8.3022867412,-488.3149444397,-26.157014545,-362.2831661393
10.76,-74.1054499656,-30.7518704572,3.2725698695,19.709953125,-539.6641742537,43.0782848137,-507.9746136285,122.8078806517,-439.8447351279
10.7666666667,-76.2230927616,-28.1019787396,-14.1062959556,22.6762721875,-552.6627851819,33.2709627363,-528.231648684,36.1021315444,-418.1408184354
10.7733333333,-80.3174001022,-36.5271784589,-28.3887294751,15.429953125,-570.3428646413,13.9311958149,-524.1974788155,23.0827832828,-410.3752343596
10.78,-84.8110040436,-36.3308515062,-20.8357252657,15.52721125,-583.3438416631,22.0345232013,-554.4147774505,36.3844774773,-459.2569423453
10.7866666667,-90.6744884053,-44.3179403867,-29.9551065439,5.9261784375,-602.5190819631,11.3995966013,-556.6114295194,32.8511448772,-466.6074578999
10.7933333333,-88.7095624046,-36.8411805593,-19.8635149712,4.633605625,-624.1201189225,13.961970625,-601.1263202248,39.6839440931,-495.6626519068
10.8,-92.1716710584,-40.0502568036,-23.0813905622,5.0851925,-626.0906869725,11.568406175,-584.7356575571,18.2557405249,-458.3774426524
10.8066666667,-102.1203476828,-49.0626699131,-39.0998323891,0.538413125,-636.5842947506,6.035929565,-595.5027885443,-62.8305946511,-509.7280528715
10.8133333333,-95.0781666538,-37.0729141984,-15.7784600096,1.850816875,-651.0627931725,7.8131968375,-619.6899383126,53.6681892956,-468.6984243002
10.82,-101.6751210549,-49.57423188,-37.6576669424,-12.2330984375,-667.4468763194,-23.204810405,-646.3179732579,28.3361916489,-536.3445560301
10.8266666667,-106.9245201725,-33.3776585081,4.8096669352,6.5094175,-662.5019945913,48.8244358675,-598.9164063925,74.5464093356,-486.4072466671
10.8333333333,-106.3662274849,-48.8842037812,-38.5946295607,-18.5894928125,-697.2083777381,-31.2441972987,-685.1786883904,-14.6004281609,-583.7001979054
10.84,-113.1451901837,-55.8661664468,-43.137484773,-22.8794459375,-689.1266305725,-24.9713317888,-626.4959249097,1.7022552753,-512.4125785143
10.8466666667,-111.2822679491,-38.3904371077,-9.3348804239,-17.86952125,-716.143934185,3.3198598476,-688.9091342655,30.4574177195,-589.0022265327
10.8533333333,-116.8903505214,-49.7267238731,-28.788746711,-28.87721125,-730.4362729256,-24.8543538438,-686.7629349195,19.7318204862,-576.7599277167
10.86,-123.1738688802,-54.841864444,-37.5143493556,-39.64077,-739.9888892319,-32.852829735,-699.7598323401,-1.5182298089,-605.1069205683
10.8666666667,-119.9151463512,-49.0590888094,-24.8939785266,-44.9881971875,-746.9263688287,-32.4944069975,-712.8258145329,13.8979394064,-611.2886175374
10.8733333333,-120.9739571312,-49.1765504989,-25.4777459064,-49.226394375,-746.2318432006,-34.7853079913,-709.3738319844,-20.7762302273,-569.5230619194
10.88,-119.9831540065,-44.2000443552,-11.5400581983,-50.5025728125,-749.6670779662,-35.003494365,-713.2368655689,69.4940941472,-674.1536901273
10.8866666667,-122.096618504,-45.945655216,-24.335166066,-57.119183125,-754.7133252569,-45.402756685,-704.3710225076,-6.7464133452,-567.5374830134
10.8933333333,-122.265665782,-40.8149310682,2.9142324919,-61.9137746875,-752.8219564725,-33.0634738338,-749.5227927592,37.0505637283,-737.828808337
10.9,-120.7767354386,-43.8083912383,-27.2524184973,-70.79201875,-751.2262053006,-61.7442820638,-697.5629890641,-30.1895327238,-559.6580557551
10.9066666667,-124.3478824491,-42.0099822093,-12.2955109463,-74.4621409375,-750.4284907069,-52.4557505387,-717.3575935661,-3.4026735827,-618.3416991605
10.9133333333,-124.8375661525,-45.7085102808,-29.9598658265,-93.1418965625,-758.0199312631,-79.76657588,-722.6214826766,-51.457254998,-627.995556962
10.92,-121.2647675039,-36.5092145537,-6.0587684342,-84.887455625,-734.713990135,-57.2871556812,-691.817005306,9.9223299347,-615.4940178075
10.9266666667,-128.3055365046,-47.0835440756,-32.3391740105,-101.6269953125,-736.9096841287,-89.0531366562,-703.7616880512,-43.9296083802,-613.572601548
10.9333333333,-117.0852246333,-33.0994998365,-6.4875928305,-102.814760625,-713.6597669694,-73.6278612675,-680.4500870783,-7.5404275035,-566.1428037521
10.94,-125.5947146431,-46.4487396911,-43.4160638681,-113.61154,-696.5381704131,-103.6900464587,-660.3979768836,-71.3304497988,-578.7871424928
10.9466666667,-111.3111871396,-30.3160700556,-12.492199117,-116.031155,-672.0161545819,-87.3168928025,-631.8347578616,-9.6870015905,-544.1733653828
10.9533333333,-102.0772382596,-24.2591530007,-3.5374835947,-118.6157465625,-635.4186935819,-84.7646647051,-596.9153142524,-3.1318416751,-499.2854142758
10.96,-102.1387551626,-22.5824545225,-5.6328567208,-114.063126875,-611.0172673162,-83.1450384462,-576.9439285253,-17.8387800222,-491.7628861108
10.9666666667,-88.5254049388,-21.0046980857,-25.3154356585,-121.89432875,-558.8872694694,-105.000659735,-509.4461489682,-65.709907331,-406.9450289473
10.9733333333,-85.5220663179,-8.4003580749,48.1073602995,-121.5396903125,-530.4159483256,-37.5128878475,-508.7227491444,119.0914630405,-450.6572496606
10.98,-79.8057235932,-15.2983844446,-39.6699670415,-109.0075778125,-479.9933819725,-95.3267531763,-411.5824093529,-127.0282687923,-258.8472172937
10.9866666667,-63.0758986171,-1.7537643287,32.0611431466,-111.5908921875,-427.1077346944,-48.0639491738,-393.206581974,66.3450973644,-308.2454522538
10.9933333333,-62.4500680728,-12.6178545304,8.7276070977,-108.328995625,-361.45234916,-46.8853874612,-306.1155465061,49.7081269285,-184.5932803957
11,-52.2995123774,-15.7439445128,-19.1002628298,-115.832835625,-304.1739397194,-69.302951005,-263.0330429225,-36.9173151669,-133.385606397
11.0066666667,-28.502490632,16.6859325971,62.9684388787,-56.6937846875,-236.1265311288,8.7571336075,-199.0520241081,236.0318135876,-192.9945748437
11.0133333333,-20.7391153971,22.8019671007,43.1804872022,-24.866976875,-180.4492375006,29.380575055,-147.2321648803,-30.455088791,17.1444335034
11.02,0.6370066658,12.7612433843,16.7390844178,-37.81432875,-111.8627384662,-18.2200980675,-60.6061626634,22.3158004844,39.7566674042
11.0266666667,3.8546922176,-16.2429137804,-17.0849572138,2.545239375,40.32025469,4.1878089788,100.0984473931,-19.287693587,189.2232416756
11.0333333333,4.5083601107,-2.5394874455,18.4217534113,16.72585875,26.8541203681,37.8989152088,74.934698834,73.3832132285,141.256748222
11.04,0.9022494025,7.2501208042,41.9502229273,22.1193421875,15.57567989,74.0511275062,45.0649823836,96.7478219302,115.8378374512
11.0466666667,2.1347760977,-0.6825309418,13.8554821975,12.9079996875,17.0198002306,33.1357818262,52.1411808294,50.0967554965,164.654838231
11.0533333333,1.1404340522,10.0818698221,47.2490891985,23.5737646875,6.8721732462,75.8180502338,40.8551823695,104.2741373915,131.5674196307
11.06,21.8417390569,14.5621550552,23.8701400336,14.74585875,40.909077265,28.9070941837,60.0154430954,17.7788963858,187.3302427118
11.0666666667,21.0524789894,13.0329205146,25.7587786539,18.949558125,41.1862496306,35.106286305,80.4716568926,16.3154685811,262.7771762084
11.0733333333,25.6218695683,22.7469325979,33.1513865069,23.8736425,27.8776577619,35.6468164938,64.7412659971,6.2154437598,225.8007098233
11.08,3.6876021251,8.9422158435,17.0775914129,24.48277875,2.9355363463,36.6648460762,37.7476816453,-8.7025035938,206.2742148427
11.0866666667,2.6462203913,6.570048729,9.7710986916,21.5133328125,-2.97305506,26.4107244375,57.4257848611,-28.9627711784,321.4344329875
11.0933333333,16.0306003531,19.895780818,33.5079053603,21.6225628125,15.0667678869,40.5925704037,38.7726395533,3.7423991376,208.497685098
11.1,17.1658650962,12.6671377729,22.1437821471,7.975811875,20.5263000462,20.2698195812,50.0498842812,-2.6943682166,227.6276357515
11.1066666667,21.9300916925,19.0351544715,30.151345282,13.1960278125,23.12920714,21.9957854625,43.8619734081,3.7659936645,188.5093967805
11.1133333333,18.5725854343,12.6780161397,-0.4707410498,12.1847790625,23.9657904025,-3.8265820962,51.3822524568,-92.1704114562,235.6104099881
11.12,18.9267388689,15.2095404799,31.1627196714,11.0983846875,26.3377047963,23.3519694787,31.2944179127,35.9691348185,111.2605231332
11.1266666667,22.1848197931,16.9742477928,22.8459180913,11.998985625,25.4308307462,14.4997648087,45.2438979617,-21.398792861,176.4709657127
11.1333333333,21.1297871676,17.3859352443,33.2831725382,10.8475678125,24.1448534931,22.916917395,36.4328063995,30.4090990649,120.1502102905
11.14,26.3751864877,24.0400599107,31.0066295378,15.2595865625,25.2379325681,17.4237672425,30.0359080069,0.3160272966,128.2438777351
11.1466666667,17.137464507,10.3093819343,8.004226764,1.7498778125,19.5278417369,-6.4722985713,40.4130490364,-53.8896417094,162.3427099226
11.1533333333,22.3703022139,21.4664869365,35.2935655638,10.855426875,26.2857290775,32.3495345625,19.0565657854,10.3132883805,63.5383729858
11.16,18.4594737639,19.8007091009,30.0380573897,13.287445625,15.9578919931,25.5736796937,28.1207670721,-1.3200567843,133.9724191423
11.1666666667,14.2099172939,0.1766793001,10.3023391123,-9.19451625,21.1689214244,-39.1595567212,32.9633260859,215.9557389369,134.0680360067
11.1733333333,23.0366549497,27.7400481381,44.602429053,27.47162375,34.4003303213,73.3213150887,43.1270244161,-127.8384365554,93.2863192997
11.18,17.1207682362,3.1669871418,-7.2190879982,-0.556394375,28.2776818931,-22.2347372713,49.1544936641,-147.5968089552,121.2411436217
11.1866666667,20.5686872334,5.6584826713,13.6489516833,0.363605625,33.9342702275,-20.9058439387,55.8015988887,74.0235302573,165.245473924
11.1933333333,12.7970505363,10.6094522807,34.1339357826,12.334225,30.5452595462,29.2768679312,44.7463823778,126.7438783832,156.5837313108
11.2,13.3740868207,15.2434525755,33.6821513734,14.382253125,29.761940865,51.7446870413,39.6683621869,-65.0268231007,114.360586983
11.2066666667,18.6723434782,-5.7570317134,-28.0130728895,-12.4067978125,32.8864800181,-72.1363189075,55.7178952021,-100.6657892035,147.6400073611
11.2133333333,9.6159067778,16.3726585265,44.73622241,22.91999,25.630536115,63.2643912612,55.7162320776,27.7067101032,160.001745951
11.22,13.0695050945,0.5207540452,0.9014005647,-6.4158403125,28.5474084744,-20.60894766,37.1170750917,-22.4151197339,113.5321465923
11.2266666667,12.6544425756,0.7708487369,0.3719046835,-1.3681503125,25.4991803931,-20.545714025,52.9875485943,-70.4036383011,196.9458806289
11.2333333333,12.5142103379,15.8979779515,34.232923573,14.8878775,28.2049226494,43.659664615,45.9372980516,34.311599713,76.1976898274
11.24,18.3693864784,4.0334160572,-1.889380841,-4.588845,20.83894294,-38.3684093925,47.6356128764,-71.4121262745,155.3888351
11.2466666667,11.084924737,16.0624782576,39.9485713463,16.463501875,27.0442337994,51.1976689525,50.2720267595,11.1991243466,141.5902667087
11.2533333333,14.9494069142,-4.1200114077,-20.1281379401,-10.4374740625,31.52865169,-51.4457439663,46.5224523374,-95.3738372524,117.1198980332
11.26,14.8317597772,19.6099355135,48.580572482,16.1560746875,35.56851644,53.6871965375,63.9003243099,20.0824537296,145.5113954205
11.2666666667,6.4615681926,-10.3982717772,-31.6806197827,-11.26692,22.83292634,-49.60650015,29.3281977905,-94.4862070321,62.5378815545
11.2733333333,20.4190759383,25.0890871496,52.3324654439,19.566675625,40.9057576588,47.8976974938,75.6216653255,17.391616868,153.5259410879
11.28,18.9460692676,-0.6126133656,-7.459250673,0.0273803125,47.7799987994,-42.6638821101,76.9790336688,-98.6717867903,165.4180506906
11.2866666667,9.9056478608,9.8153106172,19.6109339727,9.45374625,37.6758308181,17.3245542189,61.1078372354,-22.406497013,102.6112359122
11.2933333333,12.4680816435,2.9549182174,12.3123065171,-4.503990625,38.8308458025,-5.1927349076,74.2194063221,-34.5270525236,156.1301646995
11.3,9.4297461826,3.0148228665,11.3680646075,-0.1049296875,37.3815743025,-0.2969385337,62.0296108339,-33.5110936717,118.8700853527
11.3066666667,17.5516431141,14.4930714612,8.550166846,9.837736875,47.237549865,-7.31090745,94.4836283453,-131.285801106,187.6965735736
11.3133333333,11.2451823467,1.5649782049,12.6021790851,-2.3262253125,41.1737232306,-10.813482735,57.1112434705,-2.9307133951,113.0093364655
11.32,14.5312537543,11.9907675905,21.4449488505,9.16259125,46.845435515,1.6299365125,88.6285902421,-39.3699328475,128.1354941257
11.3266666667,7.7867781101,-0.7649920684,8.212691171,-13.957736875,33.5978191369,-10.8560555125,63.6186052264,-30.8186362464,153.0111296025
11.3333333333,14.4714483334,3.9719180757,-14.5873203943,0.4321878125,47.9164349775,-50.1275504875,113.3011616129,-184.8163822915,230.8188388668
11.34,9.8534927519,13.0465411543,45.3298216657,5.7154553125,48.95862279,31.9693612412,74.6925820647,60.2550101431,70.4394637203
11.3466666667,11.2653966634,4.3041457417,7.8637254559,-4.6786759375,50.7804154588,-24.7937403325,91.9226804158,-69.1124212885,202.8372955684
11.3533333333,11.0449392641,4.2524887666,15.2753815634,-4.0558403125,69.4979891088,-31.7921789125,148.1350186132,-60.6151817604,202.8646626755
11.36,5.3830995195,-2.7629657088,11.1519083422,-12.893023125,59.2603499869,-21.6368105849,94.4528127269,-19.0494631711,186.2994112697
11.3666666667,1.7817140277,-9.5616334987,-5.4148724699,-15.7686475,65.2788225869,-53.9076678025,142.1542447766,-76.5073071085,222.6368726006
11.3733333333,9.7601437495,-5.408603545,6.0814186652,-28.4359525,58.2301664744,-53.0799381026,123.8894191181,-57.2769801565,250.6697054262
11.38,4.4935290561,-15.4305173542,-32.0656209041,-31.92797125,46.70398389,-87.2653871574,106.3562903074,-105.3507798775,213.879894325
11.3866666667,0.578956949,-15.6735253288,-6.4581344946,-27.5734265625,21.3467071681,-60.14341296,98.0202635392,-45.3058158961,242.5320464662
11.3933333333,8.5729842145,-16.1669193405,-13.1859479495,-45.315801875,37.8798234369,-80.2987253525,87.5065861751,-25.5596388004,195.4541553545
11.4,-0.0664997485,-23.5950257545,-21.6952942775,-36.3605625,6.3031304431,-73.1143206,55.1540064225,-14.3249582699,181.2160848573
11.4066666667,-0.643095862,-22.0790083152,7.7176039874,-36.4211634375,0.06183989,-42.3695508526,41.8218602719,66.1333366756,204.3991514557
11.4133333333,4.5864563955,-22.7766924441,-24.4141945267,-43.58661875,18.2476984963,-77.0311393662,32.1312837832,-11.8953191984,130.4587970103
11.42,-0.9349411486,-24.4337340903,-7.27103428,-40.720703125,17.7995807681,-53.6334923763,29.9452216928,43.8145804918,143.3468150642
11.4266666667,0.7648169842,-25.2983279336,-50.070050238,-36.5299615625,27.7358263681,-103.761042845,50.5717347146,-115.9639485349,203.196615347
11.4333333333,-4.5858800221,-30.4815732355,-14.9359251316,-44.3908253125,9.6383105025,-62.5927975188,33.0905050563,34.6351259352,192.2524029657
11.44,4.8175473586,-18.5460672019,-22.955714865,-38.1507784375,20.564575465,-74.5601643962,38.9929635008,-34.6586749083,145.8452301656
11.4466666667,2.6426782323,-18.6747288018,-8.5533096922,-39.9807784375,22.8593909556,-67.4224961763,60.1513266171,2.6181582476,219.7066528341
11.4533333333,-2.1261938631,-20.3979627221,-6.327218849,-32.1070790625,22.3837767244,-58.2824712524,59.415544286,15.7114038317,206.5965796778
11.46,7.336690875,-10.1247227958,3.6247436158,-33.6450603125,27.2764449775,-55.10807345,56.2421463437,24.254606698,210.7749885641
11.4666666667,-1.0160897565,-18.1730513051,-19.6391054838,-26.6038115625,-0.0714821725,-50.4385615013,24.8419618904,-21.8854192255,133.4218096556
11.4733333333,0.9893333038,-15.4282786258,-20.7591582854,-23.27076,8.7029275681,-57.4996406399,30.3649233685,11.9776206603,107.0510390401
11.48,-0.030503621,-18.6995145297,-36.238866706,-22.301145,1.5005061463,-64.3837316063,16.2454026945,-57.5756701585,95.3474806449
11.4866666667,-10.8950539765,-57.8693728268,-131.2448979575,-18.7731453125,-355.6215384256,-50.3006869213,-328.342436546,-46.7877650893,-274.274187605
11.4933333333,-9.6510064654,-21.1693882857,-77.3382018537,29.7771728125,-394.7567813412,34.7795085438,-327.2618619383,-34.4326265801,-262.8241021583
11.5,-2.2763165204,34.028360878,31.5652358536,82.88536,-353.6307158881,144.965629075,-225.039747654,37.7315596748,-112.8084969738
11.5066666667,-0.1987576921,-1.7164988802,-53.0412094888,70.58769,-453.1487710475,51.2111211674,-412.2009558589,17.7981213975,-173.2048319599
11.5133333333,5.6954853261,10.7217800482,-57.3715081779,106.3144978125,-498.2496332506,67.9119511988,-467.6615193227,-168.0266734611,-239.8809428279
11.52,-10.526595205,-25.0239294599,-75.2097019599,78.221888125,-489.240846035,26.1773850624,-454.5106737434,-38.9560679075,-168.28232159
11.5266666667,-5.9707727916,-31.9505417775,-68.6967533166,52.7954753125,-478.0960434631,3.9311673513,-419.6503688321,43.9320791553,-292.298404207
11.5333333333,-4.7168024399,-16.6366339743,-49.0103084579,66.081211875,-521.4260769725,53.0082856912,-478.0590436047,14.7472644172,-373.6932817192
11.54,-5.3033521069,8.0108389929,-16.5853495546,96.2834365625,-554.1828186913,100.9553927,-519.0901461358,225.122029394,-445.8011963139
11.5466666667,-2.2895395962,44.1788593204,15.7365509807,133.0869853125,-582.7921027912,181.5734944912,-573.2708185657,145.0405277573,-571.2082526461
11.5533333333,-6.4874911418,22.3888189469,-53.0607614813,112.0858403125,-617.8373294069,109.2336927138,-617.1641470829,-25.2326224782,-603.5345048561
11.56,-16.6242415884,-16.1364476346,-146.2554213443,90.1022446875,-662.4314070194,-5.0089874887,-664.3946927217,-149.8246923367,-590.3939264613
11.5666666667,-9.5074803017,19.7789164223,-78.6842147897,107.9414646875,-684.7020076538,69.6516358174,-646.1877996472,-37.9493492727,-570.4485631756
11.5733333333,-15.9675438498,-6.974849779,-130.7371845658,83.4524321875,-695.5081090881,-1.1037549912,-664.2505528197,-153.2412032531,-506.6626048605
11.58,-12.1476284476,29.6129202601,-38.5246396372,108.3903565625,-705.4622844538,101.0108424837,-639.7143657007,35.9957494137,-531.8894173776
11.5866666667,-13.6290940081,3.2089793541,-98.3507346306,86.069380625,-737.2594744913,20.8586677287,-699.208932867,-88.0821514292,-508.1651388541
11.5933333333,-19.6829267594,26.7269372896,-29.6676995072,107.082929375,-748.2221200006,114.9537373438,-704.1885982745,106.0933152298,-616.2632632187
11.6,-12.8455468947,8.1610647091,-73.387710764,79.078610625,-755.3678407412,39.4563802875,-730.722182943,2.9967966914,-612.2931344592
11.6066666667,-22.9863349277,28.9732889812,6.7536159725,96.984995,-750.9055874569,145.9915605275,-713.8475527741,189.8462706756,-625.6840775995
11.6133333333,-23.1555900501,1.9472470694,-48.5257181508,71.9776246875,-755.1414193162,58.0480436513,-727.9836794653,108.5167050112,-653.4810672289
11.62,-21.8131446684,31.5277485268,16.8917751725,87.5095865625,-747.5381868569,143.2558958025,-709.9988707292,150.7741166506,-572.766458372
11.6266666667,-27.2971914335,-8.4695282793,-75.4004707598,53.2787796875,-733.7443297912,18.0960737263,-699.2086694572,27.6382488641,-637.962129301
11.6333333333,-30.2937035916,24.1658390927,-6.8932024765,82.8600184375,-715.68963341,118.0427243988,-683.4540369395,73.603316345,-567.0015987857
11.64,-26.3680104857,2.5080888513,-65.1638686353,59.504281875,-703.6200150288,24.6107552287,-670.8696638302,-8.1157571214,-623.787252907
11.6466666667,-31.7490180464,4.3584268824,-66.6983923748,59.593990625,-690.7002495631,33.6370376488,-657.9200165021,-70.5693855093,-529.5191464433
11.6533333333,-28.9800229883,-2.7046961991,-72.4412512048,47.9112771875,-665.2394546663,4.95571109,-627.3049656763,-49.5395540679,-546.5818305355
11.66,-38.2016321099,15.7008263353,-14.0696715677,67.1996334375,-640.7554183944,91.5396698137,-605.5522124873,50.8570049858,-530.4488053985
11.6666666667,-34.0060084991,-5.937143128,-62.8119257656,46.17067625,-617.2020895694,9.3057551338,-583.0209537472,-56.4147629404,-452.4754023003
11.6733333333,-35.3516671198,3.6176297974,-30.1144564462,50.21682625,-602.8088503475,52.284613825,-566.4097869156,-39.766247603,-482.6116615728
11.68,-40.6802160381,-6.6194942835,-25.0591311523,41.4309859375,-591.2052087569,37.4159021688,-563.333600227,155.1390259068,-481.7440706182
11.6866666667,-39.6199951034,-4.5542084338,-28.335003014,40.109615,-569.8039097506,43.8922670075,-528.5571904265,-16.4334068245,-411.938574973
11.6933333333,-46.6304793726,-11.5228628178,-24.0914941835,37.0248075,-566.1845114537,46.0725441862,-537.0074371103,52.1254694722,-426.0357724859
11.7,-45.0145164779,-13.589739436,-26.8787357804,28.76,-545.1423245663,35.3955769701,-507.5415267396,57.0909466401,-435.5647147692
11.7066666667,-46.5246323937,-18.1407987107,-40.5383040036,23.5233896875,-541.8251196162,20.0773361837,-500.0685973712,-1.4712672104,-383.6642133368
11.7133333333,-40.3835485531,-7.6210802825,-16.1440831817,28.1544225,-528.3741607288,35.9039617237,-497.5917525052,47.8867179999,-393.9804166222
11.72,-40.5011080327,-7.9111802262,-18.8550582528,29.926394375,-521.9938687131,29.35736411,-483.7443297425,37.0933671739,-375.5034647309
11.7266666667,-44.9079619393,-9.089481879,-17.5042676603,34.45163375,-509.8995070756,35.2771940525,-475.9279562941,35.5210154466,-385.6238239681
11.7333333333,-50.9972323858,-20.4690710291,-30.8129018583,16.9002159375,-515.2236151194,23.0390574712,-489.4483000932,21.7702393432,-396.7918831146
11.74,-43.7510954318,-23.1409700012,-42.9861932663,10.541108125,-494.2042186725,-8.7732716075,-455.6720380161,-9.4076806716,-373.2601438221
11.7466666667,-56.3053440373,-15.4330324786,-17.3667636284,21.78538,-492.9719881319,53.9146011513,-458.0755299605,-25.0314521486,-391.2551853935
11.7533333333,-52.4507578171,-36.2618212907,-45.6070723428,3.3052209375,-491.5733573788,-27.0127426763,-459.3919353879,134.4419969137,-320.3587955121
11.76,-57.2863598289,-12.0683708873,-2.571853371,25.7200184375,-491.7054031788,65.0538468237,-456.7900628419,0.0671601297,-398.8306138286
11.7666666667,-53.2579113949,-32.4738408199,-46.7515517213,2.2678875,-498.3447904069,-16.5015602437,-466.834412126,-3.0061644457,-368.5478514242
11.7733333333,-53.5830379635,-23.796359598,-42.4214989953,12.618798125,-500.6104080194,-2.2389552288,-460.849176406,-36.4544351208,-354.7844765158
11.78,-64.2240456782,-32.2274770117,1.7153640802,0.5493990625,-510.182429385,43.0470979113,-486.1232847624,87.5149123412,-460.9786445844
11.7866666667,-58.7875042551,-32.0971660443,-41.5260275485,1.428319375,-533.2614526663,-17.5090389388,-502.2406503015,48.2824950753,-369.3028085559
11.7933333333,-56.7692864403,-16.0062234923,-1.642312005,12.3846853125,-531.2157070287,32.0434371863,-498.6843625195,64.7936215163,-412.3192476655
11.8,-63.3488711941,-28.8715567443,-27.9813907353,5.137934375,-547.2748073131,3.8716088263,-506.1827833752,1.2605894322,-404.4088665798
11.8066666667,-62.7304634307,-19.9637660451,-0.0188874032,13.91124875,-551.9862019194,27.2865694325,-526.0472285029,70.3601042407,-423.4658604697
11.8133333333,-73.5203902974,-27.5648290605,-19.7866680865,8.165718125,-568.2686745225,27.375931115,-530.6011711125,-30.7293109932,-425.7425586033
11.82,-71.3203469899,-48.1152839654,-48.2081114768,-11.632253125,-572.9285583319,-44.1625939712,-540.8237999541,41.2269722849,-457.7045869977
11.8266666667,-78.9389002582,-31.4614693809,-15.8179732564,-2.20029125,-597.5050688975,19.4461797324,-571.0959769796,32.5509878605,-484.5140267888
11.8333333333,-87.4052879429,-47.0407238149,-36.1505992473,-13.28,-616.3083351694,-7.36581659,-573.2075022442,15.1107284199,-430.212146356
11.84,-87.6343056045,-47.8187398419,-41.7943909589,-13.7126196875,-613.0208057787,-12.20608874,-529.115551046,-4.006114868,-335.8932247136
11.8466666667,-93.9431255915,-49.9665611047,-55.8163562774,-20.858798125,-640.1523811225,-31.5491044149,-660.4938362987,-59.7613701788,-660.6952585463
11.8533333333,-92.6033875063,-39.4684143092,-7.0139644502,-9.6971175,-639.9002550975,17.8231139775,-584.0174010511,62.1417949333,-456.6597551509
11.86,-94.0532087255,-58.7888965349,-59.5918209571,-38.49893875,-669.2703133444,-60.4742345988,-640.7948564271,-40.1210661947,-531.2165245455
11.8666666667,-94.5227143689,-38.6703195322,-16.1964582445,-24.9800753125,-676.9046522381,-1.153876375,-639.3852133015,5.386691699,-524.0624020333
11.8733333333,-93.5963156082,-42.0554485613,-28.5570629365,-23.984375625,-683.8224166256,-29.52231498,-645.5215094584,-16.3441237141,-530.6548572449
11.88,-102.7731345935,-51.0792641489,-27.9448195174,-41.504854375,-694.0260806569,-24.7876469313,-646.08817176,7.9388654189,-515.5951721089
11.8866666667,-106.579955186,-57.3039533503,-64.5299996702,-50.0434365625,-709.42849916,-63.6348643674,-676.0867296205,-104.6347337276,-576.8267771011
11.8933333333,-106.8191103763,-46.0028843826,0.445587877,-48.799474375,-721.5757835694,-8.7613544313,-698.4677823631,50.6884561408,-624.6137823787
11.9,-111.0181370208,-62.1203559493,-58.3066506188,-60.5698778125,-730.3946128913,-77.2233414287,-685.5593959298,-39.7884722568,-577.0751829638
11.9066666667,-114.6304481304,-61.2495452989,-45.5638833293,-63.8048075,-731.9571303756,-63.6446705675,-693.6347368744,-32.6272751736,-596.4172027894
11.9133333333,-109.818700657,-57.1926159168,-33.0434814922,-74.331680625,-742.2031054756,-71.2548749025,-712.2713741773,-11.5375709565,-625.25930411
11.92,-112.0965455916,-40.2971540184,-1.1014546953,-58.9063759375,-735.1541464381,-13.273569085,-676.4736302182,13.229579723,-555.0176456518
11.9266666667,-107.1810349493,-50.8618063238,-32.8413252766,-80.842065625,-749.49833686,-84.921670585,-719.5591739643,-49.3403174471,-607.9845840092
11.9333333333,-122.3236111415,-60.6958759491,-25.4224391023,-85.663605625,-751.830248335,-65.9333362862,-718.4825475101,-7.4114673301,-627.7374061967
11.94,-111.7961925253,-54.9799880338,-25.3785334659,-107.4131921875,-761.2655882225,-94.1023926963,-743.4020404611,-33.8477348043,-663.2704681004
11.9466666667,-121.3881802901,-49.7112390808,-18.4496154007,-82.66375625,-755.2884860975,-61.6267384475,-702.7359127715,-29.3641969056,-599.6825254572
11.9533333333,-126.4825374032,-53.9802567292,-14.1824437104,-96.8961315625,-758.4891056319,-62.6680282862,-711.7428642692,-4.5367470002,-609.6370663142
11.96,-117.0050865875,-52.4535640884,-39.2114710157,-107.9246384375,-749.7828709412,-113.7991762962,-725.1631071295,-95.2521799663,-631.2672252781
11.9666666667,-120.4614319925,-50.7010330577,-22.4205594421,-110.387164375,-742.3880740475,-91.3619639575,-700.8803004288,-44.4322636075,-582.5679548064
11.9733333333,-106.5487007208,-32.7297246893,1.723894415,-105.3281971875,-727.8097314662,-88.5550195537,-701.1712395057,-23.1517060116,-637.4632868691
11.98,-111.7675569992,-34.1234606046,-0.6033709747,-106.6963475,-717.3254589694,-79.5127145263,-671.495472938,-21.7720209103,-554.9466898256
11.9866666667,-110.264691442,-36.3744077295,-11.2329870428,-114.2785821875,-702.385967385,-102.457989005,-672.285890193,-54.7234413351,-594.6216483078
11.9933333333,-105.0357287791,-29.226395976,-6.7184371059,-118.1309390625,-684.5382240506,-98.9051787975,-647.2957287236,-55.1972349253,-527.5140633027
12,-107.6843568477,-37.0196458203,-11.8042290734,-129.2444225,-666.3695138381,-108.50435765,-622.4061647377,-31.1916709702,-535.6111667269
12.0066666667,-101.9565505156,-29.3437774727,-16.9344526116,-129.1781034375,-647.8365801569,-114.9290258999,-611.0730963726,-93.8680652939,-518.57528166
12.0133333333,-103.3572590803,-26.8361765218,19.0814991214,-136.8859625,-633.52976866,-86.5260066838,-612.633056377,12.3613225682,-526.7110809886
12.02,-96.4202885772,-28.1507142025,-13.6839643449,-136.4369484375,-598.6032935975,-116.1135505574,-554.9893695028,-68.4026748672,-454.8357997383
12.0266666667,-91.2563388203,-22.5423338098,4.4472702819,-139.7373334375,-561.0412845288,-97.5995540051,-528.8417810571,-19.2855425714,-457.3826752893
12.0333333333,-83.1208740904,-19.8340694533,-3.7536355545,-137.3217090625,-519.6597522162,-100.3689458424,-479.5837660205,-56.1473200043,-378.7403947589
12.04,-80.4485296276,-19.6621198135,-0.9888070073,-133.195436875,-467.3125641725,-82.8269300575,-427.5486895224,-21.7177136875,-303.9700385094
12.0466666667,-60.6505600001,-5.8663483993,24.965357706,-116.7676246875,-404.2629411819,-59.3150020163,-359.1637859064,45.8927458956,-284.8687769346
12.0533333333,-54.0074804962,-10.9232953097,9.5350408969,-110.3252678125,-336.9059898256,-57.8975244212,-290.3642806393,6.6535978408,-183.1072231164
12.06,-32.6863502418,8.772527539,40.2004827935,-89.5903665625,-270.1214333037,-24.8608418275,-239.4221641333,71.6592894245,-120.8177062777
12.0666666667,-31.4318007508,2.8180011221,25.412909489,-76.5288265625,-215.2771067069,-17.1685532488,-187.7745904855,15.9745859493,-122.3508927385
12.0733333333,-14.2313617394,9.6081433333,25.3554280059,-48.9628640625,-155.2397628225,-13.973721675,-112.2487403006,46.818290163,-15.0231577424
12.08,-1.277936532,39.9642602467,87.9712260747,2.880806875,-116.8533097381,84.0803373812,-79.9593843166,125.8613820812,8.6446264058
12.0866666667,-6.9472463935,-11.9402351969,-16.4651294571,-37.9486759375,-67.2146482506,-41.8603703275,-15.5090671457,4.5083040966,48.54307608
12.0933333333,21.8137209249,11.6872343255,25.7887559126,-17.092263125,-24.9319355788,-16.9888737463,35.8543424354,174.7281250758,47.3049789032
12.1,-0.1077084574,8.5157719621,46.2362219391,26.2402059375,17.6755023744,96.4602508387,48.1613851955,42.2372134508,156.2782090319
12.1066666667,-1.0800459417,8.1489945256,49.090020678,24.0585721875,17.5379382463,97.5326617463,59.0887389485,136.335771362,179.5613894657
12.1133333333,2.5261758395,-2.0934123926,10.2544415556,6.3630984375,16.1762351806,22.9520408625,38.9437510644,30.8845213607,167.5635869381
12.12,21.3532421079,23.1354732708,42.8395550003,28.2254921875,27.1654682588,66.6218198913,73.5474291945,62.2046284233,259.7088773325
12.1266666667,22.6300248643,22.6082807655,41.7368081621,21.658788125,26.8798832306,52.4493888987,58.5912022673,55.2805577067,198.4729826261
12.1333333333,20.6621817983,20.3189506235,42.236548428,25.2462153125,30.7534110869,57.6397401387,57.948246736,65.7663308728,199.229987992
12.14,25.4720354785,12.3723363524,3.9835686177,21.9901590625,36.0044886213,6.2026786637,94.2662778572,-37.3348269523,325.0778146713
12.1466666667,21.591232469,15.7557320636,51.4970300878,22.005999375,35.15472869,56.47430805,61.7576018435,94.6927197601,200.1004667825
12.1533333333,25.4965754801,11.7987035572,-34.5260927867,24.6938115625,28.5729702963,-23.9100795425,115.0669784684,-184.4676510906,408.5571839264
12.16,23.1406236051,26.8502646727,57.0969731887,24.7047975,16.3092291181,55.7915738625,34.5097329706,74.0710768185,165.161098168
12.1666666667,22.9734931193,25.2667374307,44.3937805563,23.319943125,16.0686822806,48.48476244,46.2284610086,21.5673539819,232.7333895764
12.1733333333,14.4419125302,23.4912490776,39.2479412075,12.3868446875,2.7709470963,38.5373612375,3.8667276756,28.1169556417,131.3746906488
12.18,23.3974433413,19.7647781906,20.3247219638,10.135765,20.8268101525,12.8612023075,44.3108222046,-22.6230957126,197.2922028558
12.1866666667,13.6424433283,10.5743826352,18.1821012654,10.6776146875,17.9524108587,15.0774935126,34.9836818949,-13.4993207434,180.3869515887
12.1933333333,22.6454777202,16.0645147542,-5.5411405826,2.2798778125,16.6573625244,-24.6068022088,35.1670239402,-99.2114143768,177.9547765638
12.2,3.4091396395,4.5460802243,13.1049974194,6.3630984375,-1.7392199725,4.1989177575,3.7209139085,25.3332615015,58.0604437403
12.2066666667,17.2929867898,19.8933590701,35.4932933407,18.342685,16.929969915,39.5406170987,31.2701631214,4.7404393007,170.4600115048
12.2133333333,25.782669717,21.9869754542,37.7806824835,23.1040559375,29.7544173119,29.7559575462,41.4110731169,33.7091782062,100.8121457123
12.22,14.619510373,15.1607018975,36.2592474541,16.818694375,24.1934436713,43.0656040301,39.0787243391,47.1892629461,163.2527256492
12.2266666667,19.0412145356,5.7856597924,-15.3271631228,-5.1626196875,24.8025021525,-38.677880405,30.6038209834,-145.7131051729,77.512953013
12.2333333333,12.9036224314,12.245014719,43.1354406956,8.95297625,21.7692252744,31.369037345,29.9004587368,229.4774707668,127.0050774771
12.24,17.6394889116,16.7084391247,22.078646528,20.37431875,28.9460269306,38.9517576475,45.0528569952,-121.8449008984,106.1014993987
12.2466666667,17.8647458845,8.1300714317,12.2086308299,1.0982440625,26.1805737713,-8.5589458038,32.8565045572,-3.5073452718,124.977698068
12.2533333333,14.1456277502,11.3133580569,13.136450816,6.61336125,21.9972584712,10.9098506963,41.0537952853,-30.8711940038,128.9130855168
12.26,13.4148539974,-6.3378762783,-20.3689237103,-16.736535,28.6107102494,-48.7211664937,39.6801454776,-67.4149290995,124.797273546
12.2666666667,16.956052111,22.758096551,59.3210756178,23.675135625,29.3221263712,74.1812358262,56.6085354701,63.1500931459,165.266974209
12.2733333333,10.100887166,-3.4839440541,-14.9915680859,-3.247643125,26.1377343025,-34.8070566475,44.345700847,-67.0459262093,114.9878865849
12.28,14.0378678617,3.3811287603,12.5670171238,1.0594459375,32.1928705494,-0.6631921325,61.0396819036,-17.5271106846,167.2210846553
12.2866666667,17.0214263327,0.6151391394,-2.4623608163,-4.7990140625,35.472696415,-28.6088883613,57.0891697941,-70.3402219032,185.1652602873
12.2933333333,-0.5016283921,7.7067044961,23.9634680568,18.6044878125,1.8144190025,37.84735008,32.2856873851,14.0522757839,104.2385906557
12.3,20.0184021649,18.7369714742,33.6924017706,14.8055959375,32.0269976525,27.5489198913,60.0499589045,-33.5105853206,165.0087038891
12.3066666667,2.019253801,-0.6496539129,-12.5930216107,3.6966571875,7.3418305119,-11.44172448,5.163510449,-51.9042398941,41.2644898502
12.3133333333,19.2125633004,4.179514931,-0.1564401789,-7.0244225,28.9996967994,-33.4065934475,57.9481873321,-69.0376577435,170.1697325005
12.32,14.5318130982,12.2324273022,26.7760249164,16.525520625,40.25347809,25.0695256012,73.6405601625,-38.8211484188,164.1567934293
12.3266666667,7.5368952808,1.1765685404,-8.2554269876,-6.17644125,20.5420237056,-10.4713759687,24.2805300895,-48.0790505947,52.3212003007
12.3333333333,15.0927023671,8.4792522713,14.5898823232,6.181295625,31.3998294337,-1.6638593401,67.0460860365,-49.7653227,153.8799060945
12.34,12.4492368696,2.3552349318,-1.5072532678,-0.94836625,35.6595407994,-14.4915975024,61.6193786589,-81.7744662565,125.4688897358
12.3466666667,14.5376711621,15.2548155943,24.6222472027,11.22259125,37.9881761619,24.3025137074,56.9192464666,-17.9661737804,92.1566720375
12.3533333333,15.4490441006,-2.7636949714,-11.495422521,-8.8115115625,36.3075321931,-45.8925398013,74.7339525114,-96.1173797675,161.6482573014
12.36,10.2929547722,5.3843177259,18.4063661082,6.564854375,44.7745468681,5.6677766076,78.133099691,-24.3743332101,142.7611821902
12.3666666667,16.6747400607,8.8542732778,9.295609087,3.075239375,47.4242261119,-12.8241814038,74.7648952005,-72.053842562,138.6047007657
12.3733333333,12.6701494395,5.1541061916,15.2700479063,2.2710328125,56.7521675525,-1.4711962799,90.8045175222,-34.4415300238,136.2500110284
12.38,12.8037651805,5.520505987,3.7348182472,2.39923,49.3082061306,-17.7477063088,77.1803588151,-76.3429584029,139.5068146989
12.3866666667,17.0022123877,14.3809706812,30.1704499466,4.8586290625,48.0248328869,2.462793985,88.8086865134,3.0474918909,126.663286193
12.3933333333,1.6317257715,-4.0233930709,-6.9999879102,-1.090816875,26.1232730619,-20.2520559487,72.3783293654,-91.8787330326,141.2283094976
12.4,15.3870441036,9.0780022908,12.9253898218,-4.5132675,44.4773634337,-18.8501871413,78.4068743837,-46.5984820973,157.181332131
12.4066666667,5.7979022418,-8.5159248948,-5.8518310001,-16.159755625,52.1966791931,-44.1930471775,116.4671093084,-54.8099302074,141.705727247
12.4133333333,7.1656217846,-8.9304406165,-13.2924113828,-18.6160278125,39.2300512088,-53.0128190225,79.0806952007,-93.6457726926,208.4274975803
12.42,8.4834972349,12.1101923239,23.8284755302,-4.0638215625,50.9187727931,0.5451681113,102.3550984159,-30.1076787905,134.6657203795
12.4266666667,4.8441260841,-18.829463882,-17.6734661314,-33.4075109375,53.428257615,-78.7441422013,115.0903136299,-69.6659378715,242.5173184315
12.4333333333,7.1603160822,-5.6674449156,-10.3818107302,-19.2353046875,56.2166678212,-58.7370436437,101.1334380137,-64.9367352057,160.7882742347
12.44,2.6898436259,-10.983396432,12.6037191181,-27.779605,48.8548857588,-41.4448823613,103.2682813349,19.5909508706,197.1059301156
12.4466666667,2.8852877737,-19.0934213718,-37.674793164,-36.6954921875,46.3378836838,-94.9262559724,99.6572019709,-133.9495150023,242.8421704188
12.4533333333,5.4040758073,-12.4847509359,-3.6289397111,-35.8102996875,41.7355192806,-67.0743149851,96.9364620719,-5.917754655,204.9507862349
12.46,4.8182634748,-12.0962673194,8.4257719471,-35.02691,31.8584239181,-57.163120145,92.7858789629,15.4885536729,240.1818559331
12.4666666667,1.399246518,-11.0928772689,12.6327808221,-25.9530415625,32.2389074369,-47.985084965,92.8652972749,9.585170395,270.9465517597
12.4733333333,1.5833394819,-22.8365404419,-11.3840946552,-45.2312571875,19.9445699306,-66.887056535,48.5549849685,30.364538899,161.9939800683
12.48,1.2256419931,-31.3874734823,-36.9200549108,-49.08988625,13.9157046431,-101.41579499,48.8206594002,-34.4501307679,187.9574825485
12.4866666667,7.4896559397,-23.5236013823,-28.6286484697,-47.852628125,0.93018094,-72.0247539313,-10.8307176164,-4.4483526254,94.9179613408
12.4933333333,-3.0061806242,-34.5374927519,-36.8043361233,-41.087435625,-19.1044186131,-76.839949215,1.55708672,-4.432096791,131.1647543193
12.5,1.417475654,-26.5902232976,-28.2006806563,-45.08623375,6.6621468181,-81.9045130412,36.7721276243,-40.8312605432,211.9947538043
12.5066666667,4.486174437,-21.2065651438,-8.5534405688,-43.268205625,12.0629919713,-75.8871659388,45.9096748137,100.8951807011,165.8556237759
12.5133333333,4.8032428781,-18.1179964961,-22.8058462424,-37.6531353125,16.49704684,-68.33257307,40.8689559937,-133.2198374478,204.9217216909
12.52,5.6554049885,-10.6068829342,-2.4326360448,-29.25969875,22.9824886275,-51.1634771338,45.2873564754,0.3301809601,160.239227817
12.5266666667,2.987260033,-13.5505261917,-20.4954167861,-23.5538115625,17.9637124806,-58.1674872587,26.8336125255,-24.1484848007,131.1716781945
12.5333333333,-0.2199010974,-20.2748008526,-46.8832426324,-27.2098209375,5.5147122462,-76.00805298,24.4863842597,-90.9687443399,92.867422468
12.54,-0.1697569074,-17.8091856832,-45.1040712716,-20.60431875,4.2372444838,-69.1219224788,15.6569364968,-71.1245719869,58.0672087274
12.5466666667,-18.2910174681,-79.0238758761,-178.5216111589,-24.5102628125,-431.7004346069,-69.2047916187,-405.9488136278,-94.6355997326,-385.504008359
12.5533333333,-2.1899592318,-6.2552165397,-61.541577994,45.740890625,-437.5009448725,64.9689829813,-355.8089457933,-21.8148628968,-272.3907557294
12.56,-1.3112157058,58.8201659326,83.9729853234,124.85852375,-408.1920371913,227.0422113237,-241.4732893345,88.1563374657,-96.4033211191
12.5666666667,9.8519210905,18.4501955661,-43.2476215524,115.6162253125,-551.8821167787,102.90010909,-512.6337353522,-81.109293044,-230.7813854216
12.5733333333,16.1354728864,-4.2400690317,-84.8801754278,125.421794375,-612.5454797038,27.2889493025,-597.3522152918,-30.3807283736,-280.4191746001
12.58,2.3385392421,-43.9293691653,-109.8474794646,65.5394475,-607.5987355288,-12.4962125437,-557.4572802516,-79.0428827196,-260.9271191221
12.5866666667,1.9599213933,-57.4984111954,-72.2525593439,27.233729375,-599.8497202537,-17.7460919275,-510.6481774613,161.8981970944,-358.2531517547
12.5933333333,8.742470786,16.8519438696,47.3820439454,109.73836625,-622.8292035444,168.2311016188,-554.7387379989,251.6748311189,-411.2600002791
12.6,-0.502072149,59.486143179,89.2946363612,166.94661875,-624.6188521975,269.3518549925,-586.10410781,399.7181832484,-566.0096478452
12.6066666667,6.0530631182,47.9363887008,-6.5424838988,150.4679996875,-655.0212789944,178.30228612,-682.403838488,124.832017696,-706.4843705606
12.6133333333,0.6145900513,17.4510213553,-102.9315278408,128.736206875,-694.8745967506,75.0662362113,-715.2784742359,-239.4515260587,-685.0102707068
12.62,-10.4884905768,8.5807334478,-104.2507315173,123.773511875,-696.4064149381,50.8863319475,-691.0085712144,9.2236471474,-666.7767225852
12.6266666667,-16.4038166733,-1.5652568067,-126.4272035557,115.0320003125,-710.2401456694,21.94891016,-672.288616866,-115.0100645259,-589.9190955162
12.6333333333,-16.7035834784,33.3017028932,-45.0806844899,140.8152109375,-745.7905843069,129.6452712137,-699.3773344802,16.3346045476,-574.8785536045
12.64,-15.6384499902,11.2732868856,-97.79524626,114.3524321875,-778.4675842287,49.0943001026,-734.631194176,-43.0583508393,-632.1459343816
12.6466666667,-14.8917372432,12.35393515,-93.7362938504,111.9288265625,-800.9331262256,45.7246427937,-756.1216810476,-24.5858722025,-630.9854137506
12.6533333333,-15.6520517233,40.4365694069,-23.1414963584,124.984995,-822.5489462506,144.4843873051,-796.100690747,88.4030994872,-642.6813784658
12.66,-15.7346416545,15.8181318521,-75.0354971394,97.0686575,-823.4120004288,62.7682593949,-791.3241730335,29.9683639067,-739.4027359587
12.6666666667,-12.7424576186,29.2622423834,-27.543273704,99.284375625,-832.9662538662,105.4869609863,-809.3243981047,115.3226686765,-666.7309924369
12.6733333333,-16.8072619645,26.0657619357,-16.0365079413,91.28278875,-816.7877245506,106.6854740925,-772.7656378453,169.7949727725,-704.7758974663
12.68,-13.7436538572,29.5904632755,-15.2823171639,85.83798125,-793.9704266162,96.6487789212,-759.6139719475,105.4594898771,-580.2309952825
12.6866666667,-17.6011996271,21.8544460817,-32.116389307,76.77394375,-765.1197247038,73.8805958725,-725.3820394384,69.0491447547,-677.7767144769
12.6933333333,-17.1995533553,25.6331748863,-35.3515441273,76.7986290625,-719.9834875569,65.7235277162,-683.0652073291,-3.3158019539,-535.9348299745
12.7,-13.7573361066,23.775466236,-54.9882974566,66.149568125,-698.3639409475,34.0296753388,-669.125322716,-53.7531280953,-597.7095366716
12.7066666667,-19.4186024464,19.0907422155,-50.4658717785,62.510816875,-659.9075779287,35.2074698837,-621.0199787922,-44.8393304861,-526.728538155
12.7133333333,-18.2677548154,19.3661078832,-41.7485422154,57.5861784375,-636.7863463881,34.61818908,-610.8383710994,-27.2958746101,-522.040250141
12.72,-20.1127749022,18.6526606041,-30.6942611685,51.54163375,-613.6918770131,42.614388445,-580.4409268805,-12.368519501,-503.8004981303
12.7266666667,-21.1247028854,13.1256164338,-29.5796864532,42.0851925,-596.0340525288,34.9847520075,-569.8679489718,-7.4780457165,-462.5526583782
12.7333333333,-18.7683075444,15.8983568968,-14.723079282,37.7426196875,-575.9346099725,39.2413769976,-538.5108722872,39.4851983915,-453.30947197
12.74,-22.3692983606,9.2216125298,-14.4856991693,32.9555775,-557.4200556037,35.0630106262,-522.2280281874,43.0925462423,-442.4591105604
12.7466666667,-23.9765305923,7.3691721274,-20.1182322949,26.4730046875,-541.8489411788,34.2225439113,-512.9594914228,-31.6423732408,-410.0265944866
12.7533333333,-28.9906753527,2.2974994639,-6.2824077164,25.560431875,-517.8761055538,34.111433125,-477.9246297098,132.629479489,-361.5692466741
12.76,-24.4283665775,7.7942112016,-9.3042636965,27.2374271875,-503.6795099944,34.4420344225,-470.7569105361,6.7931617823,-367.9579970067
12.7666666667,-32.676621006,-6.3103563111,-32.4203383822,20.3929578125,-483.77703401,10.391395805,-445.3594134494,0.7758375292,-365.0801279336
12.7733333333,-25.0576601657,6.6245929588,-4.1939000801,24.223220625,-477.3037892538,30.65046411,-443.6340810427,32.847223854,-339.9493620216
12.78,-28.3319777462,0.7148556017,-20.5870959569,22.781201875,-466.8188790881,13.9177003975,-430.5770607956,-3.1166564108,-333.8547445322
12.7866666667,-33.5335871973,-2.3397700238,-14.0488090434,18.9482440625,-464.07134201,24.22965338,-429.6602231223,23.2046566462,-331.6373682777
12.7933333333,-33.7507606509,-3.8249479971,-23.9309958261,17.2951925,-471.0894271537,11.6935093175,-441.4809703445,-11.7346492885,-347.6774092151
12.8,-41.0159192338,-13.0866480643,-27.4093317901,11.729183125,-474.9869511694,8.2590313449,-438.2510327037,15.2872422069,-354.0114249339
12.8066666667,-42.6291419015,-12.2508610023,-25.3509603002,12.3406009375,-483.3815866881,11.5632371875,-451.5435340393,2.4850328574,-369.4147567261
12.8133333333,-40.3574856014,-6.5997470714,-9.3760480837,15.46163375,-484.6618330569,21.68054375,-449.8551603987,43.3025302821,-362.4063423003
12.82,-52.8053081541,-19.0005603581,-24.20472744,12.3157934375,-497.2015084569,16.7475441762,-468.9327758817,19.8959175163,-372.3742697199
12.8266666667,-53.9519151478,-19.4537809005,-18.0742122486,11.5651925,-503.1718161506,18.0484061751,-472.2524597552,48.895363313,-393.8380528238
12.8333333333,-54.6592556373,-18.1895842704,-15.9128221385,14.0881971875,-504.6845575631,19.9223121312,-468.0637588952,34.272266407,-364.9649213792
12.84,-61.7765743116,-21.6012400611,-4.0781369978,12.47721125,-516.8510732006,33.57797288,-490.0411492123,86.3404491022,-403.8886087387
12.8466666667,-64.0433606456,-25.3468331697,-31.5515893955,15.7001690625,-522.24756686,8.0547965812,-479.8725196,-2.9029629608,-367.8827231157
12.8533333333,-69.5706715856,-27.0519685762,-16.9029224105,12.8244225,-534.4231989225,23.0102197163,-500.6142337692,52.5149755882,-424.5059511295
12.86,-71.2614678498,-28.4870174781,-31.5917272172,14.290385,-546.3563096569,9.3455741862,-520.4913257222,-37.9486746557,-418.114720316
12.8666666667,-68.8061115604,-23.521003383,-9.1508785108,10.283605625,-559.2547553662,18.890577065,-517.790739553,73.5799524589,-394.1095888666
12.8733333333,-74.99974896,-34.5443477321,-38.9437799436,0.1089203125,-586.0659652319,-13.250853095,-555.2354770604,-13.568057627,-451.1824220306
12.88,-84.2628459506,-22.5509628912,2.2767400541,17.4671828125,-587.7060654412,52.5534956688,-544.2177011394,66.0488914668,-448.7303520726
12.8866666667,-95.1302602761,-52.518849212,-52.3671441362,-7.4663190625,-619.0478521131,-22.0924180188,-585.5746847789,15.2453960352,-502.5622324523
12.8933333333,-84.5230716539,-33.9656144779,-24.5517209148,-3.5710328125,-632.2252945162,-4.2364561825,-604.6479803549,14.4573064235,-493.1834651069
12.9,-88.6442952531,-31.71492924,-22.1907253135,4.3632675,-627.7513011319,8.2423126125,-579.7360834101,0.0423387405,-468.5033168463
12.9066666667,-96.4800249053,-45.6351212924,-34.5378751607,-10.8227603125,-659.1136475444,-22.6441308588,-637.2498636618,27.7014362053,-533.0893378428
12.9133333333,-98.6724288115,-24.0271370534,10.434424168,13.8586475,-638.8849253538,52.4633086888,-591.6507560862,66.2025258807,-497.9203413749
12.92,-95.3182602917,-51.9547927875,-57.8860678367,-24.8486475,-670.379343085,-64.3830357337,-637.9017688264,-45.8360394037,-533.687270893
12.9266666667,-104.9457886184,-34.8125740173,-3.9660073942,-6.525051875,-680.9198189162,19.376708275,-635.7125090222,35.7766560189,-518.102984486
12.9333333333,-111.5535304803,-39.0898648474,-22.9622324638,-13.3552678125,-700.7290346256,3.3549433575,-657.1978609021,-12.2401570664,-518.791081617
12.94,-117.1225307039,-68.2213976463,-49.7712299631,-47.5528540625,-721.4243073506,-60.144592085,-699.2330123466,-57.798698867,-639.2704403856
12.9466666667,-122.3970022179,-45.1681027874,9.3712966522,-32.03740875,-731.1887240131,15.1742238787,-679.6568448382,236.6137607886,-541.2282873316
12.9533333333,-120.0711490586,-61.3670787695,-55.2993680536,-53.2250703125,-748.5820055006,-64.5815773362,-713.7341636582,-118.2932999561,-623.8790887929
12.96,-124.032028683,-51.9475499253,-23.3124832091,-46.6573334375,-750.8964584319,-27.8482401425,-710.893878695,-8.3733021967,-591.3150821426
12.9666666667,-119.9889864563,-59.8524832468,-44.1275978262,-67.17893875,-758.4995877631,-77.0530131025,-724.0874893972,-42.9842994864,-609.8505118516
12.9733333333,-123.4539187715,-35.6890726378,13.4892113659,-42.29933375,-752.6513458538,8.9833528375,-703.1098832398,36.6582646555,-594.5054166154
12.98,-121.4091949331,-56.1773960472,-35.0899254499,-78.8191546875,-763.782441985,-81.4163269762,-737.9510012961,-37.2444122963,-653.8432464549
12.9866666667,-121.5246189852,-45.9590267517,-14.7598880359,-65.789953125,-755.0953816631,-55.4440189763,-715.6178567239,-1.6328740403,-632.9545661024
12.9933333333,-123.310505708,-45.8053304621,-11.2648330214,-80.384760625,-756.1425016194,-54.5234233899,-722.9382788218,-11.9375313699,-598.82558794
13,-125.8904155494,-49.6359867326,-18.5910971041,-84.897164375,-749.5688790881,-67.0900929538,-710.3621876794,-15.4993797418,-616.2707752732
13.0066666667,-124.7228941599,-52.0109754902,-25.8265334965,-99.22721125,-744.66595386,-85.5075184262,-708.2809140702,-38.5044349381,-612.7521390384
13.0133333333,-128.2002363338,-50.9728761483,-23.8915829433,-107.2827134375,-751.5302283506,-90.4854375276,-726.1478784737,-30.8415167197,-642.3696375941
13.02,-120.4739168293,-33.8854617222,11.4907326938,-92.124188125,-729.3424839475,-52.0378716287,-682.2595663447,32.1325876573,-596.1359056867
13.0266666667,-127.4771046914,-46.0139159993,-13.1855113273,-108.764760625,-721.3221948506,-83.98551373,-699.5508861598,-34.859053636,-618.138896401
13.0333333333,-115.0910721985,-41.3462732142,-32.4987628046,-121.072450625,-703.1320743538,-111.3196450175,-639.6917754398,-76.2259346674,-469.048257071
13.04,-117.1082429918,-32.2756059003,13.1175101769,-112.47067625,-683.9235044631,-68.978729165,-643.8757132506,46.8198625988,-572.9627200613
13.0466666667,-109.6798308999,-28.4573772242,-18.8772950754,-117.6217559375,-661.0200826538,-115.3775067913,-666.0611224624,-104.2256370132,-685.0507585162
13.0533333333,-102.4921885645,-25.3115912479,3.2942492698,-124.2149765625,-629.7784539756,-82.5824835675,-566.555296078,-14.9563711033,-383.1296186686
13.06,-95.8881111443,-17.1016218709,0.60617319,-127.1463475,-613.267986135,-103.0721695263,-585.6877335386,-34.6672489204,-532.644007892
13.0666666667,-99.0448482792,-23.815582452,-4.7660059794,-132.2797371875,-586.3134170131,-99.9592845538,-544.1955294553,-27.4780489916,-468.2557913131
13.0733333333,-95.1156247889,-21.670631936,-14.5041892618,-129.6376715625,-544.6167407662,-95.7220685137,-503.2105297215,-90.3272242719,-358.8746296059
13.08,-89.4104200832,-20.0399118166,-2.1578109794,-132.5376715625,-502.8976873569,-85.43098304,-454.6237785264,11.6004629801,-368.901831369
13.0866666667,-72.7498246376,-8.1822330447,15.4638097432,-127.2012303125,-447.3541870131,-72.2167375475,-423.919926241,1.1924396305,-378.4988148742
13.0933333333,-68.3669395365,-19.2953316943,-32.5594888206,-121.0460378125,-393.2292633225,-90.4241249725,-304.6727536489,-79.4900374107,-88.1081979979
13.1,-59.6949338086,-8.7757713255,37.5834158995,-118.156591875,-340.7401333725,-38.5615401487,-315.4036635041,122.9476449954,-291.9596183693
13.1066666667,-44.6996608286,-5.7809050307,-8.7793895296,-99.0575025,-265.7988651006,-46.36467807,-221.4798720846,-120.3301467781,-85.8429511794
13.1133333333,-36.1505147332,0.5903551013,48.7017068318,-65.3503196875,-196.29959376,3.25825016,-165.0032314931,303.646207568,-40.2222806159
13.12,-3.7204562357,32.9467159593,45.3457731073,-14.1516153125,-146.4283276412,22.7615023563,-109.1559038099,-58.5990929035,-52.4290547951
13.1266666667,1.6187748853,-10.6162927591,-3.4063600125,5.1510796875,32.1833668119,29.3535226799,86.2609179271,-27.7740666542,171.2959042249
13.1333333333,6.4544907813,-13.5129926813,6.6309806929,8.605333125,42.1067703275,9.6065776351,98.2209367314,223.2130563631,238.3955394828
13.14,4.2620046682,-0.7713679023,2.3681806362,19.9377084375,24.0392068213,39.9089605387,69.2017949788,-106.8052371051,93.078563908
13.1466666667,0.1453389782,7.5478438044,58.4499243865,21.08912625,14.9678524869,83.0224735762,39.9932213825,254.92365794,173.2418762255
13.1533333333,0.8200919932,4.7458609655,22.418844493,20.11951125,12.7674324463,62.5145980838,48.8447372484,-21.7505491222,174.1829265348
13.16,15.9266821525,5.6158108462,-8.6056952695,7.2883846875,25.050488315,-4.0751186101,61.6619974861,-34.9717869061,195.0273551905
13.1666666667,24.6067409674,28.129667959,70.5787717177,31.3138584375,32.7330374587,93.7843641151,70.2115404203,121.5326590712,215.8034757946
13.1733333333,23.8543201233,14.0019972695,15.3059127788,11.7286475,32.2024889306,9.1400262124,62.3133714788,-11.3101973096,231.076861196
13.18,26.6105906088,15.1654222119,12.9292668411,17.829943125,32.3820549025,10.000335435,86.9805174666,-28.8998292991,310.0536840186
13.1866666667,23.3008603474,30.0044402666,59.6403283439,39.91219625,25.3993308587,88.2463421338,54.2003554881,51.469554006,199.3766108937
13.1933333333,5.9572795208,1.888187277,-5.1170824695,12.726196875,-0.0478478069,-9.7854799613,54.4286463849,-39.9980280354,279.3299999523
13.2,1.8270767954,10.8538417027,28.8587252345,25.9978021875,-1.3883405444,55.5065301375,33.0077596756,15.6547518074,196.1022836224
13.2066666667,22.0742260034,18.8754414882,23.5805592906,12.7956428125,21.9730054963,21.0426948363,50.2011907782,-24.6418593656,245.2526510052
13.2133333333,20.0696696719,15.8251349235,18.4459445882,17.20624375,27.0016396306,27.03212155,57.4185702871,-82.7608888879,198.0912314977
13.22,26.4201607295,21.5647043365,35.2422584443,10.8019434375,27.8649769087,15.4342540237,32.9609936093,74.4177265897,182.9317718441
13.2266666667,13.9515938144,6.4748194075,8.4236766275,6.432544375,24.1930828025,3.8602477262,47.3045821456,-27.6211184758,173.326891654
13.2333333333,19.8615449283,20.6003619699,32.1178474409,14.8968446875,20.8915753869,33.73858726,24.4170063669,2.9650132599,147.8751670017
13.24,4.347944222,-4.2857004048,-16.5573186119,-4.5450703125,-0.2029862069,-44.2955656688,28.8765678541,-42.4657216148,134.2171418761
13.2466666667,-0.5054352075,16.701284025,39.8888639627,23.876769375,-8.1011063913,66.3604756763,-10.6704404204,49.0822974744,91.0731762406
13.2533333333,15.3969083104,6.1412619764,1.6696834774,-1.2996903125,21.9017739556,-11.7979877563,33.9495214632,-30.9557211703,126.7079646757
13.26,15.4083857406,10.9117863749,18.0988492281,1.7215115625,14.5491327525,-0.41001984,27.3676364183,60.4032967799,103.158714526
13.2666666667,1.0582534581,10.8770134022,21.3917986606,18.7256896875,-1.4822719975,46.11843351,5.5301018195,-80.7562776959,99.9529219457
13.2733333333,22.4001103462,13.0759004299,-0.2237613191,3.5944225,24.6761880025,-23.7415737688,27.2848739121,-53.5398621928,57.8454263944
13.28,20.2628627849,11.7311558882,49.1249553114,5.3214646875,27.89173169,14.7780947063,49.7246231371,266.6242899262,192.0621347011
13.2866666667,23.7748490879,9.1738449659,-13.8425465675,3.2481971875,35.6428304369,-25.506487925,40.3154171028,-207.1439576628,46.7890197756
13.2933333333,17.0719243517,17.1227025457,40.032202135,19.2636709375,29.3020575181,44.57307991,51.1667431426,15.3121454317,207.2538875698
13.3,12.732230185,11.0936904147,32.705573918,12.4360278125,26.8190760369,38.2981424113,42.76017215,60.6515931256,62.2758522038
13.3066666667,21.5816909124,9.2377653397,5.1143515205,0.309568125,25.445445515,-27.675526875,50.8554539941,-59.2066042352,213.3636229963
13.3133333333,13.5162175155,-1.547432494,-6.2892665476,-5.3558403125,29.6370775744,-27.8675171488,46.5165294701,-44.6580525627,115.1009099868
13.32,16.4399467863,21.3020684999,52.331211342,27.7663375,37.2996600681,68.6875426638,52.5626617821,57.5096337078,123.4384899627
13.3266666667,17.231631211,2.3100114503,-4.7624307572,-4.588413125,28.2617582775,-29.6405146963,46.915620669,-85.1110654304,167.5894830162
13.3333333333,9.5366513433,0.7780685264,8.1488602834,-0.3777184375,24.8117532056,-5.1375166788,58.7247995914,-19.2199775806,157.9617902902
13.34,0.930035916,1.6468980272,1.1222800173,8.4235303125,6.3879717556,7.0056188325,21.4307463192,-41.5834873155,79.560160149
13.3466666667,9.2438948296,4.2225055394,5.0697748694,3.3255021875,24.4683973306,-0.9694325313,36.3358741846,-34.5505033593,131.5614111527
13.3533333333,16.7506072215,0.4726825451,-1.1782058294,-5.5138215625,31.0046344775,-27.4805664099,56.1957373246,-66.3807311438,149.2372974178
13.36,14.0918373419,16.8326832864,42.6713522147,12.2321309375,38.3912764494,53.3616695862,59.8381290583,18.7319300442,104.8215455149
13.3666666667,12.5117361694,-0.8185863371,-10.3763295516,2.2457934375,38.0032686119,-26.5726355025,50.5025089855,-71.6724917986,109.1830065097
13.3733333333,16.307333696,8.5648308937,15.5446077638,5.5938215625,36.077551715,0.24089478,61.8222930249,-52.6920196979,155.3107801005
13.38,13.008530375,3.6769065737,10.5915576254,3.6255021875,42.3373445337,0.3162647038,70.9778435488,-48.9806336462,145.6359806937
13.3866666667,9.2778478978,0.8739958127,-2.4867727206,1.92769,35.5013977119,-10.0367154763,56.300084426,-74.3179771663,120.0568013414
13.3933333333,7.2351685383,-2.7708762685,4.2349779272,1.7427603125,46.5769670619,-4.1550984587,74.8151803362,-44.3737924787,144.2093792886
13.4,6.623745893,0.9315059359,12.5632143832,3.5462253125,35.8709540025,6.85624016,54.3321856568,-4.345340776,97.4890721366
13.4066666667,7.9924187756,-14.8939881184,-38.4896673048,-15.3709575,35.4214433587,-68.76029985,83.2443257415,-166.305427836,191.3074141833
13.4133333333,11.7539635724,21.0599083082,61.0429526071,17.04028125,37.3195026806,58.2576620025,69.643539825,112.1895340365,127.1357039532
13.42,9.9746236994,2.5934769217,-14.8807241302,-0.6869953125,32.4401412744,-15.04801323,37.3706572325,-167.230438254,53.0770422647
13.4266666667,10.2333932808,-1.5077381487,-7.1417072079,-0.217164375,45.8439408587,-34.1801866125,96.6719560262,-118.0831525245,177.0935101418
13.4333333333,9.2120457365,4.6564284619,21.3346451166,-1.6685821875,44.2441529525,3.709220235,69.227621942,50.7833196629,131.0039410106
13.44,8.2616565638,9.8516291096,14.5944388223,8.55259125,37.8383181744,5.5480803563,63.968787377,-67.4207979937,139.3321128062
13.4466666667,6.3846699348,-9.0938178106,-7.7995969445,-16.1383846875,49.3769040462,-35.9090769413,102.0390001509,-57.5073914932,119.1212006607
13.4533333333,0.6904783824,-7.6432357825,-14.365159891,-4.7874740625,24.3658458744,-36.00173808,83.3664649393,-115.4141293861,219.6155432473
13.46,13.7223790365,8.1825735719,16.7266714179,-5.1378121875,59.6678975119,-13.7447836275,95.635298627,-10.7195045835,83.1225530211
13.4666666667,1.1946714643,-9.9150732154,-8.0282606277,-16.6303096875,36.7679310212,-39.1015636087,96.1878056775,-96.8422572246,259.3639979552
13.4733333333,3.8082678319,-8.7445215072,-13.2250618712,-16.4388165625,54.8046080338,-51.9651173013,115.9377457531,-78.6647435433,150.3281878795
13.48,12.5344960444,1.4870446933,14.7554311222,-15.740713125,54.2875789087,-35.6404477612,101.3494299539,-22.8765161453,204.1199371073
13.4866666667,11.6781051414,-3.206247999,-14.0389453382,-22.17951125,46.7697684119,-66.8180698663,101.6516344783,-91.7849071722,179.9954989093
13.4933333333,10.7598185148,-7.5803436583,-9.8605441794,-34.980421875,55.0500164713,-71.0524319662,111.1922690274,-58.0943901141,199.8485948256
13.5,4.1520298694,-8.6854361808,25.9271951865,-29.4630415625,34.9033821869,-28.9997327675,88.5923213899,55.0499994203,230.4985294783
13.5066666667,5.2111046023,-13.1458833117,-11.157457575,-28.741670625,33.006463415,-74.7514988962,97.5027176996,-38.8292692462,220.3167637586
13.5133333333,-1.5155725157,-22.8755208093,-17.4621870276,-37.3907784375,6.2716179556,-65.0004067462,61.1408518611,-19.1690862682,208.6095018099
13.52,4.7843054301,-10.100332759,22.0400498607,-32.46085375,22.3729652244,-42.103273705,86.2646870416,43.385714867,291.8373954994
13.5266666667,2.3951278843,-19.3500463383,-6.8111936307,-36.23181125,28.7784844775,-61.40595893,48.6396471882,40.970620174,122.6543799168
13.5333333333,-6.6481738402,-32.869942503,-21.3851149211,-44.9296703125,23.15914044,-71.3701435412,45.4931127867,12.2890009768,210.9025196577
13.54,-5.3474918358,-36.1887765386,-54.1771122228,-47.8336609375,21.4833182619,-89.8291828038,8.1674745436,-27.9151191137,38.0458005623
13.5466666667,-1.6495018695,-29.0554889732,-25.5938472083,-45.8382525,18.2199188931,-82.1356980787,51.1878930734,-38.6218644428,245.256255971
13.5533333333,-4.072063798,-24.5292549648,-20.8722810976,-33.6715953125,20.9425707025,-68.8387539987,53.6613531591,-24.5934561807,220.1478351202
13.56,3.2635282278,-15.1471386906,-2.2283809525,-31.1139521875,20.906783565,-53.3146835238,51.920760676,-11.8011321978,168.0304285594
13.5666666667,5.3206840513,-14.2610311112,7.0407455647,-33.86892875,11.7740484525,-52.3429782688,44.419471092,84.0762752732,224.7228143395
13.5733333333,-1.4512807972,-21.2908656634,-16.0954905052,-30.4822715625,-1.601049835,-54.2532776737,28.6833169812,8.2218119424,161.4135554622
13.58,-0.2667860787,-21.6013705839,-34.4334069241,-27.755229375,0.8793465369,-68.091079635,18.7155544152,-38.098680975,109.0289188134
13.5866666667,1.0368410269,-19.1249706908,-34.5684935138,-25.331191875,4.3166317119,-66.9411413213,15.9413378668,-35.4361031393,93.2886119398
13.5933333333,-5.3910870922,-57.5176146798,-138.7639553306,-9.499370625,-413.4770486037,-44.6572009462,-385.9948371235,-47.6848471883,-340.0998127172
13.6,-6.0587549105,24.2342247889,52.2493441604,36.2999615625,28.6321518744,48.7471099274,129.3148675152,4.4521009515,181.6874925288
13.6066666667,1.1234895978,30.6107689656,25.38568642,76.15565125,-343.2245617412,129.4283890375,-217.3832379218,17.7037450316,-77.2628440046
13.6133333333,9.1871538513,13.4925181997,2.0058655438,1.93923,26.5686899525,-26.1725752912,78.9974758749,-186.0460266174,346.9742580087
13.62,1.4678555786,-13.5377550519,-42.5693634191,-13.1504034375,-13.3927802537,-64.5442530413,5.2473616676,-176.4630072833,260.953062809
13.6266666667,-6.9920748472,-20.1152694099,-63.5036572294,91.6369115625,-513.3248518756,46.9812509438,-477.9029113566,0.9321482498,-238.4354783357
13.6333333333,0.318025172,-27.3443444739,-3.9263646962,-41.0268346875,10.751845265,-59.237357895,55.9904129554,23.4228290669,177.0025478968
13.64,-9.3305969623,-15.3254761148,-25.5001368318,81.176545,-553.2328990756,84.6770139662,-500.8399029803,165.9452885043,-349.9359752939
13.6466666667,-4.8684994336,19.8822512126,7.3054127007,116.4707884375,-582.2590596819,152.5342475275,-545.3197517646,182.7231236216,-491.9633192622
13.6533333333,-10.6149762621,22.0878125071,-14.1530708098,123.85739875,-586.5179841412,145.856792875,-559.5632839281,107.6644203429,-516.4558718866
13.66,-9.0463289255,10.5709912865,-73.7933858984,109.972356875,-637.0360357756,85.02519941,-641.8290499062,15.7160091681,-630.6272059482
13.6666666667,-3.2244563547,9.8823779936,-116.7851602384,110.404958125,-672.8325721631,38.1824242036,-676.8459448679,-242.1956085104,-583.9033336511
13.6733333333,-10.3232100617,10.2939898383,-96.2733698499,111.9778875,-691.3757628194,43.5784285013,-666.6729532382,21.6345030413,-648.578065424
13.68,-5.4767993691,27.4000137162,-74.2828233146,116.7418496875,-712.0250947194,71.2310889437,-677.1447901668,-75.5375542542,-543.5512345751
13.6866666667,-11.4719578914,21.7936465354,-67.8932506059,111.20077,-719.630828985,68.8632080837,-666.5703106375,-22.4348843804,-554.3582342611
13.6933333333,-7.5294884183,28.8615013598,-62.5108001619,114.4461315625,-738.2663265631,69.2875165975,-701.892208734,-33.3825950584,-538.7543650638
13.7,-10.5549030509,27.8654207847,-54.2759493591,110.270385,-751.7667077194,77.1165984262,-710.874963778,3.1463953221,-603.6242976898
13.7066666667,-12.6036868952,25.0687307979,-46.1452091853,99.2069484375,-749.2138607225,80.4942482476,-719.9184249745,48.7193494937,-604.3106030671
13.7133333333,-21.8303496215,20.0740015418,-33.4959547013,94.1638215625,-762.6380583694,100.4068298387,-735.0436422055,118.9538261687,-678.1072961677
13.72,-24.0479024504,16.6751598992,-36.5647404613,90.4373803125,-760.4095358162,90.0766835325,-725.2551716736,73.0186547444,-600.7275109824
13.7266666667,-23.0311403483,17.8123940204,-15.6441191305,81.3051925,-752.7155312038,98.783439055,-717.3363767855,130.1440781591,-614.0027132279
13.7333333333,-23.9104931788,15.438644617,-27.0977185467,73.829615,-732.7431960038,80.3610252275,-686.932216516,78.2139766414,-564.6027358876
13.74,-25.2647068472,12.3225145785,-39.4649051632,65.21759625,-729.0025125287,67.3172557387,-706.1824934973,49.9420224189,-629.3690225733
13.7466666667,-31.7153053637,3.8324140314,-57.1729069446,62.91875125,-697.9175255194,46.2015438063,-657.8764662769,-18.7377989278,-560.2536678943
13.7533333333,-27.0477341925,11.6940174086,-49.1339915199,63.1898309375,-685.8739003725,46.3606831137,-658.1031936574,-10.1111923744,-558.4038891892
13.76,-30.1104436591,5.2436385368,-53.5003666502,54.1253615625,-662.9028950725,34.3709939475,-626.4668446734,-10.3382746783,-555.9515407482
13.7666666667,-25.659816417,12.7037898045,-43.2104334282,57.1558403125,-638.823569935,38.796063265,-603.5927054257,-46.9604186811,-472.5322884139
13.7733333333,-33.4571468612,3.1515506584,-40.6285255974,48.4057934375,-623.4946974225,39.4062533038,-593.5745954859,13.7813349539,-532.2447299601
13.78,-37.0700199615,-6.0803200695,-45.7796189637,38.1937746875,-594.4162391131,28.400546165,-557.4189320865,-1.9824401651,-463.5377268627
13.7866666667,-34.243889894,6.4107652514,-18.4210527785,45.7370890625,-579.332381585,56.1879673175,-543.9510971901,29.0504094455,-420.496724072
13.7933333333,-39.7428079878,-15.0668847099,-48.4594583746,26.351925,-567.7678339787,12.2948563088,-533.302719405,13.7104407129,-458.1777708145
13.8,-33.0325799281,3.3473656905,-18.6853608198,37.7257934375,-550.0958524225,49.9793782288,-518.7705022614,-47.4639602433,-433.4445873294
13.8066666667,-37.3561779425,-5.3074761749,-8.31229289,33.5346384375,-540.5666570006,35.5620030975,-505.691607427,183.1070872395,-387.0059546799
13.8133333333,-38.1193016109,-9.1528545717,-34.5794254573,25.350385,-523.7345981381,24.2364227462,-486.3819037259,-46.5830398197,-382.2187739891
13.82,-36.1178370442,-4.8617703894,-15.723695286,24.9638215625,-523.0808234506,32.841625805,-489.4100813458,49.485394943,-396.568076044
13.8266666667,-34.7268613973,-4.1163926955,-16.2222008767,28.2185821875,-506.9187206319,27.1605901237,-468.2078240493,27.9417654637,-363.0102287865
13.8333333333,-39.3094078537,-3.6094277717,-11.7245974883,31.84923,-509.07908611,38.1163365525,-481.2937960509,33.4553236906,-398.0763443775
13.84,-35.3974851154,-12.0915748157,-35.5265059119,18.6484884375,-498.03090291,-3.2863844962,-462.706148407,-9.1191603682,-363.553429957
13.8466666667,-49.0192239615,-5.0499417412,1.6527184861,32.0898025,-499.7844109412,63.9624936137,-456.7881956295,65.6218994116,-360.1537024119
13.8533333333,-45.5135667693,-26.0604144331,-48.7690403699,8.630244375,-503.5832576319,-17.4402037088,-480.6390936096,-9.6308175067,-393.4490102526
13.86,-56.1553599971,-21.7108540641,-27.3913191764,18.064469375,-499.958154735,28.8838180475,-459.5053103669,18.7072338455,-367.0292738759
13.8666666667,-52.2607465628,-19.6370146876,-18.9343850638,14.5054084375,-506.1204840975,24.0421069225,-475.6241846021,50.4718725925,-385.5690815057
13.8733333333,-55.0651961515,-24.8139280327,-30.285071858,12.4355775,-509.0994715725,11.145153675,-476.1248898003,18.3201308132,-376.0934674527
13.88,-52.5836576887,-14.6638075318,-11.399022576,22.7622346875,-517.485338935,29.5501749524,-479.0972970651,35.3829508242,-383.9929606347
13.8866666667,-55.3608627536,-17.1772924688,-8.1450304206,19.07,-524.3299119006,29.6965624626,-493.257531451,60.2263150686,-399.6956612374
13.8933333333,-61.1929458727,-28.8313586936,-33.0998784797,10.32836625,-529.7828359006,4.9186919137,-493.2822176684,6.6514808497,-394.578556679
13.9,-66.5019386395,-25.6144941389,-19.4887648739,16.22163375,-547.9928958381,28.29875697,-516.1605956811,-9.9409595218,-443.8564002273
13.9066666667,-64.7753756248,-28.2421248557,-11.6576256746,8.5009390625,-545.5218482725,9.799136525,-511.9769846797,193.1196840409,-385.9194039211
13.9133333333,-78.0824632436,-36.4281082915,-32.5828304369,11.779661875,-560.3999203538,25.6517179937,-527.7557259489,-104.2719442363,-464.3178706041
13.92,-68.7724141024,-28.8413882446,-24.6222702498,8.2961784375,-559.8666511631,7.20631446,-508.3813827186,38.0035604401,-354.6185900077
13.9266666667,-85.7915808558,-45.6019537958,-45.961306155,0.34278875,-581.643488785,-4.0407654363,-576.3361379754,24.2425162676,-527.8601575896
13.9333333333,-86.0966963184,-46.0147863057,-32.9063745834,-2.160816875,-586.4326199631,4.586700475,-535.6823411706,41.974225687,-412.8155065963
13.94,-90.2885816416,-44.7535025747,-29.1725760712,-3.446394375,-599.5599824444,10.6503198674,-574.3370076835,39.5206666754,-483.5279520241
13.9466666667,-90.0670523092,-43.7458433437,-29.9792215243,-3.9005540625,-611.7379155912,5.0671141576,-571.4030361722,28.4952727636,-452.1973100246
13.9533333333,-91.0227010435,-45.2961616063,-36.7043808954,-7.2340375,-626.765865485,-8.5485596013,-594.0636331026,0.3592064727,-494.8036805832
13.96,-87.2225781591,-36.6196554862,-25.7458267208,-6.8466103125,-638.7495725475,-3.6088902937,-603.7641839632,6.4943107704,-492.18746353
13.9666666667,-96.7938953792,-39.9784337186,-12.0673483948,-1.31154,-642.9519057538,14.500038675,-610.483877522,54.962554089,-515.7263355986
13.9733333333,-92.1142636133,-41.7797099443,-59.4004500035,-12.02163375,-657.669701035,-38.6999802862,-611.637056274,-99.1747875922,-469.3177721345
13.98,-100.3178212235,-41.8702800334,0.6413242499,-14.64201875,-673.1200522225,11.7556994724,-647.2749377052,87.4586915123,-577.4929917204
13.9866666667,-101.4926805994,-43.4644271768,-36.8103837293,-18.334375625,-686.03659491,-22.5655665162,-648.0879578998,-27.593495068,-524.6089659226
13.9933333333,-107.8038446166,-54.1006305177,-49.3112545928,-28.25923,-694.0000222537,-39.294685795,-644.3354096745,-36.439845007,-550.3533618159
14,-114.4778628743,-53.525161793,-31.7365121828,-34.8337746875,-707.0598662538,-20.2480986462,-674.0119479854,4.8394657576,-570.5516393347
14.0066666667,-111.9840564222,-53.59706661,-52.9657950776,-37.74759625,-717.3114311506,-50.8663868951,-674.4300091439,-55.089468127,-555.2017946153
14.0133333333,-116.0974436869,-52.1792342831,-3.7697411283,-44.6851925,-720.3825185256,-11.2671022512,-697.5267796299,71.9280714587,-620.3946838551
14.02,-113.5732705296,-57.0179265708,-50.4305381794,-51.1466571875,-725.0947316975,-63.3442717887,-676.1161193067,-55.3644473307,-559.1772219639
14.0266666667,-116.7054965433,-40.9275558168,12.6863422847,-47.248225625,-729.6503881944,7.5201600175,-693.2607464111,72.2653925155,-591.4113159996
14.0333333333,-125.6431626534,-77.2626497988,-84.7464048233,-81.4383846875,-745.816088185,-114.064341275,-718.9673581983,-123.8503378071,-597.6167139429
14.04,-114.5391905368,-47.7178107384,-19.0133858937,-66.2589203125,-737.5904135537,-49.677751525,-692.2274909842,21.435243593,-617.7123325984
14.0466666667,-124.0225332391,-53.4181790522,-15.2975939635,-72.701155,-744.7735585631,-41.8631350375,-706.0066762433,8.6055263227,-599.3449690175
14.0533333333,-119.1284874377,-46.0626722827,-9.8883232157,-72.1761315625,-747.2678931506,-49.264112395,-710.9866391951,0.1061690928,-602.3577904313
14.06,-125.4602910352,-58.3599252205,-30.0256282312,-89.009615,-739.1133928819,-75.9149226312,-716.9997254219,-28.350813217,-647.9014262194
14.0666666667,-123.2888603663,-54.1976453492,-25.2101103751,-94.743605625,-739.44087586,-75.76660176,-700.6262867268,-22.6869210062,-609.9216244993
14.0733333333,-116.3348767163,-44.8508740491,-19.4289607466,-92.1789671875,-720.9143822006,-75.12516124,-680.829642889,-34.345441294,-565.8825059434
14.08,-117.462750273,-43.8173983973,-16.6908420959,-92.3413709375,-713.1174528225,-76.3214587775,-675.7260068274,-37.8355536936,-587.2453271208
14.0866666667,-117.1959630252,-32.1451656004,10.6076820848,-87.007070625,-706.2525134537,-44.7006032587,-669.6252626667,14.7728792934,-564.7548141675
14.0933333333,-112.6629783466,-42.1912133236,-17.4761019143,-108.2936525,-692.7174811006,-100.4725958112,-669.3380166992,-38.5585321213,-603.6726280364
14.1,-114.5814613268,-42.5282311215,-21.9043189899,-112.593605625,-677.6015567194,-96.4695267225,-637.7319295047,-40.8522097126,-560.1377566803
14.1066666667,-107.6851024395,-28.2217340026,-1.9033579364,-108.9337278125,-670.5702360381,-84.7794813725,-639.1036000155,-27.0387877566,-531.3610301828
14.1133333333,-106.6352809503,-27.9553529695,-20.1427373972,-112.4441596875,-659.1153174194,-102.13787109,-615.3644995682,-75.9282548337,-514.5590034747
14.12,-108.8457165478,-31.6199014316,5.0339269292,-124.5085821875,-640.9944565881,-86.2179759538,-606.0074821818,18.599184288,-524.6627208461
14.1266666667,-108.6616420601,-33.7807546627,-2.4524516177,-134.8661784375,-616.2448398975,-90.5167991362,-582.9648785497,-8.5170604164,-494.125805066
14.1333333333,-98.7494382505,-28.2636363974,-33.1035369163,-133.2578875,-585.328593835,-120.6195076525,-539.8507069405,-95.3615049922,-425.2522582603
14.14,-91.9049380047,-20.1544838506,-1.5314612411,-127.182695,-542.0873417038,-89.4284697537,-507.997056383,-20.4128120638,-448.8696318764
14.1466666667,-77.2849218419,-12.8727533194,-14.2846893485,-122.1536809375,-490.9688051631,-94.6171248213,-435.1936470906,-68.0405928754,-285.6290800326
14.1533333333,-79.1018062707,-24.8609574877,5.0792846626,-133.1649296875,-434.16020146,-67.0493653862,-377.1064354915,51.7034894819,-266.4957685621
14.16,-56.0395558457,-7.9428039467,7.438138191,-120.6580565625,-376.4824518256,-69.2401086825,-326.7136725039,3.3642211754,-205.3994830977
14.1666666667,-46.1988676599,1.3956596294,20.0813464962,-100.155005,-321.7157260881,-45.6112774812,-281.033318431,30.7995067608,-165.0029516806
14.1733333333,-37.8591645963,2.9938352381,24.5393032128,-85.08693,-253.9017016506,-22.1041416112,-215.0481976881,47.2050486308,-126.0789283143
14.18,-21.2051820398,12.5739401836,35.706002977,-69.0723384375,-192.5638742475,-6.6103837613,-169.6380871043,50.8628164805,-88.9528271314
14.1866666667,-20.8598303737,7.9006092347,39.0495400036,-45.17894875,-145.4186834381,14.3414614963,-119.8154223307,79.8441973544,-18.7431430225
14.1933333333,2.5717140878,41.5136585479,79.9755050471,18.882685,-114.7316318725,48.4310585012,-78.3890128225,244.2220050812,-117.5462289571
14.2,2.0860731529,-14.8287643282,-7.1227059282,-1.69682625,43.7702660619,26.3201406638,88.7599685214,-50.0125260442,251.3344190676
14.2066666667,6.4852240724,-17.0223737939,-25.2522406843,8.847736875,40.7541574025,-9.3044840513,110.4288902705,17.1489535987,237.0212210573
14.2133333333,3.2630783909,-6.5754730892,17.8544828016,6.908506875,30.1738397244,36.255543165,55.6534222591,36.721881171,91.1249637121
14.22,0.2745538713,9.9845851574,47.9195100603,32.1790978125,15.8774725588,98.2643449275,65.570692124,116.6409030016,198.9871813053
14.2266666667,-2.6948422076,5.5741884172,27.7938461918,16.483455,-1.5798395069,60.7620942,32.5284029165,60.5182728059,153.4323569092
14.2333333333,6.4545109067,12.4249938508,51.2624028728,28.967248125,14.4739548463,69.9832916662,39.0427002751,119.1831348983,159.3759228302
14.24,22.8752560499,11.4447200609,-9.3795168937,15.1308353125,29.1889137369,-3.4691471337,86.505039971,-84.0769734296,278.8441647296
14.2466666667,26.5715595768,17.7008611644,36.2636425391,24.98354875,39.5181952213,36.1791414774,78.4446936399,48.2352808911,245.7904684749
14.2533333333,20.4764174453,16.5069349001,31.7853829834,26.7378490625,33.2390101025,44.7299330563,68.785919618,16.7875278646,255.002996909
14.26,20.9089372547,15.5749603481,18.8116939181,16.581145,21.3269026744,23.9948630837,81.8298316016,-23.1786586604,333.0487456538
14.2666666667,2.8174405626,6.5841520695,20.3085410382,23.9373703125,1.3774862431,42.6749461425,49.4913358775,0.1387652805,254.6022040055
14.2733333333,21.8269480109,23.4957465276,39.6960288283,21.2377084375,14.0173468463,39.2297924312,47.0419442021,11.2873872393,219.1566761279
14.28,25.5607582885,21.9009164164,25.2182846625,15.654995,22.5803498431,19.830993065,53.8010746171,-28.050320881,247.8275381101
14.2866666667,16.3306775693,13.3863241492,21.2980780854,10.6994175,19.5015770775,17.7120158888,34.04536185,-4.2271751753,169.9845739398
14.2933333333,21.3625380002,16.9439965336,16.1427616255,6.586535,22.6518526494,4.3749351312,28.1773628217,-35.5502263369,166.0709335803
14.3,18.4250425561,12.0192426621,11.5014607008,6.695333125,24.2257684244,1.1659447713,38.6965587408,-18.0651717805,140.2389635718
14.3066666667,19.8251211025,11.7675210217,14.7561141473,9.139755625,23.7571169212,1.8550799237,50.3026983664,-32.3106888104,192.6901578081
14.3133333333,18.2652768056,17.0990186488,24.389454851,9.574948125,19.0532975119,16.9482432938,17.8512685826,13.4092822837,98.8516026093
14.32,17.8711028747,17.1029388369,25.7469049923,13.9748728125,21.7798820025,26.6459019375,35.5863372581,-3.7134124125,118.4598350621
14.3266666667,2.3534254342,4.1661476781,5.775786519,8.120525625,-3.1609179663,1.27661517,12.4472332527,-19.7843454359,141.7362760011
14.3333333333,20.1029785231,15.6019913577,17.491540256,4.8082909375,18.5670463775,4.3597520538,27.0468497454,-19.3856110842,79.0023744714
14.34,15.8792456128,11.4207411339,22.634204663,9.5267509375,25.6651175338,14.96052355,29.4062669544,24.916958338,141.4895677595
14.3466666667,17.3793622364,11.9957285079,19.4048753722,4.067258125,20.9873637525,6.1031737862,35.6627562079,21.9160564262,88.5485897479
14.3533333333,9.4218908887,12.2640069246,35.0640326178,10.8692484375,17.1205336588,34.9364301375,25.0640337755,123.4720025354,125.4538499003
14.36,15.0376044275,-4.8390702537,-21.9237031567,-11.96047875,27.67499919,-49.9160412075,41.0844547785,-149.1655517535,118.2878032131
14.3666666667,8.9614656475,9.7469834589,24.2173199246,10.18182125,19.467795165,32.4540700512,42.2933801209,15.3700020853,115.2738840432
14.3733333333,0.5765193464,2.437809264,16.0076001497,10.786966875,4.1330108713,23.8583383313,25.3850561244,-0.7652552648,129.9891948486
14.38,17.845306877,8.05530628,4.1286916852,0.88605625,25.437187465,-18.5799094138,41.1407212161,-47.7437887738,151.4583290331
14.3866666667,14.8565960731,7.4301485371,21.0652414145,5.487305,31.8445182869,10.7127441275,45.176159764,29.3567955755,102.1539317668
14.3933333333,9.8920275293,-7.0321541924,-17.0205305892,-3.543220625,35.6812215838,-33.6038768375,59.9615650614,-107.2071642516,183.2717758211
14.4,18.0833037956,15.754929259,36.5850545593,15.1692015625,34.33682229,34.9165729038,51.7116881036,31.304228756,103.6549034001
14.4066666667,8.2010422829,5.9975114549,19.3716969907,10.6055959375,33.35124479,26.22594313,48.2320167481,-4.2067543582,125.1988821025
14.4133333333,16.8715637058,5.4168510942,10.9129860256,4.8550703125,31.2941586462,-10.644008135,64.1407397034,-77.5599611989,202.7769004745
14.42,9.7541769018,1.9409501175,-1.5780794231,-4.766779375,24.9249286462,-8.2765767063,29.6608704578,-46.2985109822,75.2509997618
14.4266666667,6.352450727,-1.5640945669,-0.1896825561,3.3179528125,31.8280203213,-3.0525431187,54.3183282918,-34.4131822227,106.2811913315
14.4333333333,0.4380719793,-1.3382224907,7.8439545875,4.6662721875,6.786119915,4.1617631137,39.12065147,-44.2071936202,152.899102763
14.44,2.2305803426,-3.9283653822,-17.6270549994,0.5454084375,9.3804460494,-20.9883448012,13.7824323939,-77.5572754073,56.3508334509
14.4466666667,14.7964487604,21.6331851286,51.2755415817,22.94307,32.7666510744,54.61597863,70.4652257135,5.70966795,161.6236797977
14.4533333333,13.5312310963,-6.4791589382,-25.6413120826,-4.2744225,45.9066438494,-50.1070118362,55.8535658226,-100.3318518021,88.3777090458
14.46,2.3198029635,4.5516766467,19.548221123,1.7706946875,28.10048294,31.5204054,59.1500322163,-20.2904572262,128.5394967727
14.4666666667,26.2534283198,6.6595917686,1.351975568,11.4721125,66.9927717119,-40.6757799412,91.2936375925,-96.1960418332,163.2183712069
14.4733333333,9.3905573179,11.8064098913,22.0955251731,9.6754553125,27.4187929369,21.6896120687,57.0442895595,-42.5182664832,125.2475511981
14.48,8.3066512464,1.5877672724,2.3120482744,1.984854375,36.7919851244,-9.0739223325,66.5961976731,-79.7489858206,152.4847955697
14.4866666667,12.0969548143,13.269425102,34.8037443033,11.0501875,50.2463864119,29.1386645988,76.0752384795,23.7935315148,102.1004763135
14.4933333333,3.4802187575,-14.1632917405,-48.6542286478,-8.0710328125,40.5920247744,-65.3868394637,79.0098940914,-183.5786684056,92.2098898812
14.5,10.2287764399,5.5379560684,23.9860568777,-1.3885353125,43.8261168369,3.3720402925,70.7652775486,-14.8577515056,186.1065529612
14.5066666667,13.6497000171,7.7946112487,5.5266320798,2.1458403125,43.58895369,-14.6351109587,81.9711420109,-86.6523757127,112.7433219943
14.5133333333,1.1549056253,0.4522458812,3.410161337,2.787643125,24.8821658619,-2.4129203625,58.8137212785,-28.2579881265,101.204109046
14.52,14.9992132694,7.9733028337,14.1783762591,0.6453615625,49.5847399025,-24.598748855,101.6804021371,-67.6486116829,200.7400897057
14.5266666667,3.5887197917,-5.9060189614,-3.73523849,-11.65932375,51.807872615,-31.1011911375,101.0910794439,-53.9446518376,137.3132593828
14.5333333333,12.2119712815,1.9908627535,11.1164998487,-10.899755625,62.2144846181,-34.6536597337,117.501535992,-65.1834123397,208.0587217841
14.54,5.9842397966,-0.6421713843,1.3296130817,-8.9331453125,59.467244165,-34.2013540062,105.8681105871,-56.7276101741,170.8498524676
14.5466666667,11.0768268803,2.546927291,15.7691129005,-14.6176615625,53.5623339994,-36.7367697051,112.0534766362,-22.1927051932,196.1472650092
14.5533333333,14.040827617,-1.1953233547,-2.0192403519,-24.48277875,58.4620618088,-58.0866589349,98.8263100303,-58.9648893929,172.5238382268
14.56,7.2426560664,-8.5519974246,-4.5595626811,-29.1486190625,50.8279419306,-73.1303053101,133.6660938965,-85.7237986701,275.4840054995
14.5666666667,2.2708760563,-10.3961928348,20.8515397099,-30.0128725,40.063545715,-31.5932530037,91.0718159888,52.8470668544,170.3523806685
14.5733333333,3.3911483169,-20.9654006989,-54.8531184415,-41.7111165625,34.5620894806,-109.7187842313,82.1460802094,-144.5213292273,201.2658770695
14.58,3.6153335231,-11.8468380192,10.3130653325,-33.7954921875,32.1576116525,-57.1498313287,104.787967008,-14.7343775647,292.3872512112
14.5866666667,5.4431991774,-14.7931666984,-7.7366458841,-37.27614,20.2554979244,-69.6222456375,72.4095401766,-14.0049286276,200.7069636828
14.5933333333,2.4447388179,-20.4291927513,-7.8420564113,-37.7344309375,18.6694745619,-71.4595798675,63.0813081305,-7.2019901575,258.930040644
14.6,-1.0897496607,-31.1220002467,-27.7970041324,-47.595125625,11.8568267556,-75.045394365,14.8837032682,26.0623666111,84.9719646742
14.6066666667,-0.9661377262,-33.3735706979,-31.7200542861,-51.335989375,16.6649314213,-86.65628872,25.2374431899,-30.4755785861,197.4897093195
14.6133333333,-11.2122089,-46.4439851184,-36.6233231003,-57.072815625,6.0094169369,-90.0291518063,32.6818175042,30.4801639777,171.8974683457
14.62,4.8838603026,-22.6864414662,6.329908,-43.847144375,6.2764021056,-64.2614938137,45.5099980737,45.4865398623,273.2612213133
14.6266666667,-3.2128346328,-27.4159321993,0.586981351,-37.8755859375,-13.1715868319,-46.2283594313,26.4213610769,57.6868983728,217.8661584311
14.6333333333,3.2201127774,-11.8837530343,3.4358258821,-28.7783278125,28.0533173369,-55.8593487713,66.2794654322,19.1595230466,226.4597319212
14.64,2.3680007229,-12.6634341236,-17.4125947238,-27.065229375,27.8045694681,-57.8161845974,43.0406044336,-49.1522399173,143.8524919619
14.6466666667,0.6256482317,-18.5092256021,-35.3254336958,-26.543210625,5.3516957244,-69.2748959625,17.8684034615,-15.8803778746,104.0005860323
14.6533333333,0.9081717406,-16.2890898383,-46.141584229,-21.2709290625,8.3490180931,-72.9780562575,22.7117781692,-103.3136986274,90.9095952523
14.66,0.4283966189,-10.0533547292,-33.7101523563,-11.1505725,11.41603154,-57.2956620637,32.918722187,-79.7248631139,92.323819019
14.6666666667,-2.2768539479,-43.9495097888,-124.0303242075,-7.5792115625,-377.9166244162,-31.5243471537,-343.0393127141,-68.5236518935,-277.6056727355
14.6733333333,-5.3764671442,25.1600308751,21.0321215716,71.872711875,-263.673069685,114.5344344749,-134.2370370919,-3.7544495854,-61.7072476687
14.68,7.4471613681,57.3935356947,73.95428686,98.693481875,-296.2110936631,180.9059173476,-181.3781267384,59.8829195978,-34.7827361318
14.6866666667,8.7830702858,0.8851807183,-66.0185873606,77.9032490625,-395.638943635,38.4831333,-402.1958583034,-116.8263602821,-184.6901047276
14.6933333333,-5.052540382,-14.7463407727,-69.7296433558,102.22395375,-415.7717735663,33.054127275,-405.3216484904,-31.5206669671,-196.5555899306
14.7,-9.3526517969,-44.0875494621,-88.4353136299,53.673531875,-429.1028014663,-12.8454842125,-377.8203705451,-48.3510870143,-141.0243204672
14.7066666667,-7.5210262449,-57.6304747522,-76.5485853731,22.0379075,-441.6611857069,-32.1249117813,-372.5573720978,118.0122541705,-212.6469661808
14.7133333333,-9.4181049466,-24.7950515422,-11.8508568852,53.1531553125,-471.2438186163,80.6073108713,-410.5766016341,162.4389785335,-225.0256538603
14.72,-4.2981276009,17.9031393234,32.7483265154,101.5592953125,-479.5480944944,159.7815080962,-435.9730230399,259.4003015301,-417.5950183448
14.7266666667,-4.2616670189,37.9208658579,26.3207714166,124.2518396875,-504.1753613756,193.6393280125,-500.5671411562,148.5655108945,-457.3335574613
14.7333333333,-7.0586820434,7.2598478082,-63.6501554912,91.8166571875,-538.8645186787,88.4918724288,-546.5402852189,-12.9567650593,-522.1673515889
14.74,1.2876410896,-4.2838666653,-108.2712242627,85.3691178125,-545.3690307819,-4.1964013712,-524.8294083111,-103.2304968993,-444.3100889181
14.7466666667,-0.8106445494,-1.4157798885,-115.5997824689,86.6709675,-576.7452633194,-2.6776671975,-553.130016719,-146.8352910013,-457.4111556878
14.7533333333,5.3918141295,37.9304478617,-32.1987704998,114.659755625,-594.5026153538,91.7811630988,-541.6055610556,-6.5948513854,-427.1292597922
14.76,-4.9686543738,19.5441706893,-65.3993439382,97.464084375,-616.5423905006,64.8000369637,-571.3390218408,-54.6606101063,-465.5479700394
14.7666666667,-2.0395206728,1.8006010081,-103.8845954083,76.927361875,-659.8075736225,5.9626025013,-638.0548672462,-70.2777434846,-524.7673728184
14.7733333333,-8.9171120647,21.5879095988,-44.8465860875,92.5651171875,-667.9776438631,92.4298558949,-631.2020953935,28.7096201309,-528.3698043723
14.78,-2.1131470684,16.7878067064,-53.9531834222,81.4657465625,-697.1309379506,62.40012323,-680.0833111812,73.8691975399,-637.6649904774
14.7866666667,-10.1682979759,6.6405680237,-57.2726533933,72.7181034375,-710.8813550725,58.428602985,-681.5483337872,44.7627689311,-555.1221803
14.7933333333,-13.5180203338,26.8279947109,7.3685186249,87.7903565625,-700.7902415725,135.9713617875,-662.5812343478,187.6354581374,-596.941884863
14.8,-10.9611436907,11.5546134633,-28.4869443836,73.2581034375,-712.0488583381,75.0203870588,-676.3918197002,88.6152051729,-554.452690022
14.8066666667,-20.2216888152,6.5517444128,-29.3597999642,67.67798125,-693.9797788038,78.6971124062,-648.6702300293,109.6908358201,-551.1127663115
14.8133333333,-14.5674246379,1.4577067798,-68.704151232,58.5620471875,-696.3761985381,24.8944231751,-658.5445780932,-36.7497799428,-541.5914775624
14.82,-22.1238036973,20.6802860053,-16.8785589809,74.8128071875,-686.1529035256,100.6912464249,-649.0655855504,71.7475164788,-528.9181880384
14.8266666667,-14.7400988916,6.4595550541,-64.7217912445,53.23231,-685.7724200069,22.0895634476,-659.4659556513,-14.1025267744,-613.3155105806
14.8333333333,-23.274402276,-2.7837219939,-74.864160019,43.2467325,-677.0874996975,15.6223342799,-647.5211682299,-53.8809661981,-532.1375199731
14.84,-28.6347090282,8.130805883,-38.0335485141,53.22336125,-663.9448766288,64.5961929126,-622.8573380797,14.6648854985,-519.9026629218
14.8466666667,-17.1648145655,7.2931282006,-55.7968317066,43.918319375,-646.6189462506,23.6345670462,-625.8334358521,-89.0866673177,-576.7254136003
14.8533333333,-29.6631004694,0.088741884,-28.2972020488,45.110385,-626.9963553038,40.8068992799,-592.4575699674,164.4598540078,-486.3597293052
14.86,-17.245639423,16.0900430141,-17.466736308,48.0138215625,-625.5248867725,50.9950115438,-594.2880317007,0.7725387761,-479.2729561725
14.8666666667,-24.2409339303,3.9402302702,-35.2715640128,35.9285821875,-602.0637102569,31.0801644787,-566.5692805681,-11.0654287136,-473.2562028643
14.8733333333,-33.1961309937,-1.9343637366,-27.4759403835,38.756009375,-593.7004198538,40.5190703601,-558.9083227659,45.9612585623,-465.7072135274
14.88,-33.4049919227,-4.1176462423,-31.7545354946,32.9530046875,-579.6374629662,31.5265422062,-535.1572447085,24.742152738,-440.2259504519
14.8866666667,-37.0224736082,-5.6511380114,-33.7324224734,34.233605625,-579.0614120912,31.8214459088,-552.2983631371,11.2244561107,-437.4364453194
14.8933333333,-29.2497103994,3.7754330664,-13.7394010546,36.45759625,-562.9963287163,38.6614224812,-518.2969249756,31.7065947574,-389.3153812474
14.9,-36.0420154577,-5.2052256919,-30.0639166903,30.6809859375,-558.9499135912,24.718605975,-520.8417615395,15.103047699,-420.1778238863
14.9066666667,-39.1779841144,-8.4620192364,-32.4381381523,29.4455775,-553.2889022944,22.08860697,-529.0050762272,10.569821502,-434.2986657806
14.9133333333,-41.9023314293,-15.9676709487,-37.4416925266,17.9261315625,-544.2451601912,12.1557604462,-505.3762644265,10.2525332542,-415.4629564903
14.92,-40.1490987469,6.4345980864,6.2190310388,41.5940090625,-538.5986940444,67.58438868,-498.3636436781,66.41262567,-395.1159094079
14.9266666667,-50.2737373098,-22.827861916,-38.3995699459,19.8361315625,-528.508121385,12.6151996888,-473.719228023,13.7135795608,-380.4695912256
14.9333333333,-44.5252423759,-8.6434943652,-23.0986565704,27.1286290625,-524.8287805694,27.8181507087,-503.5104417356,11.4182029646,-386.3106791732
14.94,-42.6880529095,-13.3517437033,-29.4607793738,23.8056996875,-531.4294537412,6.61507772,-510.9581537704,11.032269188,-421.9353857218
14.9466666667,-49.1927124153,-12.8637923673,-13.8662806588,26.3110328125,-514.0407111037,33.6439050663,-478.4994996645,41.5266744063,-394.2160987318
14.9533333333,-55.5833932452,-26.4256170585,-42.2429028746,16.1672865625,-534.5491646444,-0.3019418449,-513.552506704,4.676275549,-410.9266353484
14.96,-56.5399814502,-13.2132746611,0.2164328067,21.5359809375,-517.4188010162,57.327362715,-457.8948839957,63.6241093951,-373.0109249303
14.9666666667,-62.1714262107,-41.7441975562,-68.3799407843,-3.3019903125,-550.818086185,-30.8711957063,-538.7004847708,-75.6514802723,-476.9928144442
14.9733333333,-59.0868852095,-7.718841999,20.8092593255,28.613023125,-547.4017663569,64.396631265,-497.2357075171,217.0903710569,-351.0401366527
14.98,-61.8507037708,-33.2483495238,-58.3802797395,-0.24413125,-562.8668488069,-13.9646014375,-537.9581233419,-153.4801499634,-497.0226154653
14.9866666667,-59.7014976088,-21.3290260927,-1.641332948,10.9666103125,-558.3814958569,18.0989227188,-523.1580163032,195.6364055207,-365.1165132072
14.9933333333,-68.4422359614,-33.5155879529,-56.1370246196,2.010385,-566.5581614975,-4.416858485,-532.8735978651,-174.388776479,-477.6499195804
15,-63.3814325849,-20.9845730801,-0.5877356587,7.3244225,-575.6158744006,22.3827357012,-538.8172926431,135.2507363412,-411.5609628173
15.0066666667,-69.7684102317,-33.7428184851,-52.8827632042,4.540338125,-582.4783245631,-20.7441952074,-554.1646137213,-85.9273593355,-443.5612851057
15.0133333333,-73.5513404322,-21.0964583881,22.6793344801,9.6147321875,-567.6815103069,60.55226927,-516.6655519055,158.2181243541,-417.3471295956
15.02,-75.6903008088,-37.1200867607,-40.6823298669,-3.4294459375,-592.2991515819,-15.44282533,-567.4828391195,-21.128834926,-458.8123276709
15.0266666667,-82.4822415444,-42.3449914447,-38.8564335111,-11.056873125,-599.4963125756,-10.9768046587,-563.924465231,18.6250063313,-462.9608403111
15.0333333333,-77.5493198138,-38.6063481461,-40.7712571746,-17.2722346875,-613.8536100475,-25.9437273188,-593.238925333,-20.5015391168,-486.4964966554
15.04,-85.2175884143,-25.3850812398,2.0784880162,7.4135771875,-610.9657439194,41.4177997038,-555.1006526346,50.7161534478,-448.2045928069
15.0466666667,-84.1491893006,-46.6684106934,-58.5244786887,-23.14297625,-644.5950358506,-55.9531680463,-628.3086891752,-52.0733305243,-533.8120124714
15.0533333333,-92.325127904,-42.4197381657,-28.3732172673,-23.193126875,-643.14318586,-5.5539660237,-595.1059998387,13.7742056462,-492.8415996177
15.06,-93.6501518417,-42.3414015043,-31.120057302,-28.738319375,-657.3486191944,-12.8381212325,-615.8182009697,-6.0537317644,-514.4616211817
15.0666666667,-90.5493632043,-48.4524799633,-51.9425190929,-37.3117275,-666.87676981,-59.21472852,-652.6478795453,-49.4287319881,-557.1314139431
15.0733333333,-94.969266056,-30.2642555209,-4.4601029376,-20.7380096875,-676.0879062131,9.9966208963,-631.364536348,43.2344480143,-516.1070597446
15.08,-87.30461284,-44.0746706553,-39.0333836027,-43.120140625,-671.1162958287,-56.5203369475,-623.8749592674,-37.3626035335,-526.0303544322
15.0866666667,-92.4189149335,-34.6090008224,-20.0057219158,-37.3453615625,-686.4964782569,-27.7122699726,-649.5212094926,-16.2668676425,-542.0901629167
15.0933333333,-95.0856950895,-43.5726460371,-29.0320114848,-48.1646853125,-685.55462396,-47.8444114475,-643.8898073165,-4.6004383833,-548.0144744975
15.1,-95.7443328229,-28.3530301587,-1.3342476149,-38.761399375,-707.0805998256,-17.31548824,-681.0078576551,1.6954788977,-570.4142345513
15.1066666667,-104.4707079967,-54.7212357236,-32.7443093784,-72.68692,-709.0410403131,-61.16327977,-666.0712165007,-3.2758198778,-573.8539147511
15.1133333333,-103.1923302157,-44.7079081369,-29.3463674701,-65.8753615625,-719.8973564569,-59.6323532862,-685.8041171539,-31.6899480942,-606.0257307349
15.12,-108.9876500194,-49.6864226187,-38.2929986579,-72.7233896875,-724.5678390506,-64.5089869413,-687.8003673903,-89.4734570495,-546.5704677706
15.1266666667,-116.5709768368,-53.7216935718,-14.1963638696,-80.4041596875,-738.6929960475,-53.0285178675,-703.3936146973,55.3749473446,-630.4332319578
15.1333333333,-109.0656960857,-48.7083124143,-22.4598790001,-88.7230046875,-732.4990447694,-71.0682965612,-698.4868922791,-18.3792034772,-617.0055436189
15.14,-112.9489386652,-46.2619234348,-15.4938828328,-87.8651925,-740.6203121162,-68.527491855,-720.8017878072,-19.865002569,-661.4795429053
15.1466666667,-110.3051296895,-40.8866068214,-16.574284664,-84.5777653125,-733.2532813006,-69.3111186263,-688.5247886084,-30.8985966802,-580.148756591
15.1533333333,-111.9739208087,-40.872937758,-12.2227482305,-91.2465634375,-729.4240563725,-69.320241505,-688.535981588,-18.9983464209,-560.9257556613
15.16,-113.4603813795,-49.3176938179,-36.4210272041,-114.6323753125,-739.8685574069,-109.9845174513,-707.9661390396,-75.3547779094,-612.9332919888
15.1666666667,-102.3074887034,-25.7116750227,-1.398315793,-92.091399375,-715.3889949756,-74.1638365725,-673.6340740999,-33.9214705724,-589.0235264035
15.1733333333,-110.5481767682,-33.7659949665,-12.218260734,-105.3953615625,-727.3844611975,-90.88198035,-687.3745664678,-33.7520238181,-583.4843746603
15.18,-114.2821127511,-36.0003191256,-2.5892446151,-110.1655775,-711.5882713881,-82.3009738812,-680.2738043195,-9.8931214571,-592.5302700701
15.1866666667,-106.55186355,-31.6984315676,-13.2385790507,-117.4209859375,-698.2600104194,-104.0697635313,-665.6926661949,-60.6056410533,-573.2642103837
15.1933333333,-109.517559119,-32.3492640818,-11.3060530256,-127.429953125,-691.6990307819,-101.2802139387,-649.2090969333,-32.4113225249,-535.7814643839
15.2,-102.1698893552,-29.3545750903,-39.9948255604,-130.442741875,-669.4916424787,-131.9329481837,-619.8000553774,-133.7154482776,-514.1377791472
15.2066666667,-101.1185289295,-23.6456535066,12.5739893248,-129.917164375,-647.6582262038,-88.0522396188,-612.2800823584,1.3662976332,-509.5334839047
15.2133333333,-95.3656570534,-20.9272947639,0.0348184319,-128.507934375,-610.2001604225,-100.1543689574,-576.3128447769,-19.4494875434,-478.3562714763
15.22,-83.8097892748,-12.8224018259,5.0027086632,-130.7975025,-568.5657294694,-89.4930570076,-521.3543214124,-55.6184536276,-433.3364289148
15.2266666667,-81.634010543,-15.9044601496,6.3597363907,-130.1149296875,-521.9697251663,-81.2933767325,-472.6151252505,-10.2513975545,-340.8199299795
15.2333333333,-74.3946199345,-13.4031656762,6.3957563081,-122.1090425,-469.1125866131,-78.0799370637,-426.4659362325,2.2840678384,-323.9087136189
15.24,-66.7467083337,-16.9126180314,4.477665078,-126.9849296875,-410.833313885,-75.9517768637,-369.166685984,16.2245460582,-279.3118478385
15.2466666667,-53.6397833302,-7.5348385354,9.3884061933,-109.7347890625,-344.0611362162,-58.3246148201,-312.85611419,-0.38744377,-217.0887255998
15.2533333333,-41.6527912259,-2.0976913496,21.3206148232,-90.9294275,-281.5698920756,-33.1961765149,-235.181323548,56.783386663,-117.9576522858
15.26,-27.8658572245,9.1953000764,29.0799482354,-63.922554375,-214.8153466225,-10.3481994525,-183.0614280524,38.5344392475,-93.4899435074
15.2666666667,-15.8847357204,12.4460393654,31.0575768353,-46.62539,-158.7742474131,0.112828105,-122.9949061364,46.6282688051,-21.645901382
15.2733333333,-9.3033101391,17.5268069923,40.0359734014,-26.2589671875,-122.5145524913,17.47396266,-93.6897405311,60.914413158,12.7932432457
15.28,-4.594702712,4.8591080046,28.1156911848,-19.6207984375,-69.87199936,6.2405387975,-22.1642445486,185.7309599494,-0.7469943414
15.2866666667,8.3782439221,1.9103331838,-0.6789567769,-13.4720471875,-28.1240511569,-6.8450212187,25.9715347974,-76.2228602027,176.1731148372
15.2933333333,2.4074364672,-8.9066733505,3.3439114655,9.9991546875,26.7226163338,27.0770589112,82.6643634579,52.7019772612,166.6790874177
15.3,1.7341545316,1.7697540438,34.8237837448,12.36259125,18.28090574,54.909264015,42.553864262,106.5496883849,111.2838274556
15.3066666667,-1.1339570797,8.8093076996,46.1575057597,26.179605,15.9865542462,96.5924361113,58.2370600599,100.9859555995,185.9306113563
15.3133333333,2.5447427933,7.3149901338,34.0357362999,24.240375,16.79739479,66.5312950912,53.0210771862,81.9062461011,181.1565843492
15.32,25.1374199206,30.7172396564,70.0943609883,22.7982340625,20.4744989244,79.786770575,50.5078783066,109.097416211,201.5562050711
15.3266666667,3.0921790101,-0.4350448423,-12.4577278346,10.8475678125,5.9043762744,-1.2132307687,52.7990086032,-39.7725189907,236.7158795976
15.3333333333,26.7744577869,23.2651451542,32.0835168466,25.95316375,36.0201544963,35.9150802063,58.6772069911,4.5070971423,206.9850286309
15.34,27.8542414985,23.0340182443,44.1844384146,29.4232575,37.8142714556,49.7552063812,69.7647075817,38.2127489331,233.9860177765
15.3466666667,24.3020236574,15.3979918076,36.258678104,24.1647975,31.5079831275,40.5617310788,96.1579144519,40.7818804929,294.7395770563
15.3533333333,25.3042145519,8.1320800536,-38.4502630617,24.7321778125,33.8075698494,-33.3205696738,108.9751549749,-182.7499434238,334.4453462217
15.36,24.8010385644,19.9842956809,54.6586660604,17.248309375,25.0451699431,45.8420801913,47.4119548138,79.7900667093,144.1728564045
15.3666666667,21.148556526,21.5969640878,25.6392999119,12.914995,13.9410864931,18.0043954712,32.0908284927,-20.261360199,203.4456898606
15.3733333333,22.2787005623,35.0032804903,57.1636225902,27.803980625,12.7382998962,64.5336404488,14.1063132609,37.005494907,160.2519362474
15.38,14.8276527222,14.6894800981,7.2117172428,7.845333125,13.9494674963,6.16311797,21.4335456367,-61.0463676462,165.2794357664
15.3866666667,23.6038199921,17.5022706946,24.0830784917,11.238985625,27.6563811962,13.3067732,45.0578328501,-25.056037588,148.5943652763
15.3933333333,19.6856550278,7.9917519547,2.9034420965,-2.2169953125,23.5394366025,-12.3786942525,51.4932902171,-62.4070567844,205.3573990025
15.4,17.2422727374,13.4101431522,22.4916422275,13.068985625,24.1204575806,15.1367732,31.4613453184,18.3822016578,88.1709137878
15.4066666667,18.5537864313,13.9164604535,27.38985729,6.5607415625,22.3835315837,3.59587622,28.196122189,146.1367037901,139.7479870432
15.4133333333,17.1431278852,15.2582541294,24.0158351756,9.111389375,20.907647315,28.16923907,32.4086748972,-71.7880636781,108.2679283075
15.42,21.3147214832,18.7347480353,26.7739768644,12.2860278125,23.3692772213,22.3443373738,37.9405029341,-11.968197636,126.4434343019
15.4266666667,12.6257978728,4.9125051557,8.0040577956,-4.5822815625,11.4327422212,-30.3721013325,13.568402289,93.7448242033,125.6498093359
15.4333333333,9.2596153949,8.5732350682,-2.3359442659,10.0844409375,22.6624640338,27.0029855925,26.7699849897,-220.0851416474,28.9755296685
15.44,22.9235305014,18.0379169645,47.5924722913,6.3431453125,22.6215647806,10.5028187387,39.3661440658,248.8039070027,180.0565592613
15.4466666667,15.0665555344,8.0666988624,-2.1511947364,0.339661875,20.7101080838,-5.00549127,31.7119904021,-154.6739520179,108.8057375693
15.4533333333,16.5286241406,16.6568844378,29.6646646318,14.1200184375,23.8425253587,25.0279865775,37.3380351144,32.1769245374,105.976861185
15.46,16.7214582952,11.779896468,27.5689324554,6.3913425,30.2203489181,25.1607902437,43.419061194,7.6387906477,119.819456067
15.4666666667,21.8516074451,3.1167354703,-18.2504083071,-7.196535,30.7278746244,-58.2786617399,38.3196953806,-85.1487262379,130.3435970536
15.4733333333,19.5432771068,19.1358904075,44.1741891641,19.7444878125,31.7959344088,44.7172982812,63.3738578259,10.0875587391,175.5369332037
15.48,14.5606857939,5.7690951468,16.027481233,3.5794459375,33.747058515,3.7481338713,54.5388266917,5.0406239793,121.5497306977
15.4866666667,14.2088200533,13.4640667457,24.1589400955,18.59307,32.8219019806,29.236734465,49.4186266805,-18.4741412249,133.4989220249
15.4933333333,12.897450712,-5.4681818,-17.7134029478,-10.042929375,32.4489547744,-44.8486139174,35.2165338345,-68.2033893855,100.1296269729
15.5,8.1606078739,7.5057333456,27.5087897944,13.4896334375,33.2134292212,34.1270862725,70.1574946046,-19.9775912155,188.0217296456
15.5066666667,17.1497119776,10.3534244074,10.6868541625,5.81769,32.4589475494,1.193930415,37.8090067234,-29.799792999,87.1348111912
15.5133333333,21.2132031921,21.5594786014,43.496866646,16.127830625,37.0590480619,39.9384822874,61.1794878161,2.3805188195,122.7060674957
15.52,5.1501222581,-7.921218546,-24.6482379393,-0.3030046875,14.9993649744,-45.38232855,37.2627604663,-94.1915841119,122.6540100631
15.5266666667,16.1368930527,17.0722334324,29.2154948938,7.1698778125,26.8161744775,26.88537724,41.6925154622,-3.0833494401,94.3939442781
15.5333333333,11.5816293289,1.3560425939,-0.7463287067,0.8686759375,31.3542693025,-17.1622762437,73.2834129419,-86.7152878797,175.2310820704
15.54,13.8269959869,4.9510399643,12.5193560432,-0.2221409375,43.4746115744,2.0221082088,58.6724702061,-25.7498587272,108.6452298874
15.5466666667,11.4558555365,-0.0709003004,3.8451423735,0.8736525,47.3234937681,-11.2431162713,82.9330588019,-61.0039854292,159.3265888007
15.5533333333,5.1691228807,-0.9754918131,15.6242521759,2.444854375,41.6176703619,9.3532860213,67.8966160407,2.4955134152,141.9416489037
15.56,15.5416636228,13.6905371277,15.9106882286,14.573023125,45.3495656962,5.157593385,85.3068484474,-89.092394985,170.2026435028
15.5666666667,10.5704206663,-6.5721183303,-6.9497648965,-11.0051171875,49.7785534744,-30.8240059938,76.5176984933,-42.2457363438,119.71364374
15.5733333333,2.984628058,-3.7231972708,2.7078818373,-2.545239375,28.3564176088,-7.4255289975,66.5667308045,-31.6348629434,97.0347258449
15.58,7.0130977721,2.0852345326,-0.586230435,3.8718965625,41.2224165369,-11.2019639137,70.1981925373,-87.6364201356,162.5629707222
15.5866666667,9.3325841605,0.7781729712,-1.0963716695,-1.65077,45.1045577775,-23.9533359875,92.7113330377,-88.4547470917,173.4538792021
15.5933333333,11.5765310387,4.9296261827,25.2593712726,-4.8114178125,47.818474015,-1.59779607,96.5408984083,-4.5260199959,134.8473961861
15.6,5.8336633579,-3.5019611198,-8.0503863242,-6.4386759375,43.560161865,-32.1313252387,90.9778200721,-96.2421486726,197.8831119722
15.6066666667,8.4843703576,0.594771597,2.2642545244,-3.3822346875,48.1500705712,-30.1328760526,108.3424271331,-76.0139076888,180.7514894583
15.6133333333,9.6106067256,0.7111234507,3.0532697574,-14.020910625,44.6987440525,-28.6944287699,93.1329686092,-69.8647363857,189.4298993919
15.62,1.5915537245,-13.4243107395,-30.9830506564,-13.7564128125,22.6108427244,-61.4562298763,70.7872468197,-112.7794497144,161.4523768407
15.6266666667,6.9871864235,10.7278200874,43.5791726436,-5.808845,46.6895174337,17.2236655487,103.2557208582,33.7703795687,163.3349956807
15.6333333333,10.3313661284,-8.3486010803,-10.8513509578,-26.596384375,49.3483320025,-71.19529744,113.4517066479,-81.9826187259,261.5220983283
15.64,4.443961364,-12.9201461846,-35.1461293737,-25.7385721875,44.50237089,-73.4306156137,75.1944805404,-99.3490665157,107.8630228415
15.6466666667,10.1926984337,-0.3344955106,32.4570015048,-25.5466471875,53.0839674463,-29.5951575976,109.0095065362,48.5484155804,227.2605417304
15.6533333333,1.057721733,-16.6460681431,-22.3861151357,-31.3842903125,50.01292449,-81.6012111987,117.2604556532,-92.7057370167,265.5756156068
15.66,10.1798953369,-2.256877625,6.2315988492,-23.965614375,42.5769769025,-58.6033883475,102.0625854374,-20.1671944215,230.642415665
15.6666666667,2.9729689517,-16.3238791681,0.3832869166,-37.8994075,30.0996562244,-70.4779448987,107.8055283346,-17.8622349526,310.7556181281
15.6733333333,-0.8275937556,-27.3398259518,-34.1838775286,-40.334553125,16.8625799213,-79.2206199913,32.0170227876,-11.8643680995,104.5756920264
15.68,3.6733582156,-20.4304428306,3.0475495174,-45.0792384375,16.595426615,-54.1611791287,43.0448559379,50.6323091335,188.0466488509
15.6866666667,2.2512055222,-28.8123799315,-31.4851230492,-49.248299375,18.6012534025,-90.0979870738,35.5085815623,-16.9089593098,179.9138405793
15.6933333333,3.6963290075,-29.7236375346,-37.116397577,-49.7941396875,8.393347465,-92.326819905,21.2408001568,-21.8221946731,114.2227068604
15.7,2.6552449291,-28.0266678502,-23.1408055423,-49.7525059375,7.4771644181,-78.0602068938,25.5426946027,-8.9214549077,204.7528658137
15.7066666667,2.2122041693,-21.3323334276,-5.8802024037,-41.7500553125,20.2100346212,-66.3792710037,55.3739758853,17.9142825783,219.5005981601
15.7133333333,1.2766828121,-10.7866558823,11.7601904806,-21.1665534375,29.3079629994,-40.8828302288,65.7792590709,33.4779605452,203.4619124877
15.72,-4.6583928189,-29.5048552932,-33.6926828986,-44.5660646875,18.3934501306,-76.3190417837,39.1999415768,-18.0907053798,161.456275787
15.7266666667,2.3618681939,-9.7875086287,-11.7068227865,-20.132346875,29.1720874869,-52.8305982912,51.5306867172,-27.8898001632,170.516026731
15.7333333333,-0.5823662791,-17.0738682307,-27.6288763194,-23.99797125,4.3675364994,-56.9605263413,23.3600418613,-13.0584722333,99.9992870125
15.74,0.8755439519,-16.3327394315,-43.2643954674,-21.5133328125,7.0715503306,-67.5705802725,17.4073951616,-79.2858431744,75.2529819512
15.7466666667,-6.0873601709,-57.7581673153,-147.2995114397,-23.5326665625,-348.0643825038,-73.8848487413,-325.7326023228,-97.7059622153,-264.0822181878
15.7533333333,-14.5152483906,-36.0338636487,-99.1472311779,13.194938125,-403.7748775537,13.4848948038,-331.3158920369,-40.9630263944,-306.1343235702
15.76,5.8687386917,63.973545342,88.882114911,108.1444109375,-341.2399252975,212.0110910301,-209.906511037,81.1784247682,-67.3874353864
15.7666666667,2.5962700857,13.0678697422,-25.0978898832,81.049849375,-449.3538634975,93.8265999699,-385.3874447976,-44.4248648241,-152.6234430732
15.7733333333,4.7839776255,-26.6432939418,-121.2131059324,77.9980196875,-538.864498535,-18.8925981125,-529.1273093015,-133.9597256947,-271.5524686193
15.78,1.7098682074,-20.5571116957,-65.064836814,80.0213625,-517.5728039225,24.9070499888,-464.4681935031,-34.173477695,-190.4022679539
15.7866666667,-4.5110212189,-62.5828132369,-99.113812825,14.0311565625,-533.5907799569,-42.6161172638,-481.3199232539,94.8068282303,-315.2065116977
15.7933333333,4.9485235211,-10.4487291861,3.242084464,68.0238784375,-567.4350257225,84.6182624087,-490.6284313192,212.2078674106,-332.1414215596
15.8,1.2834042328,27.5924043046,29.5524168768,115.225426875,-572.4597207162,170.9072149238,-544.0513580643,179.5001436639,-465.5157505953
15.8066666667,-2.6803737958,46.8035777087,39.2146715571,138.0136425,-582.919944485,206.0065402575,-562.9637101877,211.3753453214,-580.0020649301
15.8133333333,-7.7854195255,11.0345783632,-60.121153706,102.8301690625,-611.4421439725,90.7134002913,-621.6794484471,7.3974994834,-567.7125155805
15.82,-7.9718175724,10.3915025113,-77.9618898882,102.793511875,-635.1587472194,61.8342158875,-622.7078044555,-24.5827143006,-572.297586584
15.8266666667,-10.3055460802,-3.7489535927,-133.1056566344,90.4888265625,-658.0314434475,-2.2576650863,-643.2997154412,-171.4294701562,-557.1843399762
15.8333333333,-4.2130772434,20.1152434274,-84.5924293757,100.05721125,-661.0212748475,38.4301452412,-607.8227433398,-88.8895991887,-507.5037064352
15.84,-6.6971608869,18.8009929031,-84.3127172094,93.3781503125,-687.3929796037,39.3482602325,-647.9973888038,-64.1527379215,-557.4293139008
15.8466666667,-13.1597468379,19.0281074104,-69.8789200072,98.52394375,-701.0850261694,58.7027082925,-672.8637671984,-32.4486178954,-533.7127408622
15.8533333333,-11.0185131239,19.1430996218,-74.5677186981,90.397164375,-708.9335703975,45.8635498649,-671.2860685568,-30.5235623973,-609.2685320119
15.86,-17.1297384902,9.0760018645,-74.8122946475,73.973896875,-728.6660678975,46.2772038263,-714.9344105819,-18.0277298436,-593.9457109007
15.8666666667,-13.8185450937,37.9438634083,-2.2372632167,96.901004375,-725.4793739788,123.4845125337,-683.5564414757,142.3723853758,-632.8848849449
15.8733333333,-20.1041180993,14.0815770791,-39.9479946991,77.76952125,-737.4460222506,71.8786587525,-721.0172936308,74.6127724424,-642.6665643256
15.88,-25.9235271509,12.2355786783,-19.3785015712,72.4159625,-713.4696862819,88.13114807,-673.05968243,103.311988844,-540.005137823
15.8866666667,-25.8844416332,12.0586713146,-24.1166156892,66.763990625,-712.8504857881,77.342356535,-673.5572426995,88.5202654911,-574.7255162983
15.8933333333,-29.765301284,1.0966107617,-43.3255041519,58.4993053125,-689.5592116788,46.4696012813,-641.6357462004,41.0771242372,-517.5588000084
15.9,-32.7262826918,22.4994338961,-6.149424126,77.69739875,-670.528485635,107.1260582337,-629.699202871,49.7522803075,-489.7819145421
15.9066666667,-30.4833384607,-0.3109169079,-64.9600321246,52.2696903125,-659.0914053288,16.5669280025,-622.4212051945,-27.4345484213,-543.9693965347
15.9133333333,-37.9396448014,-3.5351345179,-61.5342562147,49.9049765625,-633.3490295537,27.353654175,-603.4893210069,-19.722812451,-513.8638643475
15.92,-27.7424130631,13.1483468611,-29.1350313064,53.67721125,-622.18186856,49.67845212,-592.7619302338,-11.4047250721,-471.64611202
15.9266666667,-33.7145800822,7.5934111017,-28.9248140623,52.0950234375,-617.9742097569,47.7355675275,-586.0475298669,39.3888273795,-531.0120438231
15.9333333333,-30.7478031185,5.7921440423,-29.5652552712,39.854375625,-608.9580347006,35.9434585988,-582.8486553765,25.8402575347,-495.5151198208
15.94,-38.1912146422,0.3807140922,-31.6922953179,41.2014178125,-591.1251956944,41.0731527937,-560.8276914308,-18.6181119742,-461.7630327464
15.9466666667,-44.1066676173,-4.6962188141,-28.1322619222,37.86923,-586.8700302444,38.1980548663,-547.6841721842,87.9565568261,-445.6103314022
15.9533333333,-40.3854481755,-0.5930172265,-22.1441863288,39.37798125,-571.8399203537,40.5479136937,-545.8629416236,25.9304660438,-457.2669793743
15.96,-53.4507126846,-0.5917944611,-2.4090374521,49.93182125,-548.0722904506,82.5500042,-475.5318683074,66.9312317961,-386.7773037922
15.9666666667,-44.5096941263,-19.5928889457,-63.5740855302,23.375775,-573.5551718662,-20.0773038975,-562.4988585381,-30.3272712376,-443.4316134735
15.9733333333,-42.5605271324,-11.4000092886,-42.7999642501,27.41663875,-566.8547704225,0.4646601737,-561.3499303522,-3.1713559543,-454.5438240485
15.98,-51.7067226816,-1.4786295706,-7.4285285466,44.0194459375,-551.659917435,61.2823627338,-491.6465566502,43.6135968618,-394.3483011134
15.9866666667,-45.8634453475,3.1728905811,-1.1602879738,47.7215115625,-538.7790587569,53.00292088,-501.6648129013,49.293521614,-397.4896104547
15.9933333333,-52.7513335187,-6.769452489,-12.9360501866,39.15240375,-549.6634131694,41.0437297537,-511.3630268359,45.7781257539,-403.6957338997
16,-57.629311577,-12.8660435793,-26.5625752253,37.69,-542.2146099725,30.7178245262,-507.4736634194,2.3114485261,-411.3249192313
16.0066666667,-58.0316287301,-11.1657741205,-14.1644261747,36.369183125,-548.7610968694,37.6914788638,-513.7698314151,46.1352741299,-409.6897903281
16.0133333333,-68.1647583565,-23.1141856057,-29.0212451839,29.183220625,-550.7418132319,29.960584375,-515.9202229633,22.932373513,-421.0331953093
16.02,-69.5480306936,-20.1834561428,-22.5544824798,35.471586875,-554.893299435,36.0647154162,-521.6670072806,33.3069297461,-432.2342405384
16.0266666667,-65.6774691544,-19.5868013153,-13.0624084286,27.3125728125,-554.7358338256,32.248832625,-526.4314513488,55.5799361129,-444.3005435574
16.0333333333,-73.3941590415,-30.5036177099,-59.9680300144,24.3573803125,-545.904697885,-2.1686029287,-494.0857460508,-69.1105951706,-363.7975090266
16.04,-75.1103817366,-23.0109223637,-7.5381039575,28.27163375,-558.348822835,44.4198109287,-534.5865301076,67.4337098848,-444.2000192913
16.0466666667,-79.3416747502,-26.6876276514,-16.1502168859,31.1190140625,-560.5383672912,37.081394025,-526.3892744028,46.696952301,-423.5830225596
16.0533333333,-75.608126033,-27.8245757497,-27.8986847622,22.5905540625,-562.7851217694,16.115114025,-521.0827195886,10.672925823,-418.2814388612
16.06,-85.3560463851,-33.9081453599,-30.4540045449,18.52759625,-589.9429934319,19.1207247912,-552.6285997316,20.3895429192,-444.311984384
16.0666666667,-88.1665940867,-34.9959767243,-17.6701576158,15.402450625,-589.4658135381,29.450968315,-558.3842291017,53.7336853991,-458.4893940787
16.0733333333,-84.9214549435,-34.0565623506,-25.810638813,10.6869953125,-595.0580102663,13.123253305,-556.8904909449,30.645252901,-449.8699165024
16.08,-93.7836880197,-45.2679836695,-35.9713724949,-1.132450625,-607.1825946038,4.7016643187,-569.0560034839,24.4204236587,-472.2482313727
16.0866666667,-91.1902175148,-35.2891651735,-22.2605616979,11.746873125,-626.031530435,11.6745782962,-592.6292664485,28.9527564982,-477.4477769009
16.0933333333,-91.0142995246,-33.4736154117,-17.7522079691,6.03798125,-628.8310550662,14.1723155301,-595.6263736241,29.400500264,-498.4699132475
16.1,-96.9632694186,-43.1242078432,-47.4553161911,1.8405540625,-633.3259432538,-10.1083041388,-587.41147333,-75.9258773307,-458.6197788814
16.1066666667,-95.8734839738,-37.3616176129,5.4049194118,-5.5933896875,-635.5218888475,24.5310103525,-607.5269204641,125.3452387764,-523.4781088531
16.1133333333,-100.2301837914,-45.0577974105,-43.3072259,-9.81077,-640.24034931,-9.1375729925,-601.9012424881,-111.1448692084,-505.7425560685
16.12,-95.6693727486,-38.8081903186,-8.4329462281,-13.826394375,-649.530086035,-10.0678406438,-616.1297965524,199.7795276603,-469.9510327938
16.1266666667,-98.8944972786,-37.2281072599,-31.520871136,-9.9761784375,-655.1696672225,-1.1927454262,-615.6330859592,-169.4555464641,-544.290446333
16.1333333333,-105.7288144472,-47.2834371138,-25.3889262495,-22.0469953125,-667.4817924819,-20.4121993463,-630.0433937162,86.4028760076,-502.9480333545
16.14,-97.7490348068,-38.6548194738,-13.4829407778,-26.566394375,-671.1293249506,-23.6334009463,-639.4843694573,92.0160573437,-515.0885616947
16.1466666667,-109.136362726,-49.8510519988,-48.8536382518,-36.50278875,-684.66344191,-31.0371442237,-642.4140555002,-188.0013092076,-593.2665010418
16.1533333333,-105.4809166747,-44.2941236281,-16.832695538,-41.16278875,-693.2991017881,-31.5219235225,-656.9724964314,87.2025249693,-520.4502434742
16.16,-109.4204212949,-52.8360180944,-39.7853699476,-48.1314646875,-696.7372381131,-55.42469139,-659.3467405018,-26.3105231879,-556.9381779225
16.1666666667,-112.6221448021,-44.5852782684,-16.4255632909,-49.8629109375,-703.98156471,-23.7287190262,-668.4409673882,5.0682446438,-570.603464147
16.1733333333,-111.8862444496,-49.1122031317,-28.5977907952,-55.712835625,-706.7313575287,-50.5519176888,-669.0735944865,-12.0423406248,-572.9759817753
16.18,-111.061871254,-48.9079536658,-22.8047417158,-62.267549375,-693.7633177288,-50.0302892225,-660.6421484742,-0.8801571485,-575.4947202714
16.1866666667,-109.4224499349,-43.1066273836,-6.8231918778,-61.498413125,-699.8027429162,-47.1132969312,-663.3053896118,95.2831315605,-553.2685314776
16.1933333333,-109.7356018301,-43.6526418649,-29.5054804263,-67.201586875,-700.3815596381,-55.0925917412,-665.9050333645,-195.827247237,-612.1187177054
16.2,-117.7213126107,-53.2154775132,-18.7342575223,-83.111680625,-712.69069281,-68.38219229,-677.8112822257,67.2061747539,-541.7771454961
16.2066666667,-114.684725565,-43.1936768834,-10.6463622954,-75.9882725,-700.37486741,-51.1927009663,-660.3780479385,-11.7551822862,-562.5774729861
16.2133333333,-110.8417853936,-38.4361843368,-5.4071014251,-84.685145625,-709.5599389506,-63.4320207,-682.8927389468,-19.8211319461,-588.4159467062
16.22,-119.8910878713,-51.2520186036,-17.8711278063,-93.5702159375,-705.4507630506,-82.8076148187,-670.2400555834,66.3732031413,-579.1822074142
16.2266666667,-111.3215967713,-38.556776695,-26.2150320722,-95.854375625,-703.9518567256,-77.1416754351,-659.4521344114,-221.195142527,-590.2832927086
16.2333333333,-115.2434617084,-40.1658942809,5.6462468426,-100.25798125,-696.1455215225,-77.9631889,-691.5298378831,67.167353282,-637.5295275247
16.24,-112.4356193054,-36.7451177071,-19.2702213829,-99.320723125,-682.3460294756,-84.3984485801,-633.6708454774,-60.653085442,-485.0649936094
16.2466666667,-109.9639428274,-35.9627215261,2.2677484739,-109.02,-666.0003645256,-84.7056166275,-633.5493061445,80.5579445444,-528.5105498675
16.2533333333,-107.9502784391,-35.5349871815,-29.8474815025,-110.617164375,-649.3842575569,-96.9052451887,-610.8207102731,-235.0288812906,-593.7498723137
16.26,-100.5243175515,-27.3169554793,2.7528123219,-119.5013709375,-639.5848597225,-95.7078212775,-604.5836595595,49.6665422985,-488.2777509619
16.2666666667,-97.165190322,-22.7619603299,4.0621452499,-121.0229578125,-625.3154978537,-98.0868403688,-591.9147341792,40.8203382712,-465.5179339472
16.2733333333,-101.0232582087,-28.1992912202,-19.2784300499,-129.6681971875,-612.397324335,-101.9878287775,-572.7728310053,-198.4535144756,-551.5359612857
16.28,-92.5315105859,-18.2899314869,6.2833788423,-129.92471375,-592.8773885788,-102.9735125375,-566.0624505942,32.2976499745,-465.9197699406
16.2866666667,-89.9335906181,-21.8927286941,-13.8168683598,-137.3101690625,-570.4209168975,-117.090937925,-527.8823978145,-66.378455171,-413.0039096109
16.2933333333,-84.809843267,-13.028833061,-4.099908275,-132.318225625,-536.3417016506,-107.81882968,-520.8039795874,-56.985619828,-528.3361406013
16.3,-81.3041738412,-12.3110063343,37.7131693333,-129.497070625,-488.6064060225,-46.5842304137,-439.9291231421,62.0180794302,-262.6891708265
16.3066666667,-73.800640247,-16.7818607075,-21.0617289959,-127.872263125,-439.7198418194,-96.2724266875,-380.5228839921,-62.0332748154,-268.9956379971
16.3133333333,-50.0809051139,-7.3531862732,-10.8488690982,-121.111493125,-361.3085051569,-88.30985233,-305.6301288712,-53.0693757042,-166.7572483
16.32,-48.5977777884,-0.2196136714,53.5621942843,-99.4720003125,-308.3005606381,-17.9296523925,-290.7087326019,113.8806666436,-232.0900189455
16.3266666667,-33.0354622669,4.324697025,24.1141367067,-87.4388265625,-244.3432441069,-30.1541144612,-213.657578802,37.4222868449,-138.9968377392
16.3333333333,-24.3106566505,5.3208703408,31.9610810629,-62.2092115625,-181.8904951662,-2.1197710512,-135.8242216494,77.1221819987,-15.459515361
16.34,-13.6800695286,23.1196370861,48.4809241893,-9.6812771875,-145.8887921006,27.3919774137,-110.2061548744,60.2652560396,-30.6990493462
16.3466666667,7.4497267769,15.7638669414,45.6262578088,-29.3925259375,-75.0813274162,-0.1333317512,-34.940975502,240.6107048489,-70.7147555352
16.3533333333,6.5271524637,-16.0078348706,-23.6787811659,10.059755625,43.1200180025,10.0271063475,121.5212808552,-96.7619298287,309.2012865103
16.36,5.3563022534,1.8222358143,20.9904474796,18.2408821875,21.8563610525,37.6026811088,47.0232101506,52.3195510749,146.1569910166
16.3666666667,-2.8372284495,15.5594566155,88.4622656807,35.3303465625,13.9315764556,147.3764480325,62.3643007002,267.6159032445,140.1693908664
16.3733333333,1.6667504478,-0.2022812579,-1.1268651535,13.2716053125,20.0801475744,30.4303553663,41.8757255615,-58.0578730717,181.1448750779
16.38,2.3377405927,4.7883008485,25.5607090457,18.8468915625,9.1731908431,50.2142962388,53.3610425945,68.0298283865,213.9640906463
16.3866666667,22.4402687078,16.9874184344,25.8630216008,16.5068446875,25.1562568556,27.9270955387,63.9818534595,33.6864882729,212.3926482123
16.3933333333,18.1573425059,13.8494990328,20.9003151667,22.3821309375,25.93596484,33.6904414088,76.2004690251,15.7044710046,272.8197244875
16.4,23.4715675612,24.8067799551,65.3585267291,26.46720125,27.6712346463,72.3798590525,48.3644330995,106.5716669647,203.1162411349
16.4066666667,6.7891691977,1.9983715782,-43.8831740875,29.2702528125,10.8803192525,-18.2196760388,77.275509932,-168.3568419909,286.7027268932
16.4133333333,26.3679238426,17.858803656,57.4199595359,22.9890040625,36.5237038681,62.1455935137,89.5630856953,92.7013852978,280.1367541855
16.42,21.1797785932,16.6570257555,27.8041247843,27.633595625,23.1689332588,34.9268223275,72.1787723514,4.4704528595,258.7038221022
16.4266666667,18.745469713,13.2697691666,20.5742481731,19.1259525,30.3207981619,32.4701786325,68.82720921,-15.3377521757,251.2108460598
16.4333333333,30.358913498,34.8669157031,51.3379307482,14.5644878125,14.8114516681,38.4147850263,11.6216258938,23.0895451744,125.1624105075
16.44,13.4350780426,11.9173617144,17.0361743175,8.55259125,22.12509479,21.4078555838,37.0218804414,-19.9328902881,233.8174921548
16.4466666667,27.0315438193,25.6484179866,34.0771330441,16.37692,15.93011239,17.8997755862,33.5367880739,7.0153991822,145.4704819655
16.4533333333,10.218993804,6.7381493279,0.9793692622,3.2967040625,12.399578615,-3.5790783063,27.4850304485,-56.3652265083,154.7953323887
16.46,19.7764548746,15.3348465155,20.5137202058,0.4095396875,15.7076354806,4.136221505,28.6005328572,-1.6231712289,139.0573319166
16.4666666667,20.124541086,12.548691243,7.3548348196,4.0532675,15.9214283025,-14.7317275187,37.0175343874,-33.2550518688,146.308251712
16.4733333333,12.6193228847,11.9092127769,24.6654746325,15.2182625,23.9126352494,32.9942393712,37.7728063401,3.0988958293,158.1742041975
16.48,19.5913597242,13.3773069229,27.7241375027,8.948121875,26.1608848463,15.2152284275,40.8138114892,36.0560396194,128.9581123601
16.4866666667,23.4915237801,16.3987752855,18.4359069654,9.0179996875,32.7966106588,6.3897328488,35.0614685818,-13.4757927673,113.9242228143
16.4933333333,17.4128072979,12.6588655757,26.4441018059,15.2387696875,31.715722315,25.22478442,44.2497885846,20.2702390059,126.180668145
16.5,17.3562907808,13.4210740477,28.1148142712,8.5318965625,21.4153935681,11.633577925,30.8135744702,76.2296769492,147.8537878875
16.5066666667,8.6567664084,7.4309908229,21.4244877643,12.9380934375,27.1353351619,39.4975033201,38.9379021428,-20.413910862,65.5378956512
16.5133333333,1.9568745438,-3.5766232597,-19.2747622559,-2.4846384375,0.6781514244,-32.9541879825,18.5350604994,-90.6214984606,127.3958946672
16.52,12.6232842203,6.578780618,13.4864001926,3.5227134375,20.7849303369,7.76245533,40.1287030565,-27.672131532,119.6118998848
16.5266666667,0.6798467016,2.2714201046,22.599644758,6.1206946875,1.0084265337,6.4977161063,14.9129073583,193.7217731242,118.6094623693
16.5333333333,12.8723420298,1.9306923544,-15.9575742424,-3.013220625,20.8709131244,-29.1069896213,38.5354246713,-194.1504013792,166.5776642331
16.54,10.6844094476,10.3428124606,38.2576807638,10.6232859375,25.1697373744,49.300241955,57.7649189947,40.392475881,116.6298212431
16.5466666667,1.0524440669,-2.6308871207,-17.0893768875,-0.0606009375,2.1107575869,-23.8300523213,14.04065675,-87.7207263413,123.8500271564
16.5533333333,13.4279056748,2.320617253,-0.817293759,-2.3381971875,24.1582625431,-22.1088894412,41.5304075836,-43.7072039932,106.8402431068
16.56,6.8681070093,4.1748388698,20.5320673948,10.54143625,32.6107076338,27.7647074949,58.7840873154,-0.0569705991,147.5971216212
16.5666666667,14.18287185,12.325725052,25.2205249767,10.8688165625,28.5267906306,23.8523459151,47.0107990428,-20.8805946909,134.2832608901
16.5733333333,12.5714633308,-7.1170144491,-19.2809517367,-8.9918965625,34.12920529,-46.5300146863,57.2508103619,-102.8551238982,140.1067909007
16.58,10.2665008306,11.5059618446,19.6746923934,15.4944409375,33.6676070431,32.0204168988,38.4759991561,-26.2813026433,91.7330093425
16.5866666667,18.3121426413,11.8931177651,21.2374675294,7.91490125,35.7494555025,4.8139972512,61.2424086938,-26.3264924388,126.4156568924
16.5933333333,11.7467793719,5.5287556453,7.3424607989,2.981295625,31.7541323619,3.1181116451,47.1915745014,-44.7632023009,100.0587071771
16.6,19.9812053861,14.234084383,22.7679279095,11.509755625,38.817293815,5.6118968537,65.6784849426,-46.6866085604,138.9361877509
16.6066666667,11.4385942009,5.5923260785,3.1001722073,3.785624375,25.8242726838,-8.9079482987,53.3738971484,-68.2843757327,128.5350638683
16.6133333333,13.9740034855,6.2411119041,6.0676523645,1.4702628125,33.6498581744,-6.9439224175,61.0434657344,-68.7846029696,119.2019960996
16.62,9.343879719,-2.4478901918,-3.4466785388,-6.017164375,36.6085125962,-18.5746983924,70.0343073835,-74.7293693484,142.5913195837
16.6266666667,10.2242309763,6.2825795866,14.1101496741,4.2071359375,45.2868119869,9.0485573724,74.7250416821,-42.7623052535,134.4766963013
16.6333333333,13.0538258676,0.8866138474,-1.7181735769,0.67759625,49.17106804,-24.1498471975,73.2227888388,-80.5483395477,134.6146749522
16.64,11.1626038974,4.9211961813,16.3963387312,8.9482440625,51.7885184338,-1.5578270187,94.016558435,-39.4093230386,154.7373439153
16.6466666667,6.2402901252,-2.2966638574,4.9838431191,-2.8566571875,55.0748113713,-11.110705485,87.9106648086,-48.6449969729,122.6422201669
16.6533333333,12.3603252566,5.9851146831,9.0190556822,3.0230515625,57.3600591994,-9.5826790076,85.8031855582,-77.0359860177,164.2156987312
16.66,7.8941299065,0.8703254428,16.4391492503,-3.6749765625,54.91318684,-6.37553823,98.8787125589,-6.278483112,117.5251575071
16.6666666667,5.4199777154,-3.1650075088,4.1753704477,-6.490431875,49.7916658994,-22.4862457587,94.903663224,-61.3627385126,210.6625123638
16.6733333333,10.9742822535,4.5506024525,16.0760893127,-5.3532675,42.5729337087,-16.9655271975,96.1352481305,-19.6996408874,128.7119431493
16.68,2.1417193286,-10.0718609961,-15.6723264777,-11.271774375,26.5444495775,-42.2543839951,66.7692698368,-86.3529155371,168.9420594952
16.6866666667,-0.7008520962,-5.0548902396,5.7263777071,-7.393314375,34.3462142713,-20.0713397738,109.9617241631,-21.9272230057,132.3424239564
16.6933333333,2.4661110485,-8.8626620994,-12.3607343784,-19.048215625,33.5116174931,-41.6959311175,53.7831738484,-67.0770280735,171.7832860546
16.7,1.7858522808,-8.3371977843,0.5988800378,-21.087830625,51.9611929869,-42.5096434838,122.3474158007,-61.9111982917,236.9934451607
16.7066666667,7.2690842829,-19.1184847973,-27.532274099,-38.9411634375,45.4280375306,-91.971363735,94.4959923372,-72.9367246171,183.0602341332
16.7133333333,3.2673195836,-13.9999134635,-17.3989376161,-28.0746284375,46.3247966181,-69.8688130925,95.3143154223,-78.3859914964,193.9765504467
16.72,6.2942722419,-8.2395056082,13.8947546131,-30.739651875,45.9246884181,-50.4955742175,99.6930741964,12.3701030685,269.5802728042
16.7266666667,3.6587789909,-19.7333569711,-34.1164994796,-39.5883746875,34.4379155025,-97.24233457,91.9528913839,-94.4372049401,209.7489511225
16.7333333333,6.3556077238,-14.6897493075,7.8184454038,-41.7044309375,36.4941053119,-69.579140285,101.493523831,-0.660537713,302.3943303159
16.74,5.4114263551,-14.2666399331,-15.5277534392,-35.37854375,26.274473565,-76.1069627037,70.3630559655,-18.3923082658,175.7623364979
16.7466666667,-0.3531303913,-18.608959105,13.0735934029,-31.90489125,22.7528364337,-40.5623913338,47.2604499773,87.0248464702,183.5457464147
16.7533333333,4.2910883956,-27.0971211256,-27.2433492621,-51.6429846875,19.3720910275,-96.0187943562,53.8397164861,-28.3453379323,190.6810677337
16.76,-0.2063301757,-34.230427463,-39.3022348391,-47.7813509375,7.2128095431,-89.897364185,6.3448449118,-3.2129406228,133.9209831874
16.7666666667,6.874524914,-24.983115416,-32.4734245944,-45.660318125,6.0984740306,-91.462590275,21.2864601428,-31.9157245851,159.9860618203
16.7733333333,-1.6969116737,-31.4493930878,-43.7098664302,-37.9967878125,-11.6650475256,-83.9669705325,10.3660716777,-52.6560425866,129.8703014932
16.78,-3.0879476337,-31.4703738797,-38.208764723,-41.2692384375,-9.5167442912,-81.8779433738,26.0507731373,-42.1232201616,176.0473538302
16.7866666667,3.6004636461,-15.917123931,-9.662172684,-34.3470321875,14.1287494431,-60.4501295488,45.1742486542,1.6343723971,185.5820204086
16.7933333333,-0.8571206583,-22.9616725781,-30.112323983,-30.6034734375,-1.6610447631,-66.2191710075,22.1274062544,-43.0348337955,140.986337895
16.8,-0.7427715077,-23.9698759957,-38.97352852,-31.997295,-1.3689482444,-70.8825845025,12.193430341,-42.5495916404,101.6669128889
16.8066666667,0.5327939724,-17.3675473365,-40.8574119026,-19.14989625,1.2199238056,-63.0997105837,6.5559904321,-84.2340543277,65.5416197785
16.8133333333,-9.522547107,-64.2837579832,-147.963650273,-21.59355875,-440.3736670663,-42.7425169326,-403.0526580005,-47.7467735045,-340.7141294069
16.82,-11.865516077,19.8861789662,30.2860586162,70.70718125,-299.3384440069,134.77439207,-154.4739098211,67.0512244878,-79.3425697959
16.8266666667,7.6112465257,51.1112240156,66.9736537903,97.13382,-347.4318848756,175.9157492437,-223.3851907831,34.4922391299,13.7853500183
16.8333333333,6.3590964944,6.7931721703,-61.1024202973,93.343220625,-470.8025910631,65.239966335,-455.6966401475,-114.962981415,-183.0730483397
16.84,0.6298365739,-7.4324371737,-69.3198463282,109.6482071875,-470.0752502413,45.8639567724,-465.4314260341,-69.7144855777,-250.691033162
16.8466666667,-4.2214175709,-42.5234314053,-90.2358175929,55.1200953125,-484.4097329975,-15.9993594475,-424.7660009022,1.7688287406,-247.856982867
16.8533333333,8.5643803132,-45.9216079989,-76.6587754488,19.6308184375,-517.2202876819,-27.1190601237,-463.772533356,94.7348241242,-301.4345658899
16.86,3.3795598575,-8.995173087,-5.365617091,73.2064696875,-545.0930905788,90.6668368763,-489.6228456636,194.9987215283,-370.3996022508
16.8666666667,8.1777192676,55.1697464135,81.1240076911,140.0630884375,-567.2317157975,237.042325705,-523.9949763679,292.929503287,-492.6269726479
16.8733333333,-5.2103265319,33.7550198875,4.2792670678,133.17182125,-578.6842102194,177.8033835926,-575.5659312771,138.3421929326,-538.8580023087
16.88,5.9892470015,25.3964088855,-53.8721493016,114.689953125,-613.0060741975,90.3359242012,-608.6568475307,15.5845457572,-590.1552751001
16.8866666667,-7.3811140664,-7.3995686775,-125.8155350598,96.7028925,-634.7320197912,10.7116918388,-637.5327750088,-110.4320330091,-571.7142286353
16.8933333333,-11.2425834547,12.1697091148,-88.9009959513,123.9681503125,-643.7863291788,55.1520243437,-607.247658991,-67.5303792043,-495.1009172794
16.9,-11.0783086061,14.7485772681,-98.1712420705,121.2853146875,-672.3595104569,48.0296643425,-642.5057565163,-85.7572650235,-566.0435777755
16.9066666667,-16.19210244,28.1741773453,-57.6165248897,127.2591546875,-678.3518605694,99.9651360612,-620.675278538,-71.6472501467,-443.8273342112
16.9133333333,-11.5422371239,-0.7597581396,-122.7432940438,92.52414125,-701.8965830756,-6.92244856,-660.8389030682,-94.7076191921,-552.6065599694
16.92,-24.5094378905,20.8434507878,-50.2621572425,114.2117275,-717.7051952319,112.8746618501,-687.519701311,19.9668747461,-531.3818988466
16.9266666667,-20.9443221753,7.8928848199,-70.634987366,94.9667325,-727.4475694756,69.2655321974,-702.9514609155,34.8796140495,-650.4280453894
16.9333333333,-17.2892827908,9.4722571566,-51.1156511082,83.542695,-748.5111538881,74.5423775025,-728.5745324782,95.9939257784,-623.770365523
16.94,-23.0882679425,16.7885743509,-21.0751982976,89.616488125,-739.2112308913,112.5689302075,-698.6534657378,133.0688648876,-603.8885855006
16.9466666667,-19.7021375401,24.6053970058,6.0514948627,90.2086759375,-734.4252391881,131.3848564112,-701.6026009345,172.6782583231,-617.2233284827
16.9533333333,-23.916292633,3.5909361714,-43.860558096,72.478704375,-721.5673057381,64.6483193213,-683.8918343497,58.0604072875,-564.6593588647
16.96,-17.1597348062,8.9597579962,-43.2113634785,64.3484884375,-717.0404283069,51.1488519625,-683.2140890738,64.4004263662,-605.743483985
16.9666666667,-20.7865413113,26.5154824291,-6.9678834421,79.196581875,-684.9262763069,106.6616205262,-645.0145392979,48.4096121423,-520.8772295569
16.9733333333,-23.1013382066,4.0505445466,-60.5381259791,60.0089203125,-670.772023635,30.5491662788,-634.1315032487,-32.4869492631,-559.0330672757
16.98,-17.7948686072,15.4149013273,-40.8798497002,62.6757934375,-665.8238349006,43.23392605,-635.2368714711,6.9684526898,-554.0840898932
16.9866666667,-24.8333898367,1.2462435899,-64.5357588532,48.4665165625,-644.8527834912,22.76531626,-607.7971353152,-124.3655082319,-500.1982544012
16.9933333333,-24.7470556247,22.010275334,7.472081016,60.71220625,-630.3180989444,89.44357045,-602.3648749944,201.5777397099,-528.3799689606
17,-28.4444398522,-8.0382328889,-60.4810585898,32.077070625,-608.8931076287,8.35503843,-571.6608735032,-50.84858355,-477.3691961462
17.0066666667,-34.9665085438,-7.809776461,-49.9717262098,31.8542065625,-606.2627881006,27.238220615,-580.4182799271,-7.8791617149,-470.7670383471
17.0133333333,-25.5732579269,3.4774111149,-29.3358106983,35.0642065625,-584.6956297225,32.9645470738,-547.6704775264,7.3893398816,-439.7863492533
17.02,-31.2995177523,-0.2412040109,-24.9700446954,33.20682625,-580.4971704881,39.4498345263,-550.1927710081,41.8904156644,-489.5269045213
17.0266666667,-25.4038722342,3.4734641588,-27.3400364155,31.934760625,-560.5514932412,25.7640471775,-523.9895254619,2.0186840396,-415.4238808847
17.0333333333,-32.9199480198,-5.3247861645,-28.7130201268,29.3142534375,-537.75022851,25.0667379075,-495.2665757605,16.3057381094,-388.5359830728
17.04,-34.9523605501,-7.4658288353,-29.885337759,21.2065634375,-544.85552736,24.0276164862,-512.9218511963,26.0042268163,-402.2723622198
17.0466666667,-35.5627317894,-4.9459812258,-25.1196030304,32.079661875,-523.3119265037,28.3211081437,-484.44995705,5.0397158137,-380.687120495
17.0533333333,-35.7521721657,-6.3848436241,-20.7629604488,22.599953125,-527.928660535,27.9373326325,-495.9863400864,32.7451117707,-400.8282682614
17.06,-44.6620342226,-25.1491788666,-56.2687874595,13.72471375,-515.172240035,-8.4184926688,-481.5226111296,-28.381073403,-387.919314951
17.0666666667,-41.1033431775,0.5107637502,8.1436305337,29.1579996875,-518.6719378756,65.7508434912,-481.415302302,87.4462131613,-377.2715835888
17.0733333333,-46.984459799,-23.8896577814,-44.7502886948,12.5573334375,-521.5281243037,0.4397873025,-489.387552778,3.1241898345,-400.1720948122
17.08,-47.4813661646,-18.4854266071,-16.4472978005,12.443990625,-523.9403256412,28.2073727475,-491.4672445451,76.1620698316,-419.2324079927
17.0866666667,-43.4835034492,-23.0441203842,-60.1543091378,8.86509875,-531.3570420006,-25.7477995825,-500.427354441,-60.2804840065,-372.1573904316
17.0933333333,-50.9234715455,-4.1907479667,15.6644104371,27.714995,-527.1521943881,74.8784310762,-484.3297820636,98.4533559582,-404.8712040944
17.1,-43.0178946829,-16.914319989,-27.6848338627,13.6645446875,-525.6930658256,-1.2180843062,-495.7353239363,24.1133014919,-405.0091202069
17.1066666667,-56.9579640561,-20.5184036186,-17.7426365418,16.08846,-519.1570032756,39.1131969111,-443.8994149751,-4.6420909211,-346.0325584788
17.1133333333,-49.5922205376,-21.9977702196,-35.1944392253,6.792695,-557.5945083756,-11.1752907174,-564.6342203482,27.1141369328,-465.530266177
17.12,-55.476174582,-29.7714900726,-39.6844414296,-0.866103125,-552.8652437975,-11.73364835,-534.5512215166,15.330526384,-446.3654946808
17.1266666667,-59.5652021173,-19.4767628169,-12.6641226441,13.807305,-546.782760285,31.7029958887,-500.6295697272,38.8779730265,-394.8363874476
17.1333333333,-63.5512655553,-23.1739357596,-12.5047037699,7.8002628125,-556.2385887631,31.7065302163,-505.0771311887,51.7424940883,-400.1917693421
17.14,-70.7738800546,-39.8649581188,-53.0397191592,-2.1338684375,-571.80905906,-11.5267546287,-558.0783734491,-79.1244607166,-498.1252702801
17.1466666667,-61.306815245,-24.2644539361,-15.3430624774,2.6381971875,-582.8334469819,4.35306162,-544.6411297569,105.872715048,-417.743667148
17.1533333333,-73.5014123043,-34.6437304698,-28.7477607634,0.0318028125,-590.1867386131,6.3066830025,-552.979201334,31.0770428745,-438.1054475264
17.16,-74.6624680108,-40.2914672759,-55.7521558478,-10.1026665625,-612.6479226569,-28.1343961075,-590.5084622677,-39.8733309897,-471.4783822117
17.1666666667,-75.6020118876,-27.5967425686,5.724672959,-2.4829109375,-611.4598604162,36.545413495,-568.7058250072,102.7062303974,-479.2785028203
17.1733333333,-77.6591863641,-29.3319098649,-21.6475159524,-1.6349296875,-624.0969296538,10.6349797425,-579.2268790227,21.6164112644,-472.6286127033
17.18,-78.5331743545,-46.4828018737,-59.8586179177,-20.534995,-645.3442950537,-55.693602685,-630.8891608433,-38.488807621,-521.7475769927
17.1866666667,-85.1212941197,-26.9160028904,-6.3130756342,-3.152648125,-638.3842457225,33.7449222687,-579.9000371703,34.4527144707,-468.8111962449
17.1933333333,-84.0172001157,-40.7340564376,-41.38218533,-18.15644125,-653.2772617819,-31.4120479149,-626.4474528288,-11.913437989,-522.1354263378
17.2,-87.8026185214,-35.7350634319,-33.7318220316,-11.6297840625,-662.0003217975,-15.9892399725,-630.1296431921,-17.6249737905,-525.4810011456
17.2066666667,-95.0882506983,-44.9266904667,-36.4790545017,-19.768413125,-659.5696118944,-17.9011853975,-618.4047489731,-4.7229941315,-512.6821091939
17.2133333333,-96.5746684389,-47.5080061209,-43.4479606411,-28.108798125,-671.7644933194,-31.0099196399,-631.1869442585,-20.9801017139,-525.0322908443
17.22,-97.8321620081,-48.3565231261,-45.521038681,-33.498413125,-676.2996034412,-37.2328685801,-634.864925336,-21.9810118662,-529.3986531002
17.2266666667,-98.8350142215,-47.8091258209,-39.8734948952,-38.14201875,-687.4193211069,-38.6068822725,-651.0966569843,-19.1082723465,-546.3916756253
17.2333333333,-97.7129778225,-44.8256404956,-30.2480206568,-39.98,-689.2824137069,-35.9330443175,-654.7467533728,-10.5282753813,-562.8980243519
17.24,-103.0695360927,-41.5232542244,-4.5142802259,-44.51548375,-707.1521089319,-11.2171075188,-686.3171037833,46.9875569051,-583.5551185427
17.2466666667,-96.4359537676,-57.0814065904,-69.6297489534,-64.34297625,-696.7997087225,-96.8725397325,-645.7841001349,-94.7988742844,-528.5696609449
17.2533333333,-101.2409860456,-28.2095304849,17.7350862987,-43.1671459375,-709.5490633662,13.9418819562,-665.115175988,57.406004434,-565.8379429232
17.26,-106.7475846056,-62.0005666959,-55.4174839818,-76.0359340625,-715.4113267944,-89.3319636425,-676.0216517326,-55.7272208345,-564.5299137076
17.2666666667,-102.915697415,-43.5448909414,-5.9099804717,-70.302356875,-718.1999051381,-41.6603895062,-688.5757378075,23.7192520559,-608.6240724949
17.2733333333,-109.9323518604,-53.6634480158,-29.4553561914,-77.9054084375,-721.5817016506,-65.3556480575,-684.3972520748,-19.8415321115,-589.7081221736
17.28,-109.6547284157,-44.9695015045,-8.777521585,-75.4069484375,-726.9344341475,-50.4753382475,-707.9760084124,-5.1316605576,-622.102560583
17.2866666667,-107.3120347953,-45.9674476342,-19.7525052224,-82.7481971875,-727.44504231,-67.6580120725,-676.6116477853,-19.7033149883,-549.0762253154
17.2933333333,-114.2222314258,-50.2977332968,-28.6978656257,-89.594375625,-726.4175081506,-73.5262669125,-695.2163651695,-78.7719776806,-567.7164506695
17.3,-108.0730116696,-42.3554370422,-4.1704457052,-91.444760625,-724.2383310225,-69.2541350175,-680.7605233204,45.3229825784,-621.8030636302
17.3066666667,-120.6620989533,-54.7037243794,-33.7308646514,-109.0787696875,-748.2356836631,-100.2875630387,-726.8989912713,-59.2640216984,-659.1883435364
17.3133333333,-115.8877809188,-40.9119996019,-16.4730270726,-89.248995625,-723.1802069944,-69.8467737888,-666.7723447921,-42.392011385,-541.6945472857
17.32,-113.8095633947,-45.2056114649,-23.9404875483,-110.2757934375,-721.2322603225,-97.7260330575,-678.5325470923,-49.5275145795,-565.4228292343
17.3266666667,-116.1316117797,-42.0309021806,-1.8656048998,-114.1777653125,-713.1485329725,-86.33725997,-706.909224084,-12.1966186099,-668.7951795035
17.3333333333,-115.9867274449,-41.5114327704,-16.2538287735,-118.01317375,-705.8817586694,-92.8491317988,-661.8409452713,-39.1350419808,-538.4007753413
17.34,-108.0274595816,-35.2042436802,-15.9792639686,-117.209953125,-679.441794635,-100.829344185,-635.2973975172,-54.6808191751,-548.1605761153
17.3466666667,-107.8328353309,-34.9792526154,-15.1733808023,-126.6549765625,-669.2260937194,-106.9565791375,-633.5541063765,-50.6314699254,-539.4896800275
17.3533333333,-102.2005613866,-34.079250186,-34.6813628575,-131.41278875,-641.8103903475,-123.9516514775,-591.2171390325,-116.7766743395,-463.5697480971
17.36,-102.2842221966,-24.3387820745,22.6533831916,-132.276300625,-626.3414074819,-77.5646625362,-609.2786532139,31.1086632478,-552.9438121879
17.3666666667,-89.81806001,-19.5377295362,14.0461294488,-137.2963475,-595.9227078756,-96.6736500163,-564.548453761,9.8762991615,-493.238718187
17.3733333333,-83.194975685,-19.6554640314,-47.6163750895,-136.522356875,-561.5816576944,-142.7886860637,-513.2667040579,-187.8885423595,-387.1473394314
17.38,-83.7092605975,-12.4484187721,30.6427289279,-130.2184415625,-524.7703649881,-61.9791194963,-484.2979232799,44.3767194457,-381.8311276299
17.3866666667,-68.5316703158,-5.7480686797,14.3869241148,-123.32106125,-467.3520325506,-77.09590322,-428.0045916614,-3.5896709241,-355.6670187158
17.3933333333,-60.1962640582,-7.3249287293,17.0593318703,-123.0136340625,-404.6453584569,-64.8878143837,-355.9505848921,45.6887385923,-218.0319218347
17.4,-54.3876538707,-13.4617931905,-4.9427525006,-116.8340659375,-339.1537626662,-70.392800785,-296.4572832693,-55.3326871091,-192.5630672252
17.4066666667,-38.3746127016,-2.2727668404,19.6942329965,-98.0512303125,-265.0485097662,-38.298388305,-230.2003725256,47.654571075,-156.686302174
17.4133333333,-34.9173743233,-2.5501744485,21.8668886396,-75.0460378125,-211.0993875038,-15.0607640437,-177.2840557414,49.7341796125,-72.0213625336
17.42,-14.9857159527,15.1495204789,56.8659257443,-33.242845625,-138.1948843162,24.2424263237,-101.861749104,241.6080154755,-103.8378596922
17.4266666667,-7.6182831666,18.3481391427,35.6268727583,-17.8857934375,-106.77722336,24.9415076412,-86.0079209956,-41.9957502047,27.7146644246
17.4333333333,4.5926824044,-7.0534412348,8.2727077956,12.84739875,34.5492274119,32.75412966,94.5586858306,75.0228171481,215.3333908127
17.44,5.82421307,-12.6310289617,-3.1865143476,9.8779528125,39.8687777056,15.8799783263,98.9995041414,45.0438576863,175.4903259779
17.4466666667,2.775478308,-6.553085776,7.7138092787,7.2721125,18.8184360556,18.5555473312,55.269963767,60.1164426172,112.8130226522
17.4533333333,-0.8204809553,8.6686004033,50.1087725357,27.6946284375,20.428602965,103.5490057988,63.1160649425,116.4597036908,216.8381418479
17.46,-0.4246215712,10.4819066563,49.9736594543,27.3310228125,12.3214095463,95.6760663488,48.2159561307,103.5351637087,137.4148437106
17.4666666667,3.7989871358,4.4737824771,28.077596129,16.604656875,12.6480485994,44.1489866287,44.2675609771,69.2862621908,190.5398290567
17.4733333333,1.8219414627,5.5856104918,7.7318470176,14.1200184375,-1.4707578194,22.4471389275,39.7834008759,6.3643957155,223.3416413733
17.48,15.8426860744,13.280029947,22.7489300903,18.3382625,23.8920507556,34.43902049,58.9709095572,12.4998294259,237.7571156064
17.4866666667,24.1279774948,22.6287523498,24.8829156883,19.672346875,25.9496199556,27.4226634626,47.7042308731,-7.6710468874,204.3703919311
17.4933333333,23.9255337373,19.0151124941,31.4629092393,18.669943125,23.3052718431,42.1198980074,91.6950224324,-3.1006853866,330.936624764
17.5,18.4631339772,12.7347054905,29.9331268111,22.7629946875,36.6481285212,41.0675789088,63.720373907,30.9643778449,222.3896579126
17.5066666667,24.8506697994,10.8152918032,5.5196191421,21.7517459375,40.0135437213,7.5353176775,100.2852069329,-55.7209472786,318.7804492727
17.5133333333,22.9876521628,15.3616288824,32.6338477899,18.3992953125,28.44554019,25.972372965,52.1818845154,17.968876527,195.6930528478
17.52,19.5139453658,10.3046855659,-5.2023715006,18.197539375,26.13159644,-9.6266413287,73.7064220501,-78.6920101767,249.8853962221
17.5266666667,20.5664987132,19.4795348835,27.034581253,12.847830625,18.944473565,22.5291187675,21.5636538853,-16.4681010846,133.822600782
17.5333333333,23.9076939182,21.1427483601,33.9175402411,24.2553515625,26.3978796962,36.0526238325,51.8120859396,-11.2179530295,166.3153732602
17.54,21.6714609668,18.1522619384,13.4617876442,8.73893875,17.2482533244,3.5943454525,31.2928150966,-67.4215945474,172.2346267199
17.5466666667,20.4245606092,17.1360778306,33.8703334756,6.0879059375,17.3475294338,10.9207763712,32.8650400395,141.8457633553,118.7792036745
17.5533333333,21.0462487926,17.2849547853,8.8222780026,7.042544375,17.2501102369,0.44739032,32.9422167409,-123.9393957882,167.2222597525
17.56,19.2541022993,17.4722304966,29.5510128125,7.527351875,20.5261906181,17.00808017,18.7999075759,25.5252585741,80.3922953599
17.5666666667,13.0268844409,5.1610327768,4.284888704,4.73528625,23.9179862056,-5.0416176337,40.7514959038,-33.0337339837,165.3965696158
17.5733333333,15.1577358453,7.3547127368,20.6033049466,1.011680625,21.0629086681,-2.0736760988,35.3713854335,110.2072594372,118.9249792229
17.58,16.1373225196,3.1398890299,-0.8887050513,-1.8459625,28.1514003275,-12.6412128962,44.6365733292,-119.6267265062,140.5798447308
17.5866666667,11.3122607437,6.6974635703,20.4451398911,5.7464128125,23.7427210088,19.3308443437,44.6322038089,32.1421199197,88.6159525501
17.5933333333,19.6557360761,17.3220692474,34.266536626,12.50461,30.4665949806,27.619670755,36.0691419006,18.711904681,169.7699315616
17.6,11.3474185845,5.1613717901,7.1529569117,11.7455959375,24.3376413181,2.77015408,41.2723637765,-23.2453519401,93.0060820499
17.6066666667,26.8482998612,27.6363691641,51.9642526944,21.4112203125,31.2094458213,46.1034024676,43.1633655242,46.8348666496,153.2631911252
17.6133333333,23.8853817768,8.6880695576,-1.8298539899,-3.15923,28.5049489338,-36.1933025563,50.6934842965,-89.1996001723,170.0651510239
17.62,17.1349849515,7.7405762498,2.2807811728,-2.168798125,22.8214312212,-22.4603240912,32.1673732794,-31.7350058553,98.3824253178
17.6266666667,13.1180755046,11.7894782618,29.7813013216,12.1728071875,29.0185934431,33.8356028088,42.3503126566,9.0652429368,138.2419791418
17.6333333333,7.8432724756,2.6819992346,2.8580647088,1.229276875,22.4343784275,0.3003271937,37.2413008294,-41.3339512302,112.0438370524
17.64,20.648312176,10.4560834785,16.1938511336,-0.6865634375,27.6401600306,-7.89894431,53.5280917433,-29.814463394,137.5144093271
17.6466666667,0.1770043759,2.1536277296,-0.6408021217,5.5146853125,2.3380111025,3.423576825,8.9338734222,-50.5343343871,116.1485581008
17.6533333333,0.6391421449,1.3728436103,2.7019672471,6.666103125,8.0520734994,7.940979675,21.7172040253,-25.883912547,80.3444395944
17.66,10.801586615,-0.1393187264,2.2750595066,1.847258125,32.5791047775,-10.55013896,61.0453188398,-57.1626347781,133.1565876566
17.6666666667,10.3113333232,11.0234661475,28.8193736053,13.9386475,38.4344958463,38.6790262075,48.6545834412,2.3898808675,108.3768848052
17.6733333333,12.4841168697,-7.5983042321,-20.3119922227,-9.4687228125,34.7484763275,-50.244560955,54.9370102343,-93.8554497088,135.3010414385
17.68,14.4513136286,16.8995093183,34.8100172629,18.7536240625,35.2323684337,40.7771164637,51.3703707848,0.8519549958,90.097756367
17.6866666667,10.6710616011,5.5863469638,9.368087554,9.021680625,30.0356634463,-1.3638990751,58.5877762029,-50.5637423071,143.8083508239
17.6933333333,16.6684876763,9.6558432372,3.4092409821,2.9543471875,34.9467571213,-8.6493615087,48.2804197441,-73.3212108687,95.9179385983
17.7,6.3304022058,-4.9668339085,-7.0105702492,-6.050816875,31.2907223869,-19.6741165938,67.0685089361,-78.9771608897,150.0487673699
17.7066666667,7.4510194072,-2.2219099137,-2.6505948862,-2.4921878125,34.191953465,-12.9982588938,59.9755629624,-70.9827739038,121.9287117216
17.7133333333,16.0508533726,5.9693705791,10.5594141536,-0.3755775,46.8156506869,-9.9278232599,82.5623426861,-75.087315408,155.5513685213
17.72,2.8666816905,4.6649299251,7.8427203334,9.5479996875,42.2747581962,18.11610294,54.2006150679,-36.7697498879,68.1555102998
17.7266666667,13.3782706734,-0.4234392396,16.7997465841,-4.3186290625,44.1475334213,-15.9635380375,86.7864879008,-12.7417815596,148.8963451676
17.7333333333,8.2631854573,-6.9673320929,-10.4502557681,-8.63413125,59.6995068275,-43.0456923712,99.829131122,-31.2381087471,226.5331936543
17.74,4.3472974586,0.010504539,9.6122743152,4.7546853125,52.6943676619,2.6472521862,94.7947645354,-126.18039737,150.8647161052
17.7466666667,12.2682577384,8.5859245631,18.963861125,3.5462253125,56.7038604744,1.0780954063,78.0546309237,17.5987702484,47.0258992815
17.7533333333,10.4232998924,1.7231250579,12.0946883787,-4.9246384375,53.6742974212,-21.3612175676,110.5098496115,-94.8177387056,260.1856749755
17.76,14.2800723592,10.6426254608,10.645696811,2.8965634375,48.120769565,-12.450151715,94.0360401734,-119.388321365,85.0871111564
17.7666666667,1.0244055793,-8.4881153087,-5.2484747707,-8.120525625,25.5857427462,-42.1799409675,83.2065256076,7.0151678687,238.4244349292
17.7733333333,3.8555620309,-8.9266759165,-12.884656807,-16.8531921875,45.35423994,-49.0135078888,105.126066034,-94.5039518549,183.350386966
17.78,5.5823440926,-5.636207698,1.4266636256,-20.0611734375,39.5144369775,-35.809008285,83.9014182271,-27.585362433,160.0023625531
17.7866666667,4.0681814221,-16.0378111578,-29.036658878,-28.865999375,44.3758115994,-79.8758312863,112.6307984089,-134.7616841143,245.2632716125
17.7933333333,1.205398252,-11.2565672779,-2.1207637697,-21.08912625,20.0207586556,-35.2107161324,59.0382708221,4.8612116116,111.7160276579
17.8,0.3095525542,-18.1515458313,-26.6902486654,-29.08845,26.3699188775,-71.3793700913,87.1053883969,-89.4387236333,199.3870603945
17.8066666667,4.9755752868,-10.0638188852,9.330698319,-29.81123875,42.7516233306,-50.032024615,95.2199615206,10.857042341,234.3804566489
17.8133333333,7.7666251379,-4.3853193821,18.7470095854,-27.6243371875,54.2558929087,-47.8451230525,107.2316475129,34.5191641595,194.4766498635
17.82,-1.8255678658,-15.9265864728,4.8835983429,-31.10768,41.4318959838,-52.1299278912,96.5506481057,0.0715224048,279.5409978029
17.8266666667,0.5838741551,-16.7919804697,9.0083737843,-34.7999146875,25.7413201025,-47.2074175013,68.5702622825,64.9551581346,181.4219555585
17.8333333333,-1.3627973285,-30.6314654676,-27.7582359445,-42.9660646875,-4.732906285,-85.4342237137,49.1272084157,-40.1639291617,268.8275912573
17.84,-2.9350492322,-34.7698961706,-46.7609305555,-38.8452009375,-9.231919885,-86.5869956437,4.2529633082,-10.8603316237,60.4497966907
17.8466666667,4.0046174679,-21.4315029728,-17.4749576577,-42.0715953125,13.8419072119,-66.0112893575,23.5189984539,-20.9351050415,186.7905888111
17.8533333333,-5.5410369497,-40.7650178491,-53.149440826,-58.3769284375,5.502766815,-101.3340492625,29.7816799433,-37.5167583806,133.5082983689
17.86,1.8655175975,-25.4677646549,-27.9470016299,-44.4346,12.4333605275,-79.7782202575,34.9107409388,-46.1237662914,207.5050671795
17.8666666667,5.7812124113,-20.4450207696,-17.570110035,-45.578590625,13.4753872681,-77.7085891401,46.5534283818,-10.742924918,200.7082290816
17.8733333333,-1.7246279401,-23.5787998017,-18.5585716626,-29.81566125,-6.342467185,-57.0008489512,21.7738321325,0.8866109407,157.4330046989
17.88,-0.7292754105,-19.2283678491,-17.6337614054,-30.058065,1.4738417337,-54.277609995,30.4121099332,5.927336739,137.6743752916
17.8866666667,-1.5695313241,-22.9998307367,-28.4026006972,-31.8154921875,0.4090832619,-64.634234985,27.7760894344,-14.923076985,122.5530423814
17.8933333333,1.38520245,-12.6952541434,-26.8305370584,-16.9682625,8.1544890837,-53.8736065313,21.3989880845,-39.7201296894,92.4937820801
17.9,-5.7662351321,-58.507562694,-133.572902498,-24.661680625,-345.6597047194,-63.6744577825,-320.4030778818,-66.9459254185,-240.205460697
17.9066666667,-11.2132403949,-32.0773976045,-75.1633538762,5.68085375,-350.4399079131,10.3380399762,-260.8496055093,-11.7005734037,-182.0867470323
17.9133333333,2.770146037,54.5999899075,92.2915373945,88.5158571875,-307.3438152506,201.3338808613,-177.9014005011,131.8045412053,-24.1681977652
17.92,5.6593665101,3.8326132232,-34.9613869806,56.782544375,-401.2163902006,53.4904088938,-332.1767635164,-67.3361114223,-86.2459330763
17.9266666667,4.9520435709,-2.0252313476,-52.3945954744,77.8452209375,-449.7601462756,47.2240854613,-423.8399928356,-59.1057143026,-149.2113843218
17.9333333333,6.9614344874,-20.3101450812,-71.0950323103,62.79376625,-448.1524548881,-7.5716456725,-401.2821773655,-42.1753460366,-185.6957479282
17.94,-1.7240164914,-44.7804657125,-84.5498415558,21.3165365625,-460.2077869444,-22.2508148062,-432.2163944343,58.1392292737,-304.1791259883
17.9466666667,7.8401477551,-19.7464244342,-42.5995243371,37.3084984375,-471.4799813756,17.4390809875,-427.4218871814,98.3664790136,-311.6182979994
17.9533333333,3.4720395716,12.9408004418,5.0349267232,76.884469375,-498.6402337413,113.4120146237,-472.6671496035,164.4677410878,-415.4382178929
17.96,-3.6618876409,41.604277719,39.8579301857,115.1090978125,-499.9088365194,187.04478451,-474.4919561447,187.264933924,-429.6863162579
17.9666666667,-0.6350881939,34.3446083539,-8.9082620809,107.418600625,-537.7285477256,132.4637059224,-528.2966292368,81.8979894445,-511.3500691723
17.9733333333,-3.700382159,-2.939850344,-112.0148921985,77.0203196875,-574.3361570381,-0.3957814474,-576.8811751292,-94.5487146994,-518.5690136138
17.98,-9.543159126,12.623210035,-86.2815993548,94.0933896875,-598.1493609162,43.1970528836,-563.6291467999,-83.4385713244,-473.0040224251
17.9866666667,-11.2633151733,3.5963888786,-116.4779895413,85.084235,-621.0185177569,5.4409867214,-599.0951878111,-115.0209851026,-552.552261312
17.9933333333,-19.6715637368,9.428326602,-98.3237329578,92.963220625,-638.982125535,37.3949276837,-596.032816352,-119.4532445984,-465.5310580681
18,-15.5602697924,7.2023838542,-99.8943613142,82.673896875,-670.864427385,18.401462025,-631.3817174296,-88.1248151729,-506.6800676854
18.0066666667,-16.8322241952,28.0355702718,-43.6955048327,97.10047875,-685.0160688225,90.43380723,-650.3540713318,50.335840308,-579.0822109258
18.0133333333,-21.1935545326,3.9715571894,-89.4657381965,76.525821875,-711.6979400256,26.2692554374,-681.1135263492,-40.6230256466,-537.4288424034
18.02,-16.6197390611,37.0007998295,-17.8743692282,96.2409575,-727.5238624131,116.8138891438,-696.2950219616,82.5747372719,-607.7366981606
18.0266666667,-21.6525473953,17.4571246448,-38.0308369926,79.6681034375,-737.7141877788,76.0051654475,-713.2192452643,108.9754991915,-643.9931173698
18.0333333333,-18.9669972749,17.8626151811,-41.4350258733,68.993511875,-751.6048254475,62.79014915,-721.4639211113,49.027259978,-575.17011153
18.04,-26.8642423324,28.8167431141,-1.6710922555,85.977305,-742.5497691225,115.196853635,-693.09924252,141.7733855809,-610.8575498622
18.0466666667,-27.2615856837,14.1077671726,-44.5293844373,66.4133428125,-746.7718427381,57.4293499538,-706.2365511707,11.4773023779,-555.9985162817
18.0533333333,-36.0959968704,9.6374475116,-48.3396626723,66.993990625,-728.3996942725,60.2783451887,-693.0911866718,25.0875797207,-592.8495571418
18.06,-33.3243254573,6.4773179414,-65.726949674,61.5965165625,-698.7886052069,28.274042055,-663.3093885267,-41.619846093,-565.1201196628
18.0666666667,-29.3698461525,27.9660567619,-16.7438526872,71.0207415625,-684.7975119944,82.4176715012,-647.2109943398,30.7535751512,-523.5447570008
18.0733333333,-25.628472057,16.5061389751,-39.5133954818,59.383511875,-670.6647735006,32.3918877475,-636.247521213,9.2075505354,-569.976366582
18.08,-29.9058036314,17.8979581293,-28.5939440469,54.2544225,-659.0681581162,50.5922618737,-632.7144922337,15.0109087358,-544.1604293891
18.0866666667,-39.7953342992,7.1398380169,-35.6038989843,50.21240375,-647.7645807694,50.4448355113,-619.8829209262,-27.0856333846,-516.9554685455
18.0933333333,-32.4152490283,14.0386032654,-12.4605651884,49.8393990625,-622.1682786131,46.3132770925,-586.585742517,137.4361969042,-512.9353215605
18.1,-36.5596312801,5.9182754383,-35.3813717026,38.8037746875,-624.7236653756,30.981940635,-604.7914205236,-13.384084281,-522.4967026306
18.1066666667,-43.1981703287,4.4965514561,-16.7957095084,46.50721125,-591.1141075538,50.6505600375,-544.5313846559,43.6223491756,-432.7006638773
18.1133333333,-53.3676420922,-9.2003626921,-46.0785085191,35.98163375,-592.411341085,28.5609193925,-564.2213321368,-15.5376121497,-438.5313772276
18.12,-54.2800078022,-12.060585163,-35.2298633126,37.484375625,-559.3424530538,30.4640035988,-510.1126277935,25.6562244609,-415.0639205161
18.1266666667,-50.9756876083,-7.3249897293,-31.7089125266,35.5490140625,-551.9384619662,30.4121944025,-510.0599480279,11.6450486586,-412.7294985983
18.1333333333,-56.6365553793,-12.0049520568,-33.0861368628,38.466394375,-539.1109328787,31.1576203975,-511.1261324132,10.8044519934,-396.994021739
18.14,-54.4464940955,-2.7416237509,-7.7772336431,50.5278121875,-527.7784218538,55.24019124,-486.7070757916,49.8713861761,-393.0770302756
18.1466666667,-56.530184569,-18.8312888818,-44.7648574219,29.82029125,-534.4817683506,4.9842968012,-510.0218149786,-10.9516801348,-399.5188555581
18.1533333333,-56.8000595691,2.8212413696,9.5184535637,52.927351875,-513.1093135787,78.1403677425,-462.6216904501,59.8371928064,-361.4310512419
18.16,-62.5150687738,-25.5287666251,-41.8523836089,27.8090425,-523.9211973819,3.1409586213,-511.5003385952,11.4143156313,-433.31531315
18.1666666667,-61.240757731,-2.935647236,2.7652302019,45.4079996875,-510.7766025975,69.57934813,-458.8002190567,53.1060172481,-363.2127375145
18.1733333333,-59.9495633687,-14.4469955183,-9.2021407392,35.40355875,-503.616144135,38.1041204175,-437.4587645739,50.0868766936,-340.3361551287
18.18,-66.0096351469,-23.0449896884,-31.9350207003,24.008319375,-536.2162249662,10.961046195,-540.0220804179,15.0610331309,-445.9988433141
18.1866666667,-66.8942566664,-18.1670905922,-7.6974171811,26.92201875,-526.3381175413,39.4399072162,-500.4351360664,65.3086469602,-414.4679471962
18.1933333333,-73.1716641993,-29.962473394,-47.6854901541,23.86759625,-527.9408386662,4.32156212,-475.7099229128,-38.3377130378,-356.8280294516
18.2,-70.8541162237,-29.9790886658,-28.5051948202,17.164281875,-523.4412055319,8.1880626537,-498.2750560611,33.2756270577,-413.6817889101
18.2066666667,-79.9360160319,-17.8803424088,13.1104621602,37.2763659375,-533.1390641319,75.60817245,-480.295251477,96.4253116619,-375.4806688506
18.2133333333,-70.7592668251,-32.8091753593,-40.599877099,12.8620471875,-540.6258080038,-17.6642499112,-526.6236514241,-4.5594417832,-442.3253371439
18.22,-80.2760341084,-17.3576182187,9.9300523794,34.629755625,-546.8020494569,69.387243615,-491.7361891644,30.4397349209,-392.5418080296
18.2266666667,-82.2903755191,-41.9371188318,-39.287681556,3.4888734375,-556.900119385,-14.214808605,-544.2916594045,29.272985853,-439.6406501599
18.2333333333,-94.4170383813,-43.8631747422,-30.7871698141,5.0254553125,-575.1954459069,18.4411989101,-527.0025306055,21.9067767822,-425.1654096235
18.24,-90.645620341,-37.0918978307,-11.4310377292,3.03846,-588.2279426413,26.5918042612,-545.1785867436,60.3433133451,-443.101905324
18.2466666667,-92.1554071537,-46.3389244449,-42.3197363406,-7.6879059375,-622.4548431194,-23.7085954613,-612.4333719625,-11.0914301213,-505.9813984795
18.2533333333,-98.9558488615,-38.3531615174,-10.2300791929,1.5446853125,-624.1678906944,30.6040970151,-568.2900739651,55.6916614191,-466.3554244255
18.26,-100.4595341787,-54.3774743442,-61.6044518449,-17.8070890625,-645.7530610569,-42.5707886825,-621.1067969149,-62.3629311604,-514.6737610158
18.2666666667,-102.3424887117,-36.3430684718,23.2262055068,-7.0496434375,-639.066231585,54.0254943087,-596.1910440355,126.9470286984,-514.6171379335
18.2733333333,-101.1592819379,-60.4182946979,-58.5115796587,-31.8483846875,-653.7977071819,-59.2574531487,-621.4370484312,-31.4121030746,-514.2943265718
18.28,-107.2393993282,-44.1408175844,-22.727363244,-16.7573334375,-668.829680285,-3.7823550862,-644.2155057186,2.6848298498,-521.6348653824
18.2866666667,-111.5233460234,-45.5384287879,-14.8605646392,-17.92029125,-667.5297386912,8.4463324225,-618.4267325532,33.5338968266,-518.729795283
18.2933333333,-97.9298202651,-43.1159157665,-29.267667828,-34.136103125,-676.7978199913,-43.3688523838,-653.8156895234,-23.5767099058,-530.4077134862
18.3,-113.149311199,-50.7352052921,-27.620612839,-31.0565634375,-679.7143116569,-21.4716684,-626.1522071233,24.3099409199,-522.2061494431
18.3066666667,-113.5018627001,-46.3027024282,-21.0025691197,-33.6377184375,-687.0010263256,-17.9940503325,-645.9264075621,6.3123387315,-533.6904224859
18.3133333333,-115.4770738657,-55.0569165291,-44.1074645048,-52.930046875,-708.8219932038,-50.63837854,-674.1393800264,-123.384740278,-578.5466906487
18.32,-119.2551349551,-52.634994874,-21.7016303258,-53.9709390625,-718.4985194475,-43.7369452937,-683.6662326537,97.7315415823,-566.8255740279
18.3266666667,-117.2897274261,-54.856016253,-27.4659205956,-65.99086375,-719.3354183944,-61.1105741275,-682.9733419297,70.4748610984,-564.2829547868
18.3333333333,-121.8724484805,-53.5809508521,-27.1185834482,-66.1385821875,-723.5806886631,-48.3797073187,-689.0780507412,-71.1710896628,-632.726876049
18.34,-117.8183199917,-41.661027827,-10.5754936184,-62.2184884375,-719.7764060225,-31.492408855,-681.868627251,-73.2213751989,-614.6579317338
18.3466666667,-121.1860374371,-55.8536079271,-27.5755498122,-81.782450625,-720.7546218069,-77.4393193538,-690.1350168735,45.2880609561,-556.3364619351
18.3533333333,-120.3359525485,-35.1504705404,20.608418381,-63.1779628125,-708.5270675194,-4.2981002962,-662.7393389814,52.5643628618,-606.172985991
18.36,-117.6346927115,-48.7789305705,-20.3983249999,-90.5379059375,-720.2758227569,-87.877767185,-687.1374271216,72.4312485731,-540.6033469432
18.3666666667,-120.0745566085,-55.1885001863,-61.7342624066,-95.116488125,-711.9040474569,-108.3083509625,-667.0474840868,-269.6399962566,-577.7425460366
18.3733333333,-122.9389874062,-36.1529173562,16.9736859762,-82.714235,-701.6029779131,-32.5377370287,-665.1248721351,116.1554381431,-567.5394754809
18.38,-116.6539433264,-44.6219937643,-13.2666858602,-105.9822815625,-699.2426482413,-99.9724824112,-708.4360153887,-34.666223987,-719.8333372971
18.3866666667,-117.5411575268,-42.6352630016,-22.0043200053,-104.031201875,-688.2838776287,-91.3049799238,-626.5520920855,34.594445706,-449.1445421514
18.3933333333,-113.4249895413,-29.5506848365,-5.8395368758,-102.52231,-685.3254555881,-76.9975712687,-656.0535817354,-100.1795412825,-593.1942695818
18.4,-115.6387544514,-36.3119772812,-13.1616962774,-114.6849765625,-674.1863908069,-95.243109175,-638.1281314166,-32.1336104951,-565.6584688226
18.4066666667,-114.3947501162,-36.0502665118,-16.5581948228,-124.4325728125,-659.1115330506,-100.17415963,-621.2300447211,-44.0928718121,-520.9304188401
18.4133333333,-103.259232863,-26.5072653847,-19.6131787778,-126.507549375,-630.9009316506,-103.8038636925,-596.2843710711,-165.2018782185,-506.7322975497
18.42,-102.0907578885,-22.6027344157,11.8378715445,-126.201108125,-614.497682285,-97.1020508712,-575.1128501994,186.4456599649,-473.5439327508
18.4266666667,-97.3389055036,-23.7927687511,-40.3905508158,-130.6797371875,-582.295690585,-117.6487886463,-547.9852558503,-302.6524139405,-475.0277137485
18.4333333333,-97.6010277832,-23.9768579416,28.7833716697,-140.901586875,-557.7816695287,-88.594334865,-539.9812747984,235.612368819,-485.1138598126
18.44,-88.281911043,-23.5844137236,-26.3367695081,-142.284281875,-512.61816196,-106.5737459275,-462.238219258,-155.2812119755,-355.0651972642
18.4466666667,-77.3046968357,-12.5326219429,15.9562762228,-137.127070625,-467.4227095663,-77.2622882375,-441.4553312784,19.0140216205,-366.622494921
18.4533333333,-71.2825005811,-11.7064661479,-32.4460918158,-122.79375625,-423.3150512256,-95.8176793975,-368.0400489899,-175.7887294315,-288.0696828131
18.46,-56.9723764815,-6.0941074959,45.4028832613,-119.183803125,-357.0518047788,-37.0561003012,-292.5258629725,275.9750616248,-108.8596782463
18.4666666667,-39.9542143723,2.6473935497,15.9436083085,-107.4939721875,-289.2188592631,-46.034039385,-258.6484770024,-51.741353763,-235.8506769216
18.4733333333,-33.019864146,1.5372726658,15.5099312009,-85.096206875,-221.2140259412,-23.17141055,-182.5120301736,-29.5865171299,-79.5788965176
18.48,-12.4644763732,23.6330811882,61.8972405748,-38.6163759375,-165.4831909319,17.8668741375,-132.6970110381,180.1051562654,-34.2255721725
18.4866666667,-12.8084631266,4.950040498,5.6994250683,-41.80471375,-118.3905429662,-12.3527333538,-69.3766615821,-12.3030221956,59.0071646511
18.4933333333,4.9560196842,-10.5032150615,30.1120513295,5.81769,39.7154573337,41.24682027,80.981431958,150.1402954679,126.2609848844
18.5,5.1968597997,-12.9579976952,-18.4926113737,13.3928071875,38.0192370931,8.8809879825,109.2597360264,5.6592315045,210.0969525732
18.5066666667,3.0223488876,0.9914108949,17.7776498542,15.75624375,15.3750907869,38.3479890525,49.4700402901,45.8164987427,164.7774647713
18.5133333333,-1.6891211172,16.7858271491,79.9955138849,36.7847690625,19.3202118181,138.6132014025,40.0724899164,212.3869270724,114.3592136951
18.52,2.2615196102,-7.3156791468,-23.8274361465,1.0302159375,7.0545820681,-14.8217856525,51.3699992109,-92.1818162925,218.2444649241
18.5266666667,15.7638456294,21.2084471278,57.5540638817,30.02969875,30.0811078494,91.0659683087,58.1424708706,101.3893187867,211.8891666352
18.5333333333,23.9021267805,14.6419770911,17.2304547855,9.86297625,23.3909126619,7.1219916675,67.125561347,6.5609657416,253.1215423448
18.54,21.7758427532,14.7738841721,5.3038900275,16.5449196875,23.1331913056,10.6392872788,75.7946966139,-40.2199617513,301.0298250993
18.5466666667,27.0579168184,24.4004893196,58.3736461972,31.4518865625,31.1631249087,65.5198529062,75.5583773086,77.8695248722,252.8710026029
18.5533333333,23.4947535761,20.980161138,8.5185451302,34.5271259375,22.3220215525,20.760013925,72.661852285,-83.275970977,307.272741889
18.56,14.5248115149,7.9272904074,33.6380634643,17.4857365625,23.9337939337,43.0827701225,67.8013718201,54.9684712806,199.7904406073
18.5666666667,4.3670811218,6.3631359822,5.1589660872,21.33153,-1.8749660725,16.5717317588,49.856034827,-49.8565785173,276.248012975
18.5733333333,15.5135862711,12.5734689262,27.6860564359,16.30951125,25.706384115,37.1226482925,53.4282723866,1.7614445686,243.781554743
18.58,16.5869741119,21.2476509083,22.8769219532,13.9312203125,8.6128322869,21.9139686612,13.751059839,-24.9423485508,131.2680269334
18.5866666667,13.9512054059,14.9474912869,28.240923334,11.0571828125,14.21674299,24.5770931525,18.6210614257,10.2768500345,170.5052458039
18.5933333333,20.1877502247,12.9566912352,9.2705233095,3.95047875,20.3860287806,-4.920796365,43.9286540595,-36.6223119809,149.6569751139
18.6,19.8275603906,13.0385222646,17.4956255465,7.252159375,26.7193098056,6.9077872337,41.1820932754,-17.1547804364,166.4741222008
18.6066666667,14.6893806585,6.0630318998,4.480826705,2.832835625,22.4402450244,-11.2320067037,35.4445386264,-35.2211912356,156.6072273606
18.6133333333,16.5639623749,17.2637701435,34.696268412,16.0760746875,18.4631284494,36.6808782449,34.5272035078,27.4559076389,120.5829255832
18.62,15.0264641225,11.6452355388,23.0494463832,3.8071828125,21.2157261587,17.6559180188,30.7379743154,11.5059376148,147.158692016
18.6266666667,16.8341268442,14.4858212196,21.580006294,6.4647790625,11.552590065,4.0207474325,21.1840578285,55.0480675205,119.8652304369
18.6333333333,22.207929801,23.7321797061,38.630980153,16.964271875,27.0180207837,49.90272869,28.999140938,-66.087606112,39.50976308
18.64,21.9365810355,8.1256339962,-10.6893220005,-6.20297625,14.3706051275,-54.8729432737,27.7125855425,-55.7772129097,157.1474476877
18.6466666667,21.5525868582,26.5675136202,66.5154462357,29.7630415625,33.2297779494,78.225452465,48.9918471909,127.9839544249,139.8499038488
18.6533333333,25.8044266987,10.9333374148,21.2286490751,0.24240375,37.1143632119,-17.4208553775,45.6296143668,104.5726935526,142.633863912
18.66,17.2650534667,8.5443765371,6.9484200263,6.96124875,32.1629048244,8.6045957175,55.1898269915,-133.0840405725,81.7199881589
18.6666666667,18.7846159243,6.7088727024,4.8153331276,3.142835625,32.6067551275,-16.707925095,44.8668784116,-41.064025317,185.6444064936
18.6733333333,8.910803091,4.2670191894,22.2715844965,7.71615,26.6043868806,23.03954424,48.5302510322,28.261583028,97.7116564221
18.68,15.9045245877,6.1693044631,5.0210045355,1.2446853125,29.6415321963,-10.7679167163,46.3501972761,-42.0551726823,166.2556671525
18.6866666667,5.5142841602,-2.60881982,8.029109599,-1.10990625,26.3535830681,5.8467219488,50.7822475492,-25.9518487853,144.6078236201
18.6933333333,0.9820066324,-0.611407468,-3.8368819727,5.81769,4.3742026025,-6.5074122562,27.6912369211,-48.9228660201,112.1410518733
18.7,1.0381890364,1.2974263852,9.9349847635,6.4843003125,5.2432200462,9.0651479625,22.0778180536,-3.9426050476,114.7290271967
18.7066666667,1.0095616379,-2.8940258034,-2.5865293728,5.09047875,9.5477046369,-7.5230254575,43.2293298342,-52.0618558274,150.5654517703
18.7133333333,13.2641216824,8.4271862517,15.5815288758,6.4639153125,26.5857489025,9.9744900074,39.9369799461,-8.4754512047,70.3895881995
18.72,17.5239496476,12.8574404788,20.4245750233,8.3018965625,32.02828744,9.3521149888,40.6518253652,-22.2026343511,102.229063082
18.7266666667,10.4148656118,3.5422399696,4.9176728329,6.950140625,33.4410436056,-0.8709160637,55.5683227049,-61.4427784878,129.1576699529
18.7333333333,14.0639979044,5.2683983769,11.4759914005,1.580046875,39.3115397244,2.5260985587,53.8913941749,-35.4224525793,105.2773710621
18.74,11.902035373,-4.3743150141,-10.7493767133,-4.153220625,36.8285519431,-36.9626350575,65.9046078672,-90.8968742895,161.8485894283
18.7466666667,-1.3845404223,10.4983638836,21.2672050662,18.3620840625,10.1137173931,46.34873379,27.816786182,-6.87771324,75.2833933406
18.7533333333,18.7645665429,5.3493231568,11.9611371545,2.7522815625,47.2082416337,-13.2839552363,70.4290383201,-32.6855100443,120.0921685029
18.76,0.9030421385,-9.8330196857,-38.4433954511,-2.545239375,8.1399448587,-52.0555366125,37.7578233166,-160.4850410025,122.1001674796
18.7666666667,10.7294662971,9.0851432704,26.3905675045,4.7636525,38.7400475244,21.4256671176,67.0217931688,-12.1790756905,135.8272699785
18.7733333333,7.7363886898,-2.02765234,-1.1038710426,0.6958403125,42.4250548212,-16.0851109588,76.615464593,-71.9959605208,147.5739079838
18.78,7.298136048,8.1376802347,26.9119634692,5.2979528125,40.1225095213,26.7042183963,66.6733770399,-10.0725697318,113.0001783615
18.7866666667,14.9512803683,4.1067855651,-11.5656468973,-4.872450625,34.1116508431,-37.0724118775,56.7599191276,-110.1643845235,113.3080446935
18.7933333333,15.4866240264,6.1189033143,6.0841638886,3.712065625,49.1334112306,-25.4025389037,99.7720605886,-80.5819242837,157.3797439791
18.8,9.0731413967,-0.0326844395,7.6363047226,-5.6150703125,45.7647787869,-11.4414116188,71.9233108209,-39.3104336728,134.1311700849
18.8066666667,14.5688735687,10.5674084125,21.533035827,1.98086375,53.772761265,-7.8038137713,101.2577391729,-43.7520825991,148.7035149891
18.8133333333,9.7091789209,4.0924667196,16.2223664972,-4.872450625,50.0983201681,-11.6440662512,98.7047074745,-55.3520101232,176.7647448653
18.82,12.7082561006,5.3898619606,10.7923006802,-5.211680625,53.2676651306,-25.1425098113,103.5009970294,-77.7582197573,182.5834272363
18.8266666667,1.738309176,-10.5292502416,-6.7876766758,-14.85778375,51.4654963775,-42.8910753025,106.3039777731,-49.4813545346,170.8470778641
18.8333333333,3.2768322215,-7.944458419,-3.5864881658,-15.5700184375,53.1828428775,-46.0154697062,116.0129812104,-78.5715438001,215.3860857942
18.84,6.5781002592,-4.4838869833,-1.0092755041,-16.3944878125,57.2337713338,-44.7807025075,103.9727909871,-60.4728580496,181.4175936177
18.8466666667,3.1764152828,-12.1840268658,-14.8584493983,-24.03076,45.9481807712,-60.9120057551,94.8039152741,-61.913330509,161.9047728041
18.8533333333,12.0574727222,-4.6168034495,9.2808988857,-31.290900625,49.7187964619,-54.1321796912,97.1239857545,-21.2589010653,235.6050950566
18.86,5.7899421235,-10.7822919318,-10.3377310521,-27.2853984375,43.7522994213,-72.08487135,105.0526092151,-51.464209572,199.7623337389
18.8666666667,3.7973683231,-18.4178053765,-17.7819461275,-39.5595765625,34.8388232088,-80.1760551363,90.2830186647,-65.8261008604,235.3255273832
18.8733333333,6.0277600862,-11.7920623927,-3.3377382737,-35.0199146875,36.3720848712,-70.1466504587,96.8581760997,-42.6918880546,263.9575256229
18.88,-1.1608368353,-23.0418636846,-11.0942887409,-42.039360625,16.9790883337,-67.9341245013,69.6462139819,8.2801823068,224.7095452741
18.8866666667,0.0198530254,-27.463737555,-8.3599938934,-48.3785153125,27.2535260494,-79.1628971763,73.9337770033,26.8260260756,225.0483853117
18.8933333333,-1.6476252961,-28.5976470537,-34.9233915292,-41.6235671875,16.2417685806,-81.2947714412,28.6475542842,-33.6572788891,159.813311607
18.9,-2.255093309,-33.2171964441,-18.4626384266,-51.3733228125,8.4174395275,-72.7811431238,28.5745057496,33.9889554681,165.4520751267
18.9066666667,0.3643324415,-34.7645386668,-66.3029488625,-50.5929378125,15.827715865,-111.4053266112,6.4156218792,-76.9223533453,84.83073897
18.9133333333,-0.2790504513,-29.6648514323,-16.9289834603,-48.2980834375,6.7201691056,-79.9235728787,48.9104292286,0.5138151614,249.880594615
18.92,2.9700978966,-20.9868300656,-7.7674104721,-39.9608253125,12.529316265,-63.2996171788,40.7464629817,11.1345567332,185.6211373622
18.9266666667,5.8771251296,-12.5702583802,4.8149317731,-32.57450625,15.4142952838,-51.4411244625,45.9541271491,44.2481202916,192.2853384589
18.9333333333,4.2879145377,-15.5992993369,-11.0447561293,-33.5963090625,18.4085296619,-63.1936564801,48.3282740111,-4.4279661302,164.3224226321
18.94,-1.236049339,-18.1846503415,-21.2739013124,-26.300806875,6.1443559869,-56.4026633662,39.9691327188,-37.9527221542,142.8187042854
18.9466666667,0.2412957363,-18.4687816277,-31.8525395726,-24.240375,1.5386847369,-60.1281498825,9.9611808491,-8.4900927106,58.8315364217
18.9533333333,0.8050405758,-14.4602288301,-35.2739996499,-17.5136709375,12.6577447494,-66.936903435,37.5288535825,-70.5989587409,111.7277543154
18.96,-1.176656389,-45.0715949706,-132.512693543,-25.495634375,-420.7796300287,-28.4597223537,-395.5854721421,-72.5842930737,-340.3097155012
18.9666666667,-14.9955378544,34.919222341,62.2041908408,81.0420071875,-292.4502248413,183.3454087787,-149.9923466364,113.7426859847,-64.5916282477
18.9733333333,7.8182707443,44.8006822841,36.5803472755,89.92930375,-340.5554565287,145.8948295675,-255.3731952693,5.9839589754,-129.5431022385
18.98,-5.2060720629,-6.0108339771,-59.8218368698,78.5269484375,-435.0365749256,51.5368790376,-413.4170154124,-56.4049825644,-110.111696887
18.9866666667,-12.5602899516,-40.7252811344,-119.7440895577,72.5386490625,-443.118939935,-33.1602773888,-415.5120937247,-155.3029597928,-165.4168885631
18.9933333333,-15.975669109,-50.2042265179,-92.1374305805,41.1140390625,-442.3835161381,-20.9973245625,-385.4638531901,-3.3025195126,-165.3619935678
19,-11.5980371758,-48.9830738713,-67.0051402388,36.4646115625,-478.5532722412,-3.785728685,-414.3740813093,102.986737105,-292.9074443519
19.0066666667,-2.6067206404,2.494089866,20.0690769947,87.395915625,-509.8744356944,117.2303589863,-460.400961314,217.4622567025,-287.9654740592
19.0133333333,-4.6200236511,54.7720901958,82.8044415941,141.9311634375,-526.0152567163,244.6488999075,-480.4362192506,292.1893373413,-479.1685584194
19.02,-17.0401518626,7.4048240221,-47.3211282306,107.51682625,-562.0454157787,112.5339318925,-572.9861178425,48.5959139126,-519.9080678249
19.0266666667,-11.3538793409,16.6246198472,-56.4811885833,105.1994459375,-613.7267478319,102.7079951188,-615.532314203,48.3831682167,-620.2752058136
19.0333333333,-6.2179637393,-2.6687368118,-127.963600908,86.080920625,-642.9891689506,-5.8485617226,-639.71469431,-119.5498160585,-523.0506286551
19.04,-9.3550179158,15.2161059909,-98.5903639708,98.2630046875,-652.95166031,38.7114998913,-606.6146465463,-106.9350914547,-572.5790474
19.0466666667,-7.1453754938,23.5722811329,-92.1128705687,102.2493990625,-681.5730455381,42.5377573337,-645.0841033095,-100.5711977563,-528.8468434539
19.0533333333,-17.2513011343,16.087961465,-98.8612101934,100.5963475,-713.0354027162,43.04033545,-681.3317640335,-96.846863162,-542.3760315323
19.06,-11.6440297248,15.4639663113,-106.0029869062,93.010244375,-719.35219946,14.9776937862,-677.4434693927,-109.6813200917,-582.3848198837
19.0666666667,-23.9156684624,25.5290803063,-55.4337638395,102.6599246875,-732.0076226506,94.5667906863,-707.2386982825,19.4982077103,-574.5896546928
19.0733333333,-21.6600672118,20.5232121081,-54.7607749522,92.9309859375,-737.8967187881,76.3420435125,-701.4433487247,57.6719528864,-655.8839929947
19.08,-28.1671343541,22.3612438011,-37.0712465595,95.3306478125,-753.3902710787,105.8934664475,-738.3692082847,83.7104539895,-627.0741844134
19.0866666667,-24.5012044326,9.7793858025,-50.3775277433,77.2804134375,-754.2517388444,59.6404752226,-715.4835194589,72.6245562525,-647.5404128805
19.0933333333,-30.4817941102,25.7877502663,-1.0255849483,88.6711265625,-759.3391875475,129.142238115,-728.7187041931,161.5278739531,-618.2254502845
19.1,-24.3204979877,18.5194334012,-29.4581761857,74.801925,-752.8402534069,73.83177504,-709.7771537181,86.6690897938,-612.8275864467
19.1066666667,-30.9975496919,25.5570086863,-11.1032748133,80.1718965625,-754.7368818537,108.037277545,-706.9919690551,81.022813969,-592.1563271353
19.1133333333,-27.6556453784,13.5986970283,-46.3688218834,67.8757465625,-731.6193515381,47.1831009013,-694.640670147,-3.9673134827,-540.6321622835
19.12,-32.7854025982,6.1084649408,-57.3239418295,56.762263125,-725.3890522975,33.7857227662,-690.4867949926,21.7295833523,-593.1688917124
19.1266666667,-27.1880905829,33.1662538466,-4.8736564165,76.4694175,-691.4158309069,94.0852574388,-651.1417802013,60.0165438228,-559.6978420383
19.1333333333,-33.2964061743,7.2450034914,-48.1471645187,51.88625375,-683.2803674444,32.9006988837,-652.4501824447,6.8615208837,-532.8694921339
19.14,-34.0113591462,11.9499194627,-47.9492868646,56.5002159375,-665.28601426,41.986834725,-643.882740663,-64.8045686492,-604.8904656245
19.1466666667,-42.731789103,18.3819111128,12.8255233328,68.313408125,-624.8540091944,99.3527652988,-553.1639530309,198.8460972391,-468.4317313573
19.1533333333,-37.668049843,-15.6629468531,-105.577693509,23.1454653125,-652.4176363194,-44.3180477313,-698.3530622424,-125.2904225196,-603.7763742462
19.16,-51.9347528462,14.6783391716,11.5013501203,68.6221309375,-586.7074336194,114.6964804,-488.8353854476,69.6463352622,-372.5559894676
19.1666666667,-39.7653049423,-8.9101399864,-63.4526994076,30.98539,-608.1617509819,-10.8406665688,-591.989326964,-18.8702021849,-513.5133728846
19.1733333333,-50.0292709061,-2.0434518923,-25.1483668377,45.0506478125,-588.2410034225,48.6731628875,-560.5670862679,44.5731759516,-452.6869822315
19.18,-43.4022124969,2.0764355976,-27.8309740861,46.7421878125,-568.1929305756,35.2581931337,-523.5112274075,-7.1075494724,-405.4424664593
19.1866666667,-46.8744999514,0.3634447957,-16.2255993288,44.53759625,-565.2270555256,45.31496,-530.7890631731,40.97115167,-408.2595543137
19.1933333333,-54.1151206585,-10.7749220667,-34.5536362458,38.1757934375,-549.9168535756,29.9054205013,-507.2886811313,10.1132780233,-386.9114286935
19.2,-51.6292832365,-7.3205199546,-18.0357490634,39.4837746875,-546.4108053163,37.9609191012,-501.9878709932,54.2141005693,-405.375392717
19.2066666667,-62.8930754218,-14.5046148091,-25.2376389542,39.6018496875,-542.1100280912,44.5707587775,-520.9677232787,48.5239794375,-429.5803611479
19.2133333333,-62.4963809087,-19.0966740845,-32.1766681978,31.150385,-539.5437131756,30.9179532387,-506.9784678333,19.8631385786,-408.4210996803
19.22,-68.2499049006,-26.5577788,-39.7757615391,29.6849765625,-522.7218859287,28.5228177563,-479.6936432305,-24.0668530116,-385.1773187833
19.2266666667,-68.8288134128,-23.3167407432,-27.0302132164,32.0226196875,-531.4424639631,33.68151393,-506.3843447327,67.62713325,-403.7738601641
19.2333333333,-69.9947570806,-26.3949230333,-32.6229726007,26.508798125,-531.6626453225,28.063525625,-489.7785188179,26.0869152949,-390.5962103929
19.24,-68.9152275294,-23.554456465,-25.5608595812,24.8730046875,-533.4363768194,30.987747945,-506.7606491352,39.5049263492,-415.6805493048
19.2466666667,-71.330720738,-27.9803523116,-36.3794057795,25.6901690625,-535.4021555037,17.3234030212,-500.0322672614,17.8844289471,-410.611573229
19.2533333333,-65.7764195673,-22.430014235,-20.9207014503,21.3501690625,-531.8974477506,23.8182989688,-486.5062835561,35.4838507128,-386.2184936651
19.26,-72.2606749269,-16.7989728638,4.0631284295,33.04086375,-543.6633332475,57.347473485,-519.6228142604,85.803560643,-422.2710600488
19.2666666667,-66.3775932298,-24.4735300818,-42.6724885816,17.662356875,-541.7425286694,-2.2684723113,-494.7531745676,-34.7511632672,-378.7587892267
19.2733333333,-77.0905044496,-27.3557916542,-15.6802327421,16.751201875,-554.2977405319,31.6011815913,-530.7889305761,51.1495026752,-445.6661212325
19.28,-77.4269276579,-28.6341842625,-22.790626487,17.6040375,-557.2955659412,21.4667579737,-517.2631509837,28.3245305796,-413.2759040583
19.2866666667,-84.2287828803,-37.5132643573,-26.7325370859,5.286394375,-570.4538991444,15.29573002,-538.842183725,48.9738559661,-439.3843334528
19.2933333333,-86.1487736656,-39.1662021822,-37.6426668198,6.518798125,-575.1245237506,5.020040815,-539.9356835256,2.0918168889,-435.555718452
19.3,-85.4316296332,-34.0049845857,-20.2637583882,2.4638215625,-579.8325011569,18.9167253313,-551.7111101069,42.4182670755,-441.5324568125
19.3066666667,-90.9777622739,-44.5751818846,-45.8009860686,-1.0306478125,-584.6332496412,-2.7058666938,-541.8739514796,-63.201978782,-481.0179989934
19.3133333333,-89.488407321,-38.3833488942,-25.1547892831,-1.366873125,-602.564331785,-2.4730617413,-584.0006280412,91.7011762929,-453.0571506106
19.32,-84.2975020532,-25.0291281888,-6.2487782884,8.0321125,-596.1832793069,24.8939096013,-544.6807611608,47.2236883351,-435.4075611014
19.3266666667,-98.4346778554,-42.3723068727,-29.2006058294,-8.1833896875,-627.5923393194,1.665809025,-598.5242746946,19.0907535032,-505.3456538372
19.3333333333,-90.4053736217,-37.7189136528,-36.5665836895,-14.060816875,-628.9452362694,-18.2842341288,-586.7730887217,-15.3560102029,-475.2986312422
19.34,-101.0556575244,-42.6566498873,-51.3114690127,-13.227934375,-647.5464110944,-21.2013543587,-606.9535635149,-59.1996166547,-485.9466364091
19.3466666667,-100.6915671409,-46.0827484979,-12.504823907,-25.4922815625,-654.3036544663,-7.0368887738,-622.5388217091,78.5988660741,-531.7740326523
19.3533333333,-99.9941000762,-41.9664251064,-45.4728425819,-29.8981503125,-667.9603019725,-32.7106523599,-632.515382581,-41.5947464539,-522.8539620496
19.36,-105.9066051717,-49.5108041435,-46.4664390683,-37.7426196875,-675.4547937881,-36.9652559375,-635.6543674945,-37.2824604695,-522.3590613133
19.3666666667,-101.9325230159,-43.8046747947,-37.8198431226,-35.9657934375,-674.2627868725,-38.3219829637,-636.8460610082,-20.8733665057,-530.1426910976
19.3733333333,-107.0276395895,-47.0627233671,-41.6052997573,-42.32759625,-684.8344206225,-42.175232955,-649.9452696704,-31.193801433,-551.3218566932
19.38,-110.1746939143,-50.8178745952,-38.0803618979,-50.3977653125,-682.6499241975,-40.1637715437,-639.3408899391,-8.7557884798,-533.220560896
19.3866666667,-106.0804650325,-50.1413880337,-39.4773434986,-63.593220625,-693.5289530131,-59.6986282375,-662.1629933697,-18.4312655035,-561.4921908423
19.3933333333,-108.2505688345,-47.9779051557,-32.5165418873,-62.8655775,-697.1462746162,-50.8926210224,-657.5139143653,-17.6784658845,-560.0864098177
19.4,-107.8033968414,-43.9743266733,-23.5219336515,-60.5809859375,-705.933624035,-50.6758170351,-669.5749135554,-5.9428764291,-569.13846363
19.4066666667,-110.6952456758,-49.1498941234,-26.8796755803,-78.8085821875,-710.6560227131,-60.1199802737,-679.9948910082,-9.1636761256,-591.3406956881
19.4133333333,-111.2507602956,-47.0052672954,-24.440759896,-78.2193990625,-714.1375149131,-63.081017395,-683.6125773372,-11.8808918532,-599.7708955512
19.42,-111.9477356494,-48.9674640331,-27.3172580185,-85.1509859375,-714.4313002069,-69.2593387963,-668.0446828623,-17.9858301161,-568.8796549826
19.4266666667,-118.595784908,-49.3979476886,-15.711196892,-92.5398778125,-726.8315544069,-65.2443044587,-714.0599413225,1.4775383692,-633.8694257317
19.4333333333,-108.2931069367,-37.8214583729,-19.9406745403,-79.3120471875,-704.413294985,-66.826030635,-654.0912814297,-44.4962519011,-549.3425069077
19.44,-113.8115521126,-45.5839317394,-25.7026659285,-96.7245915625,-713.6703133444,-85.2887934362,-682.6442015852,-44.8262780222,-582.2567526584
19.4466666667,-116.7715816354,-50.4653186204,-37.8977482048,-105.561201875,-702.5846290319,-95.1429728975,-659.9384528431,-58.6100061636,-561.0877888579
19.4533333333,-106.6028780109,-31.8677541405,4.6091264185,-98.047549375,-699.8629115163,-70.4394757937,-668.8892251684,7.4105648324,-604.6195364464
19.46,-116.2932083994,-44.212262917,-20.588382512,-113.65077,-695.1794259256,-91.3637512875,-673.563885383,-48.1434502036,-600.8466138782
19.4666666667,-110.5641889552,-39.7924758746,-27.2327985608,-116.66240375,-688.0901418256,-102.7180528025,-639.101447027,-59.3273134624,-500.4794894438
19.4733333333,-109.7903118987,-36.1673065393,-16.9016204823,-118.709568125,-683.0155604069,-101.2631934838,-643.6234988384,-46.5974900698,-561.7678961744
19.48,-109.3307912509,-35.8580165558,-14.1148000124,-127.6285821875,-670.8785718569,-105.0772598,-639.6199117319,-32.49896912,-560.1369516233
19.4866666667,-106.3479988479,-32.2524756831,-21.045620304,-131.0845446875,-658.7356652256,-112.2995496688,-623.1998720118,-73.6432063287,-523.4787893219
19.4933333333,-109.0563232185,-36.4508327725,-41.1728663022,-138.44432875,-649.6069072131,-129.5645026337,-605.5340275604,-119.5346847078,-480.9957144782
19.5,-105.1374083212,-30.9945918992,30.8684929836,-145.5545915625,-617.7256753694,-78.8225778075,-606.7653042752,86.5427728786,-599.0460820148
19.5066666667,-99.6592907029,-32.6429726168,-43.9926219993,-146.2033896875,-600.6003205694,-139.2630861275,-546.582859672,-109.0268660735,-395.2705903306
19.5133333333,-89.7962376686,-23.3116917885,-17.377726079,-145.82308,-554.8293790506,-114.4719999625,-520.4586986253,-84.2831238685,-435.4582734182
19.52,-83.5449450008,-20.3504932727,-27.2493006405,-138.60586875,-515.6963540756,-119.0271853425,-472.3934532172,-93.0613904805,-391.1623173856
19.5266666667,-72.1252384698,-4.8829855088,34.9330429619,-124.9952209375,-468.0582008444,-57.0202025462,-434.806302328,62.9280873117,-326.7273536596
19.5333333333,-72.9846965358,-21.7334452197,-0.8669159025,-137.37702375,-410.9606852819,-78.7863405487,-372.8698528945,10.9494012353,-319.2816717079
19.54,-51.237111591,-12.1394946112,2.9141474537,-134.0377184375,-344.5099377225,-75.72766355,-303.8947720297,1.0500363821,-185.3241651056
19.5466666667,-47.5481566343,-8.6356810729,14.8720860889,-101.688995625,-282.7080102663,-41.5676832,-243.8007904686,45.2398346581,-160.7909420598
19.5533333333,-29.6782781741,7.3764873261,40.1622620239,-73.3094275,-224.2514417569,-9.6938650188,-189.5025738671,96.5388796272,-116.4304593821
19.56,-17.8428425557,11.2525489677,32.8713239061,-52.9275778125,-163.1750106506,-4.530465465,-140.1281102351,55.797575565,-81.1159682712
19.5666666667,-9.2787462149,14.1212079299,32.3810472905,-24.4648828125,-117.3937534475,13.5699707475,-69.7191143319,57.9620348415,49.0278488434
19.5733333333,2.9895483106,9.1760335504,25.5660615486,-20.57432875,-63.0700279475,4.8540168762,-17.2468360752,71.8196810983,49.4871057648
19.58,6.1029956376,-14.5996319079,-13.5689058332,9.8779528125,38.3107276025,4.5320223038,100.8556356282,17.3693370577,194.953439469
19.5866666667,3.417193756,-1.0052654669,9.3383371056,13.7564128125,16.7161895337,26.7873613537,58.5228983825,56.5359386199,159.0474080735
19.5933333333,-1.6442576875,13.2942676037,84.7179252085,29.1490509375,18.8008617837,134.8635246637,41.492817911,216.5460588516,131.658469154
19.6,0.2910161975,9.4951092326,27.2239026733,30.5428725,13.3728358119,77.65111575,59.3368082592,49.6589994001,209.9803441656
19.6066666667,5.0453452548,1.3277977412,15.071633359,15.150234375,16.1368445713,27.7481913075,53.1858540609,45.6371065935,199.4462861505
19.6133333333,20.4258924145,13.4353103907,19.9917437074,7.7100184375,24.2890963244,22.3361173937,65.8803199416,45.3973603097,255.1503724932
19.62,21.4823751141,16.7404555183,26.3034192087,18.2949196875,27.3966925744,39.789027375,75.6336766268,-22.5132567871,265.1219848339
19.6266666667,18.423905756,19.3240431967,36.6740910065,25.8037178125,23.3655245119,47.60255209,48.8332911176,52.8979740162,206.6558283987
19.6333333333,17.8055938573,9.8225512646,23.6704835985,25.987248125,36.7758743119,42.65703638,89.8303369958,23.7194523798,279.5087312023
19.64,20.8169976841,14.6606196482,31.0038574069,16.5258303125,26.2538429619,35.6878467501,74.9100592846,37.4206356861,264.4128073996
19.6466666667,24.9609178617,19.0810791885,23.2535422983,23.3437646875,17.1807157838,20.2024377737,67.2654157335,-25.0181456204,246.5617529517
19.6533333333,15.0189859875,8.2776378799,17.8322865632,19.0097271875,25.1197542806,24.7000298375,68.3554131746,-0.3141514285,264.1560915686
19.66,24.7866104613,21.0466285244,35.4248414381,22.0092484375,25.6741950744,32.2914387588,43.0031964268,9.2301958428,164.1507350937
19.6666666667,17.6327121597,19.4899847493,28.6432336377,13.1140559375,19.3175501837,30.2969042675,27.4352575169,-4.8938612006,181.6094692403
19.6733333333,28.5655341148,26.8037132028,33.6603238726,13.6352109375,27.1045969806,23.412892185,32.1602685025,-11.7778732829,162.6722057377
19.68,15.7556440377,14.1572537812,21.7133105351,12.010525625,15.9347343838,17.9332600363,36.5930292046,-14.8169242938,186.9849319636
19.6866666667,12.5300728601,7.272739794,4.1016006746,4.8811734375,23.0931369025,2.5576331887,34.6788971335,-30.2422622993,135.5182441585
19.6933333333,22.6817199589,6.6930644502,8.2354590476,-4.006779375,32.3797467525,-14.777931495,61.1061444619,-28.199944155,188.8266818155
19.7,14.498080884,11.5885515035,17.4631757604,9.8420371875,21.0076135025,17.0715200625,46.5760487139,-17.7783688934,187.9292793495
19.7066666667,24.9856176968,21.2167648262,33.7160032839,16.1991078125,25.9746725962,19.3886312787,23.3624280881,31.6152089487,69.7796563733
19.7133333333,19.8618957098,16.409761437,21.0943686969,6.0839153125,14.4304191588,3.17502016,29.1072886052,-1.4623207219,143.5906914627
19.72,18.0607436286,19.2622280456,29.4555659038,10.833886875,19.2728021588,28.89049206,29.886391284,-0.126621024,114.695073453
19.7266666667,2.1896921725,-1.7092221567,4.8154999919,2.7270421875,1.317491315,-11.5461336263,21.5564761291,69.7907896538,139.2386736439
19.7333333333,18.3125898975,14.6301719295,14.8442689507,10.79451625,20.867741065,12.18133318,32.2407368376,-66.3504604701,66.0959554963
19.74,13.2508247273,10.9436411817,17.153623179,4.62692,18.4702585494,10.26125246,24.0120156241,-1.794886954,118.5373354237
19.7466666667,19.5411496151,9.1904689151,14.9572491412,4.920525625,33.4328299744,4.8326835212,53.5500018889,-32.7252799467,121.3657532149
19.7533333333,4.3047241458,-6.8391531168,-12.5820028307,0.5427134375,35.523156265,-10.0193278337,47.0058380627,-81.8898263117,173.6147392355
19.76,20.1350396989,6.9159942055,34.185476387,8.8618496875,39.2561034712,-1.3799177188,74.6750589135,188.7723632251,169.2167123793
19.7666666667,15.1724058419,10.3424698591,3.9371743037,14.4823284375,31.4958756994,11.7421212188,44.8258847126,-178.1687055291,148.2731737742
19.7733333333,22.4371079984,12.9370840936,28.6909096233,8.4106946875,36.1946209525,9.9817468262,63.9570876119,10.3960064762,132.5398110899
19.78,14.3052546715,5.3801818915,2.2624399678,1.0628825,30.7815135994,-7.2471359875,44.8544491485,-60.0096122095,129.8745220989
19.7866666667,3.8730214343,-2.8252404575,1.731099168,0.930140625,25.3371379744,0.9386916262,43.9372067944,-32.8128174578,137.9649415744
19.7933333333,18.5235951674,5.9067496009,2.4915010804,5.2983846875,32.3829891963,-19.7537168837,47.8089263522,-45.6958397657,92.7040463235
19.8,-6.6275274356,4.5354402851,19.5224280132,7.0903096875,-1.9622314225,48.86117343,19.4757592396,-8.0983448459,85.544045002
19.8066666667,13.7193100228,-1.4111175183,-3.4182265062,-8.58893875,31.4633961744,-27.6864339963,52.6456341628,-49.2847485483,134.0786919838
19.8133333333,13.9977836697,3.6433629887,-14.3063299941,-2.5593521875,17.8668604087,-29.2462497249,21.3000183116,-101.604390991,53.4063510878
19.82,13.8403971614,15.5926365443,33.7183115303,13.6640090625,32.7262039838,32.49020436,60.4462265824,-20.9066809259,160.5730470094
19.8266666667,13.3919583675,4.6297386997,11.0453135142,4.06769,38.943060665,0.6861576875,61.808679854,-34.0169649925,112.4556175256
19.8333333333,13.3320809762,11.0826291947,23.3107526213,14.8543471875,48.4669042056,23.9432841525,71.8174429019,-33.8707926016,136.6012870295
19.84,14.6934047927,-5.2607487066,-19.5279357612,-4.355718125,42.2540833338,-50.6772692601,64.9375661961,-105.1725344181,124.5533436502
19.8466666667,15.260697132,16.5517565425,43.0125400395,19.082731875,53.0672569244,39.9440654701,76.8362505272,17.2236990662,138.8256174158
19.8533333333,4.8878703567,-0.8826474797,-5.4690942737,-0.2663475,32.41072454,-11.0359448925,75.5806184608,-91.7668654847,146.4474512889
19.86,15.8865524183,2.5648732614,-0.5679944554,-3.6290609375,41.4465170525,-26.1967079637,61.3831073679,-70.2952395056,131.2133441919
19.8666666667,8.044660389,0.3708227931,12.976895552,-0.9971175,47.2792930431,3.0902610975,74.0539635854,-15.1395307006,119.7409112876
19.8733333333,11.0521176392,-1.0774651466,-14.4914997489,-8.0666103125,36.4080781056,-39.5529516425,85.133246593,-134.8042647663,162.7115591908
19.88,12.6111062364,5.9291016775,12.7767624742,-3.1817559375,45.37019614,-5.1609240451,70.077856471,-35.3734721192,124.9921419772
19.8866666667,15.5183925585,12.324580497,25.6930503103,6.5514646875,44.4590094806,0.74144802,82.6584395839,-28.7633078519,155.4074315419
19.8933333333,10.0132058367,-2.407130515,7.8794966526,-10.2747790625,63.468904965,-27.2803884575,124.2995859965,-64.8146799456,175.5582076313
19.9,5.7222930327,2.9425020722,14.5424801587,3.9182440625,57.4866192556,-7.3651907687,99.9564349304,-54.2948911186,205.4996411012
19.9066666667,5.4911469884,-8.2909275371,-6.4955198543,-13.294563125,56.0159113462,-44.6215448863,116.5749426153,-91.3074238424,195.7854382341
19.9133333333,12.9436258779,-0.5173217305,-5.7590268559,-11.1872296875,52.4231911462,-51.8907730013,96.528067091,-84.5936133712,183.3031806386
19.92,6.9581983087,1.2893221425,7.3520137194,-12.4223284375,48.6455990431,-20.1477693849,91.094052762,-47.2853272569,156.7435811982
19.9266666667,0.2442922329,-6.9141610164,-7.5908337838,-13.2716053125,22.1902722181,-30.5578430213,70.1252349064,-44.8107421793,118.0101259516
19.9333333333,9.126320218,-12.3167865803,-25.4615227511,-28.2878021875,44.4877235369,-82.1350117863,92.0409617557,-110.5177158063,216.9102091183
19.94,3.734402953,-12.5732417702,-5.4995964533,-30.6751825,40.54977779,-54.6140991812,93.0739540182,-31.1125574372,181.9620285005
19.9466666667,7.8689227735,-6.6976322746,3.4199047225,-28.04239375,40.1683853369,-54.5217351662,96.6046290897,-25.4075669642,194.6260636155
19.9533333333,1.2301698236,-20.2638954641,-21.4359679621,-39.26854375,34.66308679,-76.3907722676,80.7139995992,-49.3265975337,240.6561259693
19.96,-1.5317900793,-15.8573772722,10.1348026965,-30.14162375,35.9631768556,-49.2406737236,99.0963782201,56.8689766266,187.0539071687
19.9666666667,2.2969567093,-15.9675780733,-7.9220127993,-36.89412125,31.3827391431,-74.8255854313,101.9535780739,-69.7739848995,346.2238191169
19.9733333333,0.6193609121,-21.4850419676,-17.8001897124,-40.626571875,29.5103501463,-77.9174883262,74.3999903439,-2.4843568582,169.7296840239
19.98,1.4625648774,-21.3283272321,2.1237281136,-39.3344309375,17.4333955681,-56.5989024613,50.1638851228,36.4319789387,225.813553822
19.9866666667,-1.370446232,-35.0660707575,-38.7391989635,-43.8144778125,-16.0234669506,-77.5637250187,-13.3348214057,24.6660878093,60.1382964206
19.9933333333,-2.1815890682,-35.1965069543,-44.3260280703,-44.723491875,-11.9050272381,-87.1597789875,3.4341250288,-28.9551145634,166.519890343
20,2.9081306025,-27.8937456176,-32.9628771221,-47.518684375,13.5688737838,-93.52929001,37.9282984757,-23.952606394,167.8626393989
20.0066666667,-6.4491011044,-33.1013872917,-33.222352987,-45.991379375,9.7631158494,-75.9494235725,34.3222297414,-18.1353468185,167.3022076114
20.0133333333,6.3798354668,-13.2520727766,-2.8511770901,-34.404938125,20.5313869619,-60.163663345,49.5738529984,-7.5716253791,223.70567434
20.02,1.680991086,-14.9642203778,-4.5710819567,-30.0128725,21.0991272181,-54.7936741225,53.6987786801,10.3658180255,189.0357755987
20.0266666667,-2.2978713411,-22.6309797891,-25.1187460999,-30.6034734375,1.1411425869,-62.79721578,33.5180482399,-14.9892849719,141.4509407917
20.0333333333,1.2030016519,-21.834796307,-38.9304765594,-30.30046875,-0.9095931381,-68.3842962262,1.6905495439,-35.3902905023,55.7202131575
20.04,-15.330381945,-70.037560165,-144.9744583122,-24.568600625,-322.3870423038,-64.97596835,-313.4735554734,-59.4130530501,-252.4848031794
20.0466666667,-10.9482768586,-50.2448964926,-116.042919482,-1.91894875,-391.2695066131,-21.88164985,-324.7877098382,-51.1922954859,-262.0997828198
20.0533333333,-1.5288636968,52.5659010906,89.0212739388,99.86689,-305.07120971,201.8095948112,-146.1819607123,99.0424280372,3.3179818403
20.06,3.0441176245,12.1779486367,-14.2319738066,81.960713125,-421.1136907506,94.1202369026,-343.5654913299,-12.7966279654,-85.8940689693
20.0666666667,8.7418600194,3.689034978,-60.6516662149,99.609474375,-502.0465017662,58.4185239899,-473.1206325186,-80.7608824201,-174.5778796494
20.0733333333,-10.2885220177,-34.3547677347,-95.3852716239,83.0956159375,-485.2453356975,13.9809822888,-460.6189798411,-64.7946327552,-227.9035056757
20.08,-19.6339517261,-66.6164256208,-110.8336615493,33.6100953125,-488.9155285881,-24.17446168,-446.1892606122,19.9027650801,-272.0332938511
20.0866666667,-8.1504816255,-50.3094603693,-80.6405608777,35.2738415625,-520.9514559038,-1.82662077,-471.0595499376,127.152529458,-404.2998056394
20.0933333333,-10.5644982333,20.070353037,44.0606760616,120.59239375,-531.0350197256,190.3708960413,-474.5962573143,238.5717817172,-364.4228118555
20.1,-6.177692859,36.2936639194,31.9193069399,133.0289571875,-536.05569151,192.9271662163,-509.5989549679,185.1674911724,-473.2193563621
20.1066666667,-4.7411072063,29.8217899367,-21.9508249439,131.518891875,-565.5199126662,138.844767855,-567.087753429,64.8508927707,-553.9261062468
20.1133333333,-8.1533309557,-0.1898611855,-105.7610951011,100.465005,-610.1295150663,37.7791695638,-620.5324446614,-67.184756954,-564.8128383956
20.12,-8.7496891041,1.2026458404,-120.2950216725,99.1504603125,-648.38167921,22.2559702538,-629.0233386937,-121.9016535503,-589.5266137615
20.1266666667,-3.1888323433,18.1334777153,-91.8171841862,99.5873803125,-663.2983749787,47.2886793038,-635.5935420678,-70.4155068502,-572.8909384218
20.1333333333,-11.3966962271,14.0615689044,-91.9874109549,104.6809859375,-696.7806519319,48.42317135,-647.2520158198,-75.918637996,-516.5646692128
20.14,-6.8540246576,20.6837251801,-85.941228083,100.7909859375,-725.6917992444,52.0502788125,-688.4395635496,-56.5993749915,-607.5450432736
20.1466666667,-14.1608758731,6.5990626294,-106.5306244644,83.6678875,-749.029788485,31.3365372138,-723.5370918238,-89.8071876343,-556.7980298362
20.1533333333,-12.0710199134,18.2188641315,-68.5120268752,87.4578121875,-745.3031211537,64.79454942,-711.6234393658,23.5011475079,-632.2256983852
20.16,-15.638227626,15.010807413,-58.4969323908,84.5559625,-742.2565763131,69.2652175375,-712.8301858678,36.6120883257,-579.0709264161
20.1666666667,-22.3027544118,12.920528573,-41.4513358061,84.1445915625,-738.5694090194,88.4480772825,-708.8480245782,96.3308466224,-645.6322124058
20.1733333333,-18.6244726906,15.5291998858,-21.5443804982,76.474375625,-733.0195814631,89.4167046988,-686.7597288252,116.6039737287,-544.414168788
20.18,-21.1291888576,22.7869944523,-5.1404030549,80.37451625,-729.2624707256,113.897550605,-693.2692689076,137.6192417631,-599.4697320148
20.1866666667,-23.5940936496,-0.6572754004,-51.9833569569,60.6176246875,-704.2228984538,40.3089967187,-659.7687296553,30.0850685568,-514.3216667984
20.1933333333,-21.2528876836,25.8382481938,-8.8560297554,75.0707415625,-696.2540677444,102.1750834337,-661.4337057105,84.5797006996,-584.9390963572
20.2,-23.6582871712,0.4843357138,-62.8917873498,47.9077184375,-676.0839029881,25.1154132875,-642.1474113117,-22.0817804365,-544.7300857154
20.2066666667,-17.8707431629,7.6098131519,-56.0316556226,45.281925,-668.3234173162,21.3196874062,-645.30213881,-8.5756561356,-574.9314706826
20.2133333333,-22.1055404254,13.4084958313,-35.9076518348,50.087643125,-635.1268675631,46.4418071375,-594.6128602152,11.9091227136,-522.7996216265
20.22,-27.8816672214,13.5616201925,-21.0067719939,54.393314375,-618.7670961006,65.0766243912,-587.8632170175,35.5718685191,-474.6884012145
20.2266666667,-23.5039793719,0.0911565636,-56.9719361814,31.01548375,-604.49071356,10.4270048313,-583.5901222319,-86.6754571285,-503.8091318951
20.2333333333,-33.6546127202,-8.0593793875,-40.8279858387,30.2661784375,-575.1450503006,14.7748736275,-543.3203449874,131.6434388873,-465.9041854526
20.24,-25.0547606717,17.820555572,-1.5170903953,43.6779528125,-556.0047722725,69.9808326575,-514.8168061006,7.4583990816,-403.2104956924
20.2466666667,-33.0009042417,-7.6277060651,-47.9543846685,27.7493053125,-554.718491935,8.3229852,-523.6195023242,-20.0833908001,-414.053716592
20.2533333333,-32.418408725,-1.3823361129,-28.4529363967,31.54721125,-538.5135298225,25.7931647726,-500.4238012916,22.2542037628,-417.1840979571
20.26,-32.3384114431,-2.2639942559,-28.163459616,24.636009375,-542.6750667444,22.4321831437,-506.1005289932,13.2805956755,-403.5501712538
20.2666666667,-36.7727245335,-6.9323130639,-30.9734847692,20.3978121875,-526.9917122569,21.8165010313,-485.5855167594,7.2227253614,-370.5702045114
20.2733333333,-33.7008605426,-2.6237279418,-30.1287999607,23.91721125,-533.1230373881,16.86496731,-507.4910449165,-3.561584232,-409.8074095453
20.28,-37.6136876476,-9.8262778035,-30.5379362257,19.086394375,-517.7309473287,12.3544242999,-474.7874916947,2.959015438,-366.2488331747
20.2866666667,-42.2332850066,-11.7232545586,-30.3829682968,16.721971875,-518.6430293975,17.1067669313,-490.0687462267,10.9567865272,-386.8550996077
20.2933333333,-40.3807500124,-16.2068159077,-42.7266695662,14.022741875,-510.9467555194,-7.1106690325,-478.9974854389,-17.6778409044,-385.4062619701
20.3,-47.7492670125,-6.9441743411,-4.4732823578,27.224469375,-507.5434131694,49.600107555,-465.8825999492,49.7468738308,-380.1445558454
20.3066666667,-51.3045221169,-13.153174236,-15.0877770617,23.614084375,-503.2691711038,36.0682290138,-470.8845695496,38.752631546,-363.441450264
20.3133333333,-49.6720452592,-21.8758237063,-33.8003380734,14.495145625,-509.0522408006,1.0071071988,-470.1310984182,18.8463113267,-376.6300651932
20.32,-53.0492011006,-24.4311940799,-36.1340561191,12.07067625,-501.0066477819,1.6120243575,-479.8581473803,-0.6817905046,-389.2881787189
20.3266666667,-58.713373709,-16.1454209822,-6.4115920773,25.9328825,-512.6670678225,44.2452403587,-472.7079116247,52.8358019008,-380.7495813363
20.3333333333,-60.8790764652,-23.8763961252,-21.1480089158,16.3314178125,-525.7613195694,20.5307367901,-494.6615137267,43.494924588,-409.0015871569
20.34,-65.7713631067,-26.4047213081,-18.840894351,12.3718496875,-532.0756985756,27.9914195162,-493.670088285,40.6085848563,-404.4761718209
20.3466666667,-62.2542064785,-32.435700678,-29.8517676356,5.2940659375,-538.6130247881,-3.95500796,-515.6689462758,22.8416734,-433.979994351
20.3533333333,-74.7017938786,-32.0452101885,-40.1872321448,16.7674740625,-554.5019656912,12.13594084,-506.9189000254,-18.7607274559,-390.1774269958
20.36,-64.5655446078,-21.714539363,0.5128020995,11.3257934375,-548.9475289006,30.2227288362,-522.8534247742,76.5180201222,-449.4981934085
20.3666666667,-76.8457106936,-36.5338896939,-28.5504620432,7.813220625,-564.5530953319,9.0873198112,-523.1975684036,23.6810954813,-432.7933036022
20.3733333333,-73.5837679657,-24.7832516225,-7.6073491454,12.3732675,-564.19072801,31.1745871575,-532.6918236181,34.6401650295,-417.8280120421
20.38,-82.8350118459,-43.0403467708,-30.5620904784,1.8773334375,-589.2088520381,-1.8097028288,-553.1417073802,23.4980109892,-450.4161769888
20.3866666667,-87.5782413335,-46.1965909304,-38.5388298512,-2.896873125,-607.357911285,-10.2701682937,-581.3943187586,5.3486041104,-487.9763741834
20.3933333333,-91.6375925626,-37.8122712037,-11.1719832347,0.4215115625,-612.0933916538,29.9698850638,-564.0769612445,66.0388809897,-477.7312574142
20.4,-94.8219469785,-51.2060664175,-45.24944151,-12.6262253125,-636.2618325944,-16.1368000075,-607.999109041,-67.4813246275,-485.4672329835
20.4066666667,-98.9601189815,-55.9551582612,-40.9130919731,-16.92932375,-650.8243546881,-25.9296412475,-613.1835614965,53.2365614665,-499.4226274687
20.4133333333,-103.8195913407,-39.2633562128,-10.6244728758,-1.5368078125,-665.0646210412,30.6724818051,-616.3321686555,28.3052838051,-498.0124847194
20.42,-106.8436712877,-60.7759064513,-47.0149584961,-27.0763190625,-692.9969155069,-41.6627724675,-680.6383935193,-6.2518575855,-562.277283618
20.4266666667,-106.5056254459,-51.0926939748,-32.2958668788,-22.9029578125,-680.9525182225,-12.3642374538,-628.5572755459,8.7937782701,-527.2077973519
20.4333333333,-112.6233042195,-52.9142711996,-51.5979132407,-22.76394375,-710.7587032631,-29.4951364612,-664.013845608,-69.8605967572,-538.6723422444
20.44,-109.6770183561,-54.5143288653,-11.1813503734,-35.1698778125,-714.0157903319,-18.0367807625,-675.9962422004,65.8661851496,-581.0097922304
20.4466666667,-112.6058027462,-50.6266086028,-31.862171567,-36.3369484375,-723.3890865725,-27.433024045,-683.1565393175,-24.5048001191,-566.3641715309
20.4533333333,-117.88458723,-53.1886978097,-26.2935414684,-39.8893053125,-717.5071912381,-18.6035311099,-673.2842415134,-2.4237327799,-563.107955417
20.46,-107.9607431731,-63.8394570484,-60.6171935983,-62.14182125,-726.6114374506,-99.0557162826,-700.3214609801,-63.2305417505,-593.6008105242
20.4666666667,-116.116640938,-45.0007250251,-2.3238511785,-46.1940659375,-726.0193283319,-8.9443497649,-686.283539834,30.493168915,-581.7863984594
20.4733333333,-112.3817474841,-47.3658237513,-19.939268526,-55.179953125,-728.3497889475,-43.2870651138,-690.0527297309,-23.5683057738,-588.5645337341
20.48,-119.4782103763,-56.4896802271,-22.0808242219,-69.51240375,-735.1987522912,-53.2040896387,-704.1813858742,2.1694059772,-609.8364465622
20.4866666667,-125.7313983615,-55.4950168767,-16.0449085437,-71.3720471875,-740.6105318975,-38.16151306,-695.2062613501,21.40902461,-593.942239004
20.4933333333,-121.0363762967,-69.2486076507,-52.6474592524,-104.211915,-758.9861418225,-117.8608677225,-740.7257576403,-58.4607683084,-666.8577911877
20.5,-127.8978869155,-58.7008548144,-24.4208956932,-83.29231,-747.5283677537,-64.0587760975,-704.9493169248,-20.4478873436,-601.0231437078
20.5066666667,-122.9840412562,-34.0677359738,23.5345714384,-67.224094375,-736.3782013069,-3.5595579775,-689.4842996999,36.0247269785,-579.5551490748
20.5133333333,-117.6037293355,-56.4791985887,-48.3761559893,-104.1735303125,-738.8087112538,-116.6362259524,-714.9480042756,-180.8654092864,-624.7709904822
20.52,-119.4926092239,-45.0244753961,12.1491405004,-94.864375625,-727.493536585,-70.2374920251,-699.6972468289,198.766154299,-598.332145128
20.5266666667,-117.000535104,-44.5555603862,-34.1527425084,-98.339568125,-714.3846184256,-92.3048933337,-655.4538688146,-117.4161297177,-547.4501970426
20.5333333333,-113.2739947063,-37.0752191263,-8.7357941825,-102.8355775,-702.4594174725,-81.9190510788,-677.0407258403,-94.6806154969,-605.8188133121
20.54,-116.7435787523,-41.0818691709,-1.61201856,-111.950385,-694.0922451069,-86.5702359262,-673.6855129691,-0.0325786401,-614.6856804347
20.5466666667,-107.941364954,-33.5211344492,-16.3675076359,-116.1557934375,-679.2619835225,-99.9594197063,-635.0823718269,-79.0688973563,-506.4909423291
20.5533333333,-116.1884677536,-38.0125842031,-6.383816427,-120.101108125,-670.6351821694,-92.4207397149,-639.0255423113,-17.0846633651,-570.7730429543
20.56,-107.5846081864,-31.8560495225,-21.0048090113,-120.9305540625,-647.8618262944,-110.2316967713,-604.3218294923,-67.4516945151,-516.2549359961
20.5666666667,-105.4190917138,-31.5725485386,-9.082665603,-133.3033896875,-628.2093672162,-98.7231406325,-592.4049170904,-117.2914417447,-506.116026012
20.5733333333,-101.7073495449,-28.5215618379,2.7114681085,-136.59836625,-602.96385396,-106.16923962,-581.2424364746,56.873889828,-499.8889165064
20.58,-94.2642716638,-21.3565109661,-3.6337746397,-134.8732959375,-578.850140135,-107.4572312025,-534.6594898741,27.1061391076,-414.2770296007
20.5866666667,-88.438642564,-26.9794246985,-45.7140816239,-149.410385,-538.8679032944,-137.5252706262,-495.5712990824,-204.9525384584,-409.2864322406
20.5933333333,-80.2168234481,-14.1460999473,21.1848698377,-134.929474375,-489.5187278569,-71.6349631225,-461.4716683286,-34.0485932784,-413.4999011168
20.6,-66.5112252592,-9.0115351066,13.9302376312,-133.0752209375,-435.6303548444,-81.8492819037,-393.086161006,76.9968054903,-305.9547841594
20.6066666667,-61.669254024,-12.15584932,8.9450117592,-125.50539,-367.8991664944,-57.8265471975,-315.2021356627,29.2247920544,-162.3263320423
20.6133333333,-41.7768240065,-0.8998344479,15.4274102562,-109.1083946875,-305.2894737256,-53.6831366763,-256.8838794759,23.4354397678,-185.7729885339
20.62,-32.8959239817,6.8391487227,38.4016478782,-84.2663290625,-243.6322603225,-13.630394555,-204.1689144981,79.961512771,-84.1190455437
20.6266666667,-26.3746722144,-1.713834234,11.7156564529,-79.1072865625,-172.9456872038,-26.2061286475,-153.4770698659,18.6499062545,-109.7442441127
20.6333333333,-1.2131989498,26.5647129184,80.7483179559,-30.907653125,-109.86829721,47.301359035,-96.7388480442,155.7071914449,-40.4920667839
20.64,0.2321846686,-4.8050598853,0.1995490129,10.4839621875,23.3865347244,34.5348192488,80.8462400431,42.8318482389,181.6694901217
20.6466666667,14.2560310615,18.9071928153,38.2081072778,4.6339153125,-27.4224080287,21.79966164,-1.5403065443,50.085310542,46.2790131164
20.6533333333,5.3564404663,-19.5444973598,-17.4146669446,7.2721125,42.0910140838,6.2537659875,126.9524029081,27.9254636775,227.4482695033
20.66,2.2827634255,0.4279818264,21.4612830782,17.816675625,21.0309762837,48.5108832938,48.5893072224,60.9576103777,127.8291560963
20.6666666667,0.4177758526,10.8847675937,57.8704305025,27.028018125,15.7835411056,99.8366843137,45.7764975729,142.5693426098,148.8315419259
20.6733333333,20.1414097832,14.6932251296,37.0515566837,27.42354875,38.3659588431,53.0928771388,77.1317761746,79.9132304788,225.5198458266
20.68,24.9448044975,26.3459172193,40.9021748271,32.7687128125,34.3032466338,72.8565840362,78.0030694229,18.5814682921,220.2129890147
20.6866666667,30.6130567822,13.4842794291,24.5749827555,14.02662875,40.0968636306,11.3011914425,93.7019330586,32.0212755366,299.2914486222
20.6933333333,26.4005022538,25.6451392562,44.8761241129,28.832346875,25.3221162275,44.4519167038,51.051854417,44.9892706497,228.329208461
20.7,20.0788631486,16.5575690466,10.1810163235,27.9202059375,25.0079456306,25.9418151937,82.877399382,-47.3205957082,309.2582516994
20.7066666667,14.1006515729,8.6025027892,36.6626182913,18.3926096875,27.2046907306,55.1455904238,87.9635278044,43.4326947198,345.8098860972
20.7133333333,19.3912463706,13.9146744208,-4.8312967736,15.079943125,21.8298587963,3.9978455049,71.6212594031,-93.230077949,300.2440849463
20.72,20.1523293691,19.4111164628,59.6603445852,15.75624375,19.3172859838,56.4916589775,46.7716056526,98.1022654212,218.9658754312
20.7266666667,1.6720571867,6.7815690354,10.6915061768,12.604995,-3.3790813412,18.4476609451,10.9195229045,-21.0869128527,183.1102418862
20.7333333333,21.0702406998,18.093005024,11.8596893207,9.46701375,15.3162565525,1.0528285199,39.403580611,-47.3658393722,183.8538163899
20.74,18.0979094315,15.3148084952,17.3632716405,10.0995396875,16.8799416369,8.3528033413,32.1953376676,-21.5425402008,166.717071595
20.7466666667,15.983412005,12.0181573245,10.5436195678,9.7155490625,21.2548906869,5.6367214663,24.631301036,-30.0180148097,135.4287398876
20.7533333333,16.5796391906,9.156126784,9.8488455744,7.53932375,19.6154425963,-3.2955721975,47.3710684546,-29.1643119414,169.5305842666
20.76,17.7222871696,16.9518836111,21.8978961828,13.38624375,18.7876980337,19.9984998075,30.2308120166,-25.1250284687,157.1015252882
20.7666666667,21.3220152714,18.9304254934,27.0760338291,12.9075678125,24.0176811275,16.9871727725,26.0027658369,21.6718576146,139.1333150373
20.7733333333,20.5503465915,15.5815958555,8.2900881868,10.390140625,18.4973806587,1.0299037112,38.4329604013,-132.9227295148,74.7031944595
20.78,10.0155063957,2.6430637436,23.3795570002,4.33932375,26.1734499713,3.9949516087,32.8037495051,198.7111902968,163.0945904471
20.7866666667,14.8643106719,7.2364515883,-1.3817002628,-4.56231,18.8530050338,-9.3143346038,34.3681835483,-120.1323417759,117.3586209334
20.7933333333,15.9002660979,12.4089332887,24.9530358855,11.635811875,26.764702565,20.2513343163,33.94374317,18.3717791046,119.5373881958
20.8,19.2863666796,13.711443395,31.1450852064,12.11932375,28.0599119712,11.1981477062,42.0501360174,107.713544562,189.4780701606
20.8066666667,13.648792613,5.8180522255,2.0253231003,5.9582909375,21.6282439462,0.4848727737,41.5475767864,-98.8143489303,52.107199927
20.8133333333,17.7233315407,11.0225986814,17.675400241,3.1834834375,26.7497197025,2.8391112963,34.918499834,-17.1968525757,157.3421949428
20.82,21.5012525781,13.9008646055,27.2505899388,10.53970875,34.1719036713,14.8517454712,55.4902580523,7.7738234514,133.5583439163
20.8266666667,14.1982182957,8.9428173229,16.1979547307,9.4255021875,26.228841965,4.433272185,47.9916152019,-22.0462046431,162.2316701049
20.8333333333,19.7959378408,10.9238995762,14.3207935461,5.3438684375,29.5955849119,1.7058060875,44.8164535106,-34.2661347206,128.2715718632
20.84,0.8125430002,0.3848552155,6.3706820423,5.696488125,4.3808687056,4.8553805475,25.51086785,-11.3007458024,105.511770881
20.8466666667,9.124661212,1.9102813851,7.6641341521,8.7539153125,31.0396600681,2.4393895712,55.0226619114,-35.1682850549,146.9717601276
20.8533333333,10.3779287245,1.6944072294,5.8856321649,2.9787228125,35.6848385806,3.4039407838,47.0027969997,-35.6429902262,124.6570966533
20.86,2.7081916431,-7.4477185847,-7.6065909596,-1.101493125,36.3765078337,-3.7375336013,52.9579962041,-47.6656268873,78.6281543382
20.8666666667,8.9215116329,1.3120465776,7.6955387497,0.5055021875,29.0409578463,2.8780163525,43.831477873,-29.6283465834,126.4983192916
20.8733333333,16.0742172033,8.6317535448,16.7842935663,5.450525625,31.5056875775,1.5240613237,59.0710925263,-47.3088662184,146.7592343425
20.88,5.0005408815,0.2265903185,-0.5652868039,1.538845,27.3478572556,2.9178882925,34.3648175187,-28.5398059294,59.9289251823
20.8866666667,17.2116761426,8.5782739322,10.0922828992,4.2230984375,36.0078478775,-5.8740793112,61.1123524029,-61.0037535333,129.0987787047
20.8933333333,9.9719273475,-1.4556405332,-13.8016673157,2.9248075,31.3436379337,-26.5427201713,47.9069359924,-96.1927869253,96.6575113462
20.9,14.2193939648,15.8058514527,45.2449520478,14.193023125,38.2705765306,42.8038959437,65.866998293,34.7506883478,122.6636796488
20.9066666667,10.5499281065,7.1201542765,2.0098769537,9.190525625,36.8743381556,-2.6207391924,76.6037755916,-111.0502435824,167.8450816058
20.9133333333,5.9927519822,-14.5573085407,-29.4899976526,-14.7092015625,26.8817138588,-55.1406675638,45.3364156575,-80.0577937119,92.7715390827
20.92,10.2204511775,19.0059137585,56.8919353261,19.613886875,49.1128196713,64.613919635,78.7442242584,50.1669102411,123.4655918964
20.9266666667,8.2959188558,-11.4834858708,-33.0308806039,-4.8162721875,51.5606272494,-59.3996452575,95.0647875826,-174.1495683075,183.4093534042
20.9333333333,5.6864757955,1.7774183921,19.8221757764,6.289661875,50.8543169431,11.5151010025,78.323561996,-2.0536779334,133.8994793432
20.94,17.7039512907,12.06201365,28.0921047121,4.693220625,51.9483121775,1.0069617225,89.7892221192,-14.0507847556,128.6934373921
20.9466666667,10.0435333688,8.1545886043,5.4985873788,14.0475678125,52.8311511837,-8.7276353351,86.2579565439,-108.6636333012,181.1901976796
20.9533333333,11.8892090022,1.9274631723,13.4808094581,-11.5955959375,50.2853772681,-13.7753238924,87.3705108512,-30.0285053602,139.2010475228
20.96,10.9965045895,-1.835647021,15.0819231719,-7.7078590625,71.854636615,-31.0847417526,141.5795949549,28.9710715072,180.3450924249
20.9666666667,10.7160059085,12.8628312721,15.241736298,4.56846,33.6001011619,3.7996472513,60.6142930228,-131.6419535165,158.8830997396
20.9733333333,10.279339057,-4.5900543887,-2.4791242944,-17.0807415625,51.4969572213,-51.0523148013,126.7234198772,-79.7285513735,212.8672017182
20.98,0.8973851354,-9.7746920558,-11.0266482084,-15.8168446875,22.9623281619,-30.6271788524,52.3367751614,-27.9427763204,81.5269567215
20.9866666667,2.5964854992,-12.5952232951,-9.9759242369,-23.3416053125,42.6918409587,-59.0202693462,116.088179459,-96.7013271103,283.3560734797
20.9933333333,2.6946313919,-14.3815549666,-20.3802546821,-28.63912625,51.9876955619,-60.1029240313,94.3608616016,-58.9074890412,126.0403885784
21,0.3921363095,-18.9689104353,-36.1193160098,-36.658835,44.1483329275,-68.2027012475,91.3107204264,-229.4870025816,182.1297183175
21.0066666667,-3.3463513299,-24.2418765935,-31.4174584964,-33.8254453125,49.3431747025,-87.1036246462,93.1757712201,24.41980753,200.9050847439
21.0133333333,5.6648462162,-3.5995089791,38.9352598236,-24.5362621875,48.6282636119,-24.0169832025,108.8481932659,72.5765311873,224.9576244296
21.02,2.2261866871,-19.458807133,-32.0702260787,-35.05614,35.3934891587,-95.0421911325,101.0729610336,-114.1028694285,239.8229840286
21.0266666667,7.12271524,-12.238188856,-3.1784254884,-33.55296625,30.7122539338,-73.0236106562,89.6308688967,-43.3720885081,308.2948924539
21.0333333333,-4.2897263785,-19.8478107121,-5.6476722849,-30.7202528125,29.2889125088,-55.7093879201,77.0506008171,11.4267145578,182.9720852283
21.04,6.7361215916,-19.3219997713,-14.2844528418,-39.015031875,25.3083851931,-81.4194470736,50.3809167475,-12.9648153096,233.5099842475
21.0466666667,-4.9778714667,-37.7636751851,-41.8811402276,-53.954355625,10.7294104775,-86.9021408051,21.3274212332,-1.486535371,81.5125098062
21.0533333333,-1.8294124251,-38.4057394206,-51.8994766052,-46.9657265625,-16.5416049662,-93.3370289775,-10.077358103,-46.1871792136,155.9785305417
21.06,-1.8657415605,-32.6392334783,-39.1934295031,-47.723876875,11.36664924,-89.1744667524,28.1688933681,-44.0012273185,166.9416414639
21.0666666667,-2.0271580523,-33.1257803401,-33.8605265036,-42.541858125,-13.1503765038,-80.1856977188,13.0907582023,3.5941738973,143.4208946311
21.0733333333,-3.2488438065,-26.3496450052,-19.0247351918,-41.4209475,17.0648133806,-71.2989232312,54.4971098408,-13.4114633392,221.3398551008
21.08,-4.3673116277,-26.0292006059,-20.8845418235,-40.7499146875,20.1613983338,-68.0952393213,52.2747154864,-13.0389482373,206.9687638906
21.0866666667,-0.897430315,-21.8999317471,-28.4638318687,-30.7246753125,0.7193600619,-65.7472443412,28.7201120315,-39.9518877352,149.7826682903
21.0933333333,-1.0169886378,-21.7620538882,-35.9572052865,-27.6946284375,-0.1296590725,-66.3233879025,15.4813683924,-35.3793756466,88.701906192
21.1,-0.5822037122,-18.4462382024,-38.8442300954,-21.57393375,6.4116061213,-70.3962640687,27.5902682364,-47.3847323105,98.294474562
21.1066666667,1.2180550573,-58.9550773274,-152.0409586722,-30.669568125,-409.1766124225,-60.6501558713,-402.9058591703,-93.9140221674,-345.8970768737
21.1133333333,-1.9471996475,13.1710177258,12.4739649083,40.4583646875,-286.1825791006,95.10859104,-165.2949902308,47.4213873301,-72.6099301564
21.12,2.7115277051,45.2815420727,67.8272584074,75.160693125,-301.1919626444,169.2737902463,-166.965402621,66.530295452,-4.3414776366
21.1266666667,-1.9377689381,-10.3067716959,-68.5644514214,53.81567125,-417.8801264506,47.5586704262,-403.01326153,-109.2397906976,-124.274250409
21.1333333333,-3.5174765336,-22.955916994,-80.171104516,73.506019375,-425.3753283288,0.1687458362,-364.1064473513,-61.0138536718,-157.9921239912
21.14,2.8266277358,-19.3870796283,-55.3647367053,73.2711465625,-448.4759281819,29.6167304538,-427.8503759221,-10.8670897423,-184.5341156731
21.1466666667,-5.2161515598,-54.3457777883,-84.690251213,27.7048559375,-479.6611079381,-26.4097667912,-422.3249257192,94.7599972348,-327.7072851976
21.1533333333,8.9915687488,-13.3858629959,-21.2956334746,54.4852025,-499.528314435,51.0686888188,-442.2355635288,132.6802070667,-296.0565630504
21.16,-0.9919297083,16.0553594816,22.6353158656,102.7027134375,-496.3558424381,137.1787957499,-450.9201741689,188.7221650021,-361.2324602021
21.1666666667,-10.6269136118,48.7358100656,64.7001118963,139.92335125,-488.6175656319,242.9940108626,-478.2671763251,233.8684625725,-462.3112886237
21.1733333333,-10.780805648,6.5093566767,-40.3318258691,97.240338125,-536.4953312475,92.6966470062,-519.9272213073,84.593728252,-480.4342838918
21.18,-2.8275904303,9.6956535116,-73.1774332152,94.2137278125,-558.8777658913,53.6547741563,-562.4641482354,-43.1328504696,-460.9404442687
21.1866666667,-22.0202201142,-16.3323476328,-126.2206100604,80.685051875,-581.8484167819,7.7333507562,-559.7942021015,-74.4628653979,-522.5524699841
21.1933333333,-8.9950932996,11.3286005286,-98.0962713202,94.9701690625,-592.5543792819,30.882746785,-561.4762929824,-97.4619943789,-508.9623462482
21.2,-16.7140652217,9.7980013417,-100.9349881787,101.12721125,-616.7609536287,36.51895526,-576.9072779182,-142.585612618,-462.2193491536
21.2066666667,-13.0684776213,12.4247643232,-90.0548831072,91.72509875,-639.0408306756,35.1866558488,-602.3143882741,-69.9003649653,-505.8505700323
21.2133333333,-9.998895855,23.1508905898,-76.4309666657,97.426009375,-657.19660751,52.51615081,-642.1079373906,-44.7614838021,-539.2874823594
21.22,-8.0600703209,29.0136464394,-53.2379935282,99.3206009375,-677.9564521319,71.840792375,-645.9401499752,-37.5876695709,-518.506753739
21.2266666667,-16.7737557209,19.3762484913,-41.7313133736,86.7221878125,-688.5341015569,81.745505085,-664.785715867,112.786572459,-629.122431376
21.2333333333,-16.2123245465,15.9768008826,-48.3970800802,75.137164375,-703.2209198162,68.0126256063,-676.2334148529,43.3890320102,-534.4990653393
21.24,-23.8961141497,13.8669081538,-25.9530774715,77.9257934375,-712.3715258256,91.6695845375,-668.4080912152,106.0692499714,-576.514622152
21.2466666667,-26.5748557478,14.1450894261,-22.4985338842,77.7350234375,-705.1558236819,93.234101885,-668.037488893,110.4886081071,-538.0231366774
21.2533333333,-27.1062621699,12.4508927807,-24.5909454111,73.73278875,-709.9344781038,82.8605939026,-656.7809015418,86.3024997946,-524.9819187539
21.26,-35.5566663443,-3.2106600955,-50.960101999,55.531155,-690.3196503162,56.42045913,-651.5551467295,50.3201898839,-549.7438282057
21.2666666667,-32.2902049085,6.5968043584,-44.2747458235,62.80682625,-685.4193616819,60.77946159,-645.2079664945,19.2682774621,-502.0132925347
21.2733333333,-39.8812107484,0.9976333673,-49.0799518716,64.4466103125,-665.4030383131,59.3097906526,-632.5998652478,33.8316385785,-561.2527279454
21.28,-31.4825120451,9.0573111499,-41.3166157075,62.1025728125,-654.660781185,53.239071335,-630.7286966674,17.4138968028,-537.6066518422
21.2866666667,-29.9041135465,12.8986981992,-35.104089194,61.8093990625,-649.8466038256,56.62438285,-610.0633339499,-33.8404559177,-509.4952678157
21.2933333333,-40.1295477531,-2.2840041992,-47.6847873353,46.718798125,-640.6466198069,37.334462935,-622.7141354281,98.3916009487,-575.2880073553
21.3,-38.1156290239,4.9846107301,-32.8450188213,55.0626196875,-621.3719180506,52.7546267138,-584.9574239483,18.418419724,-497.1331682471
21.3066666667,-44.7963195442,0.0031010766,-35.6272913933,52.26,-621.6669603881,53.2138253213,-596.6912572625,25.9058291932,-486.5350923491
21.3133333333,-37.5448919416,2.1370795019,-41.8319041199,43.2118028125,-613.6702280475,30.7421108987,-576.6176660055,9.4610008785,-505.9560692439
21.32,-42.882587365,-5.7700270904,-42.2103611457,38.67913625,-604.8368417412,25.5999911563,-560.9209118296,16.7656082205,-455.1005067731
21.3266666667,-50.5858099196,-5.2377649102,-34.4753271011,42.0502628125,-600.1182337319,46.9632017125,-568.627390602,23.6084262444,-468.7249805454
21.3333333333,-48.9761134736,-4.7203399223,-35.2866480607,42.742835625,-588.7510770444,38.53574301,-545.2020006336,8.9576040001,-420.4615288423
21.34,-50.0314573988,-7.9027664258,-37.7799300449,42.322741875,-585.9261118538,29.0593615725,-551.421196256,8.3889886365,-432.0713077502
21.3466666667,-50.2607524512,9.5039157231,13.7366297429,55.4664596875,-561.3801216975,94.9767496449,-488.9470146199,87.5579511128,-387.4832007626
21.3533333333,-55.1444487564,-25.0605695966,-64.765778746,22.6087796875,-587.4479821319,-11.4117674674,-591.2437784966,-5.6523747334,-493.860067112
21.36,-61.4144471463,-22.6592057214,-49.9583355257,28.241971875,-571.97330036,18.1362431249,-531.6470885468,2.126883051,-433.3922482981
21.3666666667,-57.6918295273,-11.6551393145,-24.0448392172,34.430816875,-571.4284462881,40.3613249238,-545.0470129724,47.7801234557,-442.6143049737
21.3733333333,-66.0338251009,-24.8437703199,-35.9118382336,28.10836625,-564.7500357788,28.2444049063,-521.876869375,43.5459727784,-405.0582256906
21.38,-57.8226019299,-11.0568386894,-24.8043747685,38.6566103125,-564.564042385,32.2293668275,-532.91350542,30.0326070834,-437.9261085708
21.3866666667,-60.5354774715,-14.5047941769,-20.7272022439,29.82201875,-560.1590831913,36.0650270263,-525.3839404067,42.5322119624,-423.3174379385
21.3933333333,-63.316112239,-18.4286051819,-33.7469878554,28.3869953125,-560.3666151975,27.0406012974,-529.145493968,-44.0960658007,-425.7147752924
21.4,-64.0066266568,-20.9530119952,-29.8194735694,24.226779375,-554.5811983069,17.5912024051,-516.1458694,64.3480973012,-424.2746519981
21.4066666667,-69.9786121256,-25.7283114889,-26.0152744649,21.1821878125,-552.1896790569,28.1302650099,-513.9163605292,42.1630147539,-421.8723376732
21.4133333333,-66.5478783939,-22.0529077651,-30.7684490954,21.1538215625,-552.4138636412,17.4193661075,-519.6851542495,15.2226063635,-408.0909165511
21.42,-70.4682197947,-25.1950252369,-26.9238744495,18.556394375,-557.3477731163,21.2250841288,-521.2831782114,32.3532819269,-425.820211284
21.4266666667,-72.0051175487,-26.4073658239,-25.4395292157,16.65394375,-561.8365036162,20.9333311937,-526.1800091329,19.8112793416,-423.7229189947
21.4333333333,-76.5277699174,-30.9109266313,-35.1264337755,14.3518496875,-558.4920156444,18.4229036463,-524.7263885202,-50.5170037077,-450.8728619754
21.44,-72.1066827449,-34.8702857399,-35.3513516803,-2.295718125,-576.965979985,-14.9504226113,-551.5942178024,92.9630326147,-422.1901292312
21.4466666667,-80.7774060219,-20.6003190711,-0.9822602746,22.235811875,-568.3850799663,57.9953217388,-517.2185073384,58.0687048767,-419.3568586775
21.4533333333,-77.1854157635,-31.795535153,-24.9249566409,7.3867325,-579.6692196694,3.6196277675,-554.4523783085,39.5915685755,-454.4406037043
21.46,-84.7376102587,-37.0805583549,-30.4145733222,1.4455775,-584.5440947944,8.7543514774,-546.7022597898,18.3699097536,-443.9914060259
21.4666666667,-78.3948976767,-34.3440404692,-34.7148460165,-3.4369953125,-578.9882397288,-8.1734726412,-543.4732565425,-5.0984824393,-441.8752225585
21.4733333333,-87.2326074025,-38.7524998496,-24.6929190072,-6.35124875,-592.2226984975,5.1327459287,-556.9289919026,47.4984885347,-454.7450764136
21.48,-85.412584194,-32.9090792934,-20.5602213428,-0.56394375,-592.5289585475,7.9629592238,-562.9085147893,14.2597059037,-467.7532836018
21.4866666667,-85.8167014309,-38.6066293369,-36.1527842958,-16.0128825,-615.5035673194,-20.98179159,-586.9410145676,0.566811804,-483.2953543136
21.4933333333,-91.710704437,-39.3123026102,-24.236383562,-17.48154,-613.91989761,0.1094242987,-568.8253598752,24.2453751067,-468.4303359148
21.5,-87.1223062688,-34.9201775999,-27.0980364887,-20.114760625,-633.5127868725,-18.0391994125,-598.7071092399,-1.4688134124,-494.9175233475
21.5066666667,-94.3898179272,-38.5202569054,-28.6963951414,-21.72317375,-641.2134774131,-14.00550644,-604.3513617163,-6.90391244,-500.6105401027
21.5133333333,-96.0783131051,-39.8134059197,-25.3986046693,-29.5141596875,-653.2053203381,-18.5028021687,-619.68630409,15.2723788953,-513.3268880488
21.52,-97.751857169,-55.4664537928,-76.9475469576,-47.8303096875,-659.8480858819,-79.9828517513,-610.3914802949,-96.0419229832,-494.1892549697
21.5266666667,-100.8430543136,-39.8639549413,2.677065518,-41.21154,-671.1297247038,-1.3739799038,-645.1034844327,82.7728074021,-571.7683742499
21.5333333333,-103.3634569486,-46.6924776305,-41.9202603956,-48.04317375,-686.1208555725,-47.6583786937,-647.9351459394,-36.3597426397,-544.398850233
21.54,-102.9405410391,-46.6617989223,-31.0658874545,-55.04721125,-675.98712146,-43.3066865337,-642.5608213863,-9.0675346618,-546.4901947323
21.5466666667,-106.9446340178,-52.2685778118,-39.2590962675,-60.370385,-675.9661562725,-54.5603683325,-638.241213455,-15.6602035984,-534.8152291754
21.5533333333,-101.5768439492,-45.7013459235,-27.3827789887,-65.6214178125,-680.7329102881,-55.7644454625,-647.3835536784,-12.9347320485,-549.4854501684
21.56,-105.7912669948,-41.9543683102,-16.6754444024,-65.07913625,-693.9323038163,-43.6495497537,-660.3989685278,2.4989752562,-563.7230493452
21.5666666667,-103.5644567924,-40.6696925742,-20.6923950692,-71.5669953125,-699.9335766975,-59.2815386075,-668.4831720299,-20.3079907354,-581.3347513577
21.5733333333,-107.7693927466,-45.9803864999,-26.9292045693,-78.454375625,-699.8322637037,-67.5635094874,-661.8708468335,-31.8353900735,-570.9469820711
21.58,-113.3458935461,-51.4409951764,-31.7544666909,-89.287258125,-707.4036155819,-75.4393002826,-671.0451849532,-43.9082229225,-568.9713441712
21.5866666667,-109.6721954124,-39.0591200407,-6.1152312004,-89.916779375,-717.8913811975,-62.08404767,-691.243024491,13.4958500741,-619.8546979434
21.5933333333,-109.4425886812,-40.5451862295,-21.4184197065,-91.2293053125,-705.6388196131,-75.3213335325,-662.8504635945,-37.7633700645,-564.2909649633
21.6,-103.1605540982,-36.1970639686,-23.6122150665,-100.1044225,-711.2935581006,-94.8074659075,-659.8747931249,-50.3917298336,-519.414469575
21.6066666667,-107.8120386478,-33.0401342225,2.9173670285,-101.5589671875,-704.8609874412,-72.3479695537,-685.3656598849,-2.6245196616,-648.7902940045
21.6133333333,-112.2668228945,-39.1394561157,-12.8752021316,-109.814375625,-700.0578919225,-90.2442432188,-681.5617488622,-30.5269392728,-615.1118707822
21.62,-102.2233351118,-27.2953997236,-5.7926596925,-109.45432875,-686.4328607975,-84.8593170637,-632.7761744165,-27.4358279798,-490.9956645419
21.6266666667,-104.6597182025,-31.8254959116,-17.4624621786,-122.5185821875,-680.0644041788,-107.9811026987,-656.1624036383,-68.6903502946,-597.633406786
21.6333333333,-108.9080503033,-36.1454235443,-26.2204051421,-125.3977653125,-670.10128791,-109.5620883613,-614.3520937868,-50.6993428933,-488.2289416436
21.64,-103.8819887992,-27.8431304781,3.2223117901,-131.16240375,-654.35504231,-95.7806926688,-634.330221209,-14.3916910328,-553.2988768886
21.6466666667,-101.5931290369,-27.1018131624,-10.6164270866,-132.7208921875,-632.23219946,-104.936357035,-604.2615547884,-83.6055358569,-514.9078524594
21.6533333333,-97.1373528154,-29.7566282389,-30.7698456232,-144.75923,-613.49556886,-131.5440462499,-557.0754320841,-49.693441004,-452.6767661463
21.66,-94.6536299996,-24.6688322982,-15.7410382449,-143.5812771875,-578.6763574569,-111.6051966951,-549.2368839796,-80.635145261,-442.353607021
21.6666666667,-84.9598568815,-16.9293989979,-6.0734025092,-135.697455625,-541.7301570412,-100.3794883712,-496.0436257162,-54.2546353412,-427.7541980704
21.6733333333,-74.955211117,-8.6604035064,17.966451781,-131.4685353125,-490.1282312756,-77.7744663725,-466.3046667375,-1.2169158546,-379.5579595659
21.68,-62.087832034,-9.799492317,-6.5972094139,-124.152648125,-423.3108797037,-84.9478621212,-354.273429638,-31.0136228892,-213.3832229312
21.6866666667,-59.0979483827,-12.1151714072,21.045851781,-128.2636809375,-370.9394061006,-63.0778436813,-339.6421109973,73.1970107828,-293.8121845359
21.6933333333,-44.4210527677,-8.2801935422,-0.4879656189,-111.2108921875,-294.6981636506,-55.6814674338,-249.4579945909,-48.6745613538,-81.8433060631
21.7,-38.50587035,1.4124702992,34.6390893273,-74.84010375,-231.5893705975,-7.6020261937,-207.6827058745,81.1087188563,-168.2712000703
21.7066666667,-25.3682262897,4.7526375677,22.0709819651,-60.5287796875,-173.5896237288,-5.60803075,-144.5788663596,27.1681927579,-39.1843202232
21.7133333333,1.0416848948,1.205081435,24.6868077212,10.6051640625,16.4707557369,46.7486916187,53.855275421,87.7485609786,150.6824585559
21.72,0.9227238148,-1.9073431714,36.3637503913,8.847736875,20.9194705588,45.0713328975,58.0934801394,247.2087373157,44.5642597121
21.7266666667,3.6021517565,-6.1852324364,5.2539508679,9.93855375,32.23366559,31.0634136562,63.9074379575,-25.2830003378,173.7272240351
21.7333333333,4.9988857785,-9.8922116153,-7.1948834977,12.9079996875,33.82383419,17.8364858625,92.1722217478,-7.0546011073,174.4470551776
21.74,1.7281026873,-0.3088293746,31.3047120424,17.69547375,21.2339894244,60.4427063625,68.0194021464,108.8613742543,158.7647801796
21.7466666667,0.595858725,5.9633623624,44.4837461249,22.8465534375,19.85168204,82.8085062938,49.9316255109,110.312979856,149.9400860379
21.7533333333,0.9272710207,7.2749908086,41.0312380041,25.6341965625,12.0141627931,79.0888374675,62.5212822046,105.6653694134,213.9997288456
21.76,19.4614920759,16.2169428136,31.768232694,15.7084784375,26.3983246337,42.0432301962,62.1474264606,47.4854183982,202.0287333798
21.7666666667,16.449123004,11.8147194423,33.673813292,14.9901121875,24.2603941025,40.8996459751,71.4427287553,55.8603373352,283.1187838164
21.7733333333,29.9359346809,24.070105085,31.1996280401,18.0223,31.1703455369,25.2673301499,60.6778383422,9.0141486818,226.305264149
21.78,6.4620327402,4.389493714,-3.6458364054,27.0886190625,14.18913044,16.6229708963,65.9795996664,-55.4676769957,278.9223423774
21.7866666667,22.9053645891,16.6477877058,40.1531889412,33.8030415625,31.7642347244,48.0202471863,94.9025822369,49.4358315903,305.3910140615
21.7933333333,22.0199275843,6.7967648766,10.8200916524,20.43393375,36.3626338619,16.8681662287,112.951162186,-18.9333363234,340.4516991574
21.8,18.3338817753,16.1264549332,35.8034982247,16.467924375,23.4689721431,38.8194642788,39.6879757969,29.9614093629,174.6504819919
21.8066666667,2.146526977,12.1342530242,22.6264797654,21.695135625,-6.7860660475,35.6083920225,24.4960704628,0.1974771405,222.2740693461
21.8133333333,2.2275215578,12.9067241644,30.9463724813,19.2104971875,-4.6183705131,41.63433192,1.2573420286,26.23570893,170.4779376797
21.82,0.9547796248,6.1545795117,13.0192480312,10.4839621875,-4.810475485,18.4262876213,12.3642968994,-0.9018840488,117.6234393101
21.8266666667,1.0952715655,4.0422548178,-5.907600527,6.908506875,-6.9993813475,-7.87695165,14.1558043824,-52.659603414,179.9756833866
21.8333333333,13.6170692267,10.4994163983,15.3707108714,9.5116521875,20.2430231681,11.9883330949,30.586633863,-11.4398255111,116.7372805782
21.84,16.6627678751,6.9117143617,1.0294424134,-1.6189671875,23.4243337056,-12.4056665824,37.8176985925,-44.4243867303,157.6059921679
21.8466666667,1.6392046325,4.6264354528,15.8804982854,7.878121875,-2.1367621225,14.0169634087,12.7997468165,15.4325478126,123.2785608173
21.8533333333,20.7938134798,19.5276166579,31.3048255404,19.8484315625,23.9507432962,25.8675590788,40.1301013988,6.3192379948,132.0112610324
21.86,30.0015824268,23.4943896245,29.6536652481,11.6618965625,32.0556095056,10.9008574512,36.8569276085,-5.1818857607,124.9297390997
21.8666666667,17.3868109739,8.4362453749,31.849881733,11.126196875,34.3670775744,16.8802433525,48.208358726,100.9512803225,138.2703266966
21.8733333333,17.5541098778,20.1242163767,32.3786959305,20.2800653125,25.5513623681,43.4898147962,35.3724291502,-55.6389686518,144.3551740151
21.88,12.1572794509,0.5348817362,-8.3625357759,-3.47721125,19.150394565,-22.2622062688,43.6968296542,-91.7891787267,89.0739111382
21.8866666667,9.0375324062,4.8694848838,23.7604775104,-0.9400753125,15.7667538994,2.7788328675,29.9219345333,125.9678167874,210.7051088153
21.8933333333,14.0556547076,7.0870412158,-2.2247316794,0.6466571875,19.1012237369,-10.8210128525,35.8618944516,-93.7463259905,77.636810739
21.9,8.0859484219,2.6831672864,7.6288655109,2.8903096875,21.3022497869,3.5238611437,35.2741280485,-26.7620700683,152.7854138677
21.9066666667,13.1433838826,4.6895908771,8.1940416292,1.9967040625,27.2815643181,1.2037930376,50.0112225872,-55.9995466323,135.9031345611
21.9133333333,15.0401220421,0.68811005,-13.4654755991,-7.9578121875,27.6505145994,-35.5581121313,41.6440035733,-104.1097990133,149.8209542388
21.92,16.1041099019,11.3525637425,25.9763091973,11.881774375,29.9594419775,18.8306289363,56.1608067541,5.9199310441,115.4089583587
21.9266666667,22.7221347497,20.0547481523,45.6861409189,15.48374625,31.9654687213,17.0952213037,42.6636350225,177.8895126519,170.6365156829
21.9333333333,17.4245734549,7.1598433609,-6.2864799212,11.9862721875,44.3281956837,0.0296403488,56.1093851615,-232.1238347093,92.0138871287
21.94,17.1524575726,12.1377526367,21.5058272798,10.882929375,32.6353153369,9.5691846374,48.8561069272,0.9289119375,120.4174756486
21.9466666667,14.8483374748,5.3373828601,12.8261902566,4.02490125,37.9465686962,0.5633004713,62.3512903739,-44.9508154748,143.3939972447
21.9533333333,9.5248358709,4.5488824953,7.9201820314,-0.2057465625,23.8370775744,3.769691655,34.6589224483,-30.1522556849,74.4607792027
21.96,13.6719358469,5.1764005244,7.9449703436,2.12846,35.3373952525,-1.1248072938,51.3901985365,-44.5889297718,106.9396032661
21.9666666667,13.1194263454,9.5170659337,12.1314906378,5.037305,23.3322971244,1.28730227,39.6846186612,-28.901573824,99.8760986688
21.9733333333,5.7160016923,-0.9563926824,-1.1694400116,7.3327134375,20.8279631431,-14.2570099912,46.0877849457,-65.9211063414,143.4248625297
21.98,9.918963702,10.5062442372,15.5665274606,11.0182625,25.00828744,16.4528124763,49.9480685868,-35.4314332877,101.1927237534
21.9866666667,-1.5349922555,-7.0758177248,-10.1394775894,-7.635718125,12.4377633463,-9.053629605,32.8262352095,-48.2473268911,85.7987081962
21.9933333333,10.8585717363,8.075554809,16.6948795312,9.036966875,39.4659752869,10.1198345788,76.2641294944,-51.5504077171,142.8179275666
22,14.7160050521,-8.3715121858,-22.1479637047,-14.59384,44.7039729806,-57.2851024225,68.5706034705,-106.5820007726,138.8160468237
22.0066666667,8.4669360123,20.2440991665,46.091131805,27.2302059375,37.5815375712,53.6458035262,71.7169877259,25.5069209002,114.1199216426
22.0133333333,12.70366447,-2.3998680383,-7.8226652404,-8.9207415625,49.1749420119,-33.5639498012,68.8566347536,-72.7576470872,120.2085239896
22.02,9.1885057542,0.6949173295,2.9183001669,-2.7306009375,57.0037319869,-11.7138164325,86.599066896,-51.0542799945,94.3147383594
22.0266666667,6.4003028795,0.5562204073,12.3585045105,4.848075,49.7825377994,-8.3748823875,93.7277743244,-57.9156021315,201.9826058042
22.0333333333,12.7995454491,10.1102278358,16.4870562031,3.4870421875,49.1047804775,-1.5533843676,77.9573210026,-27.2516858555,96.2269080292
22.04,10.7889412074,3.804554805,12.7260812307,-5.658413125,45.3662506994,-15.66774877,93.8044398112,-52.030277248,153.4008062416
22.0466666667,8.8362977422,0.3357787569,6.6552361269,-6.3790609375,53.8403051056,-27.16732234,114.1056872182,-62.090594434,189.3568074621
22.0533333333,9.6835131071,-0.7493907354,2.0749024643,-12.2519434375,45.7311968306,-36.5585531724,97.4923983118,-82.4632567883,201.1113092284
22.06,3.6843029873,-4.6319359371,-5.6891878211,-10.39855375,47.99298489,-37.6381569138,102.4751305162,-62.2877896879,145.5650252926
22.0666666667,-0.1794638526,-11.6028135736,-20.0440695627,-14.30182125,18.6766298619,-45.3644993362,63.5549594169,-93.5630178142,167.7098039607
22.0733333333,4.2000109431,-11.4920586777,-13.1650391815,-23.052731875,44.4814183025,-61.0238416075,94.9500037929,-66.1251532977,208.5111463095
22.08,9.9671267441,-7.5003800187,-19.6259922513,-29.297633125,48.5663284681,-71.0754931412,96.8021542485,-85.2550091611,135.6280152675
22.0866666667,6.3282704193,-6.2455952958,18.7078026864,-30.6562153125,54.183976665,-38.3109161587,102.8171519262,27.5326962114,217.868208864
22.0933333333,-1.668277645,-20.8145638496,-16.7270573008,-37.4151540625,45.1475329587,-75.7314133,109.2042502319,-57.8188260343,271.6662588731
22.1,4.0714163202,-10.376097531,2.3121607497,-27.755229375,47.1966180275,-64.3807224562,110.6950870708,-13.010158658,231.5739487648
22.1066666667,-1.248429068,-20.6003257713,-7.0797645866,-36.724168125,10.044026315,-66.6417894075,87.4682051231,-24.2760468017,323.6603829912
22.1133333333,4.3914420241,-16.8577007473,7.6493672254,-41.92258125,21.44893664,-53.10418143,61.3377802866,77.117747748,123.7470881004
22.12,0.8115712861,-28.3422029428,-7.6534222014,-48.5201021875,13.3545399619,-68.1011176862,36.4579391747,65.953305054,181.3917935051
22.1266666667,3.5383689195,-31.9980942051,-49.7883130028,-48.1097171875,1.1712958275,-99.9544377663,5.6126167777,-66.2029286824,134.9688879494
22.1333333333,2.368810195,-31.1317122369,-41.2868196041,-48.9581303125,5.0784834088,-93.87887197,17.479216248,-53.7572330681,178.9524462846
22.14,0.8301010431,-29.7100363222,-28.0580184888,-49.1713040625,10.9786160431,-84.7636807199,35.5151708391,-14.8934645519,174.7114106571
22.1466666667,-0.8783207909,-21.8158964883,-3.6599943663,-36.716186875,11.906777265,-59.1493499726,55.6567322424,8.8910221415,271.3217526533
22.1533333333,2.1743152943,-15.7807918109,1.4355106492,-29.7754453125,16.2210420744,-52.1845101337,51.4003751407,30.2294882362,194.3247150889
22.16,-0.8572145926,-22.2876069004,-20.9187178824,-36.1787596875,0.74057039,-58.2908715563,28.9995859183,-18.2426157921,146.3941688761
22.1666666667,-0.1844199393,-21.2195982086,-30.9987121273,-29.1490509375,0.2951534994,-62.8252259512,12.0261563734,-11.5280452914,90.5203378774
22.1733333333,-0.6586327439,-20.7604047143,-41.4662719655,-24.1797740625,-0.0484538163,-68.7227169375,9.4185315514,-36.0956269034,64.0894691032
22.18,-12.222285948,-66.6422427439,-149.3787300616,-4.526103125,-405.4008131475,-50.5592523088,-372.8910327087,-66.6917066788,-319.8260022801
22.1866666667,1.6654872277,16.2353396228,14.7186824891,58.5113978125,-319.7174557569,109.53910909,-224.190947228,78.0317037101,-122.3346519422
22.1933333333,7.0743718744,30.7895178353,34.3050066513,74.0681303125,-342.2352187725,124.0704988038,-209.1314596287,6.8563226358,-1.0114094031
22.2,5.0913273325,5.9963955118,-32.6998729809,74.5166103125,-439.1635242881,72.9401166275,-374.6949907948,-25.6560472705,-80.8901847226
22.2066666667,5.272982869,-12.2900052947,-72.7504499935,93.818423125,-456.4817382225,15.1756419925,-419.7952600913,-87.5418136237,-140.5330982123
22.2133333333,6.8668805422,-20.7197611431,-59.6426331431,66.571409375,-470.1777826381,20.5685773775,-446.7800579622,44.4133628316,-272.184975972
22.22,7.9409615617,-32.1746480703,-60.1122214425,33.1677853125,-481.8110556881,-4.5895493887,-425.8883384286,102.6208480312,-287.618383188
22.2266666667,7.8987740883,3.166850876,-7.8488122319,76.6580096875,-514.9646178194,91.9153280087,-470.6994883376,154.7833724927,-411.7103081942
22.2333333333,2.4042616016,35.5228480602,30.5864523107,126.90912625,-518.5891145475,168.1739261913,-490.1245951382,191.8956173494,-409.6814995208
22.24,2.093780457,33.2092987586,-1.7454017318,114.186488125,-513.313151585,137.0915110188,-504.4854934863,105.9273493487,-484.4076039075
22.2466666667,-7.3947794602,26.3852932958,-38.6494522033,117.5567509375,-544.4966214975,115.9312833362,-535.3423229247,3.4515031681,-492.3932764292
22.2533333333,-2.3904125843,3.4500694356,-116.9631593941,93.214573125,-566.6885049975,4.3067036738,-577.5069588379,-118.6929044061,-539.3477007758
22.26,-7.8471173886,17.9454258929,-88.5774073391,117.071925,-572.8356002162,39.0479254125,-535.2519821285,-126.0736038796,-433.7917190681
22.2666666667,-15.587101045,13.6319768406,-91.7789500358,113.557934375,-600.5276383287,44.341466075,-567.8763543665,-84.0766582269,-524.3397693275
22.2733333333,-16.0182150774,15.7004083917,-72.8184097176,106.66355875,-624.9968011662,57.201458065,-579.0133013415,-78.8532469851,-406.5051411081
22.28,-23.646540181,4.9364697703,-91.1572290197,89.723990625,-653.3534634256,47.61886047,-624.242892551,-37.9932223979,-560.2629488642
22.2866666667,-16.3931267358,17.506647018,-66.2048274107,93.0273803125,-675.1695505694,64.71423781,-654.6835351028,-12.6481600282,-504.786140006
22.2933333333,-13.8614784914,19.5665262393,-55.9685817371,84.6249765625,-703.054724935,69.27826141,-674.3950094881,45.5565702521,-633.5338316287
22.3,-19.8639037791,7.4266227767,-62.919077608,72.85471375,-713.5632368819,54.2376293013,-695.7187656269,38.4484186412,-555.0266933927
22.3066666667,-15.7511219043,29.5408536263,-9.5216169644,80.38336125,-714.4634259288,109.0984008112,-657.5827555465,115.4922026093,-592.0575050052
22.3133333333,-22.2291149998,9.7298123273,-37.9968601636,66.888319375,-727.0676593819,68.87526112,-696.299562425,66.777923692,-541.3884419642
22.32,-13.7101137586,28.3404380122,0.8464551284,74.8802159375,-713.1009033725,94.7068783813,-660.6097651037,130.1911764013,-560.8841847377
22.3266666667,-19.7674752358,15.9443491722,-26.1292341012,63.0557934375,-696.6858756287,66.4054538363,-647.2956724533,27.7751496742,-477.764026985
22.3333333333,-30.6338750502,3.5054058121,-48.1706136554,56.66317375,-672.1766185787,50.5484304924,-643.295035744,42.0312520885,-601.1174590768
22.34,-26.4343488255,16.196302941,-30.4320412762,67.64605625,-671.4348631038,65.7469566088,-637.5933963721,19.5013764807,-538.8241639981
22.3466666667,-34.9887321174,1.5781552551,-47.4416967324,53.90278875,-650.636304585,45.5842192613,-623.9957370633,17.1778432613,-547.7390311089
22.3533333333,-35.5567108244,-0.5548058965,-49.5921213042,43.627164375,-631.829234885,39.47604195,-605.9727242152,0.9664648859,-553.429187506
22.36,-31.9425135619,3.6072334058,-37.9546957337,45.2266103125,-620.3737428413,37.0922760325,-593.4154978494,28.5750976286,-505.0716421872
22.3666666667,-39.384041092,0.4361731654,-38.5427070753,43.810385,-624.2339646162,45.3573388625,-596.665139267,3.2117456704,-473.2188146222
22.3733333333,-34.371338418,6.1278759517,-21.1801190988,44.9970421875,-611.9868569569,46.6800347062,-571.1211935693,72.1818587603,-519.7337963633
22.38,-33.878747499,5.9112615767,-35.333163394,44.7109859375,-608.8034054819,34.140393665,-585.6094356185,-52.2978413049,-481.4387308481
22.3866666667,-37.5131264887,1.1463869176,-24.0095168171,35.951108125,-601.7895551788,31.1267886925,-555.8779537272,97.3089103764,-435.3908633022
22.3933333333,-36.3066940449,9.593233636,-16.18406687,51.6915115625,-576.5722223631,47.3320556525,-532.3367026666,-6.6495275395,-419.0487347992
22.4,-44.3170565506,-2.993927585,-32.3792031179,38.9909859375,-583.0888346694,30.3599162213,-552.6348548566,4.2473550833,-443.6592115858
22.4066666667,-39.1793974361,2.9867202422,-17.3263315995,39.3506009375,-557.7460434631,35.6402437587,-509.5809266894,26.3418900147,-397.4498084846
22.4133333333,-45.3627142968,-6.2004025403,-33.697280267,32.8229578125,-560.0855362756,21.5791685325,-536.5502337633,-7.1444119995,-456.6153755565
22.42,-55.1292580293,-9.4424431742,-21.6474582359,40.473220625,-555.0509587006,42.2844781625,-517.4542031655,34.8656796306,-418.2965135997
22.4266666667,-53.5473610798,-7.062693329,-14.9824927876,40.15923,-545.7700471506,43.8618135413,-508.0554821392,42.5196122752,-400.7103648507
22.4333333333,-59.9604120734,-19.3792221484,-39.2975657751,26.9697840625,-555.0583013569,19.3244115812,-524.8852141615,1.6556457092,-422.2034769331
22.44,-62.209746385,-20.6728465266,-32.1871610418,27.96278875,-538.6253647569,26.1756294888,-500.6747221482,13.070821361,-401.495017641
22.4466666667,-62.650863493,-17.9026217103,-24.7124758268,28.8678121875,-549.7351737163,31.2240017137,-515.8350859842,31.2240017134,-419.615562576
22.4533333333,-65.5882887024,-21.4143308122,-29.7962051875,27.6885821875,-548.5976226506,25.4606576801,-517.6096094888,12.6730540844,-411.6090606644
22.46,-56.8640705444,-9.4950227345,-9.9651146851,33.9490140625,-534.7631701819,35.1912413349,-492.9158285299,34.1662446007,-395.6343800989
22.4666666667,-62.6148528611,-15.4167556729,-10.7088422313,28.5051925,-544.4096790569,34.7800726901,-512.9803253997,44.7862186361,-423.127854452
22.4733333333,-67.7904861195,-21.1639310245,-27.430502935,29.6521878125,-548.0842358819,20.6604213162,-514.7869393225,5.6760579761,-417.1984653109
22.48,-64.4322907836,-14.7336177054,-4.2086389281,28.686009375,-542.4538155381,37.5495108526,-503.8887290742,54.5838676606,-407.0369270802
22.4866666667,-73.5299211265,-25.5305442943,-20.6598609372,23.6097840625,-546.0751601912,26.1502087975,-514.1559663142,29.9329912016,-421.1920503154
22.4933333333,-72.465477077,-24.0664327866,-16.9188999493,19.5861784375,-561.0399756819,22.6715351612,-524.8862093813,41.9263236931,-422.8071607637
22.5,-81.2480606971,-35.5076927485,-24.0289452581,8.9021878125,-566.1677431475,17.8776296701,-536.7070165453,38.524330626,-442.3426662097
22.5066666667,-79.6490063382,-31.4040048855,-42.3968333612,16.07605625,-568.8695527225,1.707264695,-520.2933815451,-29.5799912709,-395.5791856515
22.5133333333,-81.4092227129,-29.0789010476,-8.7719163642,9.355624375,-582.3543377819,27.1867940725,-559.7243686401,58.2539006246,-471.0801155517
22.52,-88.6024226041,-42.3404216349,-32.4472126572,2.2081503125,-582.4812388819,2.7608559388,-544.6157409247,32.9000208746,-442.7857215367
22.5266666667,-83.1184592226,-32.59309717,-27.5180416484,3.7802159375,-594.7340529912,5.9840421687,-559.6689768489,-38.5524210033,-455.5671575403
22.5333333333,-86.8396047186,-36.7518949217,-17.4240408257,-3.9018496875,-604.63015996,4.7610919425,-569.6624952692,65.2832432086,-454.5714326852
22.54,-87.3583794916,-33.3495405237,-21.4685748502,0.4922346875,-607.7561697975,4.635583475,-570.653996401,9.6871840069,-472.526274685
22.5466666667,-86.0040410403,-30.1428864508,-20.3204865434,-5.38077,-624.8920456131,4.72495875,-593.1899072424,-73.2197697958,-508.9209462174
22.5533333333,-95.748174556,-42.1213117419,-15.0424882391,-14.432835625,-634.3811729475,-4.1910682188,-595.6623472547,123.7583508792,-469.1064713171
22.56,-96.0233239822,-39.2645052252,-17.9305598844,-13.01432875,-635.7217688131,-7.8611844513,-604.4203614555,96.5133097647,-490.1348563509
22.5666666667,-96.3004297136,-47.2719773925,-43.9023979336,-27.8150703125,-641.8869347256,-32.2071754999,-603.507956917,-96.339303716,-526.3600009156
22.5733333333,-103.3814097179,-43.1753178476,-33.1031537093,-22.4733428125,-657.9117891006,-10.4039932301,-619.4923339616,-95.5236989141,-518.4550891838
22.58,-96.9980205409,-40.0881059392,-19.9690146071,-28.2498309375,-662.9274709569,-29.8527549899,-626.6090512404,78.938930694,-513.228762651
22.5866666667,-108.9881930922,-51.9217610966,-43.0588164429,-36.7089671875,-673.6908171506,-44.907045295,-632.5936470647,53.5849618911,-489.1790604107
22.5933333333,-103.6499918047,-42.1411810475,-13.3194909318,-42.40317375,-681.9483914225,-10.1231440313,-652.1616462372,-139.6301794134,-612.6497712378
22.6,-112.4574267922,-55.0816590523,-38.4086400009,-55.0670421875,-698.3466570006,-54.4739136462,-658.0497595744,62.2242133579,-519.9580543432
22.6066666667,-107.0630245915,-44.9958401122,-25.5896975144,-53.429953125,-701.1719885944,-45.0072168938,-666.1783910489,-14.2336428937,-564.0065482696
22.6133333333,-112.796931806,-53.1005292866,-30.9999612067,-66.2442534375,-713.2706437819,-57.0363798188,-675.2135256603,-6.5440464789,-589.8708036225
22.62,-107.4406865856,-38.6518719728,4.8754129481,-56.33308,-705.3591787913,-33.0603640525,-672.0592158742,123.2954310455,-559.840984783
22.6266666667,-111.0409975202,-50.7273454532,-47.1387830772,-76.254084375,-711.0204469037,-70.7487942975,-675.283845086,-237.6930660495,-628.0570350848
22.6333333333,-109.6597195707,-37.3578198152,4.9101691279,-66.711925,-706.67308396,-41.1148914399,-678.0376222621,110.3597413821,-580.3935190975
22.64,-114.9579240315,-48.9821710328,-22.3634033607,-81.87240375,-713.7090274006,-68.3851426876,-678.5990585017,-25.7258675295,-566.7588689311
22.6466666667,-113.5148067288,-46.1718151951,-14.4612961346,-92.241295625,-721.6745177537,-79.9239670062,-694.7574186252,63.2536368256,-589.5576928842
22.6533333333,-116.4339630532,-38.417413467,-1.3588729166,-78.8804134375,-707.3721619631,-39.7797941762,-663.5285657484,-71.429231436,-605.8799298324
22.66,-110.2486947934,-39.1274082577,-30.4508655781,-95.5518028125,-709.7413229506,-91.5048471301,-682.08812254,-158.7119655483,-622.0760761408
22.6666666667,-117.8434551138,-47.6000867382,-15.3419836449,-107.1258403125,-711.1542655475,-95.4576104249,-670.4791262414,129.2036829632,-505.067825612
22.6733333333,-114.6095257113,-36.6304739169,-17.4085092295,-101.0693053125,-703.2272115256,-80.4411808425,-669.3878747707,-128.8811535166,-597.3161381605
22.68,-109.5494620715,-32.2589830564,-9.2529364886,-108.2833896875,-692.3496722944,-85.4996355388,-658.0681554911,-95.8206188187,-624.1026254057
22.6866666667,-109.5381183051,-33.3457225949,0.1104096215,-112.6209859375,-675.2614062537,-94.9180812587,-640.8949235926,127.4493972672,-489.6356794864
22.6933333333,-100.2660817057,-23.2012300574,-14.6326454075,-116.32875125,-660.6393921131,-93.9857623475,-627.2137527986,-224.7876550354,-578.2595984168
22.7,-100.9795161719,-25.6311422859,7.1441260875,-123.9765634375,-642.96523166,-96.1119598187,-604.0715379916,87.6985976831,-519.3805055632
22.7066666667,-104.1952821738,-25.5503977353,-3.1567869323,-123.8305540625,-629.67612246,-99.1313756338,-615.7858673921,-50.0782986778,-555.9987048029
22.7133333333,-97.0541884457,-24.7754324529,-19.6345730272,-131.6349296875,-598.0370492256,-106.08609268,-536.3840106302,-65.2329895958,-394.4735415854
22.72,-90.2176392155,-18.7126431557,-2.7072678388,-134.111155,-565.4806768288,-103.4573702462,-540.5279914438,-27.2430634385,-497.6857055781
22.7266666667,-86.0730141265,-21.727508798,-10.1021708458,-134.5812771875,-522.6612398069,-102.9417951988,-470.4570575927,28.6933511852,-315.897466035
22.7333333333,-80.1589336008,-16.8016317597,-35.8378069182,-127.1048359375,-491.1625472663,-99.4400148025,-424.3674029374,-260.1372510325,-307.3148800905
22.74,-71.5826593046,-14.0203049209,29.0784216916,-133.46394375,-438.6853449319,-69.85693227,-409.331148258,145.2905923561,-337.1119352124
22.7466666667,-61.4101712703,-6.7735571118,32.953769736,-119.1098125,-377.7160417725,-48.7949292213,-360.2653052569,70.1046919226,-283.5536238469
22.7533333333,-50.0467304722,-14.878018447,-49.0894965148,-121.3193990625,-322.86261781,-107.91920274,-255.5660738624,-123.050332356,-81.7841243852
22.76,-45.9315347407,-6.9148095064,26.988604538,-88.06048875,-254.3598067788,-18.610811325,-215.7528048614,92.5764787351,-129.1978407278
22.7666666667,-18.7814330742,9.3607053037,12.1757535809,-64.3511834375,-183.0235653256,-24.0720807312,-138.9473430087,-11.4785873712,8.0713026003
22.7733333333,-16.2477730239,12.8644288041,59.9378752655,-36.6656059375,-134.7934694225,28.3523207487,-109.7647578628,186.0526843107,-71.2099410147
22.78,-8.2685827255,8.2160796337,13.5213048469,-28.783511875,-96.068418935,-7.9144046425,-59.296073204,73.9598725834,-23.9883418526
22.7866666667,3.5259359551,-17.7565583005,-21.5220586005,-0.4848075,39.7603020275,5.8297182413,99.2747352102,-74.6763185406,268.7195045118
22.7933333333,6.1431532497,-10.8121916916,3.6460787379,15.0290325,37.4035315681,23.595581025,95.987227133,61.5204601829,147.7441439468
22.8,2.129187722,3.732951053,32.6845534417,18.9680934375,18.8402523931,61.2185906137,50.4436733412,90.6996745057,151.523527683
22.8066666667,0.8756604813,4.588869001,39.1212542269,15.51384,15.9011069244,64.2156789376,37.9338585916,118.3203564256,99.2017035299
22.8133333333,-0.8761859804,15.3112634064,53.3226672725,36.4211634375,11.7953934088,112.5965920274,45.1903268551,86.7775634415,175.3287202459
22.82,4.4018185227,-4.1846020368,-1.8803410311,2.8482440625,6.5237178556,-4.9020725249,51.228361028,10.0586188351,225.6148928744
22.8266666667,24.3071945771,20.3745302394,31.1803130289,20.9033328125,30.47861204,43.992590915,77.9206639216,26.006620511,253.906238017
22.8333333333,26.7512132501,21.1910372691,34.8668464663,23.61354875,36.3987040994,43.3686937287,72.8584718665,20.8684767387,243.0349420699
22.84,21.9499119079,20.8384207548,41.23837111,30.93969875,32.5454902369,62.0832226663,76.6945515371,37.7768336023,274.8629013707
22.8466666667,26.8229932124,14.5307431984,13.8915035471,32.4454453125,42.2624191525,24.6321622612,103.2507340052,-42.7477616109,343.313517323
22.8533333333,24.4604884074,10.2861603894,10.5433423277,16.77547375,33.2453921806,3.4879951713,78.1530827645,-22.1605951587,233.1624419424
22.86,20.292720936,15.9753464087,35.1820026058,22.57277875,25.93510109,45.3814085388,69.9153967201,34.5704152727,240.5385571861
22.8666666667,16.5852009332,17.8606941335,26.9924474115,15.6125159375,16.3727760337,29.8701444763,30.6655500514,3.7575833385,167.5398053512
22.8733333333,19.6195953523,24.7498416974,37.5214823459,13.4786475,14.2336660681,35.4298450724,13.612094651,16.8094656043,155.8840348304
22.88,0.5552699824,9.4959507664,15.7672893368,10.4839621875,-8.5028906069,21.3515074125,2.6489451789,-8.3970698534,134.7428808375
22.8866666667,27.0850047138,24.4669949494,33.1891068706,13.524563125,18.8156133494,15.9048509275,30.1033323186,4.7766531296,172.7312990773
22.8933333333,16.9463714731,10.7920860305,10.2445616192,7.4424975,20.2138895338,2.0172758887,40.555097681,-22.8998502594,146.714722211
22.9,26.0697962641,21.448009338,29.5557554981,11.9703096875,21.6716125806,11.9944079638,33.5027865475,4.8928139639,134.9713348009
22.9066666667,15.3544340708,12.4528730664,22.2374676122,10.3428071875,23.8596609931,19.2949281325,33.4490733777,12.0465678564,115.2608828788
22.9133333333,-1.7844834043,-6.962407149,-0.5357997961,-6.8812303125,15.541988665,6.2943078863,29.6003097756,-1.1978737837,154.872217518
22.92,2.5155911366,7.8298330519,12.0162132918,11.39297625,-6.9787770287,10.0147103213,2.1941238586,11.8445543753,42.9755271454
22.9266666667,0.605401205,7.9612124853,25.5343278639,17.816675625,3.3112621588,42.300524295,19.0788506829,26.217781083,152.8094670387
22.9333333333,20.4390746082,6.7973709626,-4.8388550908,-9.215333125,19.7561398994,-42.7469184812,23.8378523789,-36.7437043531,64.5917961688
22.94,20.5177910785,18.43290369,50.043492447,20.8949196875,30.8495603213,46.0838372787,53.1728128219,111.3877285047,188.3725122565
22.9466666667,12.0055802256,11.0298696796,15.9806752906,18.956675625,34.62084719,42.2946901275,42.2079260274,-116.5987412266,96.0472669218
22.9533333333,21.0596308123,3.9640488491,15.2733371435,-4.48846,31.689759815,-27.5131969112,58.6628135863,112.8805820728,175.0035199945
22.96,10.7139388354,5.8290648605,11.8864058404,4.836966875,30.237903365,19.3588990887,36.2982397974,-82.0873712013,117.9822206063
22.9666666667,20.9560298619,8.0387273867,2.32549191,0.710385,26.8668278244,-23.6203230112,52.8387925584,-87.9252566811,173.4821180514
22.9733333333,10.9738226786,13.3668919617,42.8924766366,19.35508875,28.7723084963,60.4924010363,47.7452787071,66.0316443562,89.2240585247
22.98,18.9129207197,7.7796025896,20.8626835005,-0.371586875,24.3025570181,-25.0225687512,55.2292828219,135.8687777147,213.3967208515
22.9866666667,1.8744441921,-3.9211183479,-20.7295014058,-1.2726196875,3.2379350244,-19.2724773188,15.5575266354,-208.6696221008,107.3174857314
22.9933333333,12.6542240791,16.1823693194,43.3096116798,21.775135625,26.1016377806,54.0652710726,67.1274070061,16.7748009784,159.6117286901
23,12.7012362637,-3.2814446658,-18.8453766563,-11.61413125,23.2297982369,-45.1534902438,26.5102818993,-90.0568691056,91.8333737312
23.0066666667,9.5521985921,15.3056928607,44.4381061059,20.216769375,29.4380224744,62.0995734975,48.960899802,51.7028398814,116.685514005
23.0133333333,2.6523620851,-13.5630976615,-19.0200080757,-7.8366103125,32.7130780338,-33.9863494988,61.3081012694,-85.4066244547,165.347189831
23.02,12.9599018305,2.186795573,6.830163166,6.0839153125,46.3106586056,0.8110569962,59.9905590427,-42.6530654818,135.5238492884
23.0266666667,5.2948690478,-8.8379825745,-9.3707516742,-9.202065625,32.8844755587,-23.3547500574,55.3063755193,-64.7688790675,129.0623735065
23.0333333333,12.9620344732,19.857530281,43.2233967245,24.84153,37.7198823056,56.5385369062,58.7439267709,13.9526448862,112.8486305611
23.04,17.6572503668,0.5443888285,-4.4209111771,-2.0842534375,40.0245748431,-35.25436465,72.4371537186,-78.060406084,155.4077066406
23.0466666667,11.5039535717,5.8661878202,12.0634586177,10.936966875,39.248211665,2.4427131788,67.1136790212,-48.7337403832,142.999445049
23.0533333333,7.9656127394,-8.2026786247,-27.8384139647,-9.294469375,36.3776420838,-43.610414755,47.4865673905,-107.0868291251,96.5150517895
23.06,6.1288923856,10.3287324094,38.6093560667,14.784365625,44.3951912994,45.4956752963,87.4371311469,2.5191956063,166.6225344669
23.0666666667,10.1384809451,-9.167597171,-24.6223711908,-17.54374625,29.191318715,-54.7849114212,61.5485492915,-111.8675239931,139.5018260525
23.0733333333,0.9277796172,-3.2348493183,-10.6043020519,2.6058403125,17.4773373087,-11.5864896713,40.8329288694,-64.4957321695,86.8522311707
23.08,1.1670518368,-1.1635469095,1.5323433501,4.9086759375,20.5716211775,-1.4058498037,54.7998885639,-61.8309459516,131.9783814195
23.0866666667,10.7111405433,4.5218117819,4.2847827795,0.694854375,46.0381152994,-10.7246191125,69.5593630751,-66.2448810045,110.9498464073
23.0933333333,9.523462397,0.4423630893,5.2805040448,0.8002159375,54.3227537369,-18.6735233637,101.977181395,-59.8201589997,158.6983491346
23.1,3.2165792819,-3.3670865231,-4.4431149267,-0.0734365625,55.04464569,-16.7502210914,82.0082156235,-85.0580865794,158.1295178523
23.1066666667,11.1645430762,8.0077452663,19.8287561421,5.1958403125,61.1147973837,-5.6468292724,103.5086879411,-36.7873189624,137.4294779843
23.1133333333,7.1207178458,2.8764492249,13.6996319038,-0.8046384375,51.5099096588,-12.472868325,91.1364630024,-29.092965483,167.9906497321
23.12,9.4456190235,-6.1386412877,-11.9441725322,-11.8300184375,54.4514465806,-53.9763488713,106.5762599559,-113.3030651473,183.7964154963
23.1266666667,12.2284109785,10.1579798024,17.287254256,-3.7422815625,47.6886008119,-16.7646791025,99.0429456536,-34.6299224085,146.368941251
23.1333333333,2.0311541205,0.0792347572,13.3441407512,-9.9222815625,41.6021709338,-14.4177761288,99.2872029091,-46.1192917447,225.4131956898
23.14,9.4229505823,-16.1978773748,-31.5992337919,-32.79566125,48.3266001962,-94.6411664725,103.3474044858,-96.1064620346,159.2469177996
23.1466666667,2.7125705388,-11.515694763,-9.298094752,-23.0889571875,29.0103017244,-51.9322617675,78.3282100711,-52.2494662994,200.7568762957
23.1533333333,2.9667193553,-18.1850426823,-9.4318469462,-39.7335203125,43.3511917587,-77.841446065,122.4476354659,-37.745846341,246.6820003248
23.16,8.5766418715,-11.4391273557,-4.163150436,-40.04892875,51.3095773713,-71.4093371525,98.8967708386,-15.4014324726,201.7877683702
23.1666666667,2.0566074092,-17.9749251815,-3.5185902339,-38.829360625,42.3175786056,-73.4515873225,103.88301608,-1.6544719824,257.7409701506
23.1733333333,7.1988650316,-8.274116426,19.4810495261,-37.3788065625,37.9838961369,-52.2544392825,102.0795204657,28.1095656193,267.1828486352
23.18,-0.1060195407,-18.3271811277,6.1119359521,-38.5983746875,26.8045056869,-46.5741267625,56.4567436225,72.7634260117,166.9722491923
23.1866666667,-1.9935483441,-24.181629508,-1.1128933663,-37.883013125,19.9558263681,-66.110645615,73.9644564133,32.629917361,248.5858143013
23.1933333333,0.4322174076,-39.0157027995,-60.8879243062,-54.2338484375,6.6494270806,-109.8215754725,-2.8603271131,-43.1731157825,75.9098696777
23.2,-1.471288729,-40.4013848076,-61.3493823728,-51.715989375,-1.3630742631,-110.8617102937,1.3928365671,-62.6631918158,167.6906528475
23.2066666667,4.9144886552,-26.9836917256,-27.5391940695,-47.643876875,0.9352741556,-80.0467300663,12.2126075452,-11.3719488882,136.8292748812
23.2133333333,0.280786267,-29.4130418219,-24.9201445573,-49.80469375,7.121443215,-85.91790412,50.4066201799,-22.514872888,232.5514067515
23.22,-3.5748435376,-26.5483837151,-9.7558629415,-36.9059709375,-0.98534431,-62.6250506063,52.1354275018,28.3061261677,226.9994231848
23.2266666667,-1.122134229,-20.4765913502,-10.3618215808,-29.7550603125,-6.9908972162,-43.4203376737,13.3127875828,28.3531056862,142.6754501889
23.2333333333,-0.5327534834,-27.809584459,-39.5364214955,-33.20931375,-8.6998436538,-71.8466242163,-7.7024850988,-20.5731155363,90.6127186989
23.24,-3.1699620219,-65.057433476,-142.5989341739,-19.0520840625,-387.8223505319,-52.303041105,-380.7162966094,-61.5280117108,-322.8901208434
23.2466666667,-15.3852909332,-46.3513082642,-96.0021805521,7.55076,-366.2602403444,0.2264387475,-289.2915733729,-6.5106067607,-230.8186791133
23.2533333333,-1.748103426,44.9126560841,65.9349480526,99.80198875,-318.1262057944,179.3130851913,-157.5689052092,55.8021623435,-33.427097792
23.26,3.1676848012,11.1564985297,-30.8830803194,97.6590325,-447.5572845412,88.3811961438,-369.5060763588,-60.5605348186,-98.2878900035
23.2666666667,5.1778980018,-1.5233180856,-87.831981192,121.0420471875,-531.1340881756,54.6388582988,-521.0810871451,-157.606481579,-228.5424952831
23.2733333333,-12.9356704861,-28.2639200893,-80.0825111563,98.55510875,-521.6907724131,60.6158709312,-508.4062003111,18.7874822711,-362.2951384153
23.28,-14.4566096428,-75.9575189206,-145.3388894383,31.8815884375,-526.7136570819,-64.4431085524,-475.8107195962,-33.8376056104,-311.9975143366
23.2866666667,-13.1908446251,-44.7017913097,-69.1725350821,69.2978975,-585.6364595163,42.8566469075,-525.1284854983,134.6684213374,-422.160080592
23.2933333333,-9.5969910643,27.186092449,60.2236155477,142.6504971875,-576.0070609162,223.3843868075,-516.8347610671,295.5010738776,-409.3824097094
23.3,-6.128385157,40.1546923059,37.9987953702,156.8925628125,-600.033347235,220.7016888675,-573.7151291395,204.2543971635,-522.3805204489
23.3066666667,-2.7541082879,17.10041895,-56.463282657,129.920723125,-639.3789639225,114.9269311151,-655.9346032207,56.0144744892,-664.4119863961
23.3133333333,-11.4626706731,-4.4888029314,-113.4882036132,115.8307984375,-661.0252138288,47.3427199712,-662.3182331849,-63.0633947491,-613.0606040196
23.32,-9.4274802393,5.9830278861,-118.3754865264,123.155530625,-686.5714434475,43.889303765,-672.5965490145,-112.1540211969,-603.9863660397
23.3266666667,-14.1754861665,11.5076267392,-97.2752589566,128.0265634375,-687.7037141006,63.16177741,-644.27952895,-86.340979478,-576.7618078522
23.3333333333,-5.56026204,18.9616088576,-86.1119882548,117.8597371875,-705.0003497725,54.96634563,-658.2117187646,-85.7020283219,-490.7987155064
23.34,-12.1660837643,10.7675058675,-91.1690848171,107.540338125,-724.77035561,53.622388425,-686.6091173878,-62.3726807731,-578.5453187866
23.3466666667,-15.8148096366,13.5807965349,-66.1831726762,106.39278875,-728.10153766,78.9852750163,-692.0848205886,16.7042956363,-550.5059959835
23.3533333333,-16.554555922,13.7095502923,-59.4295889685,100.4362253125,-737.1011640319,87.9105632088,-720.9540276568,48.7168659229,-649.5685417468
23.36,-22.9617967165,11.5540857905,-31.2925969181,94.838845,-720.6826035194,109.3685508512,-680.5080864683,113.859125457,-561.0983078531
23.3666666667,-12.514048445,10.2922085814,-44.271635524,82.0365165625,-730.2479197381,70.49577433,-704.6243694369,81.4535338721,-592.0030045263
23.3733333333,-20.4028356906,3.2426475171,-36.175368019,75.678704375,-717.9560632881,75.1811915751,-676.7254120727,114.0576843291,-586.2158069602
23.38,-16.5155783998,21.7853175269,3.2348035533,83.9198778125,-705.0830636725,117.5789508237,-664.8340674005,127.0737820017,-519.0821094414
23.3866666667,-19.7525621157,10.5375619945,-28.965287945,72.0190140625,-684.5125129913,75.4891658425,-653.6288220447,97.9893828326,-603.7978575237
23.3933333333,-17.455581078,13.0183145123,-26.9343847368,64.172835625,-655.53083621,69.9673050175,-609.127886453,25.8451014954,-477.095971382
23.4,-18.0314488036,-5.5409090933,-82.8459435266,47.2282725,-652.8728852319,-2.2509301875,-629.5826388681,-77.5136233994,-556.3535791557
23.4066666667,-23.532268534,9.0583052355,-26.2663748334,57.0390609375,-617.177230585,64.9495144575,-574.2611459286,32.6869729155,-452.2618894212
23.4133333333,-22.0879973599,6.2566628588,-48.7100744725,53.338845,-609.4826190381,42.7045089,-588.9713858915,-89.7354848041,-550.4374003859
23.42,-27.3388167901,-4.2905891807,-30.7324758066,42.0713709375,-571.4872419569,30.5391797062,-527.6567443214,140.6233554983,-395.0077007318
23.4266666667,-28.7626947729,6.4528991842,-18.0902262032,49.1913425,-560.8218376662,68.2414185575,-537.1914324727,16.7004165036,-488.8179517603
23.4333333333,-30.5510351818,-12.6521067223,-52.785672223,35.599474375,-542.3433218756,10.9959116874,-510.8805493508,-28.7824835047,-425.3013442328
23.44,-34.822322721,-9.0109780407,-31.255733801,36.4714178125,-530.8603983381,38.4109403688,-492.8714550175,16.8623369749,-378.3833177641
23.4466666667,-28.5511134623,-6.6375993683,-29.0142445768,28.556394375,-526.850092335,26.3043715913,-496.8722322718,30.0137708573,-414.9946146664
23.4533333333,-31.1164045053,-7.6603494479,-25.73439926,28.2826196875,-516.74984981,30.6147109375,-474.6961103088,17.5832859473,-391.3494096246
23.46,-35.4630451323,-9.9191338689,-26.0269972935,29.6362253125,-523.1290979444,31.9924148388,-495.3556782297,30.650213573,-396.1904136303
23.4666666667,-34.6866752874,-11.0690693081,-21.2356039762,24.11798125,-509.1768146913,29.6395959662,-467.5446006835,40.9145600402,-366.8737981561
23.4733333333,-35.688635083,-13.2993036799,-27.8696039899,18.8544225,-512.1154708037,21.3147787687,-475.794120426,20.9975742367,-366.1253615807
23.48,-31.291640173,-8.759835065,-24.1061067505,20.0257934375,-510.8291960006,18.3187026425,-480.5492368369,3.9450763865,-386.7800000785
23.4866666667,-37.5602400388,-9.5431484534,-11.2126895554,26.905624375,-502.4968637194,34.7834286175,-462.4340538392,51.4271977555,-358.9249809098
23.4933333333,-46.1223658386,-25.3497543129,-44.5654596336,18.575915625,-504.13035561,3.8137780125,-476.5805290308,-15.7582150515,-379.4240686542
23.5,-47.6265999193,-9.120833058,2.4085067783,31.4103565625,-495.907459585,63.106586105,-457.3999135858,70.2815632429,-357.69776848
23.5066666667,-48.4486597045,-30.2757883602,-48.6858688593,12.07952125,-502.8834199319,-7.6274271762,-465.8544431061,-12.7524108461,-384.1212245787
23.5133333333,-53.9367913123,-31.6687782344,-36.8472665355,12.50471375,-515.0576526194,5.8605857787,-494.3277470498,28.6543353207,-398.7352943918
23.52,-56.607508564,-22.5102103775,-18.4280945824,21.3682909375,-515.494198385,37.420852375,-472.5727732397,39.0802581729,-379.4232689177
23.5266666667,-56.6583570384,-29.0773820997,-28.7369250757,10.26721125,-524.5039334194,16.3578562312,-489.517409884,29.2922261034,-412.4816590677
23.5333333333,-56.5250406965,-31.9971208714,-42.0652345,3.049568125,-546.7625683194,-2.6485081625,-518.1319806922,-11.0923034285,-421.673370286
23.54,-62.6588863892,-25.6739358919,-7.9248236901,11.375718125,-550.8743420881,42.3824260213,-503.527043074,68.6417534353,-403.8933099904
23.5466666667,-60.4471685747,-42.7649209028,-55.3726533739,-3.8995865625,-569.4311297569,-32.9675492663,-553.4599341194,-14.9081957244,-453.3873225266
23.5533333333,-63.9797018545,-22.1369340241,2.2511473444,10.6882909375,-569.9895222913,51.4159325275,-534.6412292139,31.3823358534,-473.5414553337
23.56,-66.7580306554,-30.3720678437,-35.9051831483,8.04009375,-583.4694085569,2.9918935575,-538.2359792408,33.7631003598,-389.1962199794
23.5666666667,-71.6419680054,-52.3790777004,-51.6608308243,-12.36259125,-581.2545601787,-32.639347305,-546.0877504425,25.1013463108,-449.1779520975
23.5733333333,-70.5281898106,-18.4151572454,12.9820938751,12.806196875,-597.7916217288,58.3107387087,-571.4863933815,80.1528746548,-493.2696474831
23.58,-78.4380900306,-53.3130529194,-59.6979588597,-11.3819903125,-603.7957628194,-37.5006349488,-575.5161549253,-22.1990670767,-473.5985492113
23.5866666667,-73.3593200099,-24.1436619844,-1.537034023,9.88451625,-614.7523156506,32.0036243925,-570.2341542682,51.0145915305,-434.8585720222
23.5933333333,-84.7771136113,-47.3524992214,-41.1178773343,-11.302835625,-620.75540026,-11.5834639387,-589.0858878458,-0.3818830028,-488.4129548402
23.6,-80.3307071454,-29.4588970755,-16.7767772374,-0.972741875,-636.6982235881,17.3559406225,-603.5247066587,-21.3240746974,-484.1286577919
23.6066666667,-87.0576697722,-57.7879376468,-57.2192929176,-21.2767509375,-644.7356753694,-52.0518044363,-600.1878031445,10.6907785536,-491.0002956526
23.6133333333,-95.5267782837,-35.8595023436,-14.5230857297,-5.421399375,-668.4792585538,25.9786545787,-632.35948637,20.3897001007,-511.7869400972
23.62,-87.774139299,-53.4770578817,-59.6253675161,-33.0471359375,-681.2419065194,-62.9002360287,-657.9167098814,-52.4798304326,-559.923208292
23.6266666667,-95.6548781517,-42.8749269331,-23.1343536389,-21.572741875,-664.9320018162,3.439714145,-602.5782630839,15.202321007,-499.1373654569
23.6333333333,-89.7083496794,-36.4438809538,-13.1590316172,-20.926394375,-686.0147134038,-13.9223469875,-669.5515009279,20.7073925545,-561.0078712921
23.64,-96.2042178971,-46.1297663759,-37.1689853774,-26.695145625,-686.0375166037,-32.34502536,-639.7344891832,-22.779178242,-547.7366266882
23.6466666667,-97.5715364449,-64.2162209738,-102.7112649862,-50.57461,-692.9899275788,-111.2571790525,-651.6424774599,-177.0037363045,-520.424641781
23.6533333333,-102.0834452551,-30.7801036099,45.6564336252,-27.169380625,-691.5546324131,55.32756998,-651.2743394766,153.019464242,-575.9013085356
23.66,-107.6303141391,-66.030128455,-55.8956967447,-60.916966875,-717.3018896131,-81.2014965675,-702.8641683507,-31.4169554295,-604.0726843155
23.6666666667,-109.8292131626,-48.3401412479,-11.2932242011,-46.2476715625,-710.157128685,-13.397834215,-663.8219572734,31.799077199,-562.951126515
23.6733333333,-105.2357029121,-42.8309445287,-6.5339252385,-54.9485353125,-718.0461009444,-22.0745996888,-686.8562608322,9.3097113952,-619.3780719409
23.68,-110.2286224306,-62.6411933103,-49.8120654914,-74.9624975,-731.966581385,-85.9264358299,-694.7144234266,-38.5090926918,-583.4762123074
23.6866666667,-110.1692268281,-47.0035171231,-17.2945967637,-63.3713240625,-730.3633709038,-45.0511925663,-696.2070096643,-13.7402646204,-603.7236348595
23.6933333333,-117.6875564646,-56.7910873314,-25.763775142,-78.2437746875,-741.3332694662,-60.6691350274,-706.0822479149,6.7107888446,-623.7387657431
23.7,-117.4433551406,-60.8837276523,-41.4706867586,-94.4392015625,-737.4899000663,-81.2162441751,-702.6831885399,-65.2305560811,-591.8850395289
23.7066666667,-110.5217497927,-48.2979904869,-33.3336921066,-79.075051875,-732.7025291319,-83.2906954912,-688.7824403242,-61.6687089592,-576.8712348136
23.7133333333,-125.4338980973,-56.9686975,-24.4737767431,-94.747164375,-735.3619171256,-63.3960843375,-698.6488376069,-11.7319879875,-596.7575077908
23.72,-113.3363217018,-43.6457591938,-11.4052741894,-90.98990625,-718.8817878725,-66.7874632574,-684.6485531318,-11.1701462475,-615.1369411586
23.7266666667,-113.1308411701,-48.1573472882,-23.1539272556,-105.089661875,-719.2119796788,-93.3895600738,-693.8406528198,-42.3598727877,-606.8932072578
23.7333333333,-108.1527789964,-38.5141417208,-15.3586909817,-98.819953125,-701.8005234444,-81.6860787112,-650.0996998056,-28.7531642331,-510.5185535929
23.74,-105.5781615511,-34.7061721887,-27.8823590498,-103.137164375,-695.3280148756,-104.6996655126,-669.5720484332,-97.2571950007,-596.6736862814
23.7466666667,-106.1297534476,-30.2364966166,21.000457117,-106.6233428125,-681.4379895162,-61.1040310675,-642.1699718813,66.6773169724,-568.3505329877
23.7533333333,-101.701248485,-27.6792383037,17.6426409406,-113.119183125,-660.7591242287,-69.0504321375,-626.5294575876,28.1774913166,-527.8752710364
23.76,-98.2483841783,-27.1208226851,-26.7238513508,-117.3589671875,-647.0735817694,-113.479922075,-607.9998506565,-96.1780718929,-485.6142674355
23.7666666667,-99.3971937217,-27.6565991787,-9.204593277,-121.467549375,-626.2559927444,-94.925241495,-584.9764919909,-64.516215987,-460.2194498134
23.7733333333,-92.2003917998,-22.8676277573,-16.6014584793,-121.3732959375,-589.2945580256,-103.2692715638,-545.1027417191,-60.4892693079,-484.373434326
23.78,-89.4472762662,-20.3165221562,16.8636288393,-123.9637278125,-555.3039739944,-73.9885670524,-521.2987322679,32.3909438696,-430.7391792777
23.7866666667,-90.3643790043,-23.7265589216,5.1035347364,-123.857070625,-516.4434153225,-69.802304905,-470.3290229895,23.8132744012,-382.5457198137
23.7933333333,-72.8237322527,-15.6364267931,5.7885500413,-122.448704375,-456.2050507631,-74.3003484275,-413.5590222735,14.1902472083,-335.1716013993
23.8,-71.1220756104,-25.1715376801,-7.5122973664,-125.1877184375,-399.2232315069,-77.3922856325,-354.3949874983,12.7340438216,-232.1540400751
23.8066666667,-53.1248610501,-7.6852344118,19.0424922807,-103.6292115625,-332.5507804194,-42.1374068463,-292.4612680944,49.6483284057,-229.8069552875
23.8133333333,-43.4434432191,-3.2686196851,21.7060438255,-87.03856375,-267.3037411506,-23.9516086187,-228.5398672285,77.2532074754,-125.5387949899
23.82,-25.9806494128,3.6533501723,0.9719443313,-68.6715215625,-200.0897048788,-30.3397150501,-163.080263204,-60.5262239463,-24.969383669
23.8266666667,-14.6969778959,17.9216330841,87.12902745,-45.6859909375,-147.0082912131,51.1634265838,-129.9432048539,212.6489397479,-72.4294992238
23.8333333333,-2.0748268698,16.7665283376,1.6895314835,-13.711014375,-98.7990710537,-11.4022440375,-55.276564936,-60.3819378556,66.3401523746
23.84,7.175478432,14.7655055204,40.8255229313,-11.3068078125,-50.4515585694,16.3657869601,-7.9191029236,184.4108057822,-31.2295854869
23.8466666667,6.5690588844,-0.6695777356,-9.1996863709,-10.9171175,-20.3009856069,-4.7946006051,39.3129501359,-97.0395722692,213.5991127871
23.8533333333,4.3704972775,-14.3562727937,-6.7869577134,1.3938215625,30.493206665,-0.0575165587,74.0590119436,33.9141419393,142.1443871218
23.86,-0.8820017881,13.0455015557,62.6077096653,37.5119803125,19.5262550056,124.0815396038,69.5171271508,149.9502793477,157.4810475339
23.8666666667,3.8693934796,6.2896970859,40.4246718034,13.57461,9.2337917806,46.39179807,22.5070532401,112.3087935781,113.957146118
23.8733333333,23.2481522971,19.226998491,27.4232473284,31.557248125,42.3539717525,59.9924367363,99.1295969713,2.3251262582,273.5968502694
23.88,24.4744314467,23.5285580361,61.8841023489,28.38076,37.7691427369,65.4617882387,50.3834329455,121.0554332687,137.6023961181
23.8866666667,24.1713631831,15.5729920057,25.7370724765,19.020713125,36.1529094337,25.3678881437,74.5582631944,20.7802584198,249.4355151862
23.8933333333,20.025975186,7.7379711941,-12.6655845411,17.232346875,34.1348593306,-0.1572802125,96.570236804,-94.7244731147,326.6062795532
23.9,18.8463184565,18.3194713717,41.9227410898,26.5233796875,22.2228748556,53.6354951963,75.5260939395,42.6540636745,314.0397828861
23.9066666667,1.7082057851,10.8433725315,32.0105668277,23.0889571875,-2.0088941444,53.6152542862,27.1340150622,35.1416410941,191.9925749586
23.9133333333,12.1282059931,11.3668384719,21.2879739886,13.8541028125,14.640827365,28.4724281313,54.0405070983,1.9692793234,269.0550214989
23.92,12.3094662176,8.8014700805,-6.1202531561,17.154365625,17.2618116119,11.3536773225,75.112142215,-105.6900605896,338.2934546404
23.9266666667,3.9889822378,1.7428294165,4.0283437439,-1.090816875,-4.7638127631,-18.6584602613,9.8848383792,3.891467887,124.8371831604
23.9333333333,16.6225828635,19.4254085438,21.727609111,14.645041875,14.9247491369,24.775646265,16.2926847651,-24.1306644153,148.2654198862
23.94,23.6998659156,25.6740606076,39.2276926371,16.64585875,20.71658069,36.9140638038,21.0723887157,18.293684336,93.4805041617
23.9466666667,23.7212771363,8.4314072776,-5.3616387691,-0.8678121875,28.7008121494,-33.7417478113,54.3560011553,-79.8902728213,220.744481119
23.9533333333,17.4114819416,18.4021215967,43.5025094023,24.590713125,27.4735083775,59.69335062,50.009836282,37.9979809499,133.1006428624
23.96,20.0157717803,21.4076748754,34.6761239638,15.8576146875,24.3209055962,21.860417565,8.0465709182,65.689088535,135.3599502158
23.9666666667,12.0308927003,-0.7811934733,-17.1870561333,-3.418028125,25.8650237837,-18.2680078413,47.5071501666,-163.9832479292,76.5214489153
23.9733333333,15.4017172458,10.4631324692,25.4426842881,10.561389375,24.8529166588,15.8668969688,36.5495289605,54.7173505448,147.6719840975
23.98,10.5207385364,8.3152053582,26.3819955633,6.7479528125,18.7319514712,21.6142571675,26.3726684074,52.9488570935,153.9892857688
23.9866666667,16.5396552539,12.7966444707,13.2629162483,13.8231453125,22.2042368775,13.19037122,38.1314181795,-81.447837622,73.4711067039
23.9933333333,16.7982744345,9.4032441568,35.8655637334,2.910140625,22.5655025338,5.1302914951,42.7506937764,227.398347705,153.6513424608
24,14.7209237398,10.3412498725,7.0876802735,6.6055021875,21.920914815,11.1818425836,35.2227055241,-159.8150721444,115.1135338481
24.0066666667,16.4299027717,6.9736726209,8.9593592122,6.230910625,23.2499250338,-7.0721152287,53.1746289637,-19.1045826626,153.5748607597
24.0133333333,18.5558015816,16.6282291483,32.4428519246,8.710140625,23.90832894,21.96574729,30.7859856191,7.835942428,158.2368991206
24.02,14.1405213913,4.7825207398,4.5875771942,3.62451625,29.5681661775,-4.7655707037,53.7395232574,-21.3619958817,98.3894015157
24.0266666667,10.6943460236,0.822423963,8.7980191459,0.5834834375,32.1915491025,2.2587023187,48.7040075719,-32.5414754793,176.0180970289
24.0333333333,11.6454014964,6.104805344,15.2013853305,11.049755625,29.4717012587,6.6506541637,56.123859274,-15.8756020044,150.5069104738
24.04,8.7977530524,-0.931748734,-0.3323044809,1.6082909375,31.1485743838,-2.2940750874,50.6560599091,-58.2285966293,127.6373651713
24.0466666667,17.7216727313,9.5615931859,16.3825769203,7.1424975,33.4249518525,2.4145711725,49.0808332057,-2.7601236556,116.35425947
24.0533333333,1.1041184291,1.6239920207,5.9066971031,7.8175209375,7.14972554,7.3052382262,30.2679879478,-47.6776697197,144.3316865998
24.06,15.3833753884,10.7815882379,20.8265885156,12.9399246875,28.4032487869,10.6482563525,48.594347994,-6.5328667315,108.095316345
24.0666666667,12.2401568958,6.8459057968,4.6700736094,5.7818965625,28.8908800775,0.2447345713,39.6694257905,-65.8663711728,99.7605366028
24.0733333333,18.5329303237,11.7614365027,20.8994539254,8.0231453125,36.5129367869,6.91773406,60.4858329014,-34.569778088,140.481291377
24.08,11.2750051693,6.2525748863,9.3198847751,0.8444225,26.0239267275,1.4779739562,35.0394114555,-27.4657559897,97.2046611555
24.0866666667,14.8853169307,2.6369459401,6.371261663,9.1048075,39.7855620087,-14.9693704737,74.7754903974,-69.9522784196,165.496723011
24.0933333333,12.871110121,13.8512225213,23.4093392476,16.1994175,42.6432309556,25.44071776,56.728448852,-30.7873363341,117.229558358
24.1,14.1442081267,12.0830755772,27.0492125082,14.831389375,49.7008098369,25.2908186313,83.7927276215,-22.1762356649,121.8182389967
24.1066666667,12.5342096113,-8.6102762341,-17.2302524993,-7.0402628125,47.49933239,-47.287493605,60.6799320905,-71.1062398808,113.3079777683
24.1133333333,-2.9299649253,3.2140406002,9.3107214725,10.7263659375,11.4729964213,21.1142777288,60.9291977791,-68.2308763853,157.7031189589
24.12,7.8210864839,-4.3825512709,-1.2291278207,-6.36923,34.5587889337,-20.3617775,62.770649577,-50.891530106,137.674975314
24.1266666667,1.9922956096,-1.679012153,-2.7996758736,2.908845,18.3572629213,-5.0008311563,35.2158814685,-37.2633726984,72.3664764629
24.1333333333,11.0750840888,4.3943547983,-1.3524951946,2.39567125,43.1459156525,-17.4543121062,80.2302174564,-80.833671358,105.5734655466
24.14,1.0261995009,-6.1732223837,4.1948189332,-4.0341596875,43.3376660556,-7.4397902763,78.621282469,-45.7789290845,180.052428994
24.1466666667,9.2398638934,-0.6220972041,-0.5903972562,-7.562835625,46.4631467275,-19.6718307587,78.7458281204,-69.5297550346,127.6007969059
24.1533333333,2.8739127278,1.6466616131,7.9996894096,4.726873125,27.3310497463,-4.408705665,69.6685581108,-23.859971631,95.053232166
24.16,7.7291833902,1.1843414198,8.1645749299,-7.468028125,39.0117458213,-16.2351364975,81.3366064776,-65.7024731035,194.7550069547
24.1666666667,10.8830428242,-1.6954549749,-10.7433234774,-7.6291546875,55.8440624244,-49.0937371125,119.2478796575,-118.0123396845,141.6872859612
24.1733333333,-4.0249067273,-9.801664433,7.9232785292,-10.99970875,40.9001289775,-13.3558982763,87.0748214166,-17.3825020742,215.9481841961
24.18,5.6047834469,-4.7209904919,-22.3465597008,-12.6855490625,45.797670665,-52.81151111,88.7192668304,-110.8954484361,127.4161155583
24.1866666667,7.9405337574,-7.2065750428,-5.768452585,-23.6737178125,49.2960279994,-53.7670233025,100.3001549244,-61.0153835784,182.4090477745
24.1933333333,1.5043183594,-14.808374874,-17.805917831,-27.7255675,59.4749097306,-67.3796697513,121.2053348873,-95.2984029634,230.6023394021
24.2,6.8477090739,-7.6485822123,-2.9539540415,-22.40681625,47.5559815869,-62.285576625,108.1420262463,-40.9571226449,204.6650244381
24.2066666667,1.7765967648,-15.1643406499,-0.0415131188,-35.0870790625,52.1831986744,-58.1848881662,103.6002301289,-7.7896099443,230.2510307063
24.2133333333,5.3874084969,-11.3469150309,-19.7746111875,-31.5730884375,49.5274015525,-72.4056741338,82.5329146283,-50.6132493458,160.3990785029
24.22,5.6750958133,-11.9059391348,3.8854441616,-37.451379375,46.9074358275,-76.9297974188,130.6021571359,-35.1014087588,322.2074505145
24.2266666667,2.3490146002,-15.913858696,-4.451246248,-32.8355859375,34.8548508775,-72.482691915,97.0785288808,-27.920189565,282.8297416055
24.2333333333,5.7807626609,-13.4348522733,15.2553693869,-34.6711634375,17.6373050431,-44.8429681063,48.3018182804,88.0633636038,182.4727334641
24.24,5.0809134008,-30.5415997744,-45.8816337905,-50.8889471875,6.3884368369,-104.4889551137,22.1366923245,-65.5390792218,166.8617597913
24.2466666667,-2.7753030746,-41.6515349105,-47.6998829791,-52.480411875,-19.09775251,-89.6920372238,-12.957977276,-6.0328927057,109.002693904
24.2533333333,-2.0920773542,-38.6110566276,-44.9216843393,-47.5717359375,-17.8057405225,-87.9246881999,-6.4164745266,-5.193485298,99.7923877218
24.26,-3.4839479728,-35.0955795584,-29.1592693934,-42.057050625,-15.0187034069,-78.0824188913,17.6925930368,1.4033555528,209.3565929258
24.2666666667,-3.6633218033,-27.6721104642,-4.5517562979,-44.969454375,11.0263171119,-60.1420400475,54.2563634396,34.4014808743,243.6416985338
24.2733333333,-7.1299246497,-27.7989925379,-8.4387661538,-43.6283746875,30.1006684463,-60.05096127,65.1189939327,34.2724102381,211.3453383711
24.28,-7.7372338082,-24.8523005281,-19.9032484865,-30.7817175,28.9032328056,-58.2553071525,52.8109081015,-10.5444314624,157.9062404107
24.2866666667,3.1502493259,-15.2788678473,-31.4524185747,-27.808835,26.8019459369,-71.3101104501,35.6584131362,-55.2770783962,122.937503138
24.2933333333,0.9878230583,-17.7067587687,-42.5404734932,-23.02835625,3.8160679681,-67.8115045237,10.4158715221,-70.3017968197,76.9689594348
24.3,-6.8913169107,-68.9185705284,-154.9379491769,-47.1544225,-365.7987767256,-77.1591085225,-341.995167115,-83.1883618286,-283.9933452573
24.3066666667,-7.5379116282,2.5855615837,-9.4308478339,37.67103125,-305.1265425162,80.7408698188,-180.2697032444,21.778702035,-108.3328969202
24.3133333333,10.2120784525,71.442324438,102.6894248596,106.706936875,-284.2523697819,204.3228350537,-140.4259271479,80.5420516336,17.5509514427
24.32,17.9867040131,12.0332959643,-61.2387007834,63.7122815625,-435.4282632381,43.6555194487,-421.9552970312,-146.7973956412,-147.6775072611
24.3266666667,6.9902770598,-8.1427600321,-93.1122889206,100.4443103125,-474.25093256,15.4792298012,-481.3967469108,-103.2736250668,-279.2200207038
24.3333333333,-3.7081384279,-24.5360674847,-68.8889534991,73.95684625,-447.5753539912,16.7910708025,-394.1637393061,-4.2201786455,-248.7701751241
24.34,-5.5667529492,-72.3032335667,-135.1944511876,7.3154384375,-468.8548906162,-89.722878475,-418.990200155,-75.881871769,-196.560911459
24.3466666667,-6.1733220181,-36.6511711975,-29.1449112875,41.2253246875,-519.0385999912,45.0289655163,-446.3130719918,235.7020300201,-344.920747514
24.3533333333,-1.6557302334,23.1098646264,56.7047886957,112.02912625,-524.2196898225,184.2353355325,-482.9308218358,266.2611134307,-362.8587012202
24.36,-1.4628278462,59.3017616787,88.8554644445,142.1805625,-530.0544773381,258.041965255,-495.3217552935,259.6540270928,-457.5653943308
24.3666666667,-2.8229561126,13.2209848057,-48.2760741904,104.272741875,-548.0279412537,88.9501249987,-558.3230271759,36.6516195849,-540.6762499431
24.3733333333,-0.0443927367,2.118127649,-95.6050191279,88.900920625,-572.9718753225,21.4304113075,-566.8549856773,-81.0195509346,-510.2834248513
24.38,-15.1878484215,-8.3328317121,-115.6834325863,85.3001221875,-590.0543445444,16.980731655,-579.5713680764,-98.8438992868,-500.887100573
24.3866666667,-3.8975919558,15.8137970598,-85.1791159747,95.9193990625,-591.6541976194,33.7474010649,-536.7722382693,-113.0709532913,-469.2495460557
24.3933333333,-9.3628493991,12.4559898786,-88.4767560903,89.7473803125,-623.0393329412,36.847777125,-585.8847885489,-112.8988011569,-435.5885205891
24.4,-13.8871566161,7.4427213791,-84.8877178862,87.626779375,-639.2267144819,34.5903601676,-600.3899704818,-40.4308788485,-514.1675976672
24.4066666667,-8.7505588108,15.8463734837,-68.5925741642,83.171971875,-657.7913994912,48.4074876112,-621.86345736,-37.4720886307,-495.1298048527
24.4133333333,-18.3736512871,5.9208497615,-73.8075006145,70.1338215625,-672.5986588444,54.7793327726,-661.6920035854,4.3106714126,-587.6588067124
24.42,-16.1434418138,16.7924302655,-32.4207621179,82.08201875,-679.582955935,84.8789735224,-648.0588260894,95.2993791182,-543.3038968525
24.4266666667,-12.8323563063,16.8647955309,-31.2406094552,73.3165634375,-693.2560108788,77.9403230225,-668.052998819,86.1166249147,-621.9690720122
24.4333333333,-21.1538085385,13.6926629086,-17.6544426016,71.9146384375,-692.6129182788,91.5329673963,-658.359977367,143.7580896722,-562.8186561858
24.44,-12.3418532322,16.8018626561,-26.5613148435,65.3533428125,-694.6962564819,65.7054885913,-643.1503381176,31.9563467053,-511.6941256002
24.4466666667,-26.8962890935,7.3116584444,-28.6948279599,58.81644125,-696.5280291662,77.264837765,-671.4391885204,113.236778573,-601.2749400586
24.4533333333,-23.3984475598,7.8870590253,-40.2235312944,56.701971875,-688.6690092663,52.5827213637,-645.8627194659,40.4295268317,-529.7537617419
24.46,-27.4083887305,2.4069251409,-54.1486092518,48.996394375,-684.3194220819,38.8105971588,-650.9698167158,-8.1427751711,-514.4300464934
24.4666666667,-23.8357065573,6.394394062,-55.0810297892,44.5202159375,-665.8006519319,30.1273261062,-626.4008011786,-18.217958648,-567.2648547592
24.4733333333,-20.0634734179,16.3531123127,-28.1388620296,50.676394375,-665.4043986444,49.4022951887,-630.355514989,20.0443055929,-527.1224573463
24.48,-28.2673727432,-0.4282108978,-63.832262403,36.7717090625,-656.1364782569,11.37523535,-631.5182069835,-29.2340463401,-526.5331861011
24.4866666667,-23.7343052751,14.6707369939,-19.5331607325,43.9438684375,-642.7889145913,54.93112768,-610.0702720601,-4.8571922059,-514.3270288895
24.4933333333,-30.305863778,2.6882970982,-33.7030435156,35.0469484375,-629.1135395037,26.752477225,-599.3501307782,101.305011037,-513.6146905923
24.5,-26.4156259849,14.5793319353,-19.1398632693,46.778845,-622.4296232663,46.931208295,-593.0542589775,6.908991709,-515.8137455342
24.5066666667,-29.7568302523,4.46291497,-32.4696522694,34.401155,-607.3996553881,23.0531989775,-574.4329405371,16.1220432334,-475.6973223747
24.5133333333,-33.9357258152,2.0982220773,-31.931697493,32.84278875,-595.4150012725,25.998878295,-561.2174319806,6.2801189551,-459.8902054478
24.52,-41.0124365153,-7.8059230834,-39.9635511095,23.9242065625,-577.1614569725,18.2183566375,-529.8707189448,0.4762076275,-414.5280232135
24.5266666667,-37.3404855734,-1.7624843967,-32.5583909068,25.5654084375,-578.3480612881,19.1622632287,-554.4940396383,0.4685006228,-436.6646024078
24.5333333333,-44.855065903,-8.3801945243,-33.2212571747,23.888413125,-573.1057835694,22.43007873,-519.8843586993,9.4223257199,-408.8854712979
24.54,-44.8855254428,-10.2026952085,-37.4003293113,21.57759625,-567.5643631413,12.2251329737,-544.3002128785,7.0267661659,-456.261015599
24.5466666667,-43.566535863,-5.699381018,-22.4177009018,21.5930046875,-567.9963248725,24.0533609563,-527.3888239863,22.3939551582,-433.4851303815
24.5533333333,-48.7309419972,-8.5771875592,-19.2531846182,21.35644125,-562.2886969631,29.85147231,-526.0757188657,36.635861778,-424.196935199
24.56,-46.152674064,-6.8612459696,-21.4055390132,20.6854084375,-561.1157268537,21.15027196,-531.992850311,15.073674694,-442.8017744845
24.5666666667,-52.2550734516,-15.6007694257,-27.6058795938,19.17836625,-548.8439655412,13.5121618763,-517.5754406703,15.3183339504,-423.4326600675
24.5733333333,-52.1279894513,-7.7849891317,-1.17247993,23.9242065625,-544.8203788163,40.7937773012,-508.4995492722,68.3953059811,-411.533174895
24.58,-56.028145566,1.868080213,19.8978666479,44.7660746875,-521.2335017037,80.1089175813,-452.030885162,72.0557099852,-360.653228543
24.5866666667,-61.9415691601,-33.0515068741,-53.3404308231,8.2207046875,-550.6948663256,-24.6299100237,-552.9292265412,-18.7237510137,-463.6306799256
24.5933333333,-61.1056271855,-15.8272610878,-12.5717932581,26.6230046875,-538.0569659225,28.5943991575,-505.1652200315,40.1131846256,-410.5002355499
24.6,-69.9016843089,-26.0712421084,-25.2485726176,21.29,-537.9719898225,21.0334699625,-503.8008508981,19.7646518342,-403.9330019323
24.6066666667,-72.2579346747,-27.4541774525,-24.295339103,19.3353615625,-545.0355700881,19.4154300287,-507.1320901381,31.568624561,-424.4564900869
24.6133333333,-75.5986303843,-25.6675921988,-16.967203557,22.070816875,-555.9992602444,29.1712573675,-527.2445509472,27.3414133133,-436.584392042
24.62,-84.9269994811,-37.3305449119,-33.8645931881,16.17,-560.1548022413,15.2884695075,-521.2581157224,19.9494823696,-411.8944886994
24.6266666667,-72.7253284093,-21.8148299491,-12.0971493371,18.9766103125,-562.0289640819,23.2800960325,-525.0112590305,16.3986514466,-411.4165023023
24.6333333333,-83.3477798692,-30.678757638,-21.2212292027,15.11,-589.0823055069,16.1757657013,-557.7290713081,20.6663403071,-451.1573176062
24.64,-88.6851720896,-33.4268723948,-21.2762333376,12.6426196875,-602.8796638412,17.8758324525,-562.6457251051,28.3696211865,-446.5320329851
24.6466666667,-91.1664503584,-37.0454583183,-21.5066334315,5.1651925,-606.1784822537,12.99480019,-570.374521867,33.1041472,-481.0075632293
24.6533333333,-94.2567817522,-40.4585213046,-19.5397878224,-2.190046875,-615.7332902163,9.5582514788,-582.6947780493,49.0691532968,-486.0875076086
24.66,-95.9343844225,-42.2696792195,-66.0466163733,-0.8921878125,-636.2576936569,-30.5276260538,-584.2303850168,-113.6494166257,-423.6372791966
24.6666666667,-99.8918898334,-38.4397948014,-12.071950523,-2.8557934375,-648.4479016037,15.2155816587,-618.4670409165,15.6322085066,-530.5208745182
24.6733333333,-101.7465568297,-40.8568027886,-20.6902582753,-6.2251925,-655.9376619975,-1.7374715712,-620.9045121844,47.5097156208,-510.3307735438
24.68,-100.6604519617,-40.1099307483,-29.1736978887,-14.4393990625,-660.7096249569,-11.7466110325,-623.077095142,-14.4310135645,-500.7722333728
24.6866666667,-105.3157310146,-48.7623439304,-42.3938277229,-27.796535,-678.5808162256,-34.5526033512,-642.428122687,-22.0822042873,-521.8508420182
24.6933333333,-102.5999333855,-32.8993188009,-10.1138648853,-10.443418125,-670.2804026444,3.4612872712,-622.5236272749,23.2771017292,-513.8457775126
24.7,-105.1490310271,-39.5964637997,-16.0463112053,-27.3651925,-688.3697889475,-16.1936980487,-651.5753116705,20.4126518233,-549.6818513761
24.7066666667,-109.0206758054,-46.4542560336,-33.7875872255,-38.530431875,-702.5352780725,-40.5500228975,-661.932394727,-1.6261861835,-562.0617051236
24.7133333333,-108.4280891206,-46.172782969,-33.6526961694,-46.8013709375,-699.15373946,-42.7303169787,-662.7956042295,-45.9023622988,-546.6625010859
24.72,-119.6284935885,-55.8718247271,-35.3981638586,-57.0541596875,-716.1167994756,-44.5362712213,-676.388318197,-3.9033175513,-576.7302029741
24.7266666667,-112.7435892834,-46.9370037107,-24.8795078783,-56.701971875,-711.5891423631,-45.1938789199,-676.1028594465,-9.9297303139,-580.5691132989
24.7333333333,-112.8004404019,-47.831976823,-26.7832788473,-65.627258125,-715.4473390881,-56.8920216663,-681.5288278352,-0.2260359423,-597.8161583402
24.74,-126.6131618092,-59.3251491602,-31.8368284693,-68.534375625,-717.2006860475,-50.6713340138,-682.1621413299,-28.1450778457,-587.3631734415
24.7466666667,-107.5769849202,-43.6250344305,-37.997454488,-73.069183125,-703.1390570663,-77.4527373113,-661.6049308164,-70.6446758634,-554.5741774225
24.7533333333,-118.7846846261,-44.4421650141,16.1912066079,-77.7341596875,-715.8368683288,-28.4803924875,-698.988060112,73.3114887106,-633.5357192692
24.76,-114.9612206167,-42.7952856205,-12.4059172609,-79.92875125,-714.4521757912,-61.1118843175,-678.318947441,-0.1257622435,-582.4509529358
24.7666666667,-119.3519538023,-54.2685732496,-39.6433269503,-102.604178125,-729.8836890444,-101.0580016262,-699.5726819725,-80.0207130003,-595.9495100994
24.7733333333,-117.0639043436,-37.8243529469,-0.0875603061,-87.58740875,-708.7519929006,-50.2016539213,-665.0176940292,11.2484389607,-577.1370990156
24.78,-116.4871186817,-42.1853233689,-21.2940004051,-103.961201875,-717.0728371288,-92.2206771587,-688.0041350657,-29.7952987007,-628.9808672711
24.7866666667,-117.8749329614,-40.5709851679,-13.906936997,-102.647934375,-707.5093705975,-82.0921047338,-669.8070957069,-31.3796219797,-560.6342648427
24.7933333333,-116.5251947051,-38.7612119532,-19.3769092081,-109.8758403125,-704.7411323725,-94.0883599137,-669.4138281164,-66.6572694897,-546.7579108838
24.8,-108.7087158954,-29.3076702575,-2.3889339308,-111.4467325,-687.3188203787,-89.0796453213,-649.3283456515,-2.8355205874,-567.4095388009
24.8066666667,-111.1788262883,-29.8492133141,-15.5614200242,-111.5829109375,-670.3600927975,-87.4846346875,-630.7107238277,-141.6106169574,-569.3396690567
24.8133333333,-111.533872667,-33.8658442377,0.3708315123,-122.408798125,-655.0032209006,-103.6160294687,-622.4743484081,168.4862790373,-498.9548773451
24.82,-113.2749225698,-34.5874171595,-22.6926494315,-130.280338125,-644.800666685,-101.0452422151,-609.3482846015,-148.4838901352,-512.7189992195
24.8266666667,-104.4307409366,-29.8362746148,-14.2581780602,-137.810385,-620.0527839538,-112.1255093362,-581.6936833363,-30.4690143261,-516.7914793087
24.8333333333,-102.3555719007,-26.2228918636,-9.7256818517,-137.75875125,-596.0560362381,-101.5755781425,-574.7984717024,-132.2970737865,-544.719880733
24.84,-106.0212401052,-32.2116214389,-19.6439179658,-137.03067625,-574.5140145694,-116.4103254175,-517.4625029557,130.5310355464,-318.1576613623
24.8466666667,-86.5496417016,-20.7669174409,-30.9746161127,-145.860723125,-528.3580436163,-123.5814780501,-490.9380761451,-170.19160667,-463.1492758011
24.8533333333,-78.6419634515,-2.4302554386,67.4615249592,-135.2276246875,-490.6739616975,-38.4427283574,-492.8253849746,102.6422724426,-441.3657882296
24.86,-72.0435955271,-20.1576132296,-93.2629888903,-126.9482725,-431.5316746006,-142.75052281,-332.47329161,-328.4666747022,-145.7501073866
24.8666666667,-50.2527726221,13.6162846347,142.1563015279,-110.74817875,-357.1808395913,26.9719152913,-369.0487655888,491.0918567655,-356.2414879472
24.8733333333,-48.9508343135,-16.6682425462,-91.8593655483,-109.4680096875,-306.4915195256,-127.802911095,-208.7651493206,-303.9768878493,-0.3884948318
24.88,-31.5627808901,12.5088390533,69.4694428103,-77.78375625,-235.9772656256,15.0505775025,-218.687598879,100.9822321005,-208.532056437
24.8866666667,-25.045853628,10.7926608586,51.6739348339,-48.01836625,-182.1261685694,6.2929295076,-145.9099488651,242.1084598717,14.6298950001
24.8933333333,-20.7263939439,-8.5610361856,-13.0573649472,-57.31952125,-124.7838840881,-31.8989492613,-75.9244648811,-60.1325198074,-31.5385291997
24.9,4.5559489881,-13.5346509563,-1.0519575851,6.8479059375,41.4050114713,26.5859489137,98.6685879159,-8.9433258683,185.7282386631
24.9066666667,5.9498905492,-0.1401219189,38.6795533729,22.2405440625,29.8768951306,49.8167457301,69.2690344355,239.557134222,152.5013994563
24.9133333333,1.4452644573,3.2174178942,5.7004239206,23.02835625,20.4001205244,52.8659090662,70.2999633744,-32.5236571896,184.0620810012
24.92,-0.323781333,13.0562707531,55.935420496,22.9677553125,8.5011264463,93.6845356499,14.1132349404,62.4256860597,60.603372924
24.9266666667,1.2671689588,0.9983936923,29.9218237108,16.6652578125,13.1583084931,48.3132908026,62.3006881051,203.9115825407,263.3208013693
24.9333333333,21.8497004713,18.2466715775,14.04411437,18.3660746875,26.0313732775,30.1470223187,51.1258498105,-138.9703371975,158.9131596853
24.94,26.3993525203,21.6666615072,51.5035380799,22.2808821875,29.5016923431,41.5789372813,69.3025695077,214.3086409455,277.4609683409
24.9466666667,24.0034990133,17.9486576977,21.5566008952,19.56797125,37.8467897056,45.3336927438,70.8196923721,-125.3696894322,162.6454595725
24.9533333333,6.7240022102,6.9138740664,32.3340671701,30.664074375,12.9062085931,43.8396125737,63.8963818389,170.5675575035,307.6870285671
24.96,17.6959485235,14.9856262535,41.7289759564,28.7054453125,28.5062314963,61.8436846112,68.9386389714,-3.5809337127,214.5431204951
24.9666666667,27.2102676293,22.3041509533,13.0567733236,25.949173125,28.0893098056,19.2584033288,69.5295693826,-62.0572151691,262.0459972714
24.9733333333,24.1233571089,17.8937287695,16.7284198694,17.9233328125,27.9117490588,28.3664374299,79.7852407336,-100.6813615402,254.3954727911
24.98,11.3697693351,9.6048140387,40.984746961,13.8178775,24.9924987713,46.507577915,40.4747947991,119.7439496391,212.4434706083
24.9866666667,22.5107558623,19.1204062227,13.704036158,15.5328071875,18.4087549775,10.1161365775,60.3094471036,-56.6057062504,288.0729797728
24.9933333333,15.5108126366,11.8414081074,22.0687829376,11.1903565625,22.6832936681,17.513433305,27.9060206599,-0.1056214091,135.8486187235
25,24.5436485211,24.3928345863,34.9882974998,13.2716053125,17.3174352213,26.8560368438,37.0997188323,-0.5987255603,192.0747536391
25.0066666667,20.6324561984,12.9359091685,13.765979457,8.5863659375,23.8305534837,-0.429498835,39.490788074,-29.787488431,141.911423363
25.0133333333,15.2670219933,11.9193430498,19.3594469469,7.9759340625,17.90213114,12.2156759551,29.081796548,11.6783220092,176.3705394488
25.02,18.2731582155,11.6516325743,14.0623898143,10.4998025,27.7096520775,18.0332346012,44.4318432866,-98.1038664769,61.9910341934
25.0266666667,16.8081805753,14.421247224,36.5204290392,13.1548259375,22.696019865,19.2221500062,38.8152877496,178.7476232263,208.2927243836
25.0333333333,15.2699758476,11.2190595753,11.1437358099,6.7103096875,20.5439774462,8.3373320163,27.0481885799,-79.3697210817,92.9408282507
25.04,16.3780555019,5.4916573268,9.2968919996,3.7298778125,29.080644315,-17.0988065051,35.340530022,72.1445580948,162.8326327686
25.0466666667,10.4235539254,11.8446263615,34.1553961873,19.4529009375,29.5515461838,63.9639718988,39.7970535734,-28.5745323172,53.5043398946
25.0533333333,23.04533544,10.1961675154,3.9786235032,3.594854375,32.5525688525,-20.2468918374,51.105063011,-60.1483813252,186.8612906954
25.06,15.0250977122,9.1176569272,24.3233751141,11.0563190625,29.5338687837,20.5292737199,44.4050014314,38.5389161038,80.3225229876
25.0666666667,15.3296814831,8.8908583378,22.6927047664,12.3821125,31.1641117713,15.6361571575,49.2591273629,-1.3981996505,195.5183758535
25.0733333333,18.1286775362,8.6233221179,13.9881293837,6.5558871875,32.6991199931,1.8520591362,53.6576326942,-5.0554246277,106.1921740511
25.08,0.6270731695,-1.750583112,4.2686498514,3.2118496875,3.0167416025,-0.3702424725,29.5714182035,-21.1139985464,145.2069363275
25.0866666667,0.8868580367,0.0328897102,8.2179952567,7.8175209375,6.18011054,8.89183764,29.3674805851,-4.2626816461,151.0324887349
25.0933333333,0.5577399666,1.5058850317,5.4047660259,5.211680625,1.0326669087,3.0482773088,19.0418615424,-9.4718329131,92.4539056602
25.1,7.9827343729,-4.1576731959,-6.6631430437,-0.120338125,28.2250105619,-14.0242661575,58.5698795988,-67.4945345816,157.7469801881
25.1066666667,11.6650400776,6.9446541651,11.9284624748,2.4327603125,25.1921534212,5.8873648175,34.8869763304,-31.8173649264,135.3714803752
25.1133333333,0.4882361741,-1.7630260262,-4.7164291224,4.242065625,5.5868273619,-5.5426118963,27.769221551,-44.1752832564,85.7357721583
25.12,14.5588599334,7.4732433584,20.4658784549,5.976103125,33.9314336775,10.2881398463,57.2093665995,-20.9494049615,148.8407868441
25.1266666667,10.3985527343,2.8654655905,8.4732898263,8.5075209375,35.9259851275,0.9507679237,56.5047556367,-43.6851175644,146.3546226666
25.1333333333,14.0832927052,5.8847377873,12.1153819165,7.559276875,43.25953619,5.4440701112,55.8886740462,-27.9902344408,117.0533091516
25.14,10.4538620848,-4.3509844386,-11.7542718678,1.4544225,43.0039422463,-24.9277484475,59.0390216368,-79.3496304674,98.6408501602
25.1466666667,13.5322116302,12.3377791931,26.3879626148,13.243793125,41.0492978119,24.96954793,69.4739229135,-40.0195059621,157.4058861237
25.1533333333,7.1130967552,7.7936693786,25.6927687159,11.07413125,33.9805204369,31.935464845,48.9587738092,9.2150984411,101.0937321437
25.16,5.2776601437,-10.4251389631,-34.0381453532,-0.24240375,19.3753586712,-56.364957045,46.4097464424,-131.7507445532,123.3375530298
25.1666666667,-0.2967368574,0.7264575175,-9.5032888135,10.302159375,13.52979224,-0.9082032638,45.3519633474,-102.7971395796,108.0498325973
25.1733333333,9.3197266027,0.1919238158,10.3697306359,-6.7586290625,31.3625797619,-4.9792434388,59.1128418104,-18.6214055129,127.0157060228
25.18,2.2584840491,0.3078498424,17.8055644793,2.7487228125,39.8968931369,20.6848366163,63.787000012,9.7270770742,99.9424249672
25.1866666667,10.0998728816,-4.6753319774,-15.5757319449,-5.474469375,39.9998767712,-41.761809225,73.463917855,-110.0460027329,152.012544913
25.1933333333,7.8593453548,-0.2465662233,-4.5647441304,5.5514646875,55.7545729931,-15.5889424937,87.9194060415,-99.9795511938,153.0199812615
25.2,5.4334781439,-1.8282913192,10.4509981498,-1.8489671875,52.5699231838,-4.5013323026,82.3767010329,-32.0294778444,152.0999405073
25.2066666667,8.0407028811,-0.0766056447,14.2739910016,-0.4848075,64.21606304,-5.9823239399,102.1398399575,-16.3056744181,113.5135424903
25.2133333333,0.8946341153,-6.10817186,-0.8714702252,-4.403605625,51.5039589931,-16.648639415,86.4611603679,-80.465930297,191.9170169324
25.22,10.1235136474,-1.5254441276,7.9031784116,-7.5751171875,58.5425579275,-28.25143821,114.9990131378,-40.771548432,177.5572177058
25.2266666667,11.4632210662,1.3218608166,5.5975376982,-10.1691078125,43.1963690431,-30.7171638163,91.4914765831,-54.6826763682,137.1682453339
25.2333333333,-0.0496207094,-10.8176685431,-9.9102323232,-13.81701375,25.3100084806,-36.0480622725,78.4162980057,-68.0667824206,193.4941042809
25.24,1.4699896298,-9.5796617784,-9.6635602154,-13.1504034375,23.8155893619,-39.4688305575,74.0059874607,-39.8357462473,95.0986948221
25.2466666667,3.2262224075,-14.8730401441,-24.4127135576,-25.827539375,36.4829718275,-66.9399760213,89.5197183915,-110.5508647753,216.1021069467
25.2533333333,0.2935599675,-15.9163229966,-12.4366131646,-28.017154375,41.0259528462,-56.139065395,97.83561105,-49.1842376712,184.3228733208
25.26,4.7903221293,-11.0313393215,-3.4668637824,-27.6266003125,50.8942746775,-54.130040005,92.4327152961,-29.9940891968,174.9321958161
25.2666666667,0.2297107008,-20.6599128449,-38.5580837181,-30.5950603125,43.1740372244,-88.0725586237,86.8373316909,-128.3646357818,241.0543896981
25.2733333333,5.9067117639,-13.2438780002,-21.2892406039,-31.8199146875,43.6033044181,-79.4163423726,92.1900788371,-54.4518722646,147.8505051529
25.28,-0.3542288051,-18.1150079252,2.8509866908,-31.02768,8.8386736681,-40.7182965074,45.617992352,30.7876534787,201.1651789154
25.2866666667,-2.6707952102,-26.712937905,-31.9563603661,-42.8107784375,30.4442883619,-95.0954868988,97.3022203608,-73.206006993,251.8615751988
25.2933333333,-1.5756522678,-23.0753493106,-9.154081563,-40.1943840625,27.933649465,-68.4375638275,76.511181029,-5.7423247973,249.6842871806
25.3,-1.9939965357,-36.3049782071,-35.1283324288,-48.5413509375,-4.1971939975,-93.0376519875,31.4449114828,24.9079883624,142.395508045
25.3066666667,5.2600525368,-22.6807776529,-14.5090054812,-44.11661875,6.303840665,-64.1617204075,12.2642469873,19.4974241104,137.2123220433
25.3133333333,5.7887574344,-22.7169068949,-22.5942408416,-41.4272196875,9.474481715,-78.8868240724,23.6945178065,-3.4039814463,170.6376497993
25.32,0.0214687389,-30.9972845868,-34.5163170547,-46.7064965625,2.0129324963,-81.8099114213,18.0358850123,-22.4334839875,139.5385033793
25.3266666667,4.7655658326,-16.0211201562,-11.8677921332,-34.489360625,19.0263427744,-69.993117815,59.4045524488,-25.7478199969,213.6964139129
25.3333333333,-2.1244151223,-27.3703111603,-24.2491385242,-36.60296625,-6.1915708506,-66.5050402575,24.3369037304,1.1684161665,162.1312888928
25.34,-1.950283354,-26.4170829945,-30.7291006423,-34.66373625,-5.9043224069,-66.6973416599,17.7368026328,-22.769248374,130.0092425581
25.3466666667,-1.4248244663,-28.2018867395,-48.5243832011,-30.421670625,-11.4977889381,-74.7407327401,-12.2788676231,-55.0219734002,70.0468605637
25.3533333333,-14.0261320176,-65.4464861741,-125.6032470127,1.2385353125,-465.9908186819,-12.1694346474,-416.761864069,28.5605741407,-365.0627068865
25.36,-12.6956362684,4.2462273325,7.6934028298,76.1914446875,-386.8810395631,127.8760283337,-253.0987351492,72.5025327178,-128.4931936438
25.3666666667,-1.5758068499,-1.7075265174,-30.5333964023,66.25912625,-453.0353970538,85.9194328513,-353.1234764393,-13.0649515189,-123.7429108163
25.3733333333,-1.565191938,9.1306773206,-33.4650617298,120.8460278125,-526.1874409881,114.3247233137,-477.6999747882,-27.5390856282,-164.7731799918
25.38,-9.5945894171,-23.251507792,-86.6817464972,105.020441875,-534.1862218881,43.15161574,-493.298333671,-82.8472322059,-229.4662785154
25.3866666667,-8.4394286729,-43.1064761339,-95.5093481232,64.79156,-525.750159035,-0.1727285875,-476.28857832,14.6909076545,-280.3233796649
25.3933333333,-0.7768067116,-33.2674428154,-78.0247846795,62.6839821875,-552.6692713131,20.8960164425,-522.6183779256,80.9328921186,-466.2111006408
25.4,11.5368699101,17.9157328208,-3.4130161504,110.432356875,-580.8905033162,118.7501489999,-553.9548018732,151.2825511139,-441.2143669032
25.4066666667,-6.1489646764,42.5737298826,41.4485705461,153.44845,-586.53943961,215.6709766413,-544.4950595683,213.7677494492,-498.9586656589
25.4133333333,0.5339586345,31.5934891461,-20.1061304654,132.404084375,-610.8126812881,143.6245527425,-605.2555324111,94.7916252006,-631.2108852997
25.42,-2.48706608,10.6720103097,-86.3994515236,108.079474375,-658.9071594194,70.125466645,-663.1837397163,-26.6384860011,-598.5667830476
25.4266666667,-1.4305697768,5.183722384,-108.9989703877,108.6444040625,-669.0679387975,26.0432867149,-654.7613432524,-91.4644220049,-578.9494338022
25.4333333333,0.0143018512,16.1150142998,-90.7730260845,106.33586875,-680.3530844225,42.5764939751,-651.6471780216,-56.043341903,-567.1348690422
25.44,-10.9628677285,25.2127506778,-64.5186597549,114.8743471875,-689.7541595006,93.831110475,-642.7855065955,-52.6203281911,-543.7279495051
25.4466666667,-2.9294825001,7.4998450929,-109.8331632921,94.376976875,-698.7779810631,2.8322895838,-657.8791864326,-106.2813350282,-521.4002531987
25.4533333333,-10.8470470456,31.172727443,-40.688810844,111.550140625,-704.2099135912,105.2045203337,-667.3513737677,31.7456319978,-555.9957496277
25.46,-8.1252704714,3.1084849303,-93.6168136442,78.2213525,-710.4263840444,15.326406215,-678.9165421445,-64.7440661351,-526.4171230061
25.4666666667,-17.2367854321,16.0236772908,-44.226024322,82.93970875,-714.315642785,90.7941920801,-685.0273587835,90.2805101141,-641.7911711707
25.4733333333,-18.755727348,11.0434278774,-31.0061177046,76.41163375,-711.8888655631,88.90542394,-677.6259510744,103.08493996,-533.6242993164
25.48,-13.4563882113,12.4358420113,-28.5008385582,66.3229578125,-710.7154505162,77.0373623787,-671.9088682297,92.7792290786,-599.1970412803
25.4866666667,-11.8275912025,24.2556774526,0.2976571086,69.109755625,-702.3604959319,105.3014797337,-666.878550705,134.7825636258,-538.2920923229
25.4933333333,-13.9696709978,-4.7114673079,-67.5253278691,38.534958125,-686.6690109569,12.1597834513,-647.6905457716,2.0329104073,-580.8406112296
25.5,-13.81709798,29.6906980268,3.6781902403,72.9652578125,-674.6949484006,107.4825404037,-648.6347217864,93.8167063497,-539.7549500346
25.5066666667,-16.077859733,0.2499923955,-60.9957699561,37.8824790625,-654.4309354944,15.8916359388,-620.4680134504,-9.1959284651,-565.7497319387
25.5133333333,-10.5980743119,9.2352772725,-49.7766782655,41.203126875,-636.4824588912,18.0423513075,-610.2966724842,-31.3516021607,-499.1666423135
25.52,-25.2072345297,6.9831046616,-25.3201612731,45.1603096875,-609.8549087506,62.5110685875,-568.0557092357,-0.8162123085,-503.0898275819
25.5266666667,-22.7594259079,7.7258082883,-25.7742736561,41.379661875,-593.51611616,43.431902175,-556.772828286,99.217290243,-473.5362023088
25.5333333333,-27.4225138998,-5.137724049,-47.8857615414,33.2501690625,-588.3031455881,21.1326229276,-566.7197956784,-25.8444213823,-457.9593307058
25.54,-27.024314209,-4.0301684032,-39.4743970718,26.3155775,-572.4191812475,22.8936222724,-528.6575347193,9.0076388042,-439.0050920027
25.5466666667,-28.2460880279,-1.1660789207,-29.0928845528,32.613220625,-557.387189085,32.1483571025,-531.829683608,20.7763379106,-441.3473012726
25.5533333333,-28.4796171162,-0.9176836217,-28.4871758325,29.25278875,-559.4050908756,29.9500840337,-525.1651008439,20.1640875018,-441.357506709
25.56,-24.991379436,5.6286982877,-11.7130279815,33.8898309375,-551.3400792725,37.9849831726,-506.1617883673,41.1333565125,-402.5038186837
25.5666666667,-29.6930161281,-1.4505609431,-32.5168841379,26.7521878125,-548.9433184944,20.3972391562,-524.1821366692,-3.1043025877,-428.5383158146
25.5733333333,-34.2284856224,-9.1626982816,-24.2675483895,16.5113709375,-551.2081310662,22.6898580225,-512.781430897,40.9693609785,-416.632686709
25.58,-42.2647624771,-6.2585994176,-15.2226160421,32.4779059375,-519.9964167881,47.9295651963,-438.6791225836,34.9951953243,-340.1707554293
25.5866666667,-36.2640991994,-19.5840143642,-63.862895883,4.948995625,-581.6435201256,-29.5364150525,-632.6127183699,-29.7802364465,-527.2610185173
25.5933333333,-47.8655251263,-1.9255887127,10.4293916665,39.0108353125,-510.1936733819,80.1559212363,-401.4914012188,78.8871031082,-308.0149868529
25.6,-43.740293229,-21.3647421941,-52.6744522927,14.8207984375,-552.5734374444,-16.8676574675,-571.4783244105,-10.7176770634,-462.566358766
25.6066666667,-55.8879680695,-10.5675456087,-12.8573600774,35.356535,-531.6347951756,57.5883608862,-468.9826809151,37.1618093442,-368.7803468719
25.6133333333,-55.5827350691,-27.8151290763,-53.0091647378,18.37586875,-551.5579719881,-9.5618070612,-559.6217596441,-0.1663981991,-460.5031288452
25.62,-59.4840243851,-19.0459870816,-20.7273177548,26.5150703125,-533.9960004319,38.1918512013,-474.5589771314,42.5356595312,-370.739801264
25.6266666667,-61.3347646853,-31.5043838332,-51.4271032935,14.1904134375,-555.4309002944,-6.6545955188,-520.2929074323,-3.0185793909,-431.3115653487
25.6333333333,-60.8968344609,-4.9317662479,11.8387962654,38.6272765625,-544.3396335694,76.7429759525,-498.1223726913,82.1851641546,-399.3235503423
25.64,-59.6657702646,-25.8429951671,-43.3183359355,15.4768546875,-571.8292310413,-7.4919120337,-544.1578480925,-6.2230939057,-448.580072062
25.6466666667,-67.7852807016,-22.0952296532,-21.3314644764,22.4502628125,-568.51007251,30.5286269025,-532.2426012137,35.8974319663,-436.0645037706
25.6533333333,-65.4116888533,-23.0068481219,-24.9850258408,17.4005540625,-578.0606391725,15.2045014688,-548.3553461609,20.7200728089,-448.2337335695
25.66,-78.8681624211,-34.2650677367,-40.2429371493,15.106009375,-578.57379986,17.59046392,-541.8214479246,-36.8053789219,-433.5147748087
25.6666666667,-76.7600715935,-32.1756364526,-29.9289238715,15.594375625,-584.6047409163,11.1144283337,-545.1550378257,61.0930797076,-448.2397949253
25.6733333333,-79.1378165269,-28.5455341364,-17.414268205,22.29682625,-579.8644324569,28.2592062125,-546.703726482,51.2967771486,-457.2416064846
25.68,-86.0733113317,-35.0345834225,-28.1045247118,18.7421878125,-582.1082211319,23.1980368275,-549.6634516235,15.2182123693,-435.2678718119
25.6866666667,-79.8105292684,-27.7497081711,-18.3471742069,18.1848075,-597.6077685069,19.4830049625,-557.0097281375,31.0017904307,-452.5660854377
25.6933333333,-87.3047381236,-41.9374781531,-45.5493534534,2.701493125,-613.71286756,-6.0904908875,-581.7881544004,-85.9384466257,-478.432949341
25.7,-88.5812795533,-23.3824093845,9.9220762694,18.39701375,-610.7681133944,52.0086675725,-566.4394266524,157.4815416606,-435.7350362198
25.7066666667,-97.4763898112,-49.8614010507,-44.9069729748,-7.71615,-638.20815381,-19.9137646012,-608.9119951137,77.9935446786,-479.9474952111
25.7133333333,-100.6406469473,-50.2504551965,-51.9179590385,-11.3669953125,-645.4976670694,-11.3351233987,-609.3614303214,-96.3814459447,-522.3152726028
25.72,-97.2359181842,-44.4380222028,-47.1741652287,-13.9113709375,-652.9113352475,-13.446507415,-613.3868031224,-96.0285768429,-523.7291525702
25.7266666667,-105.4576026178,-58.6768663337,-52.6803616154,-26.5667040625,-669.0832238194,-41.7859315601,-641.0237964339,60.0509263999,-514.9389928982
25.7333333333,-105.9983695549,-32.9111347337,8.368601661,-4.4075778125,-663.4324513631,48.22150279,-614.0164474848,92.0028298,-514.1803189722
25.74,-107.416716785,-59.8947110166,-77.8653499162,-33.170910625,-681.0410596756,-64.9067857188,-644.0659463841,-95.6566877388,-514.0660340762
25.7466666667,-104.8727450397,-50.4584641975,-39.2690162056,-37.57721125,-684.5067758069,-31.7671945825,-646.9441387667,-13.0000488385,-550.4928666743
25.7533333333,-102.6498587441,-42.9912061133,-24.353637992,-32.58798125,-684.061719785,-23.6444113062,-651.1023354741,17.6229514279,-552.8451280275
25.76,-106.8716827353,-46.2031980244,-33.8573830802,-35.76317375,-690.27637221,-31.6439232388,-651.9539165197,-19.4907287069,-546.3510569593
25.7666666667,-114.0684169462,-51.7093676462,-33.1295687642,-38.8454084375,-687.8933235663,-28.5313462025,-649.3980054988,-5.1031875963,-541.764563494
25.7733333333,-106.7240700473,-46.9070372273,-34.5950049319,-48.0957934375,-692.477378435,-47.00592946,-656.6147815006,-17.4041184702,-551.0803339624
25.78,-109.7392544174,-49.1153083335,-29.1593155878,-56.784375625,-693.8498802413,-43.0483581625,-652.781495935,-5.7342160884,-551.668737541
25.7866666667,-105.2649733427,-44.7390389637,-13.2864766937,-62.25201875,-701.2584416787,-51.3051824225,-668.0908482611,93.6052103455,-568.9847636116
25.7933333333,-115.8131304456,-51.4645840474,-49.0091229113,-66.31154,-706.5949087506,-55.5644861563,-668.6995522518,-196.1050314163,-613.3972829935
25.8,-108.4554880373,-44.7232203086,-0.8301041392,-70.83721125,-699.0794834069,-44.2070612662,-657.3378243567,109.6608087338,-530.0620835072
25.8066666667,-108.1438324639,-43.4373856614,-22.1606354217,-79.1413709375,-702.23540656,-66.75174749,-685.9541904853,-38.833014278,-601.630073747
25.8133333333,-111.3284907747,-46.502353539,-36.1140819854,-80.214375625,-699.8342554038,-75.5019965725,-653.6754833743,-62.0799839125,-533.1322903566
25.82,-119.1611047995,-54.6448365913,-31.3947255537,-95.2143003125,-707.0083363975,-78.7536229063,-671.7962141282,-20.4519033644,-592.8913237712
25.8266666667,-114.5088558743,-43.7289012159,-11.4443585749,-86.9036809375,-695.7344925537,-63.005964535,-661.7608351164,-3.8496865148,-574.0878433674
25.8333333333,-112.0420653335,-42.6801285955,-6.7858724787,-97.349568125,-691.67518386,-69.8938578387,-659.2155433831,3.6857575952,-581.4090328981
25.84,-112.4632281996,-39.7536614405,-14.0197077363,-97.3173334375,-689.7382612444,-77.1781707663,-656.0023527363,-37.2766812783,-548.5866929476
25.8466666667,-111.7345591803,-33.9143784387,19.2918492143,-102.70240375,-685.2617214756,-64.5237378962,-676.9251007369,115.870952892,-609.9118295328
25.8533333333,-113.4960189729,-43.2306322715,-55.147509715,-106.7121878125,-676.8538894631,-110.1823395925,-620.2230093746,-266.9026831827,-542.9391762081
25.86,-105.2510478187,-28.053550251,5.6035999319,-112.141586875,-667.1905669381,-84.6213553975,-632.0114282127,71.1000306366,-538.1422956987
25.8666666667,-111.0563388743,-36.933610255,-16.2143607953,-120.9549296875,-653.182098485,-98.8443725463,-619.3821585249,-40.7130912603,-529.6934976789
25.8733333333,-104.2538383358,-26.3680043933,6.081455971,-122.6021409375,-639.4764229287,-85.3850740424,-606.6108741961,11.0119629136,-527.6624273959
25.88,-109.0284947853,-36.2786644856,-22.5034580121,-131.69154,-620.0640529912,-111.8889758325,-588.6322739591,-51.8544673546,-537.5478780971
25.8866666667,-97.8193305784,-24.5545154558,-19.5981782226,-132.35317375,-599.5101350631,-110.0420567613,-557.35011439,-92.7141674013,-400.304018053
25.8933333333,-94.6150156894,-30.067888358,-14.8366972807,-143.518413125,-556.2155992912,-113.4499832749,-518.61442833,-15.7841281909,-484.463783361
25.9,-91.1898160157,-20.0405367391,12.1847784258,-129.3356528125,-526.3850833475,-87.8710703876,-506.1565152076,93.7924385283,-414.4367984777
25.9066666667,-82.3953984802,-20.7351519036,-69.3754187758,-127.855436875,-484.0598920756,-118.8947649287,-408.0946540062,-374.6468368486,-278.4557393934
25.9133333333,-76.3153727315,-11.4460557346,84.4265781694,-132.643033125,-436.4494669631,-20.0947546725,-416.2520711096,370.2751331115,-322.0311729728
25.92,-58.0607579686,-13.4634487608,-69.0540824507,-120.82702375,-382.0770914912,-135.7562945687,-326.9832150092,-270.9067299827,-226.8090506223
25.9266666667,-51.6763171032,-4.3244036424,77.5663237431,-120.0710328125,-317.7190363163,2.6148463037,-291.9775599341,177.6478336217,-258.2480394893
25.9333333333,-35.0877517976,4.4747578013,-14.7430950607,-73.9336625,-253.2521627287,-63.1617330162,-204.6121933084,-16.2841110223,-48.0679429474
25.94,-20.8224351359,13.5394217884,57.8264512033,-59.8759909375,-184.7185926069,16.0009299725,-149.1057626454,129.3849797765,-63.6439705482
25.9466666667,-13.0322027732,15.6658974651,30.3774033056,-37.0664228125,-147.3083952662,0.6800287962,-109.9853650548,32.2111061563,-22.1343600162
25.9533333333,-12.0744598964,-2.1217908595,0.0806429392,-40.58913625,-90.8984688881,-17.5566257013,-54.0953395526,12.4121009788,31.0170541198
25.96,4.4603296817,-11.911125217,-6.4834723872,8.726535,34.9988863681,16.7162796225,99.4072907754,35.6301916424,220.626318822
25.9666666667,4.2960038783,-6.3537282232,13.8350639914,13.7564128125,29.4514765494,33.61494717,68.7476114311,60.558394806,115.7767603993
25.9733333333,1.1018061401,4.0099537692,27.4843973022,19.4529009375,16.2241099212,62.0563212563,55.0430989332,67.0842498084,171.6813621301
25.98,-0.2023188876,8.3561041176,52.1639951576,21.3921309375,15.8805026056,87.2363952899,25.7924432101,122.9408427237,58.0377305089
25.9866666667,2.7014172298,5.5975281665,26.4664348613,22.179943125,11.0009151181,51.5681796938,63.0566985924,121.0454409941,279.2791941324
25.9933333333,2.8763651647,6.7183978859,19.1778503041,17.5136709375,5.9637651931,41.7083402924,24.5799254427,-35.4552129137,78.7490170186
26,23.6608136678,19.7193904282,32.7086830161,26.5993890625,26.6851796244,41.7222234551,75.0913957651,23.321993401,280.5223090627
26.0066666667,23.3823918508,22.8869180452,52.4104506925,28.498403125,26.4950600525,63.7526265512,66.7903405621,73.2711297092,254.1862824571
26.0133333333,6.3097428981,7.1096083599,14.1937600822,29.08845,11.3645207431,36.5340399975,55.2533983962,-7.1005207364,222.1063226077
26.02,17.11430801,7.7289817575,0.8424905823,23.5458303125,29.7033966369,18.1532579788,92.0708325185,-46.2747699873,307.3324823903
26.0266666667,23.9220366847,24.9182135758,53.6424148066,24.59999,21.0345356556,57.85872068,56.3118554226,45.5114159121,265.6545634152
26.0333333333,16.809679629,7.7720293393,-24.6020987661,12.8036240625,16.2233883431,-20.2693166812,79.2732718609,-146.6114083373,316.4404985851
26.04,19.081092112,24.9205041232,55.960789292,18.8229478125,14.6783095775,61.1294151788,17.2610315379,25.3066078448,104.2411444323
26.0466666667,17.5303149131,4.9048018852,11.2258726975,4.3438684375,27.74714059,-6.699360995,60.3443433561,82.153415935,300.0144085257
26.0533333333,12.2266124942,17.8302417988,24.9833683744,15.744271875,16.8654299963,47.4568260562,23.7488391671,-117.4634914057,105.6811390463
26.06,18.3659477293,12.0629907899,18.1903848614,8.157736875,15.7772171306,-11.5087886362,36.758584326,100.7958188797,236.6140361742
26.0666666667,17.1770316464,10.7770542873,13.1683588935,6.9482909375,21.3229572338,10.4425409938,40.8243793219,-74.8239309662,129.496091907
26.0733333333,15.0661056436,7.8411415779,2.3142211803,7.721004375,24.6628359712,2.9930780475,41.876243334,-93.4513028685,128.112345897
26.08,16.0638919184,11.2787630238,29.0450779878,8.81538,24.2911531931,11.4203259263,35.0579607135,141.6375207082,177.9396910977
26.0866666667,17.4183314269,16.8181234247,23.2615143102,15.5019903125,19.10617494,32.02718891,27.0963168818,-118.7869956699,67.9359532394
26.0933333333,17.6835410912,14.2055489021,24.5958571457,11.63538,19.0025473369,5.9139828,36.8842543155,107.8218566998,186.4260962727
26.1,2.0764278835,-0.7680416565,-11.481051174,-4.3026665625,-2.4888535694,-25.0435087762,4.8399072939,-90.176961746,82.0219509465
26.1066666667,15.4166645827,20.9016229037,47.4153516692,27.4353984375,25.2050858744,68.7973688475,38.2665934484,47.9068464974,117.94721459
26.1133333333,21.5494589072,8.8828592819,12.6890373206,5.1094459375,35.7220051087,-8.6187978875,48.319426524,-17.8437684936,144.5361092946
26.12,11.0399942818,1.4435890571,4.7386318019,0.986873125,27.6787320744,-4.4383484862,46.5005827722,-18.6178645063,138.0884465736
26.1266666667,13.2581952742,6.5668030694,18.356959522,5.9323284375,31.247741065,13.794585405,44.1673020183,3.788439459,152.4297085317
26.1333333333,11.1598696247,0.4607950973,7.4439818765,5.746103125,32.4985055306,1.4029718538,63.5763508474,-31.3969236342,177.1377300838
26.14,5.8468126654,-0.036310912,10.1010925783,2.9628825,25.3748716275,6.5535256612,38.3536676985,10.9943891093,116.8218100245
26.1466666667,15.1155054512,6.0329971611,13.0261616342,5.1763190625,33.4058435775,3.1652790412,53.6110908049,-31.9284313088,178.0142368813
26.1533333333,6.7290785349,-3.5624315604,-4.3741419201,-3.007934375,25.436336315,-13.3857404375,47.9864235579,-37.1808147335,112.3202633457
26.16,10.8034017353,-2.3012755991,-11.5602712036,-1.041201875,29.5402643869,-27.31920608,44.9916213375,-95.4803052921,168.5622238773
26.1666666667,13.8650374589,18.3191321111,49.1564277305,23.2389571875,33.6741763181,62.7096015938,60.8109428951,43.7956895738,121.7670278567
26.1733333333,16.7282842811,7.6762061801,0.3005009011,3.632065625,26.9381369744,-15.9862633337,33.4596055832,-66.8691843437,84.6675691808
26.18,13.1685364056,5.8442637659,9.7809633369,2.21086375,27.7806646025,-1.3549037713,45.8608325465,-50.5784189833,176.7448933073
26.1866666667,11.4406562357,2.2760864209,25.0546415776,1.768845,31.1950308494,-2.70255129,61.0894175931,170.562139122,112.8333148179
26.1933333333,8.0542893288,5.5147827734,-3.0151621562,7.8503096875,24.6495878337,8.3237242113,36.9212161014,-193.9107353248,104.7360205482
26.2,1.6069655868,-1.9026602776,0.3561807178,6.181295625,14.9660344588,-0.4939268963,40.1340496025,-41.7376176502,128.6947406015
26.2066666667,6.2473495272,-3.5942712963,-7.4457208673,-0.0071175,33.5818566369,-14.1753492075,60.1778889894,-64.7907768436,101.1444071598
26.2133333333,6.3431783482,-1.8553030824,15.5216374616,-2.2259625,38.5738978275,9.1383181613,65.0434530979,-7.0414801687,143.8475008201
26.22,7.2762820703,-5.3966105532,-14.5362068709,3.9603096875,46.3924887713,-25.8033935725,72.9446000719,-92.1109767504,128.2845077785
26.2266666667,2.0094594731,-9.206486525,-13.4973493479,-2.86721125,36.6236430056,-22.8695579012,76.1167618616,-90.5193423455,161.989026092
26.2333333333,11.0899897664,4.0584450289,16.3315409777,-0.1897840625,38.571189765,2.6794655387,61.3184164549,-4.1783070672,109.6684619071
26.24,13.5132947653,5.6687214283,11.5270361434,3.1874740625,49.5532464744,-5.5874079475,81.660088187,-53.6154881694,138.3225494161
26.2466666667,13.3404056697,7.6145867673,3.675198039,3.2566103125,42.1062035212,-9.9500224363,58.7058822034,-63.8108785304,103.4852461924
26.2533333333,9.3403858264,5.8084628407,32.4687100463,9.8124975,60.1280648837,15.3263385788,104.4654036843,-4.1722713471,169.1299410327
26.26,8.1362716034,-5.2255704173,-14.8721784311,-5.1559340625,45.5554026275,-40.6900084388,83.5565272381,-100.8476112128,146.2203088369
26.2666666667,12.8058294736,10.7530261596,18.3113050981,4.99009375,52.8536575994,-2.9910998712,99.913246516,-59.6831247731,150.170306677
26.2733333333,10.4334222932,3.7317024619,11.6110510758,-8.3894459375,42.0238575556,-10.1284086463,67.6905282241,-25.3565933804,106.4645476069
26.28,6.8220664818,-4.7002876758,-3.3486060734,-9.658075,47.4193969369,-39.30983788,114.6814570285,-96.6362718458,229.9945627849
26.2866666667,2.005223485,-5.2139830872,-8.0796731258,-9.2113425,23.8731602525,-28.0841796226,68.8470977752,-70.7434547805,119.453556361
26.2933333333,0.8633674749,-9.5729711139,-0.0402943267,-11.029370625,27.6564767806,-30.0553484062,78.0924596354,-12.4599656722,151.6640528983
26.3,5.3306884582,-9.1280547292,-14.8955566706,-22.563501875,46.5398132931,-55.4693094125,102.1434149596,-90.3925815066,162.9655165145
26.3066666667,1.0751334828,-13.2888846087,-23.6601039057,-18.8628540625,42.2028302775,-62.1550186638,89.0032849881,-113.9658812897,228.5198066955
26.3133333333,4.7363853591,-5.7817910293,15.9193582578,-21.9051825,54.5476989431,-30.0566187825,99.6247926354,43.6934349077,108.2556228456
26.32,3.0888148074,-11.224496564,-14.4930990322,-24.429173125,51.8360521306,-66.8561318725,108.6371748804,-92.1638456906,241.9558987842
26.3266666667,1.6806664469,-19.1419360114,-30.0472555896,-36.3224875,38.4944137712,-79.671399655,81.7353043233,-79.500961399,187.5938212677
26.3333333333,3.3796696521,-14.2699576321,-16.8394614701,-32.9550603125,35.3838318931,-61.7828176175,64.2652981234,-31.4235032675,120.0585242469
26.34,-1.0718738399,-20.448296894,-7.1075279248,-32.6639053125,8.0938881463,-66.8290421251,86.4484392113,-37.2509031151,324.2567031539
26.3466666667,-1.2300269321,-25.6217576989,-14.6855518245,-37.7543840625,-1.5907476756,-65.0118665925,44.7691827714,22.2335828955,159.8401241724
26.3533333333,0.1714748161,-26.8276029756,-7.0924953055,-47.563876875,20.4615212869,-75.2947739288,70.1154373409,14.1971464614,274.8430561128
26.36,-1.652725117,-32.3513001093,-33.8447912614,-42.4812571875,-17.2288195975,-64.8102535425,-16.799729491,13.6505241674,58.981643105
26.3666666667,-1.586871081,-27.930732945,-28.1492265757,-40.6990225,19.9026260306,-84.1451051237,50.9043363417,-39.3624533596,218.3033731317
26.3733333333,-0.2310329194,-28.5959399552,-9.7829091087,-49.3074825,12.1439467119,-64.416324345,31.6504138907,38.5473198629,187.5401340047
26.38,-6.0975304135,-29.628097349,-15.9285278667,-42.7604403125,22.7478337463,-69.9059824625,59.8092732822,29.0050187694,182.1494063017
26.3866666667,1.9498449502,-18.4576321994,-0.3162736536,-35.4847690625,21.0354773337,-55.6900076524,47.1137076924,39.9021819836,196.4320861584
26.3933333333,-0.1552453713,-19.233475331,-18.5653467833,-32.778111875,23.7575103744,-64.2185887438,46.782877814,-24.3904823939,183.7956141968
26.4,3.82426612,-13.9241727737,-23.4002364488,-27.654844375,22.9920038806,-65.50624009,38.8430968188,-45.6170424938,137.5976525651
26.4066666667,-0.5198727648,-19.0826147651,-35.7118725391,-25.45239375,4.1166486181,-66.8617833488,28.0484144166,-62.738124433,116.9071356439
26.4133333333,0.3198860017,-15.8968750927,-41.1896155067,-18.543886875,6.3849417087,-67.6864910587,21.1517599148,-61.0749070445,79.4710230241
26.42,-6.2083652164,-52.7755252552,-134.0545782781,-33.57970875,-252.1505732381,-81.5997996788,-236.7081715179,-122.4789419408,-186.2813832603
26.4266666667,-14.1450851472,-30.8093894418,-94.2170975208,25.7748159375,-396.7895747006,26.4495676725,-343.272806021,-30.1217301316,-292.7510931236
26.4333333333,-3.5006923134,51.6484186968,77.0914252337,103.473284375,-307.916172285,194.244494735,-166.4671256604,88.4260097392,-54.7121552178
26.44,7.5268304758,16.9984402969,-16.7630938649,76.1416053125,-440.44129606,101.9811763624,-399.2194446022,6.4126587063,-193.1148267538
26.4466666667,4.1428699354,-1.4755805702,-59.5070403329,107.077746875,-492.1342378756,42.1321150175,-441.5314016656,-65.7363634465,-160.6370567656
26.4533333333,-5.4959564944,-31.3487220644,-85.6203915354,74.64242375,-488.8627730288,5.3995250825,-445.0282331018,-65.9572914295,-147.0431920814
26.46,-12.6340993688,-70.6933333425,-105.9276820526,20.8459640625,-493.690735235,-55.6365232087,-423.0821630678,53.2096080293,-223.4544356671
26.4666666667,-8.8581187445,-28.7274974531,-16.2883485391,57.9521509375,-524.5457102663,74.5543085462,-465.2897272095,193.9936508341,-297.5128856187
26.4733333333,-4.3946242123,19.4435624335,35.5383443948,111.4916990625,-525.5809162912,161.8516548787,-469.9685615089,256.7123803327,-441.9752352577
26.48,-9.9865072052,45.8849961276,54.2027110699,133.78527625,-536.34487371,235.08510124,-522.5057303087,197.7969983441,-457.0915013537
26.4866666667,-8.5569693426,7.2096642942,-59.4461859446,97.7237278125,-563.7612408756,87.6343237013,-584.9625925111,31.0653930953,-591.6922734031
26.4933333333,-10.8175444327,-5.8333824998,-95.990034983,83.4639721875,-583.71420376,29.6976084187,-577.0448650186,-59.1101917494,-453.4624264888
26.5,-12.8271844934,-0.7064620146,-104.7182093944,89.477164375,-585.8390988694,22.7125013426,-561.4511604751,-64.2181108114,-566.2617539485
26.5066666667,-3.7911379823,16.7989129263,-88.1451944,91.081586875,-597.2692544069,32.7723093512,-563.3614707737,-121.9524863248,-448.5279593321
26.5133333333,-16.5608818802,9.4874490117,-86.7626494382,93.133605625,-620.3058309069,42.4697005825,-571.4318283559,-70.4267064336,-517.7574811622
26.52,-7.9810557918,18.4357479618,-84.9851803174,92.6271175,-658.5902102162,34.9988106212,-632.8794397022,-67.4771907987,-518.278623824
26.5266666667,-13.4418345444,15.361292929,-79.0972825816,87.4826196875,-674.9263671381,44.2153307263,-645.2325246946,-63.1157937917,-493.2993393178
26.5333333333,-17.6817983076,12.7869980088,-71.3914056468,80.134375625,-683.3321035569,53.5842941075,-650.3081358656,7.1659085254,-619.0982609721
26.54,-20.4679421105,17.2083647027,-45.1591972167,85.772835625,-698.9404756444,82.7356754537,-681.2799441999,49.2776989218,-561.6511997697
26.5466666667,-26.3444544711,8.471449714,-44.5185179724,76.52355875,-705.6233725944,76.6836956826,-676.8828501857,105.0166885446,-632.8659606725
26.5533333333,-21.8926610828,14.6384059003,-24.5773045898,72.2609859375,-717.6692145975,85.2274132874,-683.2105055011,101.2864845194,-572.0040148351
26.56,-22.9519029114,14.4071035433,-20.6529977465,70.0533896875,-715.1365531069,80.8159908063,-670.4668990769,105.1720910283,-510.9972654275
26.5666666667,-24.0527681576,16.9774124832,-13.908975605,65.63124875,-718.4354555881,89.36882822,-669.5370438154,85.2948804621,-556.6096002034
26.5733333333,-24.1772691816,10.9874969592,-32.4271200542,60.3933428125,-709.477547035,57.34763164,-670.304165663,65.6943717879,-559.3902606698
26.58,-25.1708295922,11.2569968387,-45.0054486932,57.8573803125,-694.9663557662,44.3778928875,-642.4123909592,-14.4848525805,-495.6108174068
26.5866666667,-27.3829567817,12.9427807363,-40.6498506302,56.4778121875,-686.0652121381,49.626128095,-658.664701588,27.3200213412,-595.4095939288
26.5933333333,-28.0800271884,12.500963993,-41.9004957962,56.7838215625,-671.9644121694,44.8349633612,-653.3352466242,-11.5872009689,-568.9886415048
26.6,-35.8871871529,6.310465787,-39.411500051,52.2059625,-663.1302326569,48.5438018738,-624.5343625884,2.2248386077,-504.5877034668
26.6066666667,-33.204158435,12.2357305904,-32.3739562637,59.7254553125,-633.6045529537,54.8529393275,-614.4325698492,-47.3011231645,-578.1613889118
26.6133333333,-39.2399341507,1.8945319093,-22.39952409,46.7705540625,-623.7301582694,43.2203338162,-585.4908416321,154.8668602883,-492.6784263053
26.62,-49.0509604889,-12.3992650346,-59.5057797477,38.7304603125,-619.5136344819,21.011230995,-600.4206159871,-30.603154197,-495.4012707338
26.6266666667,-46.0843461102,4.1692333128,-15.5933417461,56.502929375,-593.4501833256,64.2687932375,-550.8029732431,30.3231739174,-437.9642995561
26.6333333333,-54.3720084659,-5.0807132226,-26.0559100657,51.80615,-586.1921699537,56.8473539188,-539.0593766928,32.7847862489,-433.8785885358
26.64,-55.8435174639,-24.7203518563,-73.0067461323,22.58452625,-598.0432891319,-6.7391891276,-574.9912270211,-30.3141140097,-491.5024944569
26.6466666667,-55.3699054971,-6.1120364675,-21.4024858467,46.59932375,-577.3937449944,52.6021266275,-530.628776939,42.7427469576,-411.7279458938
26.6533333333,-57.4360206207,-12.0798082891,-36.4279557714,41.2442065625,-576.8100420788,33.4145988725,-534.9158331663,7.9364467985,-420.3588104511
26.66,-54.968234268,-7.3540207689,-25.1785619332,41.426009375,-574.8617671225,39.6870466663,-542.1569227979,27.1432644642,-438.3893518469
26.6666666667,-58.5784541148,-14.9735031876,-32.3256687499,32.39077,-569.0463654475,28.8164514775,-530.6665480861,24.0820554776,-418.8358273075
26.6733333333,-60.3118002446,-14.9330475814,-31.9044837582,35.90077,-560.3521352162,30.09852697,-528.6131109356,5.8655210439,-424.1306461886
26.68,-65.6653732588,-15.6470691747,-23.5528679014,38.6034365625,-559.9486170413,42.6426186075,-530.1274890573,37.2738135435,-435.9191370698
26.6866666667,-72.7737795399,-25.1855649256,-29.6197377141,35.149615,-544.2105082288,37.7942064775,-504.3089469112,41.2597843496,-415.1931479813
26.6933333333,-63.2625021673,-14.3242064187,-18.6577992472,32.5109859375,-555.502165185,36.0612061837,-524.3651313923,37.1595860558,-420.7365149639
26.7,-69.9007965444,-21.24085213,-27.8572145247,33.1144225,-548.48186226,31.1189297537,-515.3351021908,24.0173357536,-425.1583251172
26.7066666667,-71.1762729413,-21.1092090314,-22.1933186087,31.56317375,-554.6817316194,33.686931515,-509.8653501816,40.0807333132,-401.4654094644
26.7133333333,-76.3472122258,-25.2524153139,-23.0780418254,29.7490140625,-556.0245000819,34.7015985137,-528.0801536259,36.2639491936,-429.5812552635
26.72,-78.9271637375,-29.6187867432,-36.8458513951,23.921201875,-564.4599959694,19.7459811738,-532.4705750512,13.8398221638,-440.6024350065
26.7266666667,-76.0456810144,-26.23336448,-21.8522676443,19.651201875,-565.5148973787,27.064142595,-524.523852992,41.731301403,-426.2396594882
26.7333333333,-79.2434008632,-29.5666401832,-29.7533118054,19.1261784375,-578.0358959163,16.7217923588,-539.4826797967,21.5295714968,-423.4617818383
26.74,-80.2799467242,-27.9869237241,-29.6770988468,18.355624375,-579.3589428694,17.1856919312,-547.6581182434,15.6967243892,-455.472536947
26.7466666667,-82.4855437313,-28.5234300881,-19.4771971002,16.4641596875,-580.4362538662,25.1193276801,-546.0864767521,42.7880935522,-439.9320600577
26.7533333333,-87.3982468203,-35.1592125744,-31.6757624482,13.091201875,-590.86850546,11.6966113075,-556.1500869083,17.8465917113,-460.9117670711
26.76,-83.7822199929,-30.4743292917,-24.1234978445,12.7638215625,-583.2549582412,12.8438900287,-545.0755841228,29.0236883587,-437.1516869234
26.7666666667,-89.9392893645,-33.8180736177,-20.6124243301,8.256394375,-594.7253626038,18.778790095,-566.3193398167,34.8615333072,-460.9631422878
26.7733333333,-92.6773954361,-35.9113286605,-26.5140659345,10.18721125,-599.5064736475,12.1827039963,-558.1469044278,24.6531030601,-454.3890389886
26.78,-91.0838962411,-35.3160346002,-26.5532273442,1.946779375,-604.0020963319,5.4969996212,-566.3515627725,13.3063858234,-458.4596227461
26.7866666667,-93.852291253,-38.4364226959,-25.1802897932,-4.2213709375,-611.4287476819,1.0437137412,-578.8541817481,33.8672812093,-478.408026311
26.7933333333,-96.212555636,-41.0805944483,-28.9291783862,-10.3490609375,-622.8331612662,-4.9798095162,-581.924494116,16.7889432916,-477.9786731556
26.8,-92.6742759828,-28.6537742451,-13.8017480997,-1.1377184375,-635.7030602913,6.3716153875,-602.984891952,15.4498197175,-497.7946350031
26.8066666667,-98.0168061816,-34.8961828922,-16.8362537008,-11.48278875,-654.0954060975,-2.51512053,-625.6344314669,22.2552393421,-523.0040624351
26.8133333333,-92.5126861961,-36.8925798352,-29.1512238152,-22.8710328125,-642.7195717819,-26.6218129062,-604.3250777928,-9.7342223743,-505.167388227
26.82,-101.6392706199,-40.1586585379,-23.796725423,-25.8059625,-655.5960210225,-15.0270367425,-622.3213690692,3.6667258634,-533.8158337836
26.8266666667,-102.6784668826,-42.1319167895,-37.0793732511,-28.5042065625,-660.5708741694,-29.2815703125,-621.1574972869,-65.2037999624,-506.1223005756
26.8333333333,-106.6250942427,-46.3786345734,-32.1308144571,-36.7133896875,-667.5246065913,-34.637828475,-631.4791115138,15.487589175,-530.151884981
26.84,-110.4686851863,-48.4707339538,-37.9080480478,-41.171201875,-673.6116741381,-38.9191790913,-640.3520797206,-23.8377606334,-548.0639987508
26.8466666667,-103.3551966847,-42.0142730693,-26.884994146,-44.948413125,-670.6788537288,-41.3422226887,-634.1752270989,-12.9358466887,-532.4820317553
26.8533333333,-109.8920267714,-43.7346921944,-19.9043944042,-47.3030046875,-682.9605744662,-32.5571917138,-643.4605215256,7.4413528922,-535.9956240184
26.86,-103.954519032,-37.5626945595,-11.8134539457,-49.79875125,-675.4926440944,-36.4234305675,-643.2286038842,9.3345067726,-554.8426120976
26.8666666667,-109.7114036146,-42.7751551493,-24.4752834916,-57.127164375,-685.5498210694,-46.86907233,-648.7914756595,-29.2736895961,-544.9093323254
26.8733333333,-110.4044289232,-46.9500855141,-23.1418137792,-68.2874271875,-691.9946150444,-59.5125451775,-657.6122352946,-20.8798738176,-554.7768669159
26.88,-109.2736069697,-39.3140810895,-8.9925478382,-67.52798125,-692.3907389194,-46.5632582763,-653.9685396863,11.030669064,-565.0212852539
26.8866666667,-119.7277135036,-50.3163643966,-24.976477504,-81.8966571875,-711.2534963131,-66.7341772437,-684.5246124957,-14.5824381059,-600.0215355885
26.8933333333,-111.9909510736,-41.6199824407,-11.7727607156,-78.0765165625,-697.7827527569,-60.4459067126,-657.5623246027,-15.4194335546,-561.1820684504
26.9,-110.1437285314,-37.1843610108,-11.5575375799,-84.99355875,-702.72761466,-67.4989875562,-668.8737567502,-39.116283536,-558.5857389081
26.9066666667,-124.4206188986,-52.2276528152,-25.3752542844,-95.43201875,-703.6990612131,-75.9901513626,-670.6713466286,-38.3824767366,-573.5274324014
26.9133333333,-116.2320035343,-39.7630690806,-13.6338349115,-92.69913625,-699.6033911912,-75.9819288062,-665.9831777301,-28.4912025302,-579.1761070096
26.92,-121.9540394364,-45.8897030518,-17.6411895404,-105.213990625,-699.5332559412,-83.0552369313,-667.3305652782,-16.3097221232,-602.6312301192
26.9266666667,-112.8543237559,-37.6337841269,-18.1838039426,-106.567164375,-689.7923769756,-94.3299042224,-651.104684701,-49.2063759465,-548.6281835392
26.9333333333,-106.8468050679,-29.9355931382,-10.1402987736,-107.02759625,-678.4013859662,-94.7343659076,-644.2151739588,-66.5954832816,-537.3316602803
26.94,-116.116755486,-29.6085066522,1.7819993183,-112.1760846875,-681.9002326569,-74.5337998213,-650.2242059345,-14.4992913432,-564.7619403978
26.9466666667,-107.407658114,-29.1417047197,-6.819190297,-122.283605625,-669.5696304913,-104.9654960024,-629.1380781162,-10.6681636723,-578.8999555392
26.9533333333,-104.2075358376,-24.1017767533,-5.2658969024,-127.2644225,-659.5744916288,-105.5946306051,-625.8338645228,-52.5149498512,-508.0858589036
26.96,-99.9749198292,-18.7097204218,-1.9976018457,-124.3229109375,-635.4614941662,-101.82755874,-602.8579947537,-69.9792768479,-511.1415921009
26.9666666667,-98.6466233049,-18.1578469963,25.8613263473,-135.1717559375,-613.07205791,-81.566306465,-582.019243706,44.7757851909,-517.6546303442
26.9733333333,-99.3271439877,-20.5609086705,-25.6955699425,-133.8664696875,-602.0323596069,-127.8877650862,-573.6451257016,-118.5657393621,-485.2818590158
26.98,-97.2429633109,-27.4140097283,-26.610471262,-144.8105540625,-556.7414282319,-119.1093537601,-500.3460893596,-48.4840014301,-395.5570724717
26.9866666667,-84.8243406201,-19.9986585975,-9.0242517025,-149.6613240625,-509.0217794194,-100.2948391188,-465.1737133631,-74.1799107829,-339.9115111325
26.9933333333,-81.0123287893,-23.8043448689,-49.5635227968,-138.2444040625,-459.4539186662,-126.3989352399,-409.2074493201,-146.2644608559,-301.2885232365
27,-66.6244113319,-6.4178937964,79.8675765484,-134.24077,-397.0204642725,-8.0046706375,-375.3582041685,166.7844952864,-361.9326144093
27.0066666667,-59.075805225,-17.907275414,-46.988873275,-111.298131875,-330.4804659631,-106.09601366,-262.0908708466,9.4776942942,-21.9795599699
27.0133333333,-37.6177357492,2.9743778483,43.6062583344,-95.2715684375,-255.5285790819,-7.30975067,-231.4453750512,-18.1633535001,-239.704502571
27.02,-20.042222541,12.4066210571,39.639475782,-63.8211834375,-189.439857035,-7.081403325,-151.3659711774,133.608275409,-6.627410682
27.0266666667,-15.2478724971,23.4732117117,61.8432709336,-17.0764228125,-151.8342343506,34.69444821,-124.3924302381,109.689648048,-75.7393834419
27.0333333333,-0.260819157,9.5650610862,15.5145582676,-36.921155,-91.0795951475,-13.18357553,-49.9062822822,20.3241121601,30.7304501316
27.04,6.5050855776,-12.0316325689,-10.4781795664,14.30182125,39.8590815556,15.6318906262,119.0093343815,30.6896371041,264.3131817592
27.0466666667,3.5682383122,-2.0499507889,34.8216521282,15.0290325,25.8493568244,50.747342085,50.0255335595,122.7409348591,42.4746716814
27.0533333333,-0.0165061259,3.5906402312,37.757132373,19.513501875,17.5446043494,72.1666807538,62.2987655926,158.5078606058,241.4620662832
27.06,0.2239995416,9.6579374914,35.3572878363,22.7253515625,12.4759419369,79.962644475,31.2181128504,-28.949768307,33.2922780401
27.0666666667,1.9057679173,8.0913832856,40.9284466581,22.54354875,7.464850415,60.0420213225,48.7507255513,200.1683069325,289.4661453577
27.0733333333,3.3361664824,3.4569720642,9.4738233406,14.907830625,7.8357281525,27.9628774426,38.5136198199,-33.9488190494,152.2849695188
27.08,18.938358482,16.0404593872,21.2005905759,19.785135625,27.5396013587,37.8013178949,67.3272633396,-45.5619268731,199.771781022
27.0866666667,19.6265059778,13.4521365239,23.4258014998,18.16874125,29.426862865,26.7282935012,74.0117920199,64.6508054612,304.0296073445
27.0933333333,26.7852527329,22.4249518618,47.3374854664,31.641670625,33.34295969,54.850642745,75.9600702481,44.4065651692,271.1405427661
27.1,27.7988045142,23.5743026524,32.6796199186,32.89489125,29.9966211056,37.9283215312,73.1193290468,3.2251988511,233.4028053685
27.1066666667,20.8846972606,8.9020354953,-8.0250415972,21.4725628125,25.8082840587,-2.3365341225,101.0813574451,-109.9351520145,356.4442883161
27.1133333333,13.9852275184,10.2431460964,36.1350544043,15.39393375,19.2307677306,39.5163082763,48.5656857835,60.1630092325,182.6599037521
27.12,15.6794943233,14.06341776,19.2659275086,11.5384315625,13.2837462931,16.916233985,38.2079801649,-23.2527488772,202.0342050135
27.1266666667,13.7683912056,32.4765753322,60.2521080332,28.2215015625,3.6402937494,80.9555262712,-1.0222476494,43.7881504732,137.406546577
27.1333333333,1.2698464741,2.8681965019,-5.4493684292,1.0302159375,-7.6350851819,-14.621225805,7.306787567,-49.568169879,176.6502407942
27.14,18.9195636666,14.0526165715,16.104031622,6.3719434375,17.6522101369,2.47735105,39.7330028839,-19.9991939598,165.560255277
27.1466666667,10.2219634885,2.9320552523,4.1202700562,4.9503096875,21.1527400681,-1.22040376,38.705933126,-24.9657668981,167.3068314158
27.1533333333,21.3081731003,15.3415721215,23.4809413447,10.975333125,28.5976168837,14.95854498,37.0212945889,-2.9540422859,125.1748275319
27.16,13.1666326502,3.2510055053,-3.5756577096,1.96490125,27.5320072619,-18.5590564776,38.8596049915,-36.2041503696,133.627562586
27.1666666667,14.0716387563,16.7234350998,51.0974815279,20.7577553125,27.17764009,69.5886366325,48.1504562841,71.8824514946,166.7752720426
27.1733333333,22.6738788075,9.3214005114,2.1841073723,2.7221878125,27.3595071462,-31.5144664649,39.1617631816,-39.787823475,117.7447146106
27.18,13.4091154796,21.3627508763,46.3730329338,25.156384375,18.6523191025,67.8647487999,28.2638086176,45.632025184,123.4990510974
27.1866666667,19.308758173,10.689362027,16.4868641231,-0.1937746875,21.7898684775,-14.803549005,30.0018700335,59.8223679449,133.8911149617
27.1933333333,1.6108676893,1.4220395443,0.2369984262,7.635718125,4.129374815,5.1116180287,23.3776095298,-78.1545716212,109.1012137257
27.2,13.4598627894,7.8136826076,12.4126418978,3.628506875,23.8565476431,5.792687555,33.1650985049,-7.2884485929,91.7582464229
27.2066666667,13.727090496,4.5514422999,9.4294284525,3.7775209375,31.21038104,2.9605116362,49.8280960171,-25.6660137778,123.9765754327
27.2133333333,16.2769073563,7.226175266,13.2698057737,3.514854375,29.2018850744,1.1431175738,53.7282641789,-48.3242190322,193.3816099307
27.22,14.3636702871,6.9850949823,13.1964519773,5.1306946875,33.4181057775,4.3377836624,45.8703933806,-4.5463104315,92.7357322472
27.2266666667,15.6850927519,5.1694160121,33.6911257618,8.329276875,38.2564457431,6.03760854,63.3712892064,184.817870292,213.2102145126
27.2333333333,12.7667662705,-0.446889577,-22.7306818157,-0.3144225,29.7576345556,-29.9343134663,47.6419068346,-236.7327307463,113.7741069431
27.24,13.8594137441,16.9961171934,47.0135466846,17.0089103125,34.6164114681,58.4268509125,53.4707559707,63.5021234246,104.7622816577
27.2466666667,7.7961155046,-4.2608230711,-12.3918413657,-3.238798125,20.7492146681,-29.4927040538,48.676793388,-107.4397997977,182.4050425458
27.2533333333,13.455301661,3.6331593501,1.5963957096,1.7738215625,26.42847679,-18.8861748212,48.9544657566,-54.5172391171,130.9932895458
27.26,6.3627755721,10.6009568771,31.359225094,13.4656896875,30.2617827119,51.93431222,41.8822133661,12.7903260919,76.8244493463
27.2666666667,6.5807578331,-4.4482640464,-9.6534341049,-3.053990625,24.951528815,-24.2830172738,45.4069316971,-58.8890848358,120.1727763511
27.2733333333,19.070727127,7.0169081285,10.5880254923,6.257305,43.43922419,-13.53748553,59.4709609164,-42.7984200081,127.596105021
27.28,-3.053014361,1.228834726,5.5588306247,6.666103125,4.5372191244,20.1308206388,30.9393769576,-55.1318725731,114.9879518488
27.2866666667,9.1781527545,2.3401095073,-0.6710039876,0.724084375,29.7426841181,-7.3535023513,47.6940428887,-61.1409753074,96.5861766829
27.2933333333,10.1210772361,5.8800198686,16.4825922885,8.51336125,46.7485899025,13.8997146737,75.5014957158,-30.4923494201,123.6470152608
27.3,6.8588309679,-11.3435162558,-18.2542144377,-5.73769,48.8886867306,-38.5074588812,64.0399035374,-74.2355782952,110.747823737
27.3066666667,5.9012701599,3.4954708112,13.9792576005,7.7087228125,45.6190210119,10.3945145687,81.4320998754,-54.0335133974,170.1544704978
27.3133333333,9.4035590414,8.4230481521,24.7347940845,13.1672296875,58.8501331244,19.2749766712,96.656605852,-37.9780741568,165.7700551216
27.32,8.1746978839,-4.7492778129,-7.4823070044,-2.837258125,40.0261540306,-30.1250578412,75.8659742071,-75.468735531,138.8954878969
27.3266666667,8.7723909278,5.4353224833,-1.6713772123,2.80047875,39.9352779838,-8.0017679201,50.7551794483,-63.9860006202,72.6851647422
27.3333333333,4.3783481361,-4.1603668544,6.1097318595,-3.6461784375,47.5053154806,-14.2564162612,99.5801443667,-42.3952988871,151.994668785
27.34,11.4732314448,5.3206752189,14.1893651066,-3.096779375,48.6650691119,-9.5076982213,88.2081258152,-57.6328335614,174.0522203893
27.3466666667,10.8756175031,7.48753793,13.7283876385,2.160385,47.3696336244,-8.0572841299,82.0256143196,-34.3899946818,103.2044876883
27.3533333333,11.0678065511,4.9745781898,11.0276106509,0.7373334375,54.9178286587,-27.1031719051,118.9195629938,-81.1107942752,211.5518345528
27.36,11.0421317463,6.3952451785,27.5502145429,-7.06336125,59.7298072963,-6.6148223662,99.5525361559,5.0507293778,148.2515065933
27.3666666667,3.0809960757,-7.6593984469,-8.1563733958,-13.2955490625,46.0612919681,-46.9064255212,107.3217851907,-92.0796649551,210.4944792843
27.3733333333,6.4530129687,-5.7539932846,8.4220453279,-21.6345346875,56.4389447744,-37.2626555175,104.3142292475,-0.0218965816,152.3693218289
27.38,-0.1047330436,-19.9014393091,-40.2613205285,-26.1190040625,22.6066006587,-85.7117091375,93.7283806001,-146.0160781876,217.6154775124
27.3866666667,1.668124047,-15.611671961,-9.414736291,-29.944844375,52.2756666681,-61.6496249188,101.7881569351,-20.3088790469,158.504353559
27.3933333333,5.8776440065,-12.9572383089,-11.1234206478,-33.706093125,44.3850700369,-74.0979135749,106.4462168274,-74.0979135747,225.1744791383
27.4,-0.403351778,-26.5705669798,-29.4070787457,-46.3872196875,44.8048282775,-96.6608881275,104.4776104561,-66.5217231916,243.6504150139
27.4066666667,7.0068043122,-12.6354654148,-9.7966851117,-37.4195765625,36.6925481025,-71.7689485838,77.7881090455,-37.9203843818,203.7178611121
27.4133333333,4.7977325944,-17.0921255081,-18.1547469655,-37.839360625,27.25264954,-85.7646131762,87.239844261,-64.9238019841,250.3253728553
27.42,3.237793153,-19.1634239762,9.9405406946,-39.1720271875,18.6566968806,-45.8021626112,35.4720706825,96.4522340008,147.2821968385
27.4266666667,-0.9061893683,-34.991730842,-39.9473540566,-46.905125625,-9.9112563944,-90.6077382863,16.5495846284,-29.6452881924,157.661361068
27.4333333333,3.555566525,-29.5224359328,-35.2750879909,-46.3721209375,2.1475054619,-88.0232706625,8.1235601165,-20.8374570264,165.0593450267
27.44,0.5005344185,-27.0652115424,-30.8486261686,-37.814985,10.2434426025,-82.3750298775,27.4438913115,-13.1155507935,124.7111365545
27.4466666667,-2.905283161,-35.1210067171,-36.3705540518,-53.5817828125,12.9054101712,-92.9327132012,38.7000038184,-46.3438893631,237.8386681123
27.4533333333,-8.5664989799,-33.5724529926,-25.629900965,-44.0972196875,17.1636960369,-78.81583949,61.4947148701,-12.1673798001,221.251252917
27.46,-1.6769448577,-22.7445211835,-9.5719989697,-39.01373625,18.0563867306,-62.7769687237,54.3381148781,11.6808771684,209.1767990801
27.4666666667,0.4924626303,-17.2746701379,-7.6714798678,-31.561670625,20.7348703994,-55.9258052776,49.2199510798,-1.4305401197,193.4786805407
27.4733333333,-0.2269671113,-20.9181862993,-31.6986014414,-29.7550603125,0.85692419,-64.60116777,17.4639878278,-30.8993698439,111.5890144455
27.48,-0.3087003921,-18.6648120871,-38.0216303418,-23.2101590625,5.0571751681,-66.1983744375,18.7889801828,-59.7075175215,93.1753629975
27.4866666667,0.3919418111,-14.4843903353,-32.3007570317,-17.9378775,4.7953791181,-56.1414189938,17.1511570117,-50.8223250878,70.0675274058
27.4933333333,-6.1001877947,-37.2646728986,-102.4956700089,4.089266875,-394.5661398288,0.4838538025,-339.9131374239,-33.3907495773,-278.2336367535
27.5,-9.3149009463,47.2396090699,76.4728061535,99.9176784375,-283.9178000381,196.6193968462,-133.6663294058,98.2197103822,-65.643211535
27.5066666667,1.7043812925,31.2629016671,23.9105515067,78.66065625,-363.5862442006,143.7143416688,-280.1844335533,-1.5653339874,-50.3981301931
27.5133333333,8.4472470016,-3.8776665847,-82.8063432776,90.807361875,-464.4889852788,25.950349485,-465.6699476504,-111.5696511268,-193.364270534
27.52,-10.6593143441,-26.6826297828,-84.1866508827,96.6556628125,-456.9692012162,19.6554512837,-416.8409994974,-81.0356828444,-163.9939266608
27.5266666667,4.4497535827,-47.3863383953,-102.7913051835,32.392480625,-475.5300322381,-48.7852836962,-426.043684714,-12.8109756902,-254.0785597019
27.5333333333,6.9827326144,-41.6878105834,-54.9581270585,23.816705625,-518.6759549444,-6.6567307387,-444.8805178949,160.3206817852,-282.3664308977
27.54,-1.5201905922,7.691649681,19.4402676052,101.58893875,-537.9528365225,140.7843963887,-485.9681429632,216.4897556269,-375.0303292702
27.5466666667,4.8895335061,59.121189207,72.4707022666,146.4903465625,-535.0087398506,235.9128308163,-500.9264769238,259.2439343041,-480.6121042648
27.5533333333,-1.8304840558,44.0795204031,10.4353709611,138.2832390625,-558.5474265381,185.6239140737,-563.0751341944,131.1049769358,-538.5350763856
27.56,-1.2696908303,4.7752923631,-97.2712001478,102.0407515625,-594.8224461319,38.6894927563,-608.5189571049,-48.9228724217,-565.5815098797
27.5666666667,-1.9876676703,7.9315628554,-109.2594185834,107.3359909375,-608.8674426788,20.2393790238,-589.5126858093,-120.9166377161,-511.5385777059
27.5733333333,-11.8971413793,13.5282667443,-95.9913143556,119.4645915625,-633.9249121319,52.5802145124,-610.0885910546,-79.4739259177,-512.6570622704
27.58,-11.155788593,12.4551180252,-98.3544543256,110.9848828125,-648.6367378475,37.4486041538,-593.5466004851,-97.2165556702,-524.2224705936
27.5866666667,-17.3495095303,22.9923065604,-65.1820851853,116.3194928125,-668.3555874569,89.7865132975,-621.9917235492,-72.4541360285,-439.0063449678
27.5933333333,-10.9723559738,10.913354449,-101.2825218889,98.3993053125,-708.5359630788,29.9034532087,-684.5215090982,-36.1129646152,-607.0459328936
27.6,-9.1131151854,19.0088248515,-69.423755861,97.4172865625,-728.517047535,61.762720805,-700.8907050419,2.215855115,-560.9014538939
27.6066666667,-13.8789284154,36.3690320819,-22.0094624385,109.829370625,-741.4644442912,133.6081503737,-713.5121220832,97.8800309599,-666.3546709834
27.6133333333,-18.2837505208,2.878601406,-67.921027276,81.017840625,-738.1877262413,49.1529231487,-719.3457884641,79.6092926166,-598.6989121741
27.62,-23.2071964692,17.0873577671,-17.9942752745,84.8638215625,-738.14074061,114.9967726038,-696.2621100671,141.7934539639,-600.6914356307
27.6266666667,-17.1725193512,27.4860252982,0.026344342,88.9021125,-743.7259555506,123.3626475375,-700.4014983955,138.8606928435,-590.441810916
27.6333333333,-20.6586149435,2.5901572122,-51.229165039,67.9664228125,-724.9071654162,45.76646884,-681.0874886841,50.9411636679,-547.4780728659
27.64,-22.5692156523,19.9377923245,-15.4138835146,75.87009375,-707.6790730475,98.454065415,-669.7232454226,96.6242213611,-579.9114902806
27.6466666667,-24.3496481968,11.6717747082,-39.5581349452,60.589276875,-693.588452285,67.8024351112,-645.5683527189,9.0864559193,-518.9147115039
27.6533333333,-20.0630674318,2.3320416814,-72.9873780686,47.63308,-684.5777946319,15.1999096225,-666.337668549,-40.6612287816,-603.0025495974
27.66,-22.1123870387,12.3348791935,-41.2885277888,56.242835625,-664.4546471662,48.6137877825,-628.3499402919,15.8872754325,-552.0537021309
27.6666666667,-17.516177201,13.9055401174,-42.9733966137,49.9849765625,-643.849592835,35.41562516,-608.9594701782,-35.60031484,-484.1976936049
27.6733333333,-18.4128976148,17.1776966212,-22.7230435195,49.66644125,-636.6657577475,52.0467290525,-619.3742641961,61.0515502447,-587.8422136546
27.68,-21.0644293831,8.9592580028,-34.1762714094,42.0037746875,-611.0978728631,31.8739476612,-574.7351822811,10.886370193,-487.1817340311
27.6866666667,-17.1852336126,14.96191652,-26.6170370978,41.2313709375,-601.2056850506,34.7240589863,-567.4523091791,-13.1809269396,-456.7445871317
27.6933333333,-24.2061467237,10.5752402952,-11.932463281,37.732065625,-583.8126740631,50.0898171588,-547.6366207438,51.6521678388,-458.7184828468
27.7,-27.667240644,1.5631578361,-45.7645585354,32.2889671875,-580.7601206131,20.73267768,-559.1702563952,-86.2291639502,-473.0025658544
27.7066666667,-31.1177085524,-0.613918191,-14.020179395,29.704375625,-566.2696756756,29.2636103787,-518.367424454,182.5917592349,-406.875686429
27.7133333333,-33.0644144687,2.7255884823,-21.531326322,35.9670890625,-546.2061550444,42.38655891,-507.2390005016,-17.0608844641,-407.5830157569
27.72,-30.3602320758,-4.4326671223,-41.6082865145,19.8913240625,-554.9348300569,6.0830117712,-529.9540429723,-20.6639584309,-416.0709615277
27.7266666667,-45.8292704014,-2.121292885,-1.5519650169,36.8296334375,-519.1911080975,72.30074135,-433.1054646505,62.1975402863,-319.2346926356
27.7333333333,-25.4662811274,-17.2156576018,-78.6173564875,-0.7001590625,-573.3255963569,-60.61469273,-624.1899748731,-68.6679003262,-526.9430875329
27.74,-39.1493677263,1.1891028983,-2.6772808706,31.5409575,-522.0860791256,54.2454205463,-445.5421481598,58.5158457383,-363.2327536393
27.7466666667,-37.23525344,4.3708126726,1.168006613,29.3239621875,-524.3617537569,55.4185085475,-450.2213537697,48.5607359416,-348.0911736753
27.7533333333,-37.2555582077,-15.1476909948,-49.0325697068,8.6536340625,-551.0916604538,-17.96174601,-561.8041207469,-24.2821646702,-472.2518105057
27.76,-42.7784424296,-8.8354898925,-18.0788223313,19.752450625,-526.5077549819,25.6588603975,-494.6006491112,40.1792529296,-400.0942668955
27.7666666667,-50.8859591393,-20.2363604855,-32.6115771586,12.9049765625,-535.3147346163,13.2975452563,-498.2775876974,23.1569249263,-410.1063007695
27.7733333333,-50.5816762147,-17.7412823452,-22.6626070921,13.4393990625,-530.7833320194,20.38747626,-495.1614146756,43.8156348658,-400.533121763
27.78,-54.8564722451,-20.2606261857,-21.7158254206,12.5373803125,-531.32683836,23.3963745363,-500.0979901348,50.2167278766,-409.1156555818
27.7866666667,-56.9324338875,-21.2713863611,-28.3646062554,18.0030046875,-537.6341196912,15.7268836274,-506.1561885733,22.5112730953,-412.2210112351
27.7933333333,-60.9775218086,-23.2020222236,-25.142994963,16.4993990625,-535.7285295912,21.05941482,-499.6175260706,36.9220086181,-402.6047546126
27.8,-61.0757478908,-23.5187690694,-24.2240092379,13.7781971875,-546.155365985,16.27042537,-514.5533520653,39.6252008377,-427.7538563783
27.8066666667,-65.1582942058,-23.2730155434,-23.901740814,18.1878121875,-549.58524426,21.6579639675,-517.4362849794,22.6829607017,-427.6446510204
27.8133333333,-69.5241140348,-30.7728447592,-41.1484515152,10.0969484375,-561.149288985,8.8306228888,-521.5754642245,-74.3124724653,-428.0427105463
27.82,-66.2749176682,-21.9764152449,-1.0264703392,16.1898309375,-568.9201092413,20.23678662,-537.4438883235,216.101116338,-396.6265913151
27.8266666667,-72.1191411955,-30.6919459882,-54.9182541753,6.0255775,-577.1001659569,3.8217512687,-539.5068152749,-240.2150577492,-476.8520290285
27.8333333333,-72.0115753861,-26.1580851053,-4.1680523317,7.7114178125,-587.6090967163,17.3040864875,-553.6230869689,181.1023520976,-422.0792881256
27.84,-73.8068843667,-24.1038634216,-6.3268255132,11.29,-593.1244206225,18.8312057387,-562.8413520037,128.0868622306,-441.7300314661
27.8466666667,-92.5958969249,-43.0506821226,-53.5447965266,8.31201875,-602.9033624506,9.7625795075,-567.1024726507,-177.1206009984,-524.9471476447
27.8533333333,-81.4803089249,-32.0641844939,-14.974983243,3.4981503125,-608.2088452756,6.4311437413,-570.9940551927,120.7384007655,-431.6065457763
27.86,-93.4924349682,-41.6785578907,-28.3615906447,-0.4913709375,-626.6573120381,2.4097505774,-591.7580242628,90.3606250692,-467.9061986005
27.8666666667,-96.477327797,-43.0727115401,-48.2397929743,-0.73077,-627.8633747475,3.3643822351,-591.3386582391,-173.3422140687,-521.7486920121
27.8733333333,-100.538923966,-42.6470876518,-22.5361055406,-2.2254084375,-651.7808753975,3.11197107,-624.4830157306,111.2692476899,-497.573243692
27.88,-102.2834828653,-46.6643500164,-25.7807412316,-8.858413125,-658.1472047631,-5.6129194687,-616.7836321201,109.0849252252,-493.6272892302
27.8866666667,-101.078813844,-46.3204809566,-72.5246574367,-12.35201875,-672.7621656475,-33.244446895,-621.1818800318,-247.705484101,-531.4598416941
27.8933333333,-102.9345961357,-39.5891645434,-12.0354952197,-15.4949765625,-690.7558350538,-3.3937550662,-664.1349581558,119.0400926919,-540.8761155926
27.9,-108.628092731,-47.6650753813,-32.4942322589,-19.1942065625,-696.1674021038,-16.9344101412,-650.8788887924,8.7875633265,-534.7187995916
27.9066666667,-111.9623385923,-52.6529406859,-43.3589744619,-33.2434834375,-713.9061667194,-42.67601518,-691.3092355369,48.6907260262,-577.6898599495
27.9133333333,-112.1112574628,-48.9630544087,-46.7199738257,-27.998704375,-697.0905028537,-18.8304763076,-635.4795274109,-171.7680374937,-551.7417656171
27.92,-113.8721342713,-51.3294655253,-23.448830885,-42.754375625,-715.1243686756,-29.4591234087,-678.6438064282,90.0465004234,-548.07624004
27.9266666667,-112.1040831811,-51.7287068981,-38.7983900922,-49.0166571875,-721.7149594694,-48.0791565049,-680.4448337227,-21.405569441,-565.5511954519
27.9333333333,-120.3510715122,-50.3330256429,-18.6921670479,-48.2072865625,-734.9502169788,-24.5497755588,-708.878057831,15.5955353234,-616.9561823918
27.94,-116.068883762,-57.0158503972,-32.838070546,-65.532450625,-728.3135957569,-56.8617353575,-688.5522941808,7.5899645883,-597.4040190479
27.9466666667,-121.3823847062,-55.3018180254,-28.4830883331,-68.3401690625,-738.9895155288,-45.844816865,-701.4044515444,-24.7341451009,-586.7870652803
27.9533333333,-114.1292770495,-45.8060842536,-8.5172802806,-71.664375625,-742.302658385,-47.4782572713,-715.7438306616,31.2500138127,-649.3242527159
27.96,-118.0734124384,-46.5903156056,-14.9837620059,-71.547164375,-742.1352261256,-50.0616076887,-709.7043636547,-6.1335144027,-608.0211105427
27.9666666667,-116.0916333378,-47.4910267823,-19.0278424788,-77.686394375,-734.2769414881,-62.8286410213,-690.5670207439,-7.1379408732,-606.5641327741
27.9733333333,-112.4094550157,-36.9009846647,-3.2630770917,-76.5757465625,-731.5951754069,-53.3271288913,-701.3902240714,-7.9834512014,-592.895832154
27.98,-118.3288657359,-41.7853602583,-13.518214382,-81.847164375,-735.8563367069,-63.3427976699,-695.9295810302,-20.1958797239,-587.1127767452
27.9866666667,-123.8396155805,-55.0384163702,-39.7825809113,-105.3232390625,-744.0791105444,-106.4457523176,-719.6417862311,-58.9550260416,-627.2881338767
27.9933333333,-114.8216505131,-30.5103065534,14.6792850456,-80.5298878125,-704.1814837194,-39.1368228524,-646.3106618078,114.0705989056,-541.788901574
28,-121.2740989656,-47.9454148017,-42.3902759504,-108.285239375,-712.4332745381,-97.9315315888,-686.2205213826,-240.1788266069,-634.2865381584
28.0066666667,-118.5704676995,-44.0619662878,-15.9414787614,-109.4521878125,-692.1695391975,-92.55074516,-654.1275796691,63.4144622681,-544.2568988345
28.0133333333,-118.5853561566,-38.434212855,-2.7552255217,-111.175530625,-683.454562635,-80.6741091662,-651.3577489147,82.5394585377,-535.1640455024
28.02,-112.0569680981,-33.6854740983,-4.8278851237,-117.064375625,-661.6536329506,-73.46048816,-631.1801102131,-156.7219434141,-605.1051612211
28.0266666667,-108.6048498605,-34.6929254329,-28.7224187359,-120.08913625,-645.4124069444,-121.75580413,-598.8118513221,71.2276456222,-466.0006546696
28.0333333333,-109.6835247212,-30.5016593281,-24.1792075308,-123.3501690625,-632.4830032725,-94.3234066375,-605.2102757756,-229.7129290496,-555.3395423282
28.04,-98.8698968226,-23.0956092059,9.8605178137,-127.667934375,-593.8328003975,-85.578351495,-554.3253780485,96.866332761,-432.9650282813
28.0466666667,-89.4658777337,-22.5536988768,-16.4480930774,-130.6205540625,-547.6082481819,-102.7637240813,-501.0883051805,-55.7606405931,-422.0586634889
28.0533333333,-80.4446961144,-14.0062391066,8.6285530707,-117.9408453125,-493.8302268194,-74.512642055,-443.495604424,79.8428707328,-276.4490434162
28.06,-68.9567930596,-7.2595237115,-0.3625917782,-114.3612771875,-441.8905086913,-63.4159664675,-407.3256428011,-196.7057842534,-362.4942004561
28.0666666667,-65.7983694764,-17.2966387714,-31.729118429,-111.211014375,-390.17656156,-93.555528885,-307.2480099636,15.4065950549,-110.1323530806
28.0733333333,-44.7764022969,6.8313419231,69.9367908232,-97.2098125,-320.9674392975,-7.7095918712,-314.2399692949,152.8976908348,-284.3969145265
28.08,-37.7129641162,0.2348487169,26.0927102705,-97.5985353125,-262.9041256881,-26.6260023012,-229.3357623891,49.5172885668,-112.2003876123
28.0866666667,-30.1901041295,0.1226735003,11.5160735811,-63.7786859375,-198.3644993163,-22.7945143101,-154.8065454115,47.0259907,-76.3237264579
28.0933333333,-9.4636073608,24.3523389176,49.8150479605,-28.2831553125,-149.1461060163,21.5085476025,-113.384488633,77.0288094945,-20.6009531218
28.1,0.057123268,-3.9291179601,16.6435817777,5.0298778125,19.6807873963,37.727351865,59.4672833315,85.3648444169,174.6116078705
28.1066666667,6.8299480206,3.8653225749,5.9317263697,-19.1862253125,-46.6387728975,-14.1139268438,4.7608378354,-7.6940858678,74.0764458142
28.1133333333,5.2962429913,-16.6328231027,-32.7691030915,9.332544375,35.6782228775,-13.932397935,103.9659056064,-30.7963164869,180.1788183978
28.12,2.5871896165,12.5151217417,64.2352683709,27.512825625,16.6216520713,96.0094550925,41.3641382983,152.5310417384,111.0729378649
28.1266666667,-0.086937976,7.6320868787,49.2482959427,23.3313609375,16.0562453244,89.5604203463,52.6561717756,117.7726861104,167.7690125812
28.1333333333,0.6388179068,8.4074391188,36.0967698694,19.9377084375,10.5942828275,64.3764845699,29.7946319352,85.7546497079,100.2874474794
28.14,24.790483743,18.0448028036,31.7816868758,16.7372765625,32.0152518588,37.09332372,77.4307941805,30.529083666,238.8637818511
28.1466666667,22.4355070048,18.4966874546,39.1036268338,17.4892953125,32.9450566712,41.5556996487,53.8071762674,51.0008196689,192.3285279356
28.1533333333,22.3340322926,14.3089808903,2.3020080858,23.8917459375,35.8654484338,13.2659608388,84.3723331801,-61.6558558614,273.1997197057
28.16,20.8922440617,17.6296240957,41.3676337651,30.438065,34.4831862338,49.23161102,70.2490013812,102.455690852,247.9952973491
28.1666666667,24.9017306974,16.3518884117,36.5497459139,21.02153,35.4070602056,47.9727312125,83.8919455579,-70.4321455495,227.2518499381
28.1733333333,15.2023323924,5.6290520339,10.3459494343,15.4917459375,30.8845351931,11.5893799125,68.3983304689,40.2135381285,253.4216298085
28.18,24.4233417813,20.0727469694,20.7001804593,22.8173234375,25.1839723744,22.1931003463,79.5079477984,-51.1663656737,335.9955344391
28.1866666667,1.0592034436,8.256249945,16.0857717967,13.81701375,-5.4376951881,25.822619505,11.3082833517,-4.6337499631,146.0934864166
28.1933333333,20.286233886,19.7873616939,37.723572932,7.85816875,13.8953128806,25.1366328213,28.1472753014,39.4865870973,159.0888589736
28.2,15.351615329,18.9155109616,31.6651845802,17.82153,15.6195126806,40.38995439,25.5191709379,-6.8806224722,157.4021892547
28.2066666667,15.5420602174,3.8627284528,-3.6310360449,-4.8914178125,16.9347013369,-25.5918371112,49.6038102499,-49.8011710571,224.2630433059
28.2133333333,19.6240916579,14.5825678281,12.9702609687,8.10413125,19.930908515,0.5551518737,31.3894143001,-25.3869710084,117.3274866349
28.22,1.8414945487,5.9376614354,13.531688522,10.9687696875,-1.9682915162,16.6349740613,10.8253365095,-7.9886195346,146.0735635031
28.2266666667,20.1808406608,12.3370870021,18.6197093276,7.3783378125,25.2288622525,4.677776145,46.2264763503,-0.5939738011,120.0340792539
28.2333333333,14.0067184112,7.3211298553,16.5398765982,8.48413125,28.7402162837,10.4718503587,38.5518769645,5.5906880828,174.5050555225
28.24,14.5653065963,7.8265463896,13.4920033151,9.4979528125,25.45200219,7.3345494962,47.523466572,-10.5543657897,125.1479395308
28.2466666667,16.5971639179,11.1467017201,18.1205391733,6.9407415625,27.9158237525,10.7156199325,26.3269008849,12.2282594545,102.0677943951
28.2533333333,14.2192202147,8.585517227,20.7938533332,6.2175209375,22.3525355025,2.9160570912,40.6067551901,60.8982049033,175.9020894239
28.26,14.8648131173,7.4272010394,12.9255053254,3.16009375,25.1459420962,7.9447676313,44.5961359133,-61.6792599448,121.326991627
28.2666666667,20.6025855664,15.9076982542,22.9866154078,13.424178125,28.8908602525,15.6124570812,34.6268805284,-3.2280718008,114.609319415
28.2733333333,16.2914213812,10.4993600454,11.6210472508,6.21451625,20.3387591244,-3.3136312338,45.8216843232,-32.6242768697,142.7426084988
28.28,18.4144626485,10.9379615131,20.1262319404,6.8727134375,27.3806206463,11.1925237963,45.9150799657,-49.6705039819,158.8285571096
28.2866666667,12.0260859999,7.3986065192,8.9077555766,6.5682909375,21.6287405275,0.7745989088,33.6595415054,-15.601676855,93.8174073014
28.2933333333,15.2572384264,4.6520080484,31.6042768733,5.7655021875,32.6517616587,-0.5972201063,64.8162837616,185.3816907635,227.4901566239
28.3,1.059748438,2.0280842886,-5.722407554,5.5146853125,1.9871316744,3.8721157088,16.7282113666,-168.6137665611,85.8840334804
28.3066666667,7.4726646707,0.2413657792,-7.2758887127,3.2127134375,23.32287224,-8.054396755,40.1103620041,-80.7794537111,119.9370392624
28.3133333333,17.8182720545,11.1923960192,26.3359000375,8.6659340625,32.9493122619,12.0482437388,54.72685541,-13.7471128673,172.8536127092
28.32,10.2522231218,1.6473497179,3.0228239052,2.8898778125,34.1020063369,-1.5574202012,46.9761692471,-36.7245136891,98.6189871173
28.3266666667,14.217973612,3.8105115125,5.4817561696,5.2006946875,40.4158308181,-4.24738433,57.6392661732,-40.195653158,113.7383342784
28.3333333333,18.4540597364,15.2292617423,30.7182841445,9.5099246875,27.8747380681,15.7933558788,48.2161794245,-26.7428249834,173.4052352369
28.34,12.8211518284,1.3224893723,-12.1713177048,3.0986290625,34.1318942931,-24.3734058625,38.6243657781,-74.8420672224,61.5040709097
28.3466666667,9.0480781531,10.2114885832,25.2254714648,8.9499715625,27.4373729712,30.9975622401,44.2233080079,-6.633784366,91.051245146
28.3533333333,12.403230163,2.4782313905,7.616986878,1.584469375,37.1541724744,-6.2365873138,72.3675929411,-65.4662484718,179.2662566867
28.36,5.90123936,8.5978486677,13.8541013479,9.0905725,21.3914172337,23.9335559425,30.5555339107,-12.8929433436,56.4853736653
28.3666666667,14.7394930293,-4.4986292204,-23.169072443,-5.4740375,34.1120505963,-56.876438105,56.321730253,-121.6216706028,139.0823127124
28.3733333333,3.5374094575,10.5080607233,39.596782819,16.271145,38.528130515,56.5751233463,66.6376123524,27.070367474,121.9453261662
28.38,6.4110698617,-22.9286747759,-61.496006788,-26.3720840625,28.6077959306,-96.8797535512,67.5846675202,-199.2326606752,165.5980535728
28.3866666667,7.3737368597,13.7301348301,45.056124896,14.027060625,43.5506593713,53.0965853362,69.4138709166,41.9683875383,112.351081422
28.3933333333,10.1770161319,-0.9465369579,-2.0811211941,-3.393220625,40.706057665,-18.2672986174,58.8051932845,-57.5580510215,111.8818229833
28.4,10.1641015455,6.5975637962,16.5580448588,3.6767040625,44.6519204181,1.6578904037,79.1618266911,-36.0231673604,141.4307596636
28.4066666667,9.349271805,-1.299711764,6.6106875222,-7.409276875,48.7632942744,-9.6612996587,72.5374962144,-22.0583155846,90.2406127596
28.4133333333,13.5386582323,4.7460895002,12.1611959354,4.989661875,66.6891293556,-18.9958966313,127.4383271189,-95.5771191293,232.7874230536
28.42,14.6618489095,11.935200074,35.7242592207,4.0474271875,52.6079018181,7.413412225,95.1330891128,6.071210959,155.0270123318
28.4266666667,11.2424901133,5.559395849,9.2564084187,-2.2010328125,48.229412615,-15.3757936475,88.2687694308,-58.9866824014,128.0003204047
28.4333333333,15.9928949797,11.3498383326,23.1166673207,1.169953125,53.9126264775,-14.64162555,104.0833805944,-47.0509333682,215.1762457564
28.44,0.6784242924,-17.3574327689,-26.3224669503,-18.75662875,47.2665929712,-61.7362931237,105.2097719007,-101.0767566856,156.1433772501
28.4466666667,5.0317175534,5.4121653133,27.3462677421,-2.4474271875,50.9200625806,-5.3399977013,125.0217343058,-42.4837015194,264.7808938082
28.4533333333,5.0550994984,-2.2762045792,-1.4139460017,-16.48615,48.3584926119,-31.4721683724,93.9143413169,-48.8734408704,139.58826943
28.46,-0.110267658,-24.1685644884,-32.5368263048,-30.30046875,20.1213562119,-78.4340547863,77.7534730367,-81.1184573181,170.7055530455
28.4666666667,4.0228908916,-10.3942995893,-21.9339400404,-24.5717459375,45.2822153525,-58.503673625,77.736802965,-83.7380043051,152.742918216
28.4733333333,-0.19631474,-16.4138208226,-20.6183081515,-24.4221778125,18.9875126713,-62.8021808775,77.5648960425,-58.6785219616,186.3478493961
28.48,0.646642314,-14.8314797336,-1.8660108823,-31.5602528125,43.3411610244,-54.2973651362,96.1462920591,2.4183317459,186.5600256525
28.4866666667,0.6451557508,-17.7547596018,-7.0679619996,-37.8587596875,42.8357166212,-61.3654621238,84.569042332,8.9923968322,174.9505820326
28.4933333333,2.7763911636,-17.7797670164,-20.9898725935,-35.0790978125,25.0441903056,-81.4814947775,86.6033622282,-83.6048713835,280.6231975668
28.5,4.8059947038,-21.4079749417,-10.1288179347,-44.911858125,19.6807812556,-82.0830605587,80.3378614145,2.2341650033,226.0304027039
28.5066666667,3.535453901,-22.8031862536,-11.5695922156,-43.806186875,3.6401906212,-61.1903724162,21.4115508156,9.5344022298,208.2093017759
28.5133333333,-3.4004649935,-36.6175641867,-34.9099821893,-53.013106875,7.2202679275,-85.4882548951,23.8125849749,24.6243272728,106.8716711021
28.52,3.3922599767,-27.3353795664,-30.4395132219,-47.3160646875,5.0625779275,-81.4578805875,19.2299320777,-38.7488942714,186.9258154969
28.5266666667,-2.6095379664,-33.1447548985,-30.132820045,-42.541858125,-11.2384169256,-75.5137415812,14.5606310158,29.0832692467,101.710235287
28.5333333333,6.2580363889,-20.3995675818,-10.5431634861,-42.9988534375,7.4962219744,-69.7036303413,34.8371942349,0.7039397728,225.6466356459
28.54,3.1931341363,-16.2424016104,-0.338015981,-35.2171259375,17.7538849244,-53.7152737325,50.5454208544,7.9312965835,214.9426138606
28.5466666667,-1.775237204,-26.4112457629,-26.2179257997,-36.239360625,-7.0424080131,-66.0450415275,19.4837704328,13.4880768764,129.8435143742
28.5533333333,-0.3384484074,-18.9499645518,-24.2179610081,-25.6341965625,1.5617130931,-57.9639775613,22.5932979868,-18.7466082951,130.5872642469
28.56,0.3674514779,-18.0162346186,-31.6407041741,-22.3617459375,9.2071273681,-69.645673395,34.7401847552,-38.9218105531,134.2924862277
28.5666666667,-2.9144098661,-20.3486818954,-48.5239104452,-20.9073234375,-5.63949631,-66.555677565,9.5124201241,-82.1271060091,86.4201055285
28.5733333333,-4.3398232134,15.257338806,30.8418606343,24.9069853125,18.5354296775,26.3023532438,85.6148947979,-1.4222697321,155.2917371916
28.58,5.0476388023,80.6700533102,161.9956263414,78.1146084375,90.1548296338,156.511742625,251.7225553948,56.1354458309,398.4315715054
28.5866666667,8.532532628,25.4126301966,31.0210012899,13.33220625,31.5706913337,7.9489622812,99.8772095863,-119.8584249368,352.3164142075
28.5933333333,13.1733901496,3.2877509846,-56.7484404147,79.5752678125,-429.7548223694,34.57678978,-417.4642652944,-85.3951720579,-190.015806679
28.6,2.9292602546,-4.5013188023,-34.2073715258,83.490056875,-446.2324235319,64.4399808175,-426.6476602761,43.5021145075,-236.2143666273
28.6066666667,-2.78651294,-48.4410661626,-55.688970372,-58.8435103125,10.810022165,-129.2182506,75.7346427441,-107.1535980422,257.0359966683
28.6133333333,-0.6148274498,-26.0101615224,-42.8863703124,48.775015,-462.742976685,29.3463627963,-429.6574495584,123.3785689504,-322.021166916
28.62,2.6015519529,25.8935887663,39.3856292384,102.6284315625,-487.8384512163,158.91112179,-450.7102905496,215.6528578499,-370.6807444228
28.6266666667,5.6941074505,36.1028236381,22.8784623809,112.90105125,-510.6497729662,152.7075167963,-486.262176612,159.3948511463,-459.8364088764
28.6333333333,-8.2756537797,20.537384935,-24.1012163137,111.8407415625,-542.4344104788,126.1947632062,-536.2231022325,75.7024298662,-487.5298130703
28.64,-9.5670801123,8.5320536629,-70.9051153176,108.291493125,-555.7865383537,62.10675801,-539.0044745886,-22.821204636,-499.8521769654
28.6466666667,-20.9200464134,-12.24260885,-126.8686247598,93.319380625,-601.4497457569,15.4951635212,-594.3934819825,-111.1404606868,-527.7085411411
28.6533333333,-19.326627623,2.6504800665,-97.3681574664,102.7373334375,-599.3274431412,40.1323438313,-561.9766066284,-113.1768674408,-422.6702921034
28.66,-18.1683003456,8.5921495951,-83.5132353738,103.5613709375,-622.005055835,48.3934203275,-573.6535116868,-49.0309805603,-498.088500988
28.6666666667,-17.8640687056,13.3456633235,-76.0801195211,104.2965634375,-648.7102647788,58.769478055,-607.6676267599,-85.0212300591,-427.6767536485
28.6733333333,-24.664396437,7.2676464161,-78.3716746733,101.7159625,-654.7938382819,57.2064462662,-619.3432830032,-20.9134549318,-510.9826377728
28.68,-18.4112565621,11.0976489317,-67.4582969842,86.83154,-674.8487590537,59.1752698663,-649.0268022026,10.2926311663,-538.6097720696
28.6866666667,-20.5083332831,14.8796226676,-47.5882336143,87.3326196875,-690.1782240506,81.8592015237,-661.967894814,56.3810494498,-579.8618426016
28.6933333333,-23.1978217159,11.7982789462,-46.4475636007,81.7418028125,-706.6096148131,80.4195070738,-681.2666228629,54.5270953498,-568.3334979757
28.7,-28.2172684445,9.5016403324,-32.3582705361,78.42644125,-711.4257712725,89.9827307575,-673.624763412,133.8611128854,-608.5831314222
28.7066666667,-30.597661067,4.003278395,-41.9221516801,70.3390140625,-699.2107106412,75.9647955213,-663.1206182054,49.3409196152,-497.0453185371
28.7133333333,-31.2920359623,1.4304487373,-44.3020503144,63.6529578125,-707.4994744913,67.8600504275,-669.6202094221,69.2519628517,-620.899460763
28.72,-42.1777178557,-5.9139768319,-54.6561395918,67.8513709375,-689.8559048319,64.42941571,-648.2368515924,18.3306018579,-502.1577468696
28.7266666667,-36.2683585845,4.905792363,-37.5233691032,73.34923,-677.9144764131,71.530198825,-641.4726268804,65.6240398151,-579.6520412092
28.7333333333,-43.0354239566,-8.2055817779,-59.0012668895,59.6829578125,-662.8064110944,48.69569857,-627.0893910695,1.1079171758,-503.4891985546
28.74,-39.8694547375,-4.0608896159,-62.8781531286,57.7113709375,-644.2949065975,43.919383285,-618.6714573535,-71.7064030248,-549.9987803516
28.7466666667,-37.2126586745,-1.7881242937,-28.4215061976,50.6118028125,-631.4224479819,50.4835377938,-589.9760627785,157.2252300097,-513.3308996323
28.7533333333,-38.7526201871,0.9895368394,-41.3340155749,57.659615,-620.6460797319,51.74543159,-594.9046655388,-16.365956464,-483.7040928678
28.76,-27.3566778346,10.0370100487,-20.3726863554,48.0793990625,-610.3373057381,50.3873920363,-583.4172992692,41.7731585141,-502.3992112576
28.7666666667,-33.7871124634,3.5978686218,-26.7449257517,47.13759625,-600.6117958631,44.5971715151,-560.570557827,32.7611815152,-477.7974292182
28.7733333333,-38.0028051289,2.0460574314,-25.0237953955,40.7398778125,-588.1370086506,51.3990895524,-555.2849160845,31.6803302122,-449.0817351113
28.78,-39.5830928398,-12.9282986382,-53.9008709331,29.8277184375,-571.5068214538,6.2821478138,-532.8379880237,-11.460001196,-434.8539552263
28.7866666667,-38.1627100001,-6.1678416395,-32.6747909154,26.8574271875,-564.5363594506,27.0898589488,-538.1234351294,28.7492647468,-432.8548239266
28.7933333333,-47.4124076994,-17.6010346495,-45.2858484308,25.011155,-541.1135099975,19.1288435037,-495.7868358996,-1.1509417624,-392.4240558067
28.8,-44.8563648234,-14.3699098183,-42.7156247508,23.0966103125,-539.389180785,16.2526998575,-506.9205306622,3.2449468475,-408.6630864958
28.8066666667,-45.0491523584,-16.6184521322,-41.0822225009,18.3825728125,-531.9909992756,11.69879929,-491.867982573,14.9442277481,-397.7862756786
28.8133333333,-43.5391270378,-8.5330804724,-16.924734915,20.3062721875,-527.3992788412,35.7975769975,-497.767897575,50.4647358054,-383.3652161695
28.82,-44.7341443862,-14.6685399226,-37.2612389743,15.6881971875,-529.4612773038,10.1665824713,-496.7677436217,5.6026247275,-389.9909905732
28.8266666667,-47.8555629574,-21.0158992327,-34.8415675021,7.349953125,-530.5915427319,7.0770984488,-502.3884973936,34.2880394586,-426.6634641099
28.8333333333,-52.2464221608,-8.4695656475,-4.6226427474,27.3355490625,-522.7676975006,54.7601647987,-480.9626055685,61.6179374047,-395.2465764061
28.84,-49.0368445786,-26.894874605,-52.3696874542,1.5844509375,-529.7693109631,-15.9349958962,-503.990606631,-62.6185076541,-408.8495786316
28.8466666667,-52.8576592462,-6.6305275588,4.1929921847,25.7067509375,-527.8760599069,56.1607532075,-488.4658391212,100.6001612613,-401.5811243062
28.8533333333,-53.5904527427,-20.3509039839,-26.2718757092,15.9341596875,-527.4348597225,9.5465617538,-499.0535726499,40.3201357539,-409.7524221165
28.86,-58.9573807686,-23.0218781599,-25.5792602459,13.9709859375,-522.1812739225,19.0277371313,-484.7178051759,21.6150845453,-399.655832821
28.8666666667,-58.3474366174,-27.9985938456,-39.0821123284,6.4852678125,-524.8550254038,-6.6902703863,-499.4969292758,12.8817226777,-401.886203603
28.8733333333,-69.1571678325,-15.1593372979,9.781042838,25.3608353125,-530.8912405725,71.8510743812,-487.6519436162,95.4259992631,-415.0556359292
28.88,-62.2699129345,-29.2168457274,-43.0418249492,9.567070625,-538.0378893069,-13.1933626113,-514.2846528672,-12.5589535471,-411.9153857748
28.8866666667,-74.0334243353,-33.3169746744,-34.2262621781,8.486394375,-554.5215642475,11.5717510988,-513.7529547241,9.3513193747,-402.9595401091
28.8933333333,-74.4811047151,-32.4488602284,-30.7676118596,4.4548075,-559.1169016787,10.4412857387,-529.2748159681,22.3506588768,-422.3858577343
28.9,-69.5068530269,-23.7047681196,-16.6918190215,11.4970421875,-560.4462349662,16.7061566762,-519.2164466246,46.3813508042,-445.6069781936
28.9066666667,-77.6911627956,-38.0069738539,-42.0178529429,-3.02692,-581.8337820288,-12.54807121,-558.5693907833,-5.616915466,-453.3717955205
28.9133333333,-81.0651090949,-22.7093900972,-6.2999881677,13.080525625,-593.7407067975,39.4152773837,-550.2316257517,47.5418681177,-441.2365714573
28.92,-83.3628322144,-46.1771659931,-56.4233589756,-12.8917275,-604.5948956881,-36.4217508487,-577.4886017701,-28.8561860407,-459.6719474089
28.9266666667,-89.1963546186,-25.9846669191,-1.8128953184,7.301774375,-607.32711516,45.473443955,-561.7351890034,62.117213093,-456.7669752268
28.9333333333,-89.2540981556,-41.0229346289,-36.1858562703,-8.684469375,-618.1263958788,-14.0863700737,-589.1677141072,14.3933890643,-497.9680707778
28.94,-94.1862495781,-40.644815464,-30.8968084361,-7.0642065625,-626.3112101413,-4.363644895,-590.6791559742,25.0677278391,-491.8950102528
28.9466666667,-97.2792062242,-42.4570585141,-56.3804752409,-7.588798125,-642.2724018725,-26.1250367437,-596.5774516981,-70.1265131678,-459.3171064045
28.9533333333,-102.3354363296,-40.4160206386,-21.2258392243,-9.630385,-652.0038940725,4.7788294699,-623.6568110049,34.039763948,-526.5910143117
28.96,-99.572212006,-41.1035491392,-37.6510079859,-14.6986290625,-655.4181699506,-20.8374705963,-619.1095061492,-15.5420486702,-495.8942200292
28.9666666667,-104.7418740196,-43.9247736688,-41.7984729592,-16.4362253125,-669.3295222912,-24.0815977937,-623.1032128992,-24.3017472079,-508.0192519091
28.9733333333,-106.8445696477,-42.2005987056,-42.2027863872,-21.1409859375,-680.2870357006,-19.8746603888,-643.4594738225,-116.5865346787,-553.1160460097
28.98,-105.4601832112,-40.4704913936,-24.0127055675,-25.33,-694.4682612444,-28.5436217425,-650.431078135,93.8405148576,-532.540803916
28.9866666667,-111.3210148999,-46.0584847896,-31.0130260757,-35.9618028125,-706.7072076819,-37.4924320362,-670.3727120831,74.1540944357,-550.8741635429
28.9933333333,-115.5549756036,-49.6243807534,-42.4414750316,-44.931586875,-715.1284687288,-37.5186461551,-681.1593277748,-108.752368371,-595.782281366
29,-117.5176160534,-54.7738514034,-44.730372705,-57.3938215625,-724.3604608912,-54.6691616187,-683.2138426972,-32.3393828847,-572.317691689
29.0066666667,-120.170579461,-52.5684017565,-35.0504864183,-57.42077,-732.1606210381,-47.5715712875,-695.2788691329,-24.7778217454,-581.4180393496
29.0133333333,-121.8826872138,-47.6504669355,-4.0021840278,-58.042741875,-732.0506041319,-17.1712879913,-677.9941195742,63.9005091126,-527.2767270902
29.02,-117.8809942337,-53.5154530778,-60.0441934741,-70.4974271875,-728.8302766131,-88.7934604075,-736.3407522991,-194.3160456533,-752.6287052755
29.0266666667,-120.9401372214,-51.5152690704,0.3329501295,-75.68,-735.1295577944,-36.1393928563,-654.5225019801,165.5364079516,-444.3583762815
29.0333333333,-118.0174132799,-44.2533988174,-33.6767863897,-73.5297371875,-737.8770813475,-84.2519153912,-748.628091109,-22.0490535452,-758.3032764724
29.04,-119.2403578417,-43.5107028344,-12.0842827485,-77.29798125,-740.7113166506,-45.8753837475,-671.850460308,-67.7624964555,-517.5713817132
29.0466666667,-120.509886123,-43.1687914426,0.6815426848,-87.05798125,-739.5215528756,-55.37885371,-719.0117656256,15.2725377981,-628.5381419227
29.0533333333,-127.3926614825,-51.8861149115,-29.0053401513,-95.669568125,-744.7418787038,-81.621050435,-706.4673863568,-42.5741194251,-602.52914043
29.06,-126.7020327752,-49.1283238238,-26.0036290634,-107.8747321875,-760.08566891,-91.8548200275,-724.2809700277,-46.6579086135,-626.194437557
29.0666666667,-117.4851038806,-30.9719355266,6.1618098528,-87.1805825,-726.1464356881,-61.0868135038,-696.0816896786,-3.4195030259,-628.5838530439
29.0733333333,-123.892838698,-42.4773345448,-20.1620449978,-102.4426196875,-726.67706106,-88.7547987774,-680.8742438916,-42.6062737673,-584.7051418009
29.08,-117.9655061915,-40.130042189,-18.9989247307,-113.95163375,-713.9811581944,-104.8160549601,-683.2432540455,-53.15195861,-596.5469681913
29.0866666667,-118.5108398706,-34.8904372038,-17.0974082058,-115.96471375,-702.0406649944,-92.75574163,-656.6450542792,-50.853969832,-539.4133345438
29.0933333333,-115.1981368803,-32.0430793901,-9.5441064814,-117.142356875,-684.8040107256,-92.6756102074,-638.9808965898,-42.5975365173,-522.2174086187
29.1,-110.2030319104,-28.2972661988,-5.0313843778,-123.017934375,-665.9777803412,-98.7595211926,-633.1064791169,-41.3360321088,-571.4459160305
29.1066666667,-112.0564695833,-30.4437035422,-2.5773429273,-130.1361784375,-648.6513081975,-101.8308095724,-631.2142532839,-16.3181490203,-553.7410442773
29.1133333333,-109.1642144628,-33.92905251,-40.4658367031,-138.6345446875,-622.4529221225,-117.4132916763,-569.0500450059,-214.2458930644,-436.1335080423
29.12,-97.6848167923,-21.4719320518,11.8965571052,-129.4205071875,-586.0052739256,-100.9386767512,-542.7141889962,185.7574074248,-437.963283996
29.1266666667,-98.7550504741,-23.3785154766,-23.8263723985,-131.7468546875,-550.8883254881,-85.0327348588,-495.0428159963,-244.8257014528,-371.0089528079
29.1333333333,-82.907848719,-16.3274145607,15.4210262424,-137.9409859375,-507.5694652725,-95.3624412587,-474.8679402911,163.8315365531,-341.6585809349
29.14,-73.6827020554,-16.0804824837,-30.3309920857,-119.1440190625,-438.796953785,-93.1862887225,-381.5285576851,-222.6223081642,-330.8309619763
29.1466666667,-58.4185785509,-2.7668312909,74.7491395843,-123.5912771875,-380.1481382913,-23.1442202312,-356.2109231729,264.9248387846,-267.7702491125
29.1533333333,-44.7696945049,2.1105183695,13.6566174945,-103.3044040625,-320.5339498631,-53.6650644425,-283.7623037595,-3.7574290085,-172.2177772191
29.16,-42.7349142176,-6.307714993,0.1625359829,-88.8600284375,-250.7152012287,-41.4804852388,-204.8205696279,8.2070007812,-90.1586800413
29.1666666667,-26.3014126944,7.6031104603,29.2100642897,-61.0017375,-193.2437462225,-7.3955106638,-159.3443814388,49.0526928442,-62.9253032391
29.1733333333,0.8242323895,2.8608686196,34.0202884373,13.0898025,16.3962165838,57.8084295825,52.7110060115,121.7724867406,146.5825057235
29.18,0.5952874433,-1.5373309388,20.9018050158,6.3630984375,18.780257465,39.2930042512,48.0218141315,99.3275127292,121.8185279243
29.1866666667,4.039030824,-14.2882523235,-10.0053084259,4.7874740625,38.4707140775,12.7290221325,94.1473024265,2.8956816405,176.2045903601
29.1933333333,5.5513832453,-8.0963149578,8.6429363792,15.392638125,32.8663393775,31.107823695,95.7723328651,66.421683459,212.7396365839
29.2,2.236656713,-0.5813832226,19.1907142899,10.42336125,18.6160289244,35.090667765,35.8680712655,61.813965987,81.7846371737
29.2066666667,-0.4042752829,10.8112353576,53.9598715843,30.4822715625,18.3736251744,105.0384514613,54.529599188,133.2743892053,148.1305281686
29.2133333333,0.605121211,11.4363295171,52.5269721058,29.8762621875,11.34815849,95.19191919,49.1892239045,123.18403554,149.7703096277
29.22,28.5869625154,18.2589278415,28.0067946159,8.96009375,30.7850076431,8.4866792262,45.2425827758,32.2083703842,148.6948429532
29.2266666667,22.9522909594,19.0037449926,30.0264290775,22.815614375,33.9374874712,45.3599404888,79.0505575579,22.6395740847,266.9549735832
29.2333333333,26.1574339241,19.4453236353,35.7812208749,27.1929946875,37.5628616338,51.83698029,93.0969592074,35.9010033541,268.8578862126
29.24,27.3099600856,19.5169343102,23.6572331019,26.25076,36.1656356306,22.3320693362,76.7249866061,-7.8070955998,263.98031694
29.2466666667,24.5190846016,16.9575443429,24.6936595294,21.901191875,33.2501443525,29.450948615,71.3369344484,5.632202339,238.6334715649
29.2533333333,22.0898932451,13.2982970699,24.3181719426,20.1517459375,34.1656563806,30.91512442,89.954884737,-1.2006508461,313.2455967853
29.26,15.8483961977,12.5242439481,23.2090959283,14.5684784375,22.132508915,27.9764483975,42.9354711297,10.0638611316,171.2435470269
29.2666666667,16.2088550844,14.8918463074,22.7098947953,17.49028125,21.8062244306,27.6527575537,50.7331042511,-17.7145921163,270.2251736687
29.2733333333,12.9987093217,17.5603797134,32.6403056821,12.5700653125,10.1252254306,37.06168762,19.8427473612,18.197486758,150.8965362187
29.28,3.2299865123,1.989493014,-1.1498206936,10.3627603125,0.1115326588,-1.45783287,30.672275609,-35.7703678799,163.9107515006
29.2866666667,12.4898763935,9.6794645948,13.3303350938,1.293314375,14.4249650744,7.1437539575,20.5548755624,-21.7502648305,140.3381980219
29.2933333333,13.1815341975,9.3333207794,10.5851171528,6.7067509375,11.476735765,1.465764535,35.4554621076,-19.6685792092,159.8498495514
29.3,14.3430277249,15.1056341273,24.7836216662,12.174225,19.3499327212,27.1050505463,26.1688207009,-8.4029194536,142.5069231913
29.3066666667,25.6596709341,19.8410908263,31.4649439207,12.3851171875,22.1043421587,9.115525255,39.8996840247,59.8990239489,166.6383076479
29.3133333333,21.1198373229,16.982136669,17.2432018331,14.7295865625,31.4203307838,23.7617759737,33.3454030116,-117.6333277641,44.8784179698
29.32,26.4194432156,11.8293436006,23.6924175006,5.445239375,38.63134669,-11.7772545062,53.489497363,96.4770772317,194.726261857
29.3266666667,18.5726337808,17.3544411068,24.6171713001,13.901004375,19.007782565,29.585095395,39.288200867,-87.7237686932,113.9229027518
29.3333333333,11.7881043097,8.8557534814,27.9347475735,13.33307,32.86044144,40.4856084238,46.3795053172,24.7934528819,121.1844087383
29.34,22.1189350296,6.0344290482,13.1822677009,-10.0787228125,23.44719469,-43.7704451012,38.1571020959,160.7317901187,165.9181185353
29.3466666667,0.0525720039,12.4006543957,25.6907027846,25.3917928125,3.0446180338,64.3975736962,20.1434419798,-89.3708739877,66.4624315479
29.3533333333,11.1778857266,2.0083732895,2.5794293295,-5.3042065625,18.1006633744,-17.6619580963,33.6671478964,-36.6729252344,184.6925128402
29.36,1.13217178,-0.3838861642,2.1049165504,6.1206946875,5.3371514994,3.1317310688,20.7830669038,7.816415911,47.6488967476
29.3666666667,12.2640843391,5.4643265371,15.3751050273,3.2291078125,21.9208370462,3.1894622612,51.6160631972,-27.0964689509,190.0671090848
29.3733333333,0.9627553214,-1.5928954787,-4.302584693,5.09047875,4.8396178025,-7.6994870288,30.7435632084,-53.4337523887,148.0311488166
29.38,14.2977189538,3.7501999132,2.9703576729,0.82759625,24.3073662087,-17.7249670074,42.6148353132,-41.2998918896,127.6280433894
29.3866666667,17.0579744211,21.7666146167,45.3671108208,22.5197271875,28.5505344244,53.1268701162,50.8907334547,31.9428152143,125.8106826986
29.3933333333,22.8497102622,8.0639432524,8.4543874888,2.301971875,38.8011061588,-19.9290766474,58.9623545979,-70.7386145194,188.6218638333
29.4,10.6051316081,0.5168513642,-2.5161861723,1.2448075,26.5855046869,-17.4119225,38.4970580655,-48.7228504461,92.4852957141
29.4066666667,12.9727699711,10.9024828682,27.8832462904,12.7748259375,35.0177705713,30.3906658763,57.6202521309,-13.0734566016,134.6408528799
29.4133333333,8.5226928662,1.9395615814,2.3251740283,3.5803096875,30.585843115,-2.0369207701,44.85444112,-40.0351830661,100.567892671
29.42,7.4618572846,3.7298988605,19.0940282974,7.494563125,31.1959136587,17.4969024964,61.1680367775,-26.6750121837,159.7230377325
29.4266666667,14.5974382264,-3.6462954455,-18.0827684432,-6.7510796875,39.5847540494,-42.0853715801,43.0145692881,-86.5744907921,92.3697270111
29.4333333333,5.2555457737,1.5223161633,15.2798204743,4.9501875,32.6067170088,15.3373219275,65.1025515419,-33.6423718906,146.6213019305
29.44,11.9122834634,7.3493169007,9.3136358006,5.617351875,34.9612759869,4.4559704326,46.3491194071,-40.1799150553,91.4632051934
29.4466666667,12.7451923391,2.8153407414,1.9474674619,-0.3273803125,33.4725488681,-14.7521420576,63.6742275023,-66.6363878218,132.22167973
29.4533333333,10.3401522249,3.2373253447,1.6031766417,-1.942356875,24.7928700869,-13.1293986012,49.220290786,-58.9370470992,125.4426723694
29.46,16.8651927527,10.84891186,18.029033808,6.03528625,41.5404231463,0.6022910012,68.7481630336,-43.0085977526,125.4350064023
29.4666666667,-0.9210060684,0.0824899098,2.9547892068,6.181295625,14.7006023525,7.3683300712,45.5661496291,-34.4860977669,110.8745648335
29.4733333333,16.7373918753,4.1634904424,0.1477658231,0.5613709375,49.4541060775,-27.3514292337,77.9056279649,-89.5826974558,122.0051326883
29.48,6.2423775653,-0.5244380022,6.7259807874,2.04047875,46.319535265,-8.5215625212,81.2968703609,-48.1792306151,135.5511810647
29.4866666667,6.4002296282,-3.8094025038,-10.747592304,-4.3698309375,49.0593488338,-22.6495395187,70.3611453669,-89.5418206029,110.0519805351
29.4933333333,4.7694389546,-1.3568142543,10.56840086,-1.2637746875,52.1269366306,-8.53212575,86.4054994516,-24.2006093118,156.7636214296
29.5,5.6669124245,-3.0275817016,0.6666041983,-3.280431875,53.20495584,-22.0250039788,98.1674505682,-68.076473871,148.6948447408
29.5066666667,10.173257103,4.6979761569,10.6946518675,-4.6534365625,51.9307243806,-11.9699841774,81.455886664,-52.3591164533,146.6954164066
29.5133333333,7.8890573398,-1.4298621353,0.2972202128,-6.1242534375,48.9953831056,-34.8144173587,105.2096739605,-53.7780405368,138.0278231753
29.52,10.3897249733,0.2908282565,0.9814958581,-12.241389375,53.4175231181,-37.0929310988,100.5098934641,-97.1274395767,195.9501352907
29.5266666667,9.5106519166,-4.1252442021,-14.9212540848,-12.250234375,44.7563340025,-55.9271940325,85.2729766136,-88.1660635944,131.23901696
29.5333333333,10.7897561699,5.8439793173,19.7725178062,-11.4743940625,49.8856108775,-24.3770775849,104.475188174,-19.9362141371,184.6365872293
29.54,5.8787745757,-8.779014539,-8.3693803018,-23.17393375,51.8536327025,-63.01227121,114.1847890179,-94.7137868261,240.2823754228
29.5466666667,8.4656367732,-9.2137796276,-11.6854172427,-27.888835,45.5726223306,-69.5788529125,94.7963608327,-56.9380155924,185.8075752013
29.5533333333,-1.225305366,-16.6973699281,-17.5810093243,-28.825229375,46.3744116181,-63.831473765,91.625751395,-46.3828573071,153.7675658348
29.56,7.4872891325,-11.7877106492,6.1422858518,-36.986956875,41.000636165,-71.6651537625,114.909824852,-36.5714434123,339.1729818386
29.5666666667,1.3738020993,-13.1047348171,-6.5792094619,-31.87123875,46.0168209025,-62.7504589913,94.2783541021,-21.1658917254,192.9701791015
29.5733333333,5.6209423398,-6.6279276985,16.420136935,-34.5942903125,37.3351757806,-53.5565242662,111.5000005368,-3.3813954583,320.2790786856
29.58,5.1218587606,-20.3358170472,-13.1240979316,-42.110224375,22.8771976088,-83.6890792713,71.9225855457,-5.595217251,194.1656634471
29.5866666667,2.7436690342,-23.1463600321,-0.6007230691,-47.547050625,14.31541939,-65.7972193837,54.1927191849,33.5540806761,252.3847409985
29.5933333333,6.7379728842,-20.222188875,-1.9974660989,-42.441473125,12.5799251931,-64.12992175,30.6211161187,60.5527641081,124.8796527037
29.6,1.7124383878,-36.2144432429,-42.2794042923,-55.3574540625,-0.7521914537,-90.573586665,-8.2961248755,-14.577062073,117.0465620871
29.6066666667,0.5640355961,-31.3019440761,-17.8189365257,-50.05152,0.2846715275,-74.7771287962,21.3585450091,29.8695931898,203.9519156017
29.6133333333,0.7889705192,-28.5013370697,-25.9647167703,-48.5648628125,6.5956722181,-82.3218836563,38.486904321,-10.8656448283,172.7169994549
29.62,1.0051119425,-22.1347776724,-19.9329887357,-37.25815875,15.61186064,-79.7263177762,63.7149515601,-55.9312434802,255.5328193191
29.6266666667,-1.609536207,-19.1489102648,-21.7936626382,-26.6644125,-3.5996687537,-49.2810334425,12.1348662637,0.1129200254,114.8547153799
29.6333333333,-1.5387449105,-22.9658983102,-16.0550045345,-32.4215015625,-1.8113350881,-50.5589525775,12.666708032,37.5410553885,103.7359187516
29.64,0.8775640978,-18.4248903358,-49.7341440367,-23.149558125,5.8868020025,-80.29823157,26.146021595,-119.1510523438,124.8982101434
29.6466666667,-7.203820195,-72.9082042824,-161.4463921725,-33.8862721875,-416.2146001319,-61.4228283038,-405.162375737,-63.8397374619,-350.5451735798
29.6533333333,-16.7752702713,-4.7568916261,-8.7377968549,49.5020171875,-314.8819847663,94.727485435,-191.3875920708,72.5421057791,-110.7361830294
29.66,7.2344859887,66.1356404509,100.5550351533,109.560880625,-299.1032808694,211.5922049038,-155.9886779949,85.8845223117,4.2256761453
29.6666666667,1.6486677377,8.6551640409,-48.4253311275,95.5743471875,-424.0992399569,79.2442668912,-395.6211710974,-82.070808017,-163.9131764008
29.6733333333,-4.121201343,-25.0227660139,-116.0115002695,105.4109775,-472.6935978944,-2.6348101124,-465.1351027221,-126.4155935322,-228.6162515301
29.68,-1.8807217649,-33.4952670263,-84.353941658,79.8041796875,-491.7654294475,12.9726633724,-466.8862904469,-10.8437157055,-260.4490812795
29.6866666667,-4.3994045345,-70.2860666111,-147.1490919447,30.3859640625,-541.9364518288,-74.7703624913,-489.7680438944,-41.5538401555,-338.3568256766
29.6933333333,3.7595643829,-3.0376420253,19.0450863543,98.3856059375,-590.9238923975,130.383452615,-522.0672338191,294.1391086611,-417.8536827649
29.7,-4.1770318889,29.7410149606,48.72042587,144.9516053125,-589.2641545881,211.5164858613,-535.0223698334,231.7749663453,-409.9900225286
29.7066666667,-9.2665844799,44.7476093505,47.3706772025,161.647248125,-599.7291757131,241.91782895,-577.0643107126,244.7489977581,-542.9908363983
29.7133333333,-3.948597811,18.3868301784,-40.3228440376,125.1305540625,-634.0850469194,127.3670295712,-629.980301152,59.4260797731,-567.0395573872
29.72,-5.2728955435,-5.0481755839,-118.5282811437,113.090920625,-667.5447467537,29.0229178813,-679.2961536988,-75.7942423608,-589.2008082364
29.7266666667,-14.5824541853,1.624372729,-107.2072274766,120.2108921875,-661.6331643444,47.2755157075,-625.7011488271,-58.0316545204,-596.3585197159
29.7333333333,-13.3155416735,16.7264614123,-85.9338968168,129.26124875,-670.1317303913,73.8212208275,-634.9517754339,-82.3925423905,-529.6886087866
29.74,-22.4474086636,-5.3815687488,-126.6905019237,108.25385,-691.1553174194,24.5636460387,-646.5800742168,-128.0141010514,-563.067196233
29.7466666667,-27.7959711318,11.7100751767,-75.940222229,119.1707415625,-701.9697872569,94.7856180887,-664.7500375932,-17.1591753312,-533.5743380389
29.7533333333,-22.6904678907,2.0534711507,-92.5174840128,101.8129109375,-729.6882248162,59.46679802,-712.7823192321,-23.5816094141,-628.039918607
29.76,-27.8006019182,4.2960320637,-69.6044764046,100.5450234375,-722.7887312381,83.8441406325,-686.1946505623,22.6378691447,-589.2341941801
29.7666666667,-23.0455909561,1.5587281764,-60.3045258773,90.7152678125,-738.1076035913,72.4184572287,-722.7062622243,95.8466158345,-640.3928434671
29.7733333333,-22.0903517379,26.6602134512,3.6508465769,101.484563125,-726.1556098975,148.9604994288,-682.7985190121,147.4241879269,-602.0753838713
29.78,-20.4594421131,7.5783289025,-27.494652889,80.747934375,-724.30922136,84.4015439999,-692.391613305,125.5481796358,-559.3976689668
29.7866666667,-20.9835789813,11.7666360671,-22.0720617002,77.351586875,-721.3809062913,91.8727417251,-684.5398804729,120.7194165532,-618.4902955748
29.7933333333,-18.9813826332,16.3184091187,-17.473729353,77.11759625,-700.2652058381,87.4075602087,-654.1418660484,77.6712748346,-515.905998459
29.8,-23.2962113422,2.1090158671,-58.7595081934,64.485530625,-688.9331071663,38.8403005126,-659.982268995,10.2871582367,-563.1645546522
29.8066666667,-30.6049761596,12.0005750318,-33.9067405537,70.94816875,-663.356190085,83.6355225136,-619.15614927,18.0854426956,-553.5437858424
29.8133333333,-31.6588285868,-8.387828084,-71.0824972765,51.1996903125,-641.7245693975,20.1611105026,-614.3622585021,-37.8234045074,-473.3423293449
29.82,-31.7325394191,0.9775999083,-45.279633948,57.5910328125,-624.9023224131,46.7242649512,-587.9205859824,22.6853692612,-529.2583158828
29.8266666667,-34.5264632194,-3.5155472804,-42.8926241767,51.0121878125,-602.2648411256,44.9215428312,-572.9980667791,19.9073615652,-491.1088499035
29.8333333333,-31.4858079539,-0.4289527338,-42.0491971759,46.6621878125,-596.6219069819,40.5155726413,-573.4216326985,-14.4910072846,-449.5556038483
29.84,-30.3180629493,0.2425907548,-28.7772685962,46.116779375,-574.252456435,40.314536345,-532.4596546237,49.6365620688,-477.6656227759
29.8466666667,-36.0700202711,-2.0658826558,-32.6849957477,43.427258125,-570.459018485,49.6142962112,-543.2999804366,-38.3365782807,-438.7902929126
29.8533333333,-26.4904966531,2.6035020062,-18.0376080343,38.659183125,-549.6442976694,30.5489471213,-514.9010034777,122.3062759973,-422.4789391011
29.86,-40.3919180236,-8.8650642602,-33.3462045149,37.1202159375,-545.2555198319,38.4907082288,-507.489345641,-7.5347224852,-401.0565464618
29.8666666667,-34.3954618527,-2.5753359628,-24.0249911273,37.9333896875,-537.7558570319,35.3929649525,-503.7829303165,15.5037673565,-384.5554259472
29.8733333333,-42.272655315,-12.6746597391,-31.8317361548,31.598413125,-522.6635670162,29.9395188825,-478.9231269712,16.1269185525,-379.9699633126
29.88,-42.7580765161,-11.790325541,-27.3171706829,30.3878121875,-519.1176378663,32.4074032099,-488.3990823011,33.7496044759,-401.2381154795
29.8866666667,-45.2404407639,-23.6178083406,-49.3936412378,20.8600753125,-505.3193976475,5.5125827963,-460.0913321413,-61.0601265577,-364.5474070424
29.8933333333,-46.8185668347,-2.1470440559,15.1970766543,39.13816875,-514.3362048381,71.4275268338,-484.2525688894,226.1712600938,-358.6317361618
29.9,-47.5275598464,-12.359835155,-18.7050877814,32.35086375,-499.7466711475,44.3961150562,-433.0068207022,-16.1733801699,-361.808580154
29.9066666667,-45.8758361554,-34.0507224631,-80.2601655702,1.8619065625,-554.18239771,-50.751626765,-601.2212215134,-55.8032272968,-494.4858944298
29.9133333333,-53.7479216462,-4.7601052071,11.7722203191,34.6076615625,-509.1222034631,84.2959750988,-430.3040870731,86.3459685666,-340.5642947503
29.92,-58.3946561488,-36.1111552982,-55.5421668332,8.7344978125,-514.7334829475,-3.3993729612,-459.3095300436,-64.8470986452,-375.3402562854
29.9266666667,-56.8618731056,-16.2517436177,-5.4225677828,24.5121125,-533.0781158506,39.0340447137,-509.2128068791,192.6060149637,-380.5023073219
29.9333333333,-55.5044830551,-30.1797641811,-68.114417115,4.81183125,-562.6155537881,-20.408958255,-580.9737985653,-165.7572826529,-536.8927579863
29.94,-61.0973067855,-20.7199320626,1.8057417358,21.7119434375,-513.1299697006,52.4061511062,-407.5462710143,146.7271554162,-287.4599472108
29.9466666667,-62.7788036415,-38.0271009776,-62.8886906712,-0.1591546875,-557.87546511,-28.4893991925,-568.6384151787,-27.6111687346,-471.8382181011
29.9533333333,-64.7020965841,-18.641313913,-3.7521850458,21.9031453125,-531.6957497569,51.9964508025,-476.9283660499,63.2714148765,-383.1442159441
29.96,-63.391637002,-36.0066993423,-47.4710383431,-0.0503565625,-555.3025040756,-19.9018946462,-542.5800203803,-1.2081320403,-438.3586575727
29.9666666667,-67.3731203689,-18.2639514211,0.3929440629,20.3711734375,-541.3280247163,53.1572669575,-483.4359730007,65.7744322977,-389.8911466126
29.9733333333,-65.3708835134,-32.9283959147,-44.6922436075,1.657455625,-578.1361252194,-21.9285379138,-568.3430590795,-16.1691451799,-453.2103338107
29.98,-74.951455847,-26.2816293761,-9.1713610095,14.082929375,-559.6574559006,40.3694845813,-499.1542548961,58.6726595173,-397.9392335485
29.9866666667,-70.7341153891,-32.9587068837,-40.4968679055,0.415915625,-585.6795826912,-14.6828204912,-560.9623996543,-15.4639958311,-464.0888194387
29.9933333333,-77.9013630254,-54.7050040291,-90.3089672705,-23.471098125,-613.3817094819,-79.9551255638,-624.4505444126,-99.8206511796,-531.9184053288
